player_name,college_position,college_team,games,minutes,pts,reb,ast,stl,blk,fg3m,fga,fg_pct,fta,ft_pct,to,name_key
Spivey Word,ATH,CORB,1.0,28.0,32.0,2.0,0.0,3.0,2.0,2.0,25.0,0.5600000023841858,2.0,1.0,1.0,spivey word
Walter Peggs Jr.,PG,MORG,1.0,31.0,30.0,3.0,1.0,1.0,0.0,7.0,20.0,0.44999998807907104,5.0,1.0,1.0,walter peggs jr
Marcus Tomashek,ATH,MTU,1.0,33.0,30.0,8.0,2.0,0.0,2.0,4.0,20.0,0.3499999940395355,15.0,0.800000011920929,0.0,marcus tomashek
Jonathan Grimsley,PG,MEC,1.0,34.0,27.0,6.0,1.0,0.0,1.0,1.0,25.0,0.4399999976158142,8.0,0.5,1.0,jonathan grimsley
Peyton Dulin,PG,UTD,1.0,29.0,25.0,6.0,2.0,3.0,0.0,5.0,16.0,0.5625,2.0,1.0,2.0,peyton dulin
Eric Dixon,SF,VILL,35.0,34.74286,23.285715,5.142857,1.9142857,0.82857144,0.2857143,2.942857,17.057142,0.4505862593650818,6.114286,0.8130841255187988,2.142857,eric dixon
Trent McLaughlin,PG,NAU,34.0,36.67647,22.117647,3.5588236,3.3823528,1.7058823,0.23529412,2.9411764,18.0,0.42320260405540466,5.4411764,0.7243243455886841,1.7647059,trent mclaughlin
Jaylin McCants,PG,DBQ,1.0,29.0,22.0,2.0,0.0,1.0,0.0,5.0,15.0,0.4000000059604645,6.0,0.8333333134651184,1.0,jaylin mccants
Ja'Maris Blackmon,PG,JSP,1.0,25.0,22.0,0.0,1.0,3.0,0.0,4.0,16.0,0.5625,0.0,0.0,1.0,ja maris blackmon
Jaden Gray,PG,MRHO,1.0,33.0,22.0,3.0,3.0,1.0,0.0,4.0,14.0,0.5714285969734192,3.0,0.6666666865348816,2.0,jaden gray
Jordan Bell,PF,OAKW,2.0,32.0,22.0,8.0,3.5,2.5,0.5,2.5,17.0,0.47058823704719543,7.5,0.46666666865348816,1.0,jordan bell
Jeremy Arnum,PG,FNU,1.0,32.0,22.0,10.0,2.0,2.0,0.0,6.0,16.0,0.5,1.0,0.0,4.0,jeremy arnum
Sherman Brashear,ATH,HIPU,1.0,28.0,22.0,7.0,0.0,1.0,0.0,5.0,16.0,0.5,1.0,1.0,2.0,sherman brashear
Ray Cuevas,ATH,BOW,1.0,32.0,22.0,2.0,2.0,1.0,0.0,5.0,12.0,0.6666666865348816,2.0,0.5,2.0,ray cuevas
Donovan Brown,PG,MASS,5.0,38.6,21.8,4.8,3.4,0.6,0.4,1.8,18.4,0.4021739065647125,5.8,0.8965517282485962,4.2,donovan brown
P.J. Haggerty,PG,KSU,35.0,36.657143,21.685715,5.7714286,3.7428572,1.8285714,0.08571429,1.1142857,14.885715,0.4760076701641083,7.8285713,0.8175182342529297,3.3142858,p j haggerty
Jaron Pierre Jr.,PG,SMU,36.0,37.555557,21.583334,5.5277777,3.7777777,0.6666667,0.3611111,2.8888888,17.444445,0.42356687784194946,4.8333335,0.8103448152542114,2.8611112,jaron pierre jr
Deondre Dunn,PG,SWCU,2.0,34.0,21.5,5.0,1.0,2.0,0.0,3.5,18.5,0.4864864945411682,0.0,0.0,1.0,deondre dunn
Markus Burton,PG,ND,26.0,33.73077,21.26923,3.6153846,3.0384614,1.6923077,0.07692308,1.8461539,16.884615,0.4419134259223938,5.3076925,0.8478260636329651,2.6923077,markus burton
TY Johnson,PG,UCD,32.0,33.5,21.09375,4.125,3.0,2.25,0.21875,1.21875,18.46875,0.38747885823249817,7.25,0.767241358757019,3.875,ty johnson
Drew Zalescik,PG,MMA,1.0,32.0,21.0,6.0,2.0,0.0,0.0,2.0,21.0,0.3333333432674408,5.0,1.0,4.0,drew zalescik
Jovan Germain,PG,NYMT,1.0,25.0,21.0,5.0,1.0,0.0,0.0,4.0,12.0,0.6666666865348816,1.0,1.0,2.0,jovan germain
Tate Ivanyo,PG,ANIN,1.0,37.0,21.0,6.0,3.0,3.0,0.0,4.0,17.0,0.4117647111415863,4.0,0.75,3.0,tate ivanyo
Brayden Koch,PG,MTTC,1.0,34.0,21.0,3.0,3.0,1.0,0.0,4.0,18.0,0.4444444477558136,2.0,0.5,3.0,brayden koch
Ethan Robertson,ATH,MRCY,1.0,35.0,21.0,3.0,1.0,1.0,1.0,4.0,17.0,0.4117647111415863,4.0,0.75,0.0,ethan robertson
Malachi Howard,ATH,LESL,1.0,35.0,21.0,2.0,4.0,1.0,0.0,4.0,21.0,0.380952388048172,2.0,0.5,2.0,malachi howard
Bryan Bayonne,ATH,SMC,1.0,37.0,21.0,4.0,2.0,1.0,0.0,5.0,18.0,0.3888888955116272,2.0,1.0,2.0,bryan bayonne
Damian Garcia,PG,ETAM,3.0,29.333334,20.666666,3.6666667,0.6666667,0.6666667,0.33333334,2.6666667,18.0,0.46296295523643494,2.3333333,0.5714285969734192,2.3333333,damian garcia
Jacksen Moni,SF,NDSU,27.0,30.481482,20.62963,5.5925927,3.6666667,0.5185185,0.44444445,2.3703704,13.851851,0.5080214142799377,5.0,0.8370370268821716,2.4074075,jacksen moni
Terrence Brown,PG,UTAH,32.0,34.625,20.5625,5.5625,3.1875,2.15625,0.40625,1.15625,16.40625,0.4476190507411957,6.21875,0.7587939500808716,3.28125,terrence brown
Taje' Kelly,SF,CHSO,31.0,36.48387,20.516129,8.903226,2.064516,0.7741935,0.38709676,0.61290324,15.193548,0.4968152940273285,7.806452,0.6157024502754211,3.1935484,taje kelly
Nick Martinelli,SF,NU,33.0,37.636364,20.484848,6.212121,1.7272727,0.72727275,0.24242425,0.969697,16.151516,0.47091931104660034,5.909091,0.728205144405365,2.0,nick martinelli
Lamar Wilkerson,PG,IU,32.0,34.9375,20.46875,4.03125,2.0625,1.125,0.25,3.40625,15.0,0.47708332538604736,3.34375,0.822429895401001,1.9375,lamar wilkerson
Donovan Dent,PG,UCLA,35.0,35.25714,20.428572,2.3428571,6.4,1.3714286,0.85714287,0.7714286,14.857142,0.49038460850715637,6.4857144,0.784140944480896,3.0857143,donovan dent
Brice Williams,PG,NEB,35.0,34.057144,20.37143,4.0571427,2.857143,1.0857143,0.2857143,1.9428571,13.828571,0.4710743725299835,6.114286,0.8831775784492493,2.3714285,brice williams
Issac Lane,ATH,PSUS,3.0,31.333334,20.333334,5.3333335,0.0,1.6666666,0.33333334,0.6666667,13.0,0.5641025900840759,8.333333,0.6000000238418579,3.3333333,issac lane
Maxime Raynaud,SF,STAN,35.0,33.4,20.2,10.6,1.6571429,0.85714287,1.4285715,1.9142857,16.085714,0.4671403169631958,4.2285714,0.7702702879905701,2.4,maxime raynaud
Barrington Hargress,PG,COLO,34.0,32.0,20.17647,2.3235295,4.029412,1.117647,0.029411765,2.1176472,16.705883,0.44366195797920227,4.4117646,0.7333333492279053,1.9411764,barrington hargress
Abdi Bashir Jr.,PG,KSU,33.0,33.21212,20.09091,2.6363637,2.2121212,0.54545456,0.060606062,3.8484848,17.848484,0.3769100308418274,3.2121212,0.8679245114326477,2.7575758,abdi bashir jr
Trey Kaufman-Renn,SF,PUR,36.0,30.75,20.083334,6.5,2.1666667,0.6944444,0.30555555,0.083333336,13.638889,0.5947046875953674,5.8333335,0.6476190686225891,2.1944444,trey kaufman renn
Blaise Threatt,PG,WEB,32.0,35.15625,20.03125,5.8125,4.40625,1.9375,0.03125,0.6875,14.875,0.5147058963775635,5.71875,0.7049180269241333,2.0625,blaise threatt
Jacob Ognacevic,SF,WASH,35.0,33.74286,20.028572,7.9714284,1.3714286,0.2857143,0.4,1.4,12.028571,0.5748218297958374,6.0,0.800000011920929,1.8285714,jacob ognacevic
Tyrone Woods Jr.,ATH,TXCL,1.0,30.0,20.0,1.0,0.0,1.0,0.0,3.0,10.0,0.699999988079071,5.0,0.6000000238418579,3.0,tyrone woods jr
William Becker,ATH,UCCS,1.0,33.0,20.0,6.0,1.0,1.0,1.0,1.0,11.0,0.5454545617103577,9.0,0.7777777910232544,1.0,william becker
Paul McMillan IV,PG,CAN,29.0,36.103447,19.965517,3.4827585,2.7931035,0.7586207,0.0,1.2068965,16.0,0.4461206793785095,5.7586207,0.7784430980682373,2.2068965,paul mcmillan iv
Tre Johnson,PG,TEX,33.0,34.666668,19.939394,3.121212,2.7272727,0.93939394,0.3030303,2.6969697,15.909091,0.4266666769981384,4.212121,0.8705036044120789,1.8181819,tre johnson
Malik Thomas,PG,UVA,34.0,31.764706,19.882353,3.8823528,2.1470587,1.617647,0.05882353,2.0882354,13.764706,0.4444444477558136,6.529412,0.8513513803482056,2.0294118,malik thomas
Adam Clark,PG,HALL,33.0,37.0,19.787878,4.4848485,6.0,2.6666667,0.060606062,0.6060606,17.454546,0.4461805522441864,4.6363635,0.7777777910232544,3.2121212,adam clark
Dylan Darling,PG,SJU,28.0,34.32143,19.785715,3.4285715,5.714286,1.6785715,0.42857143,1.8571428,13.607142,0.4409448802471161,7.321429,0.8097561001777649,2.4642856,dylan darling
Primo Spears,PG,UTSA,30.0,36.633335,19.766666,1.8333334,4.0,1.7,0.1,2.1,16.766666,0.3976143002510071,5.133333,0.8441558480262756,2.5333333,primo spears
John Tonje,PG,WIS,37.0,31.135136,19.567568,5.2702703,1.8108108,0.7297297,0.21621622,2.2972972,11.864865,0.46469247341156006,6.864865,0.9094488024711609,1.8378378,john tonje
Dominique Daniels Jr.,PG,CBU,29.0,35.03448,19.551723,2.3448277,3.1034484,1.1034483,0.03448276,1.6551725,18.137932,0.3726235628128052,5.413793,0.808917224407196,1.9310344,dominique daniels jr
Quimari Peterson,PG,WASH,32.0,34.5,19.53125,4.5,3.71875,2.03125,0.1875,2.71875,15.03125,0.46777546405792236,3.75,0.7333333492279053,2.21875,quimari peterson
Blake Harper,PG,CREI,32.0,34.40625,19.53125,6.15625,3.4375,0.96875,0.03125,1.25,12.71875,0.44717445969581604,8.375,0.8246268630027771,2.6875,blake harper
Orlando Gooden,PG,SWA,2.0,38.5,19.5,2.5,1.0,1.0,0.0,4.5,14.5,0.4137931168079376,3.5,0.8571428656578064,3.0,orlando gooden
Dre Burroughs,PG,BREW,2.0,33.0,19.5,3.0,2.5,1.5,0.0,3.5,17.5,0.4000000059604645,2.5,0.800000011920929,2.5,dre burroughs
Jackie Johnson III,PG,FOR,33.0,30.212122,19.454546,2.939394,2.4545455,1.4545455,0.030303031,2.7575758,16.181818,0.4400749206542969,3.3333333,0.7363636493682861,2.7575758,jackie johnson iii
Dylan Harper,PG,RUTG,29.0,32.62069,19.448277,4.586207,4.034483,1.4482758,0.5862069,1.7241379,13.827586,0.4837905168533325,5.793103,0.75,2.413793,dylan harper
John Poulakidas,PG,YALE,27.0,31.703703,19.37037,3.2962964,1.2592592,0.5925926,0.11111111,3.2222223,14.703704,0.45088160037994385,3.2222223,0.8965517282485962,0.7407407,john poulakidas
Bennett Stirtz,PG,IOWA,35.0,39.342857,19.22857,4.285714,5.714286,2.057143,0.25714287,1.8285714,13.3714285,0.497863233089447,5.142857,0.7944444417953491,2.0,bennett stirtz
Jalen Jackson,PG,BTLR,31.0,31.419355,19.225807,4.387097,3.1290324,1.6129032,0.38709676,0.9354839,13.870968,0.48372092843055725,6.483871,0.7512437701225281,2.2258065,jalen jackson
Tariq Francis,PG,RUTG,27.0,34.666668,19.222221,4.296296,3.5925925,1.037037,0.037037037,2.5555556,18.37037,0.36895161867141724,3.7037036,0.8399999737739563,3.074074,tariq francis
Kam Jones,PG,MARQ,34.0,33.735294,19.205883,4.470588,5.882353,1.382353,0.2647059,1.882353,16.205883,0.48275861144065857,2.5882354,0.6477272510528564,1.8529412,kam jones
Ryan Kalkbrenner,C,CREI,35.0,34.42857,19.2,8.657143,1.5428572,0.54285717,2.6571429,0.6,11.857142,0.6530120372772217,4.571429,0.6812499761581421,1.4571428,ryan kalkbrenner
Dawson Garcia,SF,MINN,32.0,35.40625,19.1875,7.53125,2.0,0.71875,0.84375,1.5625,13.84375,0.4740406274795532,5.75,0.782608687877655,1.46875,dawson garcia
Cooper Flagg,SF,DUKE,37.0,30.621622,19.162163,7.4864864,4.216216,1.4054054,1.3513514,1.4054054,13.432432,0.4808852970600128,5.756757,0.8403756022453308,2.108108,cooper flagg
Aniwaniwa Tait-Jones,PG,UCSD,35.0,29.685715,19.142857,5.428571,3.6285715,1.2285714,0.42857143,0.42857143,10.714286,0.5759999752044678,8.485714,0.7508417367935181,2.0285714,aniwaniwa tait jones
Ray'Sean Taylor,PG,SIUE,34.0,32.382355,19.058823,4.5588236,3.7058823,1.9117647,0.05882353,2.7058823,14.176471,0.408713698387146,5.647059,0.84375,2.5294118,ray sean taylor
Brandon Noel,SF,OSU,33.0,33.909092,19.0,7.6666665,1.7272727,0.969697,0.93939394,1.1515151,13.060606,0.5522041916847229,4.5454545,0.753333330154419,2.2121212,brandon noel
Jahlen Jack,SF,FVSU,1.0,25.0,19.0,2.0,2.0,2.0,0.0,2.0,12.0,0.5833333134651184,4.0,0.75,0.0,jahlen jack
Tyjean Burrell,PG,SFST,1.0,21.0,19.0,3.0,0.0,0.0,0.0,4.0,14.0,0.5,2.0,0.5,1.0,tyjean burrell
Lavar Miller Jr.,PG,KYSU,1.0,25.0,19.0,2.0,2.0,4.0,1.0,3.0,16.0,0.375,4.0,1.0,1.0,lavar miller jr
Cameron Jones,PG,ASB,1.0,29.0,19.0,7.0,0.0,0.0,0.0,5.0,15.0,0.46666666865348816,0.0,0.0,2.0,cameron jones
Seth Chargois,PG,HSSU,1.0,33.0,19.0,5.0,1.0,2.0,0.0,3.0,11.0,0.7272727489471436,0.0,0.0,2.0,seth chargois
Josh Talton,PG,HLGU,1.0,24.0,19.0,0.0,3.0,0.0,1.0,3.0,11.0,0.6363636255264282,2.0,1.0,4.0,josh talton
Josiah Fulcher,ATH,MAMC,1.0,31.0,19.0,6.0,3.0,3.0,1.0,3.0,14.0,0.5714285969734192,2.0,0.0,3.0,josiah fulcher
Cam Clardy,ATH,SRST,1.0,23.0,19.0,3.0,1.0,1.0,0.0,2.0,12.0,0.5,6.0,0.8333333134651184,5.0,cam clardy
Justin Reaves,SF,ECCL,3.0,36.666668,19.0,4.6666665,0.6666667,1.3333334,0.0,3.3333333,17.333334,0.36538460850715637,5.3333335,0.5625,5.3333335,justin reaves
Issac McBride,PG,ORU,30.0,35.233334,18.966667,2.8333333,2.4666667,1.0,0.033333335,2.5333333,13.1,0.44020354747772217,5.8333335,0.8399999737739563,2.2,issac mcbride
Jemel Jones,PG,NMSU,33.0,26.848484,18.939394,3.6363637,2.121212,0.75757575,0.33333334,1.1212121,15.030303,0.47782257199287415,4.030303,0.8571428656578064,2.030303,jemel jones
Nique Clifford,PG,CSU,36.0,35.38889,18.916666,9.611111,4.4444447,1.1944444,0.6111111,1.8333334,13.333333,0.4958333373069763,4.9722223,0.7765362858772278,2.5833333,nique clifford
Marquel Sutton,SF,LSU,35.0,32.42857,18.914286,7.857143,1.2,0.82857144,0.2857143,0.8,14.028571,0.47861507534980774,6.3428574,0.7387387156486511,1.8571428,marquel sutton
Josh Hubbard,PG,MSST,34.0,33.0,18.882353,2.1470587,3.1470587,0.9117647,0.0882353,3.1764705,14.794118,0.4015904664993286,4.352941,0.8783783912658691,1.2647059,josh hubbard
Treysen Eaglestaff,SF,WVU,33.0,31.848484,18.878788,2.7878788,2.3939395,1.060606,0.15151516,2.5454545,14.848485,0.41632652282714844,5.0,0.7939394116401672,2.2424242,treysen eaglestaff
Devin Askew,PG,VILL,32.0,36.03125,18.875,4.59375,4.46875,1.53125,0.09375,2.125,15.125,0.40082645416259766,5.21875,0.886227548122406,3.65625,devin askew
Reed Bailey,SF,IU,33.0,33.272728,18.848484,6.090909,3.7878788,0.72727275,0.75757575,0.5151515,13.666667,0.47671839594841003,6.909091,0.7675438523292542,2.6969697,reed bailey
Jordan Marsh,PG,USC,32.0,28.65625,18.84375,4.21875,3.65625,2.03125,0.375,1.4375,15.5625,0.4477911591529846,4.4375,0.7816901206970215,2.25,jordan marsh
RJ Felton,PG,ECU,33.0,34.545456,18.787878,6.3636365,2.4848485,1.2424242,0.4848485,2.6060605,15.727273,0.4142581820487976,4.242424,0.7428571581840515,2.060606,rj felton
Keyshawn Hall,SF,AUB,33.0,33.424244,18.787878,7.090909,2.4242425,0.8181818,0.45454547,1.3636364,13.333333,0.4272727370262146,7.3939395,0.8155737519264221,3.0,keyshawn hall
Austin Benigni,PG,NAVY,34.0,33.794117,18.764706,3.264706,4.2941175,0.9117647,0.23529412,1.0,13.911765,0.4059196710586548,7.5,0.8627451062202454,2.3529413,austin benigni
Adrian Wooley,PG,LOU,33.0,33.515152,18.757576,5.242424,3.5757575,1.4242424,0.09090909,2.2121212,12.30303,0.5123152732849121,5.121212,0.7692307829856873,3.3030303,adrian wooley
Mark Sears,PG,ALA,37.0,32.27027,18.64865,2.9189188,5.135135,0.8648649,0.08108108,2.4324324,13.405405,0.4032258093357086,6.4054055,0.8438818454742432,2.6756756,mark sears
Javon Small,PG,WVU,32.0,36.125,18.59375,4.09375,5.625,1.53125,0.34375,2.59375,13.6875,0.4178082048892975,5.1875,0.8795180916786194,2.71875,javon small
Johni Broome,SF,AUB,36.0,30.25,18.583334,10.805555,2.8888888,0.9444444,2.1111112,0.6944444,14.333333,0.5096899271011353,5.5833335,0.5870646834373474,1.5833334,johni broome
Rafael Pinzon,PG,BRY,31.0,33.70968,18.580645,3.064516,2.1290324,0.9677419,0.12903225,2.7096775,16.32258,0.4169960618019104,2.612903,0.8641975522041321,2.387097,rafael pinzon
Rashad King,PG,LSU,32.0,36.5,18.53125,6.125,3.3125,1.4375,0.84375,1.375,14.46875,0.44924405217170715,4.875,0.8525640964508057,2.6875,rashad king
Blaize Darling Jr.,ATH,WRNR,2.0,31.5,18.5,3.0,2.5,2.5,0.0,0.5,14.0,0.5,4.0,1.0,0.0,blaize darling jr
Jamir Watkins,PG,FSU,32.0,30.90625,18.4375,5.6875,2.375,1.1875,0.53125,1.65625,12.96875,0.42650601267814636,7.65625,0.7469387650489807,2.6875,jamir watkins
Ante Brzovic,SF,COFC,33.0,32.545456,18.363636,8.060606,2.7878788,0.8484849,1.030303,0.57575756,13.363636,0.5442177057266235,4.848485,0.668749988079071,2.2424242,ante brzovic
Jalen Rucker,PG,ARMY,32.0,33.65625,18.34375,4.15625,3.15625,1.625,0.0625,2.15625,15.9375,0.41960784792900085,3.46875,0.8108108043670654,2.15625,jalen rucker
Stefan Todorovic,SF,PEPP,35.0,34.314285,18.285715,5.542857,2.142857,0.9714286,0.08571429,1.9428571,13.771428,0.4315352737903595,5.2,0.8571428656578064,2.2285714,stefan todorovic
Walter Clayton Jr.,PG,FLA,39.0,32.615383,18.282051,3.6923077,4.179487,1.1794872,0.51282054,3.0,13.435898,0.4484732747077942,3.6923077,0.875,2.4102564,walter clayton jr
Tyson Degenhart,SF,BOIS,37.0,33.51351,18.27027,6.108108,1.5945946,0.6216216,0.24324325,1.4324324,11.567568,0.5257009267807007,5.864865,0.7972350120544434,1.4054054,tyson degenhart
Hunter Sallis,PG,WAKE,32.0,36.0,18.25,5.125,2.8125,1.21875,0.53125,1.34375,14.4375,0.45670995116233826,4.625,0.8040540814399719,2.4375,hunter sallis
JT Toppin,SF,TTU,33.0,27.272728,18.242424,9.393939,1.1818181,0.8181818,1.4545455,0.54545456,13.454545,0.5540540814399719,4.121212,0.6764705777168274,1.5151515,jt toppin
RJ Luis Jr.,PG,SJU,35.0,31.828571,18.2,7.1714287,2.0285714,1.4,0.5714286,1.3142858,14.914286,0.43869730830192566,5.0857143,0.7471910119056702,2.1714287,rj luis jr
Brian Moore Jr.,PG,GCU,35.0,31.314285,18.085714,3.6857142,3.0,1.2857143,0.25714287,0.8,12.057143,0.5450236797332764,5.0857143,0.8146067261695862,1.5714285,brian moore jr
Amarri Monroe,SF,QUIN,32.0,32.90625,18.0625,9.0625,1.59375,2.25,0.78125,1.59375,15.1875,0.4053497910499573,5.03125,0.8260869383811951,2.59375,amarri monroe
George Kimble III,PG,VAN,25.0,29.68,18.04,3.68,3.24,2.6,0.36,2.56,14.96,0.3796791434288025,4.84,0.8512396812438965,2.6,george kimble iii
Robert Smith,PG,DSU,30.0,30.666666,18.033333,2.9666667,2.9,1.5666667,0.06666667,2.6333334,15.2,0.429824560880661,3.1,0.7526881694793701,2.6666667,robert smith
Chaz Lanier,PG,TENN,38.0,31.394737,18.0,3.8947368,1.0526316,0.8947368,0.13157895,3.2368422,14.842105,0.4308510720729828,2.6052632,0.7575757503509521,1.1052631,chaz lanier
Eric Panning,SF,HDBG,1.0,33.0,18.0,7.0,2.0,2.0,1.0,0.0,13.0,0.5384615659713745,4.0,1.0,0.0,eric panning
Dario Domingos,SF,UTU,1.0,29.0,18.0,12.0,0.0,2.0,0.0,0.0,13.0,0.6153846383094788,4.0,0.5,4.0,dario domingos
Simeon Cottle,PG,KENN,33.0,31.727272,18.0,2.4242425,3.030303,0.7878788,0.24242425,2.7272727,14.060606,0.3836206793785095,5.121212,0.8757396340370178,2.4242425,simeon cottle
Tarrence Gaines,PG,MAMC,1.0,32.0,18.0,7.0,0.0,1.0,0.0,4.0,9.0,0.5555555820465088,6.0,0.6666666865348816,1.0,tarrence gaines
DJ Nunnery,PG,TCFL,1.0,40.0,18.0,7.0,2.0,1.0,0.0,3.0,17.0,0.3529411852359772,3.0,1.0,3.0,dj nunnery
Cha'Mar Martin,PG,CSC,1.0,25.0,18.0,3.0,0.0,1.0,0.0,2.0,15.0,0.5333333611488342,0.0,0.0,2.0,cha mar martin
Kalep Crane,PG,TBR,1.0,30.0,18.0,4.0,1.0,5.0,0.0,1.0,12.0,0.6666666865348816,1.0,1.0,7.0,kalep crane
KC Shaw,PG,ODU,29.0,35.103447,18.0,5.9310346,3.137931,0.9310345,0.37931034,0.44827586,13.379311,0.4536082446575165,8.24138,0.6569037437438965,3.1724138,kc shaw
James Shoenfelt,ATH,TBR,1.0,37.0,18.0,3.0,1.0,1.0,0.0,4.0,15.0,0.46666666865348816,0.0,0.0,5.0,james shoenfelt
Elijah Kinney,ATH,ENDC,1.0,32.0,18.0,2.0,2.0,1.0,0.0,4.0,14.0,0.5,3.0,0.0,2.0,elijah kinney
Isaiah Payne,ATH,TAMK,1.0,31.0,18.0,2.0,4.0,1.0,0.0,2.0,14.0,0.5,3.0,0.6666666865348816,4.0,isaiah payne
George Bellevue,ATH,JUDU,1.0,29.0,18.0,8.0,0.0,0.0,1.0,0.0,17.0,0.47058823704719543,2.0,1.0,3.0,george bellevue
Shaun Williams,ATH,OBU,1.0,29.0,18.0,1.0,2.0,2.0,0.0,4.0,7.0,0.7142857313156128,4.0,1.0,6.0,shaun williams
Derek Pranger,ATH,UCCS,1.0,26.0,18.0,5.0,1.0,1.0,0.0,4.0,8.0,0.625,5.0,0.800000011920929,2.0,derek pranger
Dasilas Jones,ATH,PSF,1.0,38.0,18.0,2.0,3.0,3.0,1.0,2.0,15.0,0.46666666865348816,2.0,1.0,3.0,dasilas jones
Paul Zilinskas,PG,IUIN,31.0,31.516129,17.967741,2.8387096,1.8064516,0.87096775,0.19354838,2.967742,13.290322,0.4417475759983063,3.6451614,0.8938053250312805,1.548387,paul zilinskas
Andrej Stojakovic,PG,ILL,29.0,33.37931,17.931034,4.6551723,1.7586207,0.79310346,1.1724138,1.4137931,13.896552,0.4267989993095398,5.6896553,0.8181818127632141,2.2413793,andrej stojakovic
Chase Forte,PG,BC,33.0,26.939394,17.90909,4.4242425,3.2121212,1.8787879,0.3030303,0.90909094,12.727273,0.4714285731315613,7.6666665,0.6521739363670349,2.3333333,chase forte
J.J. Starling,PG,SYR,26.0,34.53846,17.807692,3.7692308,2.8076923,0.88461536,0.30769232,1.4615384,15.961538,0.40722891688346863,4.8846154,0.6850393414497375,2.3461537,j j starling
Gibson Jimerson,PG,SLU,34.0,37.764706,17.735294,4.617647,0.85294116,0.7058824,0.20588236,3.235294,13.3529415,0.4339207112789154,3.5294118,0.824999988079071,1.117647,gibson jimerson
Bruce Thornton,PG,OSU,32.0,36.15625,17.6875,3.40625,4.625,1.09375,0.125,1.84375,11.65625,0.5013405084609985,4.875,0.8525640964508057,1.46875,bruce thornton
Yaxel Lendeborg,SF,MICH,37.0,33.62162,17.675676,11.351352,4.243243,1.7297298,1.7837838,0.6756757,12.324325,0.5219298005104065,5.4594593,0.7574257254600525,2.162162,yaxel lendeborg
Malachi Davis,PG,LIU,32.0,32.875,17.65625,2.96875,3.1875,1.84375,0.28125,1.375,16.40625,0.40761905908584595,3.625,0.8017241358757019,3.65625,malachi davis
PJay Smith Jr.,PG,FUR,33.0,31.848484,17.636364,4.121212,3.939394,1.6060606,0.21212122,3.3636363,12.272727,0.43209877610206604,4.242424,0.8642857074737549,2.2727273,pjay smith jr
Matthew Cleveland,PG,MIA,29.0,30.275862,17.62069,4.448276,1.7241379,0.79310346,0.82758623,1.1724138,12.344828,0.5111731886863708,4.9310346,0.7762237787246704,1.3103448,matthew cleveland
Shelton Williams-Dryden,SF,WGA,31.0,30.258064,17.612904,7.451613,1.548387,1.2258065,0.2580645,0.19354838,13.032258,0.551980197429657,4.387097,0.6911764740943909,1.7419355,shelton williams dryden
Oscar Cluff,C,PUR,30.0,27.666666,17.6,12.333333,2.8333333,0.5,0.8333333,0.13333334,10.466666,0.6337579488754272,5.4,0.7777777910232544,2.2,oscar cluff
Xzayvier Brown,PG,OU,32.0,36.15625,17.59375,5.1875,4.34375,1.46875,0.09375,1.96875,13.09375,0.42004773020744324,5.15625,0.8969696760177612,2.65625,xzayvier brown
Obi Agbim,PG,BAY,29.0,34.37931,17.586206,3.2413793,3.4482758,1.0689656,0.3448276,2.7586207,13.5172415,0.4693877696990967,2.724138,0.7848101258277893,2.2068965,obi agbim
Ace Bailey,PG,RUTG,30.0,33.366665,17.566668,7.1666665,1.2666667,1.0,1.2666667,1.5666667,14.7,0.460317462682724,3.5666666,0.6915887594223022,2.0333333,ace bailey
Noah Williamson,C,ALA,32.0,29.53125,17.5625,7.625,1.5625,0.84375,1.09375,0.875,11.375,0.5384615659713745,7.1875,0.6173912882804871,2.84375,noah williamson
Dylan Brumfield,PG,USM,2.0,33.5,17.5,2.5,4.0,1.0,0.0,0.5,14.5,0.48275861144065857,4.5,0.6666666865348816,2.5,dylan brumfield
Josiah Hardy,ATH,CAIR,2.0,33.5,17.5,4.5,0.0,0.0,0.5,2.0,14.5,0.4482758641242981,3.0,0.8333333134651184,1.0,josiah hardy
Nik Graves,PG,CREI,33.0,34.303032,17.484848,4.2727275,2.7272727,0.93939394,0.27272728,1.8484849,12.212121,0.4168734550476074,7.060606,0.7725321650505066,1.3636364,nik graves
Kino Lilly Jr.,PG,BRWN,27.0,36.37037,17.481482,2.3333333,4.4074073,0.7777778,0.14814815,3.2592592,15.111111,0.3897058963775635,2.8888888,0.8461538553237915,2.6666667,kino lilly jr
Hunter Dickinson,C,KU,34.0,30.147058,17.411764,10.0,2.0882354,0.9705882,1.2941177,0.47058824,13.529411,0.5260869860649109,3.6176472,0.7479674816131592,2.1764705,hunter dickinson
Darius Johnson,PG,UCF,37.0,34.37838,17.405405,3.3783784,4.324324,2.2432432,0.1891892,2.5135136,12.837838,0.43368420004844666,4.5405407,0.8273809552192688,2.945946,darius johnson
Darryl Simmons II,PG,SBU,31.0,33.48387,17.387096,3.1935484,1.9032258,1.2258065,0.09677419,2.6451614,14.709678,0.43421053886413574,2.1612904,0.9104477763175964,2.387097,darryl simmons ii
Curtis Jones,PG,ISU,34.0,30.529411,17.382353,4.2352943,2.3235295,1.1470588,0.1764706,2.5882354,13.470589,0.4301310181617737,3.7941177,0.8449612259864807,1.4117647,curtis jones
Dejour Reaves,PG,FOR,34.0,34.294117,17.294117,5.470588,1.9117647,2.1176472,0.2647059,1.7352941,14.794118,0.44930416345596313,2.764706,0.8191489577293396,1.6764706,dejour reaves
Graham Ike,SF,GONZ,35.0,22.971428,17.285715,7.285714,1.4285715,0.62857145,0.62857145,0.37142858,10.885715,0.5984252095222473,4.8285713,0.8047337532043457,1.6,graham ike
Robbie Avila,C,SLU,31.0,34.032257,17.258064,6.935484,3.967742,1.1612903,0.7741935,1.8064516,11.870968,0.49184781312942505,5.032258,0.75,3.2580645,robbie avila
Jacari Lane,PG,TA&M,35.0,33.8,17.257143,3.1714287,3.9714286,1.2857143,0.14285715,2.0285714,13.914286,0.42299795150756836,4.3714285,0.7908496856689453,2.0,jacari lane
Caleb Love,PG,ARIZ,37.0,34.0,17.243244,4.4054055,3.4324324,1.1621622,0.27027026,2.6486487,14.540541,0.3977695107460022,3.4054055,0.8888888955116272,1.945946,caleb love
Ali Dibba,PG,TA&M,33.0,33.969696,17.242424,4.757576,2.030303,1.4545455,0.121212125,1.030303,13.666667,0.4900221824645996,4.2727275,0.6595744490623474,1.8787879,ali dibba
RJ Davis,PG,UNC,37.0,34.27027,17.216217,3.4054055,3.6486487,1.027027,0.08108108,2.2972972,13.351352,0.41295546293258667,4.4594593,0.8727272748947144,1.5405406,rj davis
Sebastian Thomas,PG,URI,29.0,35.655174,17.206896,3.9655173,6.0,2.1724138,0.1724138,1.4137931,12.896552,0.4358288645744324,6.5172415,0.6984127163887024,2.724138,sebastian thomas
Micah Peavy,NA,,32.0,37.0625,17.1875,5.78125,3.5625,2.3125,0.5,1.625,14.21875,0.4813186824321747,2.84375,0.6593406796455383,2.59375,micah peavy
Ryan Cornish,PG,USC,27.0,29.185184,17.11111,4.888889,3.2592592,1.3703704,0.22222222,2.0,13.444445,0.41322314739227295,5.3703704,0.7448275685310364,2.851852,ryan cornish
Jacari White,PG,UVA,31.0,30.870968,17.096775,4.322581,2.2903225,0.67741936,0.38709676,2.8387096,12.064516,0.4518716633319855,3.935484,0.8524590134620667,1.967742,jacari white
Isaiah Hawthorne,SF,UNCO,34.0,29.735294,17.088236,5.5,1.1470588,1.2058823,0.47058824,1.9117647,11.558824,0.4910941421985626,4.7058825,0.8125,1.7352941,isaiah hawthorne
Jeremiah Fears,PG,OU,34.0,30.205883,17.088236,4.147059,4.117647,1.6470588,0.11764706,1.117647,12.205882,0.4337349534034729,6.3235292,0.8511627912521362,3.4117646,jeremiah fears
Isaiah Swope,PG,SLU,33.0,36.696968,17.060606,3.1515152,4.242424,1.1212121,0.060606062,3.1515152,13.787879,0.43296703696250916,2.6060605,0.7558139562606812,3.090909,isaiah swope
Tanahj Pettway,PG,PV,30.0,31.133333,17.033333,3.4333334,1.1666666,1.1666666,0.06666667,1.7,13.533334,0.4408867061138153,4.9666667,0.6845637559890747,2.7666667,tanahj pettway
Jamar Brown,PG,UCLA,30.0,33.366665,17.033333,7.366667,1.2,1.6,0.3,2.3333333,12.3,0.4525745213031769,3.9666667,0.8991596698760986,1.9,jamar brown
Jason Edwards,PG,PROV,33.0,25.212122,17.030304,1.969697,1.3333334,0.93939394,0.0,1.969697,12.333333,0.43488943576812744,5.212121,0.8313953280448914,1.6060606,jason edwards
Kashie Natt,PG,SHSU,1.0,29.0,17.0,5.0,2.0,2.0,1.0,2.0,19.0,0.3684210479259491,2.0,0.5,1.0,kashie natt
Nakyel Shelton,PG,LMU,29.0,34.03448,17.0,4.62069,1.9655173,1.5862069,0.79310346,1.6896552,13.172414,0.43193715810775757,4.793103,0.8201438784599304,2.586207,nakyel shelton
Jason McCoy Jr.,PG,TCFL,1.0,32.0,17.0,3.0,0.0,0.0,0.0,5.0,13.0,0.4615384638309479,0.0,0.0,3.0,jason mccoy jr
Ty Hurst,PG,TWU,1.0,36.0,17.0,3.0,0.0,3.0,0.0,1.0,19.0,0.31578946113586426,8.0,0.5,2.0,ty hurst
Cedric Taylor III,PG,HOW,1.0,40.0,17.0,7.0,2.0,2.0,1.0,4.0,13.0,0.4615384638309479,1.0,1.0,3.0,cedric taylor iii
Ken Walker,ATH,EARL,1.0,18.0,17.0,3.0,1.0,2.0,0.0,2.0,16.0,0.4375,1.0,1.0,2.0,ken walker
Donte Pope,ATH,FP,1.0,13.0,17.0,0.0,1.0,0.0,0.0,1.0,8.0,0.625,7.0,0.8571428656578064,0.0,donte pope
Bradley Dean,ATH,UVAW,1.0,36.0,17.0,5.0,3.0,1.0,0.0,1.0,16.0,0.5,0.0,0.0,4.0,bradley dean
Don McHenry,PG,UTAH,32.0,29.03125,16.96875,3.3125,1.71875,1.4375,0.0625,2.03125,14.3125,0.39519649744033813,4.40625,0.8226950168609619,1.4375,don mchenry
Sterling Young,PG,INST,28.0,25.428572,16.964285,1.9642857,1.6785715,0.53571427,0.14285715,2.107143,12.285714,0.4389534890651703,5.0,0.8142856955528259,2.1785715,sterling young
Owen Koonce,PG,CP,35.0,30.171429,16.942858,4.8285713,1.8285714,1.1428572,0.54285717,1.9714285,11.828571,0.5169082283973694,3.1142857,0.8807339668273926,2.6,owen koonce
Adante' Holiman,PG,ASU,25.0,30.2,16.92,2.16,2.28,1.16,0.16,3.24,13.12,0.4176829159259796,3.4,0.800000011920929,1.72,adante holiman
Ahmad Robinson,PG,UAB,33.0,31.39394,16.90909,4.909091,5.0,1.8787879,0.18181819,1.5151515,13.363636,0.41723355650901794,5.787879,0.7329843044281006,3.969697,ahmad robinson
Michael Rataj,PG,BAY,32.0,32.3125,16.90625,7.21875,2.03125,1.625,0.625,1.03125,12.34375,0.4835442900657654,5.0,0.7875000238418579,2.4375,michael rataj
Xaivian Lee,PG,FLA,30.0,32.066666,16.9,6.1,5.5,1.2333333,0.4,1.9666667,13.6,0.4387255012989044,3.8,0.7894737124443054,2.2333333,xaivian lee
Devontae Blanton,SF,EKU,32.0,34.5625,16.875,6.1875,4.625,1.15625,0.125,0.5,16.1875,0.4324324429035187,3.5625,0.6666666865348816,2.34375,devontae blanton
Samage Teel,PG,INST,32.0,33.90625,16.875,4.09375,5.21875,1.21875,0.15625,1.90625,12.15625,0.4730077087879181,4.40625,0.7872340679168701,3.1875,samage teel
Quinton Mincey,PG,UML,32.0,35.90625,16.84375,6.34375,2.75,0.5625,0.4375,1.75,12.46875,0.4862155318260193,3.8125,0.7786885499954224,2.34375,quinton mincey
CJ Luster II,PG,UNCW,32.0,29.9375,16.84375,2.6875,1.15625,1.03125,0.0625,3.1875,11.9375,0.4293193817138672,3.9375,0.8650793433189392,1.53125,cj luster ii
Zach Freemantle,SF,XAV,31.0,30.741936,16.838709,6.83871,2.064516,1.1290323,0.7741935,0.9677419,12.612904,0.5166240334510803,3.7741935,0.752136766910553,1.7419355,zach freemantle
Collin Murray-Boyles,SF,SC,32.0,30.625,16.8125,8.25,2.40625,1.46875,1.34375,0.28125,10.5625,0.5857987999916077,5.875,0.707446813583374,2.4375,collin murray boyles
Chansey Willis Jr.,PG,MINN,24.0,32.0,16.791666,4.2916665,5.8333335,1.6666666,0.20833333,1.375,14.041667,0.4243323504924774,4.8333335,0.7241379022598267,3.25,chansey willis jr
Rahsool Diggins,PG,MASS,32.0,34.375,16.78125,2.78125,2.65625,1.1875,0.21875,2.75,15.5625,0.3674698770046234,3.09375,0.8383838534355164,2.25,rahsool diggins
Jaland Lowe,PG,UK,31.0,35.451614,16.774193,4.16129,5.451613,1.7741935,0.22580644,1.3225807,14.258064,0.37556561827659607,5.354839,0.8855421543121338,2.967742,jaland lowe
Ethan Roberts,SF,PENN,25.0,33.0,16.76,5.56,2.08,0.88,0.04,2.36,13.12,0.4298780560493469,3.8,0.821052610874176,2.04,ethan roberts
John Camden,SF,CAL,36.0,34.22222,16.75,5.5,2.0833333,1.1388888,0.3888889,2.6666667,11.666667,0.4690476059913635,4.0,0.7847222089767456,1.3055556,john camden
Mateu Escamilla,SF,STAU,4.0,29.0,16.75,6.25,1.75,1.0,0.5,2.5,15.0,0.3499999940395355,5.5,0.6818181872367859,3.0,mateu escamilla
Matt Rogers,SF,AMER,35.0,26.485714,16.742857,5.5142856,1.2571429,0.6571429,0.4,1.7142857,11.514286,0.5583126544952393,2.9142857,0.7450980544090271,2.0,matt rogers
Payton Sandfort,SF,IOWA,33.0,31.939394,16.727272,6.030303,2.878788,0.8181818,0.6666667,2.5454545,13.757576,0.40748897194862366,3.3333333,0.8909090757369995,1.7878788,payton sandfort
Terrence Edwards Jr.,PG,LOU,35.0,32.74286,16.714285,4.0857143,2.6571429,0.71428573,0.2,1.9142857,13.457143,0.4373672902584076,3.8857143,0.779411792755127,2.142857,terrence edwards jr
Tyler Tejada,PG,TOW,27.0,31.777779,16.703703,3.851852,0.7777778,0.4814815,0.22222222,1.8148148,14.259259,0.4311688244342804,3.148148,0.8235294222831726,1.6666666,tyler tejada
Sam Hines Jr.,PG,SELA,32.0,33.3125,16.6875,6.40625,2.0625,1.03125,0.5625,0.625,13.0625,0.48564592003822327,4.5,0.75,1.90625,sam hines jr
C.J. Walker,SF,ECU,33.0,31.151516,16.666666,6.4242425,0.72727275,0.72727275,0.8181818,0.33333334,11.878788,0.5076530575752258,5.818182,0.734375,1.6363636,c j walker
Bryce Johnson,PG,UMBC,30.0,31.333334,16.666666,4.133333,2.6,0.93333334,0.53333336,1.6666666,11.333333,0.5176470875740051,4.366667,0.7480915784835815,1.5,bryce johnson
Brody Fox,PG,CIT,30.0,32.2,16.666666,5.133333,2.3333333,1.2666667,0.0,0.26666668,12.366667,0.49056604504585266,8.0,0.5333333611488342,2.5333333,brody fox
Davion Bailey,PG,UIW,36.0,34.88889,16.666666,2.8888888,1.2222222,1.3611112,0.25,3.5,13.555555,0.4057376980781555,2.9166667,0.7428571581840515,0.9722222,davion bailey
Po'Boigh King,PG,SHSU,33.0,30.757576,16.666666,2.939394,1.5757576,1.2121212,0.18181819,2.2121212,12.909091,0.43661972880363464,4.060606,0.7835820913314819,1.4545455,po boigh king
Denijay Harris,SF,USM,32.0,34.5,16.65625,10.5625,1.25,0.625,1.53125,0.5625,11.6875,0.4893048107624054,6.46875,0.7198067903518677,2.625,denijay harris
Daniel Batcho,SF,LT,32.0,27.59375,16.65625,6.4375,0.53125,0.28125,2.0,0.03125,8.53125,0.6886447072029114,6.40625,0.7609755992889404,2.0,daniel batcho
Jalen Terry,PG,EMU,31.0,37.48387,16.64516,4.806452,2.903226,1.6129032,0.38709676,2.903226,12.806452,0.44836270809173584,2.580645,0.875,2.516129,jalen terry
Tyler McGhie,PG,UCSD,35.0,30.542856,16.62857,4.0857143,1.7428571,0.94285715,0.22857143,3.3428571,13.6285715,0.4150943458080292,2.2857144,0.862500011920929,0.6857143,tyler mcghie
Vladislav Goldin,NA,,37.0,27.621622,16.621622,7.027027,1.081081,0.5135135,1.3783784,0.2972973,9.8918915,0.6065573692321777,5.918919,0.7305936217308044,2.3243244,vladislav goldin
Quentin Jones,PG,SLU,31.0,35.35484,16.612904,4.774194,3.516129,1.2580645,0.9354839,1.7419355,12.612904,0.45524296164512634,4.419355,0.7664233446121216,2.483871,quentin jones
Marcus Banks Jr.,PG,MASS,32.0,30.4375,16.59375,4.21875,2.0,1.25,0.21875,3.34375,13.03125,0.4364508390426636,2.21875,0.8450704216957092,2.09375,marcus banks jr
Richie Saunders,PG,BYU,35.0,29.428572,16.542856,4.4857144,1.6,1.2285714,0.37142858,2.2571428,11.142858,0.5179487466812134,3.2857144,0.834782600402832,1.3142858,richie saunders
Ryan Conwell,PG,LOU,34.0,33.0,16.529411,2.735294,2.4705882,1.2941177,0.1764706,2.9117646,11.5,0.45012786984443665,3.9411764,0.8283582329750061,1.617647,ryan conwell
Chase Hunter,PG,CLEM,34.0,33.47059,16.5,3.0294118,2.5,1.4117647,0.47058824,2.264706,11.705882,0.46984925866127014,3.735294,0.8661417365074158,2.0294118,chase hunter
Derik Queen,C,MD,36.0,30.38889,16.5,8.972222,1.8611112,1.0833334,1.0833334,0.19444445,11.083333,0.5263158082962036,6.0555553,0.7660550475120544,2.3611112,derik queen
Trevor Brunson,SF,BOBJ,2.0,31.0,16.5,1.0,2.0,1.0,0.5,2.0,14.5,0.4137931168079376,2.5,1.0,1.5,trevor brunson
Landon Seaman,SF,CSUF,2.0,31.0,16.5,4.0,2.5,1.0,0.0,0.0,18.5,0.4324324429035187,3.5,0.1428571492433548,3.0,landon seaman
Matthew Carter,PG,MITC,2.0,32.0,16.5,5.0,2.0,1.0,0.0,2.5,15.0,0.46666666865348816,0.5,0.0,2.0,matthew carter
Nasir Luna,PG,OXY,2.0,30.5,16.5,2.0,1.5,0.5,0.0,2.5,14.0,0.4285714328289032,2.5,0.800000011920929,1.5,nasir luna
Ramar Pryor,PG,CNSU,2.0,33.5,16.5,4.0,1.0,1.0,0.0,1.0,11.0,0.5,5.0,0.8999999761581421,6.0,ramar pryor
Kameron Hobbs,PG,MORG,32.0,31.71875,16.46875,3.59375,2.4375,1.21875,0.0,1.8125,12.84375,0.4476885497570038,3.71875,0.848739504814148,1.625,kameron hobbs
Takai Simpkins,PG,ORE,27.0,29.88889,16.407408,3.148148,2.5925925,1.1111112,0.33333334,2.148148,12.777778,0.4231884181499481,4.5555553,0.7560975551605225,2.4814816,takai simpkins
Tylan Pope,SF,TXST,32.0,25.5625,16.40625,6.4375,0.5625,0.65625,1.40625,0.40625,10.6875,0.5380116701126099,5.59375,0.8044692873954773,1.71875,tylan pope
Cam Carter,PG,LSU,32.0,33.28125,16.40625,4.0625,2.5,1.1875,0.40625,2.5,12.78125,0.4254278838634491,3.625,0.8362069129943848,2.5,cam carter
Chucky Hepburn,PG,LOU,34.0,34.764706,16.382353,3.4705882,5.8235292,2.4117646,0.0882353,1.8529412,11.294118,0.4322916567325592,5.647059,0.84375,3.0294118,chucky hepburn
Ian Martinez,PG,USU,34.0,29.5,16.382353,3.4117646,2.735294,0.9411765,0.29411766,2.2941177,11.1470585,0.4353561997413635,5.0,0.8764705657958984,1.7647059,ian martinez
Steven Ashworth,PG,CREI,35.0,36.085712,16.37143,4.0857143,6.8285713,0.6857143,0.057142857,3.142857,12.514286,0.39269405603408813,3.6571429,0.9296875,3.4285715,steven ashworth
Marko Maletic,PG,WIU,30.0,29.066668,16.366667,3.5,0.56666666,0.8,0.13333334,3.0666666,12.0,0.4611110985279083,2.7666667,0.8072289228439331,1.5666667,marko maletic
Orlando Lovejoy,PG,DETM,30.0,35.066666,16.366667,4.633333,3.7666667,1.7333333,0.13333334,0.13333334,13.766666,0.4479418992996216,4.5,0.8666666746139526,2.6333334,orlando lovejoy
Josh Uduje,PG,SJSU,33.0,31.454546,16.363636,4.5454545,1.4545455,1.0909091,0.3939394,1.3636364,12.272727,0.4839506149291992,3.878788,0.8046875,1.8181819,josh uduje
Jacob Holt,SF,SAC,32.0,26.84375,16.3125,6.9375,1.09375,0.5625,0.8125,1.21875,10.78125,0.5043478012084961,5.875,0.7180851101875305,2.09375,jacob holt
Martaz Robinson,PG,DSU,29.0,32.482758,16.310345,6.172414,2.6206896,1.7241379,0.06896552,1.0,12.206897,0.39830508828163147,6.7586207,0.8265306353569031,2.1724138,martaz robinson
Rickey Bradley Jr.,PG,VMI,34.0,33.705883,16.294117,4.8235292,2.7941177,1.4117647,0.0882353,1.5882353,11.1470585,0.4432717561721802,6.0882354,0.7922705411911011,2.1764705,rickey bradley jr
Kennard Davis Jr.,SF,BYU,32.0,34.09375,16.28125,4.9375,2.5625,1.28125,0.21875,2.0,12.15625,0.45501285791397095,4.21875,0.7629629373550415,2.25,kennard davis jr
Tarence Guinyard,PG,DUQ,32.0,28.25,16.28125,4.65625,2.25,1.34375,0.1875,1.59375,11.53125,0.4444444477558136,5.96875,0.7434554696083069,1.8125,tarence guinyard
Sam Lewis,PG,UVA,33.0,31.454546,16.242424,4.7272725,1.2424242,0.6666667,0.4848485,1.7878788,12.30303,0.47044333815574646,3.7575758,0.7661290168762207,1.3333334,sam lewis
Ugnius Jarusevicius,SF,NEB,26.0,26.692308,16.23077,7.269231,0.5769231,0.5769231,0.65384614,0.84615386,9.961538,0.5366795659065247,6.5384617,0.7176470756530762,1.5384616,ugnius jarusevicius
Myles Tate,PG,APP,31.0,34.419353,16.225807,5.096774,5.225806,1.9354838,0.19354838,2.0,13.741936,0.40375587344169617,4.225806,0.7404580116271973,2.7096775,myles tate
Otega Oweh,PG,UK,36.0,28.305555,16.222221,4.6666665,1.7222222,1.5833334,0.5277778,0.75,11.527778,0.4915662705898285,5.3333335,0.7760416865348816,1.5277778,otega oweh
Marcus Dockery,PG,HOW,32.0,34.15625,16.21875,2.625,2.0625,1.09375,0.125,2.5,12.40625,0.491183876991272,1.90625,0.8032786846160889,1.84375,marcus dockery
Marcus Johnson,SF,KSU,32.0,31.4375,16.21875,5.0,1.8125,0.875,0.15625,2.4375,13.15625,0.4299287497997284,2.75,0.8977272510528564,2.46875,marcus johnson
Robert McCray V,PG,FSU,32.0,29.71875,16.1875,4.84375,4.46875,1.375,0.625,1.46875,13.8125,0.42760181427001953,3.8125,0.7622950673103333,3.40625,robert mccray v
Tayshawn Comer,PG,NEV,32.0,35.96875,16.1875,3.65625,4.09375,1.1875,0.15625,1.5,13.34375,0.38641685247421265,5.5625,0.7865168452262878,3.28125,tayshawn comer
Trey Thomas,PG,USI,33.0,32.303032,16.181818,3.6363637,2.1515152,1.1515151,0.060606062,1.9090909,14.484848,0.37029287219047546,4.5757575,0.7748344540596008,2.090909,trey thomas
Cesare Edwards,C,GAST,33.0,31.727272,16.151516,7.060606,1.2727273,0.4848485,1.4545455,0.90909094,12.666667,0.5095694065093994,3.121212,0.7475728392601013,2.121212,cesare edwards
Justice Shoats,PG,SIE,32.0,36.25,16.09375,2.75,4.6875,1.75,0.5,0.5,13.125,0.43095237016677856,5.875,0.728723406791687,3.71875,justice shoats
Da'Sean Nelson,SF,EMU,31.0,30.258064,16.064516,5.709677,2.483871,1.0967742,1.032258,0.29032257,11.612904,0.4722222089767456,6.193548,0.7760416865348816,3.612903,da sean nelson
Jamir Simpson,PG,UTSA,31.0,32.032257,16.064516,4.677419,1.7741935,0.3548387,0.06451613,1.2258065,12.741936,0.41518986225128174,5.322581,0.800000011920929,2.8387096,jamir simpson
Marcus Adams Jr.,SF,ASU,32.0,28.90625,16.0625,4.90625,1.46875,1.03125,0.34375,1.9375,11.9375,0.5261780023574829,2.125,0.7352941036224365,1.59375,marcus adams jr
Jahmyl Telfort,SF,BTLR,33.0,35.18182,16.030304,4.6666665,3.4242425,1.030303,0.33333334,1.3030303,11.515152,0.4710526168346405,5.030303,0.7710843086242676,2.2121212,jahmyl telfort
Austin Brewer,C,HSU,1.0,21.0,16.0,3.0,0.0,0.0,5.0,4.0,10.0,0.6000000238418579,0.0,0.0,1.0,austin brewer
Reco Hallmon,SF,SWES,1.0,29.0,16.0,9.0,0.0,1.0,0.0,2.0,8.0,0.5,11.0,0.5454545617103577,2.0,reco hallmon
Jacob Harvey,PG,TUTX,2.0,23.0,16.0,3.5,2.0,0.0,0.0,5.0,12.0,0.4166666567325592,1.0,1.0,0.0,jacob harvey
Francis Okwuosah,SF,WIU,1.0,28.0,16.0,7.0,0.0,0.0,0.0,4.0,12.0,0.5,0.0,0.0,1.0,francis okwuosah
D.J. Alicea,PG,KEAN,1.0,28.0,16.0,2.0,4.0,3.0,1.0,2.0,8.0,0.5,9.0,0.6666666865348816,3.0,d j alicea
Domonique Wilkins,SF,SWA,2.0,32.5,16.0,4.5,0.5,0.5,1.5,2.5,12.0,0.5416666865348816,1.0,0.5,2.0,domonique wilkins
Preston Thomas,PG,HOUG,2.0,28.5,16.0,8.0,2.0,2.0,0.0,2.5,11.5,0.43478259444236755,3.5,1.0,5.0,preston thomas
Anthony Walters,PG,UJ,1.0,19.0,16.0,1.0,0.0,0.0,0.0,2.0,14.0,0.5,0.0,0.0,1.0,anthony walters
Zyeir Lawrence,ATH,SNYO,2.0,27.5,16.0,3.5,0.5,1.0,1.0,0.5,11.5,0.6086956262588501,3.0,0.5,2.0,zyeir lawrence
Ty'Quan Neal,ATH,TXCL,1.0,29.0,16.0,6.0,0.0,0.0,0.0,0.0,13.0,0.38461539149284363,9.0,0.6666666865348816,2.0,ty quan neal
Gilbert Croley,ATH,AUM,1.0,31.0,16.0,3.0,4.0,5.0,0.0,2.0,12.0,0.5833333134651184,2.0,0.0,4.0,gilbert croley
Mason Lockhart,ATH,JSU,2.0,34.0,16.0,6.0,1.0,0.5,1.0,0.5,11.0,0.5909090638160706,2.5,1.0,1.0,mason lockhart
Allen Singleton,ATH,TAMK,1.0,31.0,16.0,1.0,3.0,0.0,0.0,2.0,9.0,0.7777777910232544,0.0,0.0,1.0,allen singleton
Collin Albert,ATH,PNW,1.0,24.0,16.0,1.0,2.0,1.0,0.0,2.0,17.0,0.4117647111415863,0.0,0.0,1.0,collin albert
Michael Batchelor,ATH,WVWC,1.0,32.0,16.0,1.0,1.0,2.0,0.0,3.0,10.0,0.6000000238418579,2.0,0.5,2.0,michael batchelor
Gavin Davis,ATH,STTX,1.0,23.0,16.0,7.0,2.0,2.0,1.0,3.0,12.0,0.4166666567325592,4.0,0.75,1.0,gavin davis
Jaiden Wiggins,ATH,PSSC,1.0,39.0,16.0,5.0,1.0,1.0,0.0,2.0,20.0,0.30000001192092896,2.0,1.0,11.0,jaiden wiggins
Erik Reynolds II,PG,JOES,35.0,33.942856,15.971429,2.8857143,2.6285715,0.7714286,0.4,2.5428572,14.057143,0.38008129596710205,3.2,0.8571428656578064,1.5142857,erik reynolds ii
Langston Reynolds,PG,MINN,34.0,32.82353,15.970589,5.617647,3.4411764,0.88235295,0.5,0.5294118,10.411765,0.5932203531265259,4.617647,0.668789803981781,2.735294,langston reynolds
Corey McKeithan,PG,LAS,33.0,34.484848,15.939394,3.090909,2.4848485,1.030303,0.24242425,2.3939395,13.484848,0.42022472620010376,2.4242425,0.9125000238418579,1.4545455,corey mckeithan
Rasheed Bello,PG,PFW,32.0,33.25,15.9375,2.4375,4.15625,1.8125,0.25,2.34375,12.4375,0.44723618030548096,2.84375,0.8681318759918213,2.1875,rasheed bello
Jalon Moore,SF,OU,34.0,30.294117,15.911765,5.8235292,0.5588235,0.5,0.5588235,1.2647059,11.117647,0.47089946269989014,4.970588,0.8402366638183594,1.6470588,jalon moore
Max Brooks,SF,UML,32.0,30.25,15.90625,7.90625,1.46875,1.0,2.65625,0.0,9.625,0.7045454382896423,3.25,0.7211538553237915,1.84375,max brooks
Josh Pascarelli,PG,CSU,30.0,34.433334,15.866667,3.5666666,2.3333333,0.7,0.16666667,2.7,13.1,0.44783714413642883,1.8666667,0.7678571343421936,1.7,josh pascarelli
Kobe Sanders,PG,NEV,33.0,31.636364,15.848485,3.878788,4.4545455,1.1212121,0.27272728,1.2424242,11.393939,0.46010637283325195,5.181818,0.7953216433525085,1.8484849,kobe sanders
Josh Bascoe,PG,BUCK,33.0,36.60606,15.848485,3.8181818,4.4242425,1.4242424,0.121212125,2.2121212,12.909091,0.43661972880363464,3.121212,0.7572815418243408,2.4242425,josh bascoe
Desmond Claude,PG,WASH,33.0,32.484848,15.848485,3.5454545,4.242424,0.6363636,0.18181819,0.6969697,11.121212,0.48228883743286133,5.787879,0.764397919178009,3.4848485,desmond claude
Jarvis Walker,PG,IUIN,32.0,32.09375,15.84375,2.71875,2.75,1.15625,0.125,1.90625,13.3125,0.39201876521110535,4.4375,0.7887324094772339,2.0625,jarvis walker
Sami Pissis,PG,AAMU,31.0,28.032259,15.806452,3.612903,2.7419355,0.87096775,0.09677419,2.1935484,14.903226,0.34415584802627563,4.483871,0.7482014298439026,2.3225806,sami pissis
Nick Davidson,SF,CLEM,33.0,33.121212,15.787879,6.4848485,2.7878788,0.8181818,1.1818181,1.3939394,10.666667,0.5,5.3333335,0.6988636255264282,1.9090909,nick davidson
Andrew Cook,PG,EWU,31.0,29.67742,15.774194,3.483871,1.9032258,1.2903225,0.22580644,0.32258064,10.67742,0.5438066720962524,4.354839,0.8814814686775208,1.6129032,andrew cook
TJ Hurley,PG,UVM,31.0,32.225807,15.774194,2.419355,1.2580645,0.7096774,0.22580644,2.516129,11.870968,0.426630437374115,3.516129,0.8899082541465759,1.2903225,tj hurley
Fatt Hill,PG,GMU,31.0,32.419353,15.774194,5.096774,3.1935484,0.9677419,0.29032257,0.7096774,12.5161295,0.42268040776252747,6.677419,0.6714975833892822,2.8387096,fatt hill
Kelton Talford,SF,WIN,34.0,27.764706,15.764706,7.9117646,0.9411765,0.9705882,0.7058824,0.0,8.911765,0.6369637250900269,6.6764708,0.6607929468154907,1.882353,kelton talford
Cooper Schwieger,SF,WAKE,34.0,32.67647,15.764706,7.8235292,1.0588236,0.5,2.0,0.85294116,11.676471,0.48866498470306396,4.117647,0.8500000238418579,1.6470588,cooper schwieger
John Blackwell,PG,WIS,37.0,31.18919,15.756757,5.108108,2.1891892,0.8648649,0.054054055,1.5675676,12.162162,0.4511111080646515,3.945946,0.8150684833526611,2.0810812,john blackwell
Mark Freeman,PG,JMU,32.0,29.71875,15.75,2.5,3.09375,0.84375,0.03125,2.0625,12.375,0.4318181872367859,3.75,0.800000011920929,2.21875,mark freeman
Braden Smith,PG,PUR,36.0,37.0,15.75,4.5,8.694445,2.1666667,0.19444445,2.3055556,13.111111,0.42796608805656433,2.6666667,0.8333333134651184,3.0277777,braden smith
Norchad Omier,SF,BAY,35.0,31.742857,15.742857,10.828571,1.5428572,1.2,0.94285715,0.5714286,10.485714,0.555858314037323,4.6857142,0.75,2.4,norchad omier
Donald Hand Jr.,PG,BC,31.0,33.19355,15.741936,6.096774,1.2580645,0.6451613,0.19354838,2.2580645,12.064516,0.37700533866882324,5.129032,0.8553459048271179,1.4193548,donald hand jr
Mister Dean,PG,COFC,31.0,23.225807,15.741936,5.451613,1.3548387,2.1612904,0.67741936,0.3548387,11.0,0.5718474984169006,4.903226,0.5723684430122375,2.2903225,mister dean
Elijah Fisher,PG,HALL,33.0,33.575756,15.727273,4.848485,1.4545455,0.72727275,0.27272728,0.57575756,10.666667,0.4829545319080353,6.4848485,0.7476635575294495,2.6666667,elijah fisher
LJ Cryer,PG,HOU,40.0,32.675,15.725,2.425,2.0,0.9,0.1,3.075,12.525,0.4111776351928711,2.625,0.8952381014823914,1.075,lj cryer
Jalen Sullinger,PG,KENT,36.0,30.11111,15.722222,2.1666667,1.75,0.9444444,0.11111111,2.4444444,12.666667,0.42105263471603394,2.9722223,0.8785046935081482,1.6944444,jalen sullinger
CJ Huntley,SF,APP,31.0,33.580647,15.709678,8.064516,1.0967742,0.58064514,0.67741936,1.3548387,11.903226,0.4932249188423157,3.7741935,0.692307710647583,1.483871,cj huntley
Tyler Johnson,PG,MER,33.0,33.21212,15.69697,3.6969697,1.4545455,1.0909091,0.060606062,2.8181818,12.69697,0.43675416707992554,2.030303,0.8805969953536987,1.7878788,tyler johnson
Colby Duggan,SF,COFC,32.0,27.90625,15.6875,3.25,1.25,0.53125,0.28125,1.71875,12.28125,0.46055978536605835,3.65625,0.7264957427978516,1.5,colby duggan
Ishmael Leggett,PG,PITT,31.0,35.35484,15.67742,5.935484,2.548387,1.7419355,0.3548387,1.548387,12.354838,0.44908615946769714,3.7741935,0.8034188151359558,2.1290324,ishmael leggett
Wade Taylor IV,PG,TA&M,30.0,30.466667,15.666667,3.0,4.3,1.3,0.1,2.3666666,12.7,0.35433071851730347,4.9666667,0.8657718300819397,2.5666666,wade taylor iv
Laolu Kalejaiye,PG,LNCA,3.0,32.0,15.666667,1.6666666,1.0,0.33333334,0.0,4.3333335,14.666667,0.3636363744735718,0.6666667,1.0,1.6666666,laolu kalejaiye
Sean Durugordon,PG,ODU,35.0,32.17143,15.657143,9.085714,0.8857143,1.2285714,0.54285717,0.9142857,11.657143,0.4485294222831726,5.428571,0.7894737124443054,1.8285714,sean durugordon
Toyaz Solomon,SF,UNCA,32.0,31.125,15.65625,7.1875,1.65625,0.96875,1.59375,0.09375,10.96875,0.6096866130828857,3.53125,0.6194690465927124,1.34375,toyaz solomon
Isaiah Coleman,PG,OKST,30.0,33.7,15.6,5.3,1.7,1.5,0.13333334,1.2666667,14.066667,0.3886255919933319,4.4666667,0.7611940503120422,2.0,isaiah coleman
Robert Davis Jr.,PG,ODU,34.0,35.67647,15.588235,2.4117646,1.7647059,0.7352941,0.0882353,3.4117646,14.323529,0.3470225930213928,2.6470587,0.8444444537162781,1.9411764,robert davis jr
Dedan Thomas Jr.,PG,LSU,26.0,35.76923,15.576923,1.9615384,4.6923075,0.6923077,0.115384616,0.9230769,12.576923,0.4128440320491791,5.923077,0.7207792401313782,1.8846154,dedan thomas jr
Jeff Planutis,SF,MERC,31.0,33.451614,15.548388,2.451613,1.7096775,1.3548387,0.16129032,2.032258,11.4838705,0.4691011309623718,3.096774,0.8854166865348816,1.4193548,jeff planutis
Kaseem Watson,SF,UTEP,30.0,32.466667,15.533334,5.8333335,1.6666666,1.0333333,0.06666667,0.4,12.833333,0.5090909004211426,2.6666667,0.7749999761581421,1.5666667,kaseem watson
Rowan Brumbaugh,PG,TULN,34.0,34.97059,15.529411,3.9705882,4.8235292,1.5588236,0.14705883,1.8235294,11.676471,0.4130982458591461,4.970588,0.8165680766105652,2.235294,rowan brumbaugh
Trey Robinson,PG,NKU,33.0,30.60606,15.515152,5.909091,1.939394,1.6060606,0.42424244,0.7878788,11.545455,0.4803149700164795,5.5151515,0.6593406796455383,1.8484849,trey robinson
EJ Smith,PG,TMCN,2.0,27.5,15.5,3.0,1.0,2.0,0.0,1.5,16.5,0.42424243688583374,0.0,0.0,1.5,ej smith
Hudson Johnson,PG,HWPU,2.0,23.5,15.5,1.0,3.0,2.0,0.5,1.5,14.5,0.4137931168079376,2.0,1.0,2.5,hudson johnson
Elijah Bredwood,PG,MILG,2.0,23.0,15.5,3.5,2.0,0.5,0.0,3.0,14.0,0.3928571343421936,1.5,1.0,2.0,elijah bredwood
All Wright,PG,XAV,34.0,29.558823,15.470589,2.1764705,2.3823528,0.85294116,0.20588236,1.9705882,13.117647,0.40807175636291504,3.4705882,0.805084764957428,1.3529412,all wright
Earl Timberlake,PG,BRY,33.0,35.848484,15.454545,8.090909,4.6969695,1.030303,1.7878788,0.27272728,11.939394,0.5,4.5454545,0.7133333086967468,2.4242425,earl timberlake
Tytan Anderson,PG,UNI,33.0,30.0,15.454545,6.4545455,2.5757575,1.1212121,0.57575756,0.3030303,9.272727,0.5784313678741455,6.3636365,0.6952381134033203,2.121212,tytan anderson
Jaden Seymour,SF,ETSU,30.0,30.166666,15.433333,6.6,2.1333334,0.96666664,1.0666667,1.1666666,12.166667,0.42191779613494873,5.4666667,0.7317073345184326,1.9666667,jaden seymour
Nick Townsend,SF,YALE,30.0,30.466667,15.433333,7.133333,3.6,0.8,0.2,0.9,10.9,0.5290519595146179,4.0333333,0.7438016533851624,1.5333333,nick townsend
Asa Newell,SF,UGA,33.0,28.969696,15.424242,6.878788,0.8787879,1.0,0.969697,0.7878788,10.666667,0.5426136255264282,4.090909,0.7481481432914734,1.1212121,asa newell
Sean Pedulla,PG,MISS,36.0,32.833332,15.416667,3.5,3.75,1.8888888,0.16666667,2.4166667,11.777778,0.44103774428367615,3.1666667,0.8245614171028137,2.0277777,sean pedulla
Jack Karasinski,SF,BELL,24.0,21.875,15.375,2.8333333,1.125,0.125,0.25,1.4583334,10.375,0.5341365337371826,3.6666667,0.7727272510528564,1.25,jack karasinski
Jasai Miles,PG,IU,32.0,31.5625,15.375,6.84375,1.875,0.625,0.46875,2.4375,12.5625,0.4253731369972229,3.5625,0.6315789222717285,1.90625,jasai miles
Johnathan Lawson,PG,LR,33.0,37.18182,15.363636,5.151515,3.5757575,1.7878788,0.72727275,2.3939395,11.727273,0.43927648663520813,3.3636363,0.792792797088623,2.0,johnathan lawson
Bent Leuchten,C,UCI,39.0,26.794872,15.358974,9.076923,1.5641025,0.51282054,1.2820513,0.46153846,8.666667,0.5443786978721619,6.6923075,0.8160919547080994,1.5384616,bent leuchten
Kobe Stewart,PG,PRES,33.0,33.151516,15.333333,5.212121,2.4545455,1.2424242,0.33333334,1.5454545,12.454545,0.4793187379837036,2.3333333,0.7922077775001526,1.5454545,kobe stewart
Sonny Wilson,PG,TOL,33.0,33.575756,15.333333,4.757576,3.2121212,0.8787879,0.060606062,0.6666667,11.787879,0.5141388177871704,3.7878788,0.671999990940094,1.6969697,sonny wilson
Kenyon Giles,PG,WICH,30.0,29.533333,15.3,2.9333334,1.8,1.1,0.1,2.6666667,12.4,0.448924720287323,1.9,0.7894737124443054,0.73333335,kenyon giles
Wooga Poplar,PG,VILL,36.0,31.944445,15.25,6.9722223,1.4722222,1.2777778,0.25,1.9444444,11.583333,0.46043166518211365,3.0833333,0.8558558821678162,1.8055556,wooga poplar
Nate Calmese,PG,WAKE,33.0,30.181818,15.242424,3.030303,4.3939395,1.6060606,0.15151516,1.2424242,13.242424,0.4736842215061188,2.1818182,0.6666666865348816,3.0,nate calmese
Nick Dorn,PG,IU,25.0,30.8,15.24,3.8,0.76,0.28,0.04,2.96,11.56,0.37370243668556213,4.52,0.8053097128868103,1.16,nick dorn
Honor Huff,PG,WVU,38.0,36.526318,15.210526,1.8157895,2.2631578,0.94736844,0.10526316,3.4473684,10.605263,0.4243176281452179,3.368421,0.8203125,1.3421053,honor huff
Matthew Moncrieffe,SF,SEA,29.0,28.48276,15.206897,9.551724,1.137931,1.0344827,0.55172414,0.0,9.137931,0.5547170042991638,7.6896553,0.6591928005218506,3.1034484,matthew moncrieffe
Pierre Brooks II,SF,BTLR,35.0,33.085712,15.2,5.142857,1.8857143,0.45714286,0.114285715,1.6571429,11.857142,0.46987950801849365,2.942857,0.8155339956283569,1.6857142,pierre brooks ii
Chase Walker,SF,ILST,35.0,24.257143,15.2,6.2,2.0285714,0.6571429,0.37142858,0.2857143,9.457143,0.5800604224205017,5.6857142,0.6934673190116882,1.9428571,chase walker
Dylan Hayman,SF,UIW,36.0,34.63889,15.194445,5.0555553,1.5555556,0.7777778,0.16666667,1.3611112,11.527778,0.5036144852638245,2.6388888,0.8421052694320679,1.5,dylan hayman
Augustinas Kiudulas,SF,CSU,31.0,29.290323,15.193548,6.2580647,1.6129032,0.9354839,0.48387095,0.9677419,10.870968,0.43916913866996765,5.774194,0.8100558519363403,2.1935484,augustinas kiudulas
Gabe Madsen,PG,UTAH,33.0,29.727272,15.181818,2.5757575,2.4545455,1.0,0.09090909,3.060606,12.969697,0.3714953362941742,2.909091,0.8541666865348816,1.939394,gabe madsen
Xavier Bell,PG,WICH,34.0,28.441177,15.176471,2.8235295,1.1764706,0.88235295,0.3529412,1.0294118,11.794118,0.41147130727767944,5.0,0.8882352709770203,1.9705882,xavier bell
Josh Scovens,PG,DAV,29.0,31.724138,15.172414,4.172414,1.7586207,0.9655172,1.2758621,0.86206895,12.034483,0.45272207260131836,5.137931,0.6644295454025269,1.2413793,josh scovens
Atin Wright,PG,UNT,36.0,30.11111,15.166667,2.3611112,0.6666667,0.8888889,0.0,2.8055556,11.194445,0.4019851088523865,3.5555556,0.9453125,1.0555556,atin wright
Marcus Williams,PG,SF,31.0,30.741936,15.129032,3.580645,4.2580647,1.451613,0.3548387,2.1612904,11.290322,0.4828571379184723,2.7741935,0.7441860437393188,2.451613,marcus williams
Barry Dunning Jr.,PG,PITT,32.0,32.8125,15.125,7.21875,2.1875,0.9375,0.3125,1.21875,12.78125,0.4572127163410187,2.90625,0.7634408473968506,1.6875,barry dunning jr
Jeremiah Wilkinson,PG,UGA,32.0,27.375,15.125,1.9375,1.46875,0.78125,0.125,1.875,12.28125,0.3994911015033722,4.375,0.7857142686843872,1.59375,jeremiah wilkinson
AJ Dancler,PG,CCU,30.0,32.0,15.1,3.8,3.3666666,1.1,0.2,2.2333333,11.533334,0.4450867176055908,3.4,0.7647058963775635,2.6333334,aj dancler
Tae Davis,SF,OU,33.0,30.848484,15.090909,5.3030305,1.7878788,0.6060606,0.060606062,0.4848485,10.757576,0.4760563373565674,6.030303,0.7236180901527405,2.090909,tae davis
Adou Thiero,SF,ARK,27.0,27.481482,15.074074,5.814815,1.8888888,1.6296296,0.7407407,0.4074074,9.37037,0.5454545617103577,6.4814816,0.6857143044471741,1.7037038,adou thiero
Darrion Williams,SF,NCSU,34.0,30.058823,15.058824,5.470588,3.6176472,1.2647059,0.38235295,1.4117647,12.470589,0.4386792480945587,3.235294,0.8363636136054993,1.882353,darrion williams
Jakobi Heady,PG,BCU,31.0,36.096775,15.032258,6.548387,1.548387,1.1612903,0.3548387,0.7741935,12.129032,0.4228723347187042,5.0,0.800000011920929,1.8064516,jakobi heady
Jalin Anderson,PG,UIW,34.0,33.0,15.029411,3.3235295,5.029412,1.382353,0.38235295,1.5294118,13.441176,0.41137856245040894,3.3823528,0.7217391133308411,2.6176472,jalin anderson
Max Shulga,PG,VCU,35.0,32.82857,15.028571,5.857143,3.9714286,1.7714286,0.114285715,2.057143,10.057143,0.43465909361839294,5.4,0.7830687761306763,1.6857142,max shulga
Lance Williams,PG,PV,1.0,37.0,15.0,4.0,1.0,3.0,0.0,0.0,7.0,0.2857142984867096,12.0,0.9166666865348816,4.0,lance williams
Jestin Porter,PG,CLEM,34.0,33.82353,15.0,2.8529413,1.2352941,1.117647,0.1764706,2.4705882,12.588235,0.4112149477005005,2.6470587,0.8222222328186035,1.6764706,jestin porter
Parker Desjardins,PG,THMC,1.0,26.0,15.0,2.0,2.0,0.0,0.0,5.0,10.0,0.5,0.0,0.0,3.0,parker desjardins
Jalen Cary,PG,BRYA,1.0,23.0,15.0,1.0,0.0,2.0,0.0,3.0,8.0,0.625,3.0,0.6666666865348816,2.0,jalen cary
Armonie Ramey,PG,HWPU,2.0,22.5,15.0,6.5,2.0,4.5,0.0,0.5,12.5,0.47999998927116394,4.0,0.625,1.0,armonie ramey
Jarden Maze,PG,MNTT,2.0,23.0,15.0,3.5,1.0,0.0,0.0,2.0,8.5,0.47058823704719543,5.0,1.0,2.5,jarden maze
Isaac Marshall,PG,BRYA,1.0,23.0,15.0,6.0,1.0,0.0,0.0,3.0,12.0,0.4166666567325592,2.0,1.0,0.0,isaac marshall
VJ Edgecombe,PG,BAY,33.0,32.696968,15.0,5.6060605,3.2121212,2.060606,0.6060606,1.5757576,11.545455,0.4356955289840698,4.3030305,0.7816901206970215,1.939394,vj edgecombe
Kory Mincy,PG,GMU,33.0,31.848484,15.0,2.6060605,4.3636365,1.5454545,0.09090909,1.9090909,12.515152,0.3995157480239868,3.909091,0.7906976938247681,2.2727273,kory mincy
Alfredo Abel-Rivera,SF,FC,1.0,32.0,15.0,7.0,0.0,1.0,0.0,0.0,11.0,0.5454545617103577,3.0,1.0,4.0,alfredo abel rivera
Chapman Faulkner,ATH,OHCU,1.0,30.0,15.0,2.0,2.0,1.0,0.0,2.0,11.0,0.4545454680919647,3.0,1.0,2.0,chapman faulkner
Cobe Penny,PG,CBVU,1.0,23.0,15.0,4.0,2.0,1.0,0.0,2.0,13.0,0.4615384638309479,2.0,0.5,0.0,cobe penny
Taj Chiles,PG,MRCY,1.0,36.0,15.0,2.0,8.0,2.0,0.0,1.0,11.0,0.4545454680919647,4.0,1.0,0.0,taj chiles
Lureon Walker,PG,NCAT,3.0,22.666666,15.0,2.3333333,0.6666667,0.6666667,0.0,0.33333334,12.333333,0.4324324429035187,5.0,0.800000011920929,1.0,lureon walker
Juwan White,ATH,MAMC,1.0,28.0,15.0,1.0,4.0,3.0,0.0,2.0,8.0,0.5,9.0,0.5555555820465088,2.0,juwan white
Desmond Ward,ATH,PCH,1.0,27.0,15.0,7.0,0.0,2.0,0.0,3.0,12.0,0.5,0.0,0.0,2.0,desmond ward
Nate Houston Iii,ATH,SHTU,1.0,20.0,15.0,2.0,0.0,3.0,0.0,2.0,11.0,0.4545454680919647,4.0,0.75,0.0,nate houston iii
Justin Savage,ATH,GWYD,1.0,26.0,15.0,8.0,1.0,1.0,1.0,1.0,11.0,0.6363636255264282,2.0,0.0,1.0,justin savage
Prince Davies Iii,ATH,EDW,1.0,22.0,15.0,4.0,0.0,4.0,0.0,0.0,16.0,0.4375,2.0,0.5,4.0,prince davies iii
D'Montez Owens,ATH,PSSH,2.0,27.0,15.0,3.0,2.0,0.0,0.0,1.0,21.5,0.27906978130340576,2.5,0.800000011920929,1.5,d montez owens
Brandon Barrett,ATH,YUNY,1.0,34.0,15.0,12.0,0.0,1.0,6.0,1.0,11.0,0.5454545617103577,6.0,0.3333333432674408,1.0,brandon barrett
Thomas Whitley,PG,CCSC,1.0,25.0,15.0,2.0,1.0,2.0,0.0,3.0,13.0,0.38461539149284363,2.0,1.0,0.0,thomas whitley
Handje Tamba,ATH,MILG,2.0,26.5,15.0,11.5,1.0,1.0,0.5,1.0,13.5,0.4444444477558136,3.0,0.6666666865348816,1.5,handje tamba
Zy Wright,PG,ACU,1.0,32.0,15.0,8.0,1.0,2.0,0.0,0.0,10.0,0.699999988079071,2.0,0.5,1.0,zy wright
Manny Hill,PG,CLE,1.0,32.0,15.0,7.0,1.0,0.0,0.0,1.0,11.0,0.5454545617103577,3.0,0.6666666865348816,1.0,manny hill
Elijah Harden,ATH,HDBG,1.0,31.0,15.0,0.0,1.0,1.0,0.0,3.0,12.0,0.5,0.0,0.0,2.0,elijah harden
Jaylen Jackson,SF,FVSU,1.0,22.0,15.0,4.0,0.0,1.0,1.0,1.0,16.0,0.4375,2.0,0.0,0.0,jaylen jackson
Nolan Swan,ATH,ANIN,1.0,21.0,15.0,2.0,1.0,0.0,0.0,3.0,15.0,0.4000000059604645,0.0,0.0,1.0,nolan swan
Justin Morton,ATH,KEAN,1.0,26.0,15.0,2.0,2.0,1.0,0.0,3.0,11.0,0.5454545617103577,0.0,0.0,2.0,justin morton
Sincere Key,PG,MRHO,1.0,25.0,15.0,4.0,1.0,2.0,0.0,5.0,11.0,0.4545454680919647,0.0,0.0,0.0,sincere key
Emanuel Hylton,ATH,WAU,1.0,34.0,15.0,5.0,1.0,1.0,0.0,3.0,20.0,0.25,4.0,0.5,4.0,emanuel hylton
Joe Bamisile,PG,VCU,35.0,26.714285,14.971429,5.0,1.9142857,1.0571429,0.6857143,1.8285714,12.542857,0.45785877108573914,2.5714285,0.644444465637207,2.4857142,joe bamisile
Mason Falslev,PG,USU,34.0,32.264706,14.970589,6.3235292,3.6764705,2.3235295,0.11764706,1.5588236,11.6470585,0.4974747598171234,3.1470587,0.5794392228126526,2.0882354,mason falslev
Kasparas Jakucionis,PG,ILL,33.0,31.848484,14.969697,5.6969695,4.7272725,0.8787879,0.27272728,1.6363636,10.272727,0.4395280182361603,5.090909,0.8452380895614624,3.7272727,kasparas jakucionis
Julian Mackey,PG,FIU,31.0,27.161291,14.967742,2.6451614,1.451613,0.9032258,0.3548387,2.1935484,11.806452,0.4125683009624481,3.8709676,0.7833333611488342,2.419355,julian mackey
Josh Banks,PG,UNCA,30.0,31.1,14.966666,3.7666667,1.5333333,0.56666666,0.36666667,2.4333334,11.4,0.4035087823867798,4.233333,0.787401556968689,1.6666666,josh banks
Nazir Williams,PG,COR,28.0,27.392857,14.928572,4.357143,3.642857,0.78571427,0.10714286,1.5357143,10.678572,0.5117056965827942,2.9285715,0.8414633870124817,2.4285715,nazir williams
Gabriel Pozzato,SF,XAV,24.0,34.916668,14.916667,4.375,1.3333334,1.2916666,0.375,1.8333334,11.75,0.44680851697921753,3.6666667,0.7045454382896423,2.0,gabriel pozzato
Javontae Campbell,PG,BGSU,32.0,30.65625,14.90625,4.09375,3.0625,2.8125,0.3125,0.375,9.96875,0.4952978193759918,6.09375,0.764102578163147,2.8125,javontae campbell
Max Green,PG,NU,31.0,34.387096,14.903226,5.645161,3.516129,0.87096775,0.29032257,2.2580645,12.32258,0.4188481569290161,3.3225806,0.6990291476249695,2.7419355,max green
Kam Woods,PG,USC,30.0,36.1,14.9,4.733333,5.2,1.7333333,0.16666667,1.4666667,14.4,0.37037035822868347,4.6,0.6014492511749268,2.9666667,kam woods
Garry Clark,SF,USU,34.0,28.5,14.882353,7.6764708,1.1764706,0.7058824,0.44117647,0.5294118,11.088235,0.5490716099739075,3.764706,0.578125,1.617647,garry clark
Marcus Millender,PG,UGA,31.0,34.51613,14.870968,2.967742,3.2903225,1.7096775,0.032258064,2.2580645,11.548388,0.44134077429771423,2.7741935,0.8720930218696594,1.6451613,marcus millender
Elias Ralph,SF,PAC,33.0,31.939394,14.848485,7.3333335,1.7575758,0.8181818,1.1515151,0.90909094,11.666667,0.4727272689342499,4.0,0.7272727489471436,2.2121212,elias ralph
Tyon Grant-Foster,PG,GONZ,26.0,27.5,14.846154,5.8846154,2.0769231,1.7307693,1.5384616,0.88461536,11.384615,0.3986486494541168,7.1153846,0.6864864826202393,2.6538463,tyon grant foster
Dallion Johnson,PG,FGCU,34.0,33.264706,14.823529,2.4411764,1.2058823,0.6764706,0.05882353,3.0588236,12.882353,0.4109589159488678,1.4117647,0.8333333134651184,1.2058823,dallion johnson
AJ Lopez,PG,RICH,34.0,30.764706,14.794118,2.3235295,1.1470588,0.7941176,0.14705883,1.6470588,10.588235,0.48055556416511536,3.3823528,0.8782608509063721,1.5,aj lopez
Rob Martin,PG,HPU,33.0,31.39394,14.787879,2.5454545,4.4545455,0.969697,0.18181819,1.3939394,12.121212,0.4625000059604645,2.6363637,0.8275862336158752,1.6969697,rob martin
Sam Sherry,SF,ELON,32.0,31.25,14.78125,7.40625,1.59375,0.4375,0.59375,1.09375,11.09375,0.48732393980026245,3.59375,0.800000011920929,1.8125,sam sherry
Milton Matthews III,PG,ETSU,31.0,31.483871,14.774194,3.2580645,1.7096775,0.7741935,0.19354838,3.2258065,12.064516,0.4117647111415863,2.0,0.8064516186714172,1.6451613,milton matthews iii
Great Osobor,SF,WASH,31.0,31.193548,14.774194,8.032258,3.419355,1.9354838,0.48387095,0.38709676,10.903226,0.4704141914844513,6.645161,0.6213592290878296,3.2903225,great osobor
Taryn Todd,PG,ARST,36.0,29.86111,14.75,4.4722223,3.3055556,1.1944444,0.6666667,1.6666666,13.666667,0.39024388790130615,3.7222223,0.6492537260055542,1.9166666,taryn todd
Miles Barnstable,PG,TLSA,34.0,27.529411,14.735294,3.2941177,1.1470588,1.0294118,0.38235295,2.0294118,10.294118,0.44285714626312256,4.147059,0.8652482032775879,1.0882353,miles barnstable
Byron Joshua,PG,UALB,29.0,35.103447,14.724138,3.4482758,2.862069,1.7241379,0.03448276,1.5517242,12.344828,0.4078212380409241,3.7931035,0.8181818127632141,2.137931,byron joshua
Christian Henry,PG,FOR,32.0,35.40625,14.71875,3.21875,3.40625,1.25,0.125,1.875,11.1875,0.4357541799545288,4.5,0.6875,2.125,christian henry
Cameron Hildreth,PG,WAKE,31.0,33.64516,14.709678,3.8387096,2.7096775,1.7096775,0.29032257,0.9354839,10.806452,0.4298507571220398,5.516129,0.8128654956817627,2.032258,cameron hildreth
Brandon Walker,SF,MSST,29.0,21.206896,14.689655,4.862069,1.5862069,0.55172414,0.20689656,0.5862069,10.586206,0.5276873111724854,5.37931,0.5448718070983887,1.4482758,brandon walker
Kaleb Banks,SF,DEP,32.0,31.375,14.6875,6.71875,0.96875,0.8125,1.25,1.46875,10.125,0.5061728358268738,4.0625,0.7307692170143127,0.875,kaleb banks
Connor Kochera,PG,DAV,33.0,32.81818,14.666667,4.212121,2.7878788,0.93939394,0.030303031,1.1212121,10.727273,0.5028248429298401,3.5151515,0.7844827771186829,1.5757576,connor kochera
Zuby Ejiofor,SF,SJU,36.0,31.75,14.666667,8.083333,1.6388888,0.8888889,1.4166666,0.2777778,8.611111,0.5774193406105042,6.2777777,0.7079645991325378,1.6944444,zuby ejiofor
Ja'Kobi Gillespie,PG,TENN,36.0,31.583334,14.666667,2.75,4.8333335,1.9166666,0.11111111,2.4166667,11.027778,0.45340049266815186,2.6111112,0.8617021441459656,1.8888888,ja kobi gillespie
Janus Shepherd,PG,MATC,3.0,23.333334,14.666667,2.0,0.6666667,1.0,0.33333334,1.6666666,11.0,0.4545454680919647,4.3333335,0.692307710647583,3.3333333,janus shepherd
Claude McKesey,PG,LNCA,3.0,33.333332,14.666667,3.6666667,4.0,1.3333334,0.0,0.0,16.666666,0.3799999952316284,2.3333333,0.8571428656578064,2.0,claude mckesey
Rasheer Fleming,SF,JOES,35.0,31.2,14.657143,8.542857,1.2571429,1.4,1.5428572,1.7714286,10.114285,0.5310734510421753,2.8857143,0.7425742745399475,1.5428572,rasheer fleming
Bryson Dawkins,PG,YSU,32.0,31.15625,14.65625,4.78125,1.28125,1.0,0.40625,1.84375,12.4375,0.43467336893081665,3.75,0.5333333611488342,1.71875,bryson dawkins
Kezza Giffa,PG,MISS,34.0,28.17647,14.6470585,2.5294118,2.4705882,0.38235295,0.029411765,1.1764706,9.970589,0.4395280182361603,5.529412,0.8510638475418091,1.6764706,kezza giffa
Dylan Williamson,PG,TOW,33.0,30.666666,14.636364,2.2727273,2.6363637,0.57575756,0.030303031,2.6666667,12.242424,0.4381188154220581,1.7878788,0.694915235042572,1.5151515,dylan williamson
Nick Anderson,PG,FUR,35.0,31.314285,14.6285715,2.1714287,2.3142858,0.94285715,0.057142857,2.7428572,10.542857,0.4525745213031769,2.7142856,0.8631578683853149,1.0285715,nick anderson
Mehki Ellison,PG,EMU,32.0,29.28125,14.625,2.65625,2.53125,0.8125,0.03125,1.53125,11.3125,0.43922650814056396,4.03125,0.7829457521438599,2.6875,mehki ellison
Melvin Council Jr.,PG,KU,34.0,37.117645,14.617647,5.4117646,4.0882354,2.1176472,0.4117647,1.1764706,13.441176,0.4354485869407654,2.1176472,0.8194444179534912,1.7352941,melvin council jr
Isaac Bruns,PG,SDAK,33.0,23.454546,14.606061,4.3333335,0.6060606,0.8484849,0.030303031,1.3636364,10.909091,0.46666666865348816,3.6060605,0.848739504814148,1.3030303,isaac bruns
Trey Bonham,PG,UTC,38.0,30.789474,14.578947,4.605263,2.7631578,1.3684211,0.31578946,1.7631578,11.157895,0.4599056541919708,3.0526316,0.8362069129943848,1.6052631,trey bonham
Trey Fort,PG,MSU,33.0,24.60606,14.575758,3.969697,1.3939394,0.8484849,0.3030303,2.4242425,11.363636,0.4480000138282776,2.6969697,0.7303370833396912,1.0909091,trey fort
Scotty Washington,PG,HPU,33.0,29.151516,14.575758,3.2121212,1.3333334,0.90909094,0.24242425,1.6060606,11.454545,0.42592594027519226,3.7575758,0.8548387289047241,1.7878788,scotty washington
Allen Mukeba,SF,ASU,33.0,30.969696,14.575758,7.5454545,2.2727273,0.8181818,1.3939394,0.0,10.545455,0.568965494632721,4.151515,0.6204379796981812,2.3333333,allen mukeba
Juwan Gary,SF,NEB,35.0,30.62857,14.571428,5.142857,0.8857143,1.1714286,0.6571429,1.2,11.114285,0.4524421691894531,4.142857,0.800000011920929,1.1142857,juwan gary
Dain Dainja,SF,MEM,35.0,27.085714,14.571428,7.3714285,1.6857142,0.94285715,1.3428571,0.0,9.714286,0.6147058606147766,4.4857144,0.5859872698783875,2.8,dain dainja
Johnny Kinziger,PG,ILST,35.0,32.771427,14.571428,3.9142857,2.8857143,1.0,0.22857143,2.2285714,10.428572,0.4383561611175537,3.5714285,0.8960000276565552,1.6285714,johnny kinziger
Themus Fulks,PG,UCF,32.0,34.15625,14.5625,3.03125,5.875,1.375,0.03125,0.4375,10.875,0.477011501789093,4.65625,0.8053691387176514,3.40625,themus fulks
Zeke Mayo,PG,KU,34.0,31.764706,14.558824,4.7941175,2.9411764,0.7058824,0.0882353,2.6176472,11.058824,0.44680851697921753,2.4705882,0.8333333134651184,2.5,zeke mayo
Robert Hinton,PG,HARV,27.0,30.25926,14.555555,4.111111,1.8148148,1.2592592,0.037037037,0.5925926,11.259259,0.47697368264198303,4.2222223,0.7631579041481018,1.4074074,robert hinton
Tajuan Simpkins,PG,HALL,29.0,29.413794,14.551724,3.8275862,2.9310346,1.5517242,0.37931034,0.8965517,10.551724,0.4084967374801636,6.206897,0.8111110925674438,2.2068965,tajuan simpkins
Lance Terry,PG,GT,31.0,34.548386,14.548388,3.1935484,1.6451613,1.1612903,0.19354838,2.2258065,12.258064,0.4263157844543457,2.6451614,0.707317054271698,1.451613,lance terry
Jordan Riley,PG,ECU,33.0,33.666668,14.545455,6.030303,1.939394,2.0,0.57575756,0.54545456,10.545455,0.49712643027305603,4.878788,0.7204968929290771,1.6363636,jordan riley
Alexis Marmolejos,PG,PAC,33.0,30.272728,14.545455,3.3030303,2.060606,1.2121212,0.060606062,2.4242425,10.969697,0.40883979201316833,4.121212,0.7647058963775635,1.8181819,alexis marmolejos
Elias Cato,SF,CARK,28.0,30.214285,14.535714,5.321429,1.0,0.6785714,0.6785714,1.25,11.321428,0.44164037704467773,4.071429,0.8070175647735596,1.8928572,elias cato
Liam McNeeley,SF,CONN,27.0,32.185184,14.518518,5.962963,2.2592592,0.5555556,0.22222222,1.7037038,11.481482,0.38064515590667725,4.703704,0.8661417365074158,1.8518518,liam mcneeley
Jayden Brewer,PG,WMU,31.0,26.67742,14.5161295,5.16129,1.7419355,1.1935484,0.48387095,0.4516129,10.741936,0.48048049211502075,5.516129,0.6783625483512878,1.7419355,jayden brewer
Essam Mostafa,SF,MTSU,33.0,27.272728,14.515152,9.181818,1.2121212,1.1818181,0.90909094,0.15151516,9.848485,0.6061538457870483,3.878788,0.625,1.2121212,essam mostafa
Tanner Thomas,PG,LMU,28.0,30.285715,14.5,6.142857,1.4285715,0.5714286,0.5,1.5357143,13.142858,0.4538043439388275,1.4285715,0.7250000238418579,1.4642857,tanner thomas
Jakevion Buckley,PG,NOLA,32.0,30.40625,14.5,4.5625,4.125,1.84375,0.125,0.46875,11.0,0.46022728085517883,5.25,0.7440476417541504,2.96875,jakevion buckley
Malik Davis,ATH,PSSH,2.0,21.5,14.5,5.0,0.0,1.5,0.0,2.0,14.0,0.4285714328289032,0.5,1.0,0.5,malik davis
Jarred Hyder,PG,CP,33.0,32.878788,14.484848,3.4545455,3.1818182,1.2424242,0.0,3.0,12.484848,0.3980582654476166,1.939394,0.796875,2.5151515,jarred hyder
Dominique Ford,PG,USD,25.0,26.88,14.48,2.8,1.4,0.96,0.08,1.96,11.64,0.4192439913749695,3.08,0.8961039185523987,1.48,dominique ford
Amarr Knox,PG,EKU,36.0,28.722221,14.472222,2.0,2.3333333,1.6944444,0.027777778,1.0833334,12.944445,0.4012875556945801,3.9722223,0.7552447319030762,1.4166666,amarr knox
Max Mackinnon,PG,LSU,32.0,28.125,14.46875,4.75,3.1875,0.71875,0.25,1.15625,10.5625,0.4674556255340576,3.875,0.8870967626571655,2.25,max mackinnon
Mostapha El Moutaouakkil,PG,JXST,33.0,25.242424,14.454545,5.151515,1.0909091,1.3636364,0.33333334,0.0,10.878788,0.4596100151538849,6.060606,0.7350000143051147,2.121212,mostapha el moutaouakkil
JaKobe Coles,SF,GCU,34.0,28.441177,14.441176,5.7058825,2.1176472,1.117647,0.9117647,0.7941176,10.558824,0.515320360660553,3.5882354,0.7704917788505554,1.6470588,jakobe coles
Obinna Anochili-Killen,SF,MRSH,32.0,26.25,14.4375,5.6875,0.875,0.875,3.1875,0.59375,9.34375,0.5484949946403503,5.125,0.7012194991111755,1.25,obinna anochili killen
Isaac McKneely,PG,LOU,32.0,34.40625,14.4375,2.71875,2.875,0.8125,0.125,3.15625,10.8125,0.4393063485622406,2.1875,0.8142856955528259,1.46875,isaac mckneely
Cruz Davis,PG,HOF,32.0,34.90625,14.4375,3.84375,4.40625,1.5,0.21875,1.78125,11.84375,0.4116095006465912,3.96875,0.7322834730148315,2.34375,cruz davis
Kon Knueppel,PG,DUKE,39.0,30.461538,14.435898,4.0,2.7435896,1.0256411,0.15384616,2.1538463,9.692307,0.47883597016334534,3.2820513,0.9140625,1.3589743,kon knueppel
Solo Ball,PG,CONN,35.0,31.657143,14.428572,3.6,1.6285714,0.74285716,0.37142858,2.8285713,10.8,0.43915343284606934,2.5142858,0.8409090638160706,1.0,solo ball
Josh Dix,PG,CREI,32.0,32.25,14.40625,3.1875,2.78125,0.90625,0.46875,2.03125,11.09375,0.5070422291755676,1.46875,0.7659574747085571,0.84375,josh dix
Jeff Woodward,SF,COLG,25.0,27.76,14.4,8.0,2.88,0.88,0.96,0.0,8.96,0.6428571343421936,4.28,0.672897219657898,2.2,jeff woodward
Donovan Newby,PG,UNCW,35.0,32.085712,14.4,2.6857142,3.5142858,1.2,0.08571429,2.2,10.6,0.3854447305202484,4.5142856,0.892405092716217,1.5428572,donovan newby
Marcus Randolph,PG,SPU,28.0,35.92857,14.392858,3.3214285,1.75,0.8214286,0.14285715,2.1785715,11.785714,0.3424242436885834,5.071429,0.8169013857841492,2.107143,marcus randolph
Milos Ilic,C,CAL,31.0,27.0,14.387096,7.483871,2.967742,0.7741935,0.38709676,0.6451613,11.258064,0.5243552923202515,2.967742,0.6521739363670349,2.612903,milos ilic
Dominick Nelson,PG,ISU,34.0,29.911764,14.382353,5.1764708,1.7058823,0.85294116,0.7058824,0.64705884,10.264706,0.4355300962924957,6.970588,0.6877636909484863,2.264706,dominick nelson
VonCameron Davis,SF,KENT,35.0,29.4,14.3714285,3.6857142,1.8571428,1.2285714,0.25714287,1.2857143,12.314285,0.42227378487586975,3.6857142,0.7286821603775024,2.0285714,voncameron davis
Alijah Martin,PG,FLA,38.0,30.342106,14.368421,4.4736843,2.1578948,1.4736842,0.18421052,2.0789473,11.0,0.45215311646461487,3.0789473,0.7606837749481201,1.4473684,alijah martin
Terrance Johnson,ATH,VUL,11.0,32.81818,14.363636,6.090909,0.27272728,0.90909094,1.7272727,0.6363636,15.363636,0.34319525957107544,5.2727275,0.6034482717514038,3.2727273,terrance johnson
Ryan Sabol,PG,BUF,31.0,33.225807,14.354838,2.903226,2.032258,0.7419355,0.0,2.548387,11.290322,0.4057142734527588,3.032258,0.8723404407501221,2.096774,ryan sabol
Jamal Gibson,SF,SUNO,3.0,31.0,14.333333,8.333333,1.6666666,2.6666667,1.3333334,0.33333334,19.333334,0.3103448152542114,4.3333335,0.4615384638309479,4.0,jamal gibson
Joshua Russ,PG,LNCA,3.0,25.333334,14.333333,2.6666667,1.0,0.6666667,0.0,4.3333335,11.666667,0.4000000059604645,0.6666667,1.0,2.3333333,joshua russ
Alex Karaban,SF,CONN,33.0,35.78788,14.30303,5.2727275,2.7878788,0.57575756,1.5454545,2.060606,11.151515,0.4375,3.0,0.8282828330993652,1.3030303,alex karaban
Jordan Jones,PG,CCSU,32.0,29.3125,14.28125,3.3125,3.46875,1.46875,0.03125,1.40625,11.4375,0.4617486298084259,2.78125,0.8314606547355652,2.03125,jordan jones
Nate Santos,SF,DAY,34.0,33.32353,14.264706,5.5882354,1.5588236,0.4117647,0.11764706,2.0882354,10.617647,0.440443217754364,3.8235295,0.7384615540504456,1.5588236,nate santos
Corey Tripp,PG,WOF,34.0,28.470589,14.264706,4.029412,3.1470587,0.9411765,0.29411766,1.8235294,11.676471,0.4357682764530182,2.7941177,0.8105263113975525,2.264706,corey tripp
T.J. Weeks Jr.,PG,RID,32.0,34.46875,14.25,5.34375,1.53125,1.09375,0.5625,2.125,10.59375,0.4159291982650757,3.875,0.8548387289047241,1.40625,t j weeks jr
Jaylon Johnson,PG,RAD,32.0,35.03125,14.25,4.15625,4.78125,1.59375,0.03125,2.34375,11.09375,0.4000000059604645,3.6875,0.8220338821411133,2.15625,jaylon johnson
Zarique Nutter,SF,FOR,29.0,26.551723,14.24138,3.137931,2.1034484,0.5862069,0.3448276,0.31034482,10.586206,0.4951139986515045,5.827586,0.5917159914970398,2.1034484,zarique nutter
Tayton Conerway,PG,IU,34.0,30.32353,14.235294,4.5882354,4.7647057,2.8823528,0.44117647,1.0882353,11.558824,0.47073790431022644,3.4117646,0.6637930870056152,2.735294,tayton conerway
Tyler Whitney-Sidney,PG,LEH,30.0,30.3,14.233334,3.1666667,2.0,0.6666667,0.0,1.1666666,10.833333,0.47999998927116394,3.6,0.7407407164573669,1.6,tyler whitney sidney
Malique Ewin,SF,ARK,30.0,26.233334,14.233334,7.633333,1.7333333,0.8666667,0.8,0.0,9.733334,0.5958904027938843,4.0333333,0.6528925895690918,1.9333333,malique ewin
Anthony Selden,PG,GWEB,31.0,30.129032,14.225806,3.967742,1.8064516,0.4516129,0.9032258,0.7096774,10.967742,0.45588234066963196,5.354839,0.6566265225410461,2.3548386,anthony selden
Jean Aranguren,PG,GW,33.0,32.636364,14.212121,5.5151515,4.181818,1.0909091,0.33333334,1.5757576,11.909091,0.4096692204475403,4.0,0.7196969985961914,2.3636363,jean aranguren
David Joplin,SF,MARQ,34.0,31.882353,14.205882,5.4411764,1.2941177,1.0588236,0.9117647,2.1470587,11.676471,0.42065492272377014,2.764706,0.8085106611251831,1.9411764,david joplin
Bernard Pelote,SF,WCU,30.0,28.566668,14.2,7.5666666,1.2666667,0.53333336,0.8,2.0333333,12.433333,0.4235925078392029,2.3333333,0.699999988079071,1.9333333,bernard pelote
Augustas Marciulionis,PG,SMC,35.0,34.8,14.2,3.1142857,5.9428573,1.3142858,0.08571429,1.4571428,11.2,0.4464285671710968,3.4571428,0.7933884263038635,2.142857,augustas marciulionis
LJ Thomas,PG,ODU,31.0,31.193548,14.193548,4.516129,3.8709676,1.0,0.09677419,0.516129,12.967742,0.4129353165626526,3.7096775,0.800000011920929,1.9354838,lj thomas
Chance McMillian,PG,TTU,31.0,32.80645,14.193548,4.032258,1.8387097,0.7096774,0.12903225,2.2903225,9.258064,0.5226480960845947,2.516129,0.8846153616905212,1.032258,chance mcmillian
Tymu Chenery,PG,BING,32.0,35.625,14.1875,5.21875,3.1875,0.6875,1.09375,1.71875,11.15625,0.46498599648475647,3.0625,0.6836734414100647,2.78125,tymu chenery
Devin Haid,PG,USF,32.0,27.46875,14.1875,5.625,2.09375,1.59375,0.40625,1.28125,10.46875,0.49253731966018677,3.0625,0.8469387888908386,1.8125,devin haid
David Green,SF,TLSA,28.0,27.892857,14.178572,5.892857,1.0357143,0.35714287,0.8214286,2.0357144,10.535714,0.4813559353351593,2.642857,0.7567567825317383,1.4642857,david green
Nate Bittle,C,ORE,35.0,27.657143,14.171429,7.571429,1.9142857,0.7714286,2.142857,1.0285715,10.342857,0.511049747467041,3.1714287,0.8108108043670654,1.6,nate bittle
Nelly Junior Joseph,C,UNM,35.0,31.142857,14.171429,11.0,1.2,1.2857143,1.4571428,0.0,9.6285715,0.5637982487678528,5.0857143,0.6516854166984558,2.2285714,nelly junior joseph
Noah Farrakhan,PG,HAMP,31.0,29.419355,14.16129,3.032258,2.6774194,1.2580645,0.12903225,1.2903225,12.16129,0.42970821261405945,3.1612904,0.7653061151504517,1.548387,noah farrakhan
James Dent Jr.,PG,MTSU,31.0,34.935482,14.16129,5.419355,3.096774,0.83870965,0.58064514,2.387097,11.354838,0.3892045319080353,3.935484,0.7459016442298889,1.7741935,james dent jr
Alvaro Folgueiras,SF,IOWA,35.0,29.37143,14.142858,9.085714,3.1714287,1.4,1.1714286,1.2857143,9.171429,0.5482866168022156,3.5714285,0.7839999794960022,2.2571428,alvaro folgueiras
CJ Hines,PG,TEM,35.0,29.457144,14.142858,3.0,2.4285715,1.0857143,0.114285715,2.0285714,12.314285,0.41763341426849365,2.5428572,0.7191011309623718,1.3142858,cj hines
Wesley Yates III,PG,WASH,33.0,30.545454,14.090909,2.878788,1.7575758,1.2121212,0.21212122,1.6363636,10.393939,0.4781341254711151,3.1515152,0.7980769276618958,1.8181819,wesley yates iii
Will Thomas,SF,MORG,32.0,27.125,14.0625,3.84375,2.09375,1.03125,0.15625,0.6875,11.4375,0.4617486298084259,3.46875,0.8108108043670654,1.875,will thomas
Jalen Haynes,SF,CIN,36.0,25.694445,14.055555,6.9444447,1.3888888,0.75,0.6388889,0.083333336,9.777778,0.5539772510528564,5.1944447,0.6042780876159668,2.5,jalen haynes
Evan Johnson,PG,UMES,25.0,31.12,14.04,2.6,2.52,0.72,0.08,2.36,10.24,0.4375,3.16,0.8607594966888428,2.08,evan johnson
AJ Clayton,SF,OHIO,29.0,28.37931,14.034483,5.275862,1.0344827,0.5862069,1.5172414,2.275862,10.137931,0.47959184646606445,2.586207,0.7866666913032532,1.137931,aj clayton
AC Bryant,PG,JXST,31.0,24.35484,14.032258,4.354839,1.5806452,1.3870968,0.09677419,1.6451613,9.774194,0.4785478413105011,4.548387,0.6666666865348816,1.2258065,ac bryant
Jaden Brownell,SF,USC,33.0,19.878788,14.030303,4.0,1.0909091,0.8484849,0.8787879,1.7575758,10.272727,0.5132743120193481,2.1515152,0.8028169274330139,1.3636364,jaden brownell
Rafael Castro,SF,GW,34.0,29.5,14.029411,8.941176,1.7941177,1.2352941,1.3529412,0.0,7.7941175,0.6603773832321167,5.852941,0.6381909251213074,1.5,rafael castro
Amar'e Marshall,PG,SBU,31.0,30.419355,14.0,2.6774194,2.451613,1.516129,0.22580644,1.6451613,12.0,0.41129031777381897,3.096774,0.8020833134651184,2.2580645,amar e marshall
Riley Fornerette,PG,HWPU,2.0,28.5,14.0,1.5,2.5,4.5,0.0,1.5,9.0,0.5555555820465088,4.5,0.5555555820465088,4.0,riley fornerette
Ke'Andre Penceal,PG,FISH,1.0,28.0,14.0,1.0,2.0,0.0,0.0,0.0,14.0,0.4285714328289032,2.0,1.0,1.0,ke andre penceal
Caedmon Liebengood,SF,LETU,2.0,26.5,14.0,5.0,0.5,2.0,0.0,0.5,11.0,0.4545454680919647,4.0,0.875,2.0,caedmon liebengood
Braeden Shrewsberry,PG,ND,26.0,34.653847,14.0,3.0384614,1.6153846,0.5769231,0.15384616,2.7692308,12.0,0.4134615361690521,1.5769231,0.8292682766914368,1.1923077,braeden shrewsberry
Billy Smith,PG,UTC,30.0,30.433332,14.0,2.7666667,2.5666666,1.3666667,0.23333333,2.5666666,11.466666,0.44476744532585144,1.3,0.9487179517745972,1.8,billy smith
Justin McNelkan,PG,FISK,2.0,19.5,14.0,2.5,0.5,0.0,0.0,4.0,12.0,0.4166666567325592,0.0,0.0,0.5,justin mcnelkan
Jake Heberle,PG,CHAP,1.0,27.0,14.0,3.0,3.0,0.0,0.0,2.0,7.0,0.4285714328289032,6.0,1.0,6.0,jake heberle
Ny'gel Boozer,PG,DCC,3.0,22.666666,14.0,2.6666667,0.6666667,0.6666667,0.0,3.3333333,14.0,0.3333333432674408,1.3333334,1.0,1.6666666,ny gel boozer
Garrett Hawkes,PG,EOU,1.0,26.0,14.0,4.0,0.0,1.0,0.0,2.0,18.0,0.3333333432674408,0.0,0.0,1.0,garrett hawkes
Markell Johnson-Nichols,PG,HDBG,1.0,35.0,14.0,1.0,7.0,3.0,1.0,1.0,14.0,0.4285714328289032,1.0,1.0,0.0,markell johnson nichols
Anujan Tennathur,PG,WLMT,1.0,28.0,14.0,9.0,2.0,1.0,0.0,4.0,8.0,0.625,0.0,0.0,1.0,anujan tennathur
Jalen Parker,SF,BRYA,1.0,35.0,14.0,4.0,1.0,2.0,2.0,0.0,16.0,0.4375,0.0,0.0,1.0,jalen parker
Luke Gabloff,SF,THMC,1.0,15.0,14.0,1.0,1.0,0.0,0.0,4.0,7.0,0.5714285969734192,2.0,1.0,1.0,luke gabloff
Kenard Richardson,ATH,NMHU,1.0,24.0,14.0,6.0,1.0,1.0,0.0,4.0,15.0,0.3333333432674408,0.0,0.0,3.0,kenard richardson
Jourdan Joseph,ATH,ESC,2.0,21.5,14.0,2.0,3.0,1.5,0.0,1.0,10.0,0.30000001192092896,8.0,0.875,5.5,jourdan joseph
Deacon Linder,SF,MANR,1.0,40.0,14.0,1.0,0.0,0.0,0.0,3.0,8.0,0.625,1.0,1.0,0.0,deacon linder
Preston Le Gassick,ATH,MNLO,2.0,33.0,14.0,3.0,3.5,2.0,0.0,1.5,15.0,0.3333333432674408,4.0,0.625,1.5,preston le gassick
Bentravin Phillips,ATH,DLRD,2.0,22.5,14.0,2.0,2.0,2.0,0.0,0.5,11.0,0.3636363744735718,7.0,0.7857142686843872,3.5,bentravin phillips
Umar Lawson,PG,HSSU,1.0,23.0,14.0,0.0,2.0,0.0,0.0,2.0,14.0,0.4285714328289032,0.0,0.0,1.0,umar lawson
Anjay Cortez,ATH,WORU,1.0,28.0,14.0,5.0,0.0,2.0,0.0,1.0,14.0,0.3571428656578064,3.0,1.0,3.0,anjay cortez
Myles McCrary,ATH,TMCN,2.0,28.5,14.0,5.5,1.0,2.0,1.0,1.0,12.5,0.47999998927116394,1.0,1.0,3.0,myles mccrary
Cameron Johnson,PG,FNU,1.0,34.0,14.0,5.0,4.0,0.0,2.0,0.0,19.0,0.31578946113586426,4.0,0.5,4.0,cameron johnson
Jonah Ogunsanya,ATH,SMMN,1.0,24.0,14.0,2.0,0.0,0.0,0.0,4.0,9.0,0.5555555820465088,0.0,0.0,1.0,jonah ogunsanya
Eddie Volkerts,ATH,MITC,1.0,30.0,14.0,4.0,1.0,2.0,1.0,0.0,17.0,0.4117647111415863,0.0,0.0,3.0,eddie volkerts
Tyler Moore,ATH,JSU,2.0,31.0,14.0,1.5,1.0,1.0,0.0,1.5,11.5,0.43478259444236755,2.5,1.0,4.0,tyler moore
Jonas Visser,ATH,HIPU,1.0,32.0,14.0,8.0,1.0,0.0,1.0,0.0,11.0,0.6363636255264282,0.0,0.0,1.0,jonas visser
Will Ashford,PG,CMU,1.0,30.0,14.0,3.0,1.0,1.0,0.0,0.0,11.0,0.6363636255264282,0.0,0.0,1.0,will ashford
Jezza McKenzie,PG,UCCS,1.0,28.0,14.0,5.0,1.0,1.0,0.0,0.0,7.0,0.7142857313156128,4.0,1.0,4.0,jezza mckenzie
Darrius Miles,ATH,CHAD,1.0,34.0,14.0,8.0,3.0,2.0,0.0,0.0,15.0,0.46666666865348816,1.0,0.0,4.0,darrius miles
Lav Cvetkovic,SF,IUIN,1.0,29.0,14.0,5.0,0.0,2.0,0.0,4.0,11.0,0.3636363744735718,2.0,1.0,7.0,lav cvetkovic
Gabriel Sorensen,ATH,WINT,1.0,26.0,14.0,3.0,1.0,0.0,0.0,2.0,8.0,0.75,0.0,0.0,1.0,gabriel sorensen
Nate Johnson,PG,KSU,35.0,30.142857,13.971429,4.885714,3.4285715,1.7428571,0.51428574,1.0571429,11.0,0.4389610290527344,4.0571427,0.8028169274330139,1.8,nate johnson
Kobe MaGee,PG,FSU,33.0,33.666668,13.969697,5.5757575,1.939394,1.030303,0.15151516,2.4848485,10.787879,0.47191011905670166,1.7272727,0.7543859481811523,2.030303,kobe magee
Matt Hayman,PG,ARST,31.0,28.838709,13.967742,4.064516,2.6451614,1.7419355,0.2580645,2.096774,11.806452,0.4234972596168518,2.8064516,0.6666666865348816,3.032258,matt hayman
Dez White,PG,ORST,31.0,34.225807,13.967742,2.8387096,2.548387,1.0,0.2580645,2.516129,11.612904,0.38333332538604736,3.096774,0.8229166865348816,1.548387,dez white
Ace Baldwin Jr.,PG,PSU,30.0,33.866665,13.966666,2.8333333,7.1,2.3666666,0.033333335,1.4,9.9,0.37710437178611755,5.5,0.9272727370262146,3.5,ace baldwin jr
Bash Wieland,PG,UTC,36.0,28.305555,13.944445,4.138889,1.6666666,0.9166667,0.083333336,0.8333333,9.972222,0.5376044511795044,2.8333333,0.843137264251709,0.7222222,bash wieland
Bubu Benjamin,PG,GW,32.0,35.96875,13.9375,4.625,1.71875,1.5,0.53125,1.53125,10.625,0.44117647409439087,3.84375,0.7886179089546204,2.53125,bubu benjamin
Alex Chaikin,PG,UCSD,32.0,26.53125,13.9375,2.5625,1.0625,0.5625,0.15625,2.5,8.84375,0.49823322892189026,3.125,0.8399999737739563,1.34375,alex chaikin
Mark Mitchell Jr.,PG,MIZ,33.0,27.818182,13.909091,4.6666665,1.939394,0.969697,0.75757575,0.3939394,9.121212,0.5049833655357361,6.4242425,0.6698113083839417,1.6060606,mark mitchell jr
Tuburu Naivalurua,SF,OAK,33.0,32.969696,13.909091,7.090909,1.2424242,0.969697,0.6666667,0.060606062,10.212121,0.5548961162567139,3.8181818,0.658730149269104,1.8787879,tuburu naivalurua
Jayden Dawson,PG,KU,32.0,29.59375,13.90625,3.0625,1.90625,0.96875,0.625,2.6875,11.4375,0.4098360538482666,2.5,0.737500011920929,1.1875,jayden dawson
Derrin Boyd,PG,COFC,31.0,31.709677,13.903226,3.548387,2.2258065,0.8064516,0.12903225,2.387097,10.451612,0.40740740299224854,3.580645,0.837837815284729,1.8387097,derrin boyd
Kavion McClain,SF,MONM,31.0,31.451612,13.903226,3.064516,4.419355,1.7741935,0.0,2.1612904,12.83871,0.3819095492362976,2.1290324,0.9090909361839294,3.032258,kavion mcclain
AK Okereke,SF,VAN,29.0,25.586206,13.896552,4.586207,4.137931,1.0689656,1.0689656,0.5862069,8.5172415,0.5951417088508606,4.0,0.7931034564971924,1.8965517,ak okereke
Ethan Taylor,PG,AF,32.0,36.46875,13.875,5.375,3.5,1.5625,0.3125,3.0625,11.8125,0.38624337315559387,2.125,0.7941176295280457,2.3125,ethan taylor
Teddy Washington Jr.,PG,UTC,32.0,32.46875,13.875,5.4375,2.46875,1.96875,0.40625,1.8125,12.96875,0.3855421543121338,2.6875,0.7674418687820435,1.8125,teddy washington jr
Marcus Hall,SF,GB,31.0,33.774193,13.870968,4.16129,2.3225806,0.5483871,0.22580644,2.0,10.129032,0.42356687784194946,4.0,0.8225806355476379,2.3548386,marcus hall
Will Sydnor,SF,MAN,30.0,29.5,13.866667,6.766667,1.5333333,0.6666667,1.1,1.6333333,11.533334,0.45086705684661865,2.9,0.6321839094161987,1.8333334,will sydnor
Mason Williams,PG,ISU,27.0,28.037037,13.851851,3.1851852,2.4074075,1.2222222,0.44444445,1.4444444,11.185185,0.4271523058414459,3.4074075,0.8369565010070801,2.5925925,mason williams
Sam Brown,PG,DAV,27.0,33.074074,13.851851,3.2962964,2.2592592,0.7407407,0.14814815,1.925926,10.962963,0.42229729890823364,3.1851852,0.8372092843055725,1.4444444,sam brown
Jahnathan Lamothe,PG,UNCW,32.0,36.1875,13.84375,7.25,2.625,1.46875,0.25,1.9375,12.28125,0.37150126695632935,3.625,0.767241358757019,2.84375,jahnathan lamothe
Alston Mason,PG,ASU,32.0,36.53125,13.84375,2.53125,4.0,0.75,0.21875,1.8125,10.21875,0.43425077199935913,3.71875,0.848739504814148,2.15625,alston mason
Jackson Paveletzke,PG,OHIO,32.0,32.34375,13.84375,4.09375,4.75,0.84375,0.03125,0.625,9.84375,0.5142857432365417,4.03125,0.7674418687820435,2.6875,jackson paveletzke
Noa Gonsalves,PG,UTU,33.0,34.757576,13.818182,2.939394,1.4848485,1.060606,0.18181819,2.2121212,10.606061,0.4399999976158142,2.5454545,0.8928571343421936,1.5151515,noa gonsalves
Austin Rapp,SF,WIS,31.0,33.0,13.806452,6.483871,2.451613,0.58064514,1.451613,2.6774194,10.967742,0.3970588147640228,2.967742,0.8152173757553101,2.6451614,austin rapp
Rodney Rice,PG,USC,36.0,31.11111,13.805555,2.2222223,2.0555556,0.6944444,0.055555556,2.2222223,10.694445,0.43376624584198,2.8333333,0.813725471496582,1.0833334,rodney rice
Darius Maddox,PG,GMU,35.0,32.54286,13.8,2.8857143,1.1428572,1.0857143,0.17142858,1.9428571,11.028571,0.409326434135437,3.2,0.8839285969734192,0.85714287,darius maddox
RJ Johnson,PG,URI,29.0,35.206898,13.793103,2.0,4.4827585,0.82758623,0.06896552,1.3103448,9.689655,0.4234875440597534,5.448276,0.7848101258277893,2.7931035,rj johnson
Daylen Berry,PG,WIN,32.0,35.8125,13.78125,5.34375,2.78125,1.6875,0.34375,1.71875,10.65625,0.3870967626571655,4.9375,0.7721518874168396,3.3125,daylen berry
Keeshawn Kellman,SF,FGCU,30.0,26.633333,13.766666,7.5333333,1.0,0.2,1.1333333,0.16666667,9.7,0.5979381203651428,3.4333334,0.582524299621582,1.7666667,keeshawn kellman
Toneari Lane,PG,USD,33.0,35.090908,13.757576,2.909091,1.5757576,0.6060606,0.09090909,2.7272727,12.151515,0.37905237078666687,2.090909,0.8695651888847351,0.93939394,toneari lane
Jonathan Pierre,SF,BEL,33.0,27.818182,13.757576,6.2727275,3.5151515,0.8181818,0.36363637,2.2121212,11.606061,0.4020887613296509,2.878788,0.7684210538864136,1.939394,jonathan pierre
Myles Corey,PG,URI,32.0,31.0625,13.75,2.4375,4.3125,1.4375,0.1875,1.21875,10.9375,0.4342857003211975,4.5625,0.664383590221405,2.4375,myles corey
Fletcher Loyer,PG,PUR,36.0,30.972221,13.75,2.0833333,1.75,0.5,0.027777778,2.0833333,9.194445,0.46525681018829346,3.6666667,0.8484848737716675,1.1666666,fletcher loyer
JJ White,PG,BAY,35.0,27.22857,13.742857,2.6285715,4.0,0.7714286,0.0,1.9428571,9.171429,0.49221184849739075,3.4857142,0.7950819730758667,1.8571428,jj white
Aidan Reichert,SF,MERC,31.0,29.516129,13.741936,5.225806,1.3870968,1.032258,0.3548387,0.7741935,10.548388,0.483180433511734,3.6774194,0.7543859481811523,1.4193548,aidan reichert
K.J. Doucet,SF,WIN,34.0,24.911764,13.735294,5.529412,1.2352941,0.7647059,0.20588236,1.117647,9.235294,0.493630588054657,5.2647057,0.6648044586181641,2.0882354,k j doucet
Caleb Grill,PG,MIZ,29.0,26.310345,13.724138,3.586207,1.137931,1.6896552,0.06896552,2.689655,9.137931,0.4716981053352356,2.7931035,0.8641975522041321,0.9310345,caleb grill
Tevin Smith,PG,CLE,36.0,29.277779,13.722222,4.1944447,1.6111112,1.0833334,1.1388888,0.8611111,10.888889,0.44387754797935486,4.1666665,0.7666666507720947,1.4722222,tevin smith
Devin Royal,SF,OSU,31.0,28.838709,13.709678,6.903226,1.1290323,0.87096775,0.29032257,0.516129,9.032258,0.5249999761581421,4.806452,0.7718120813369751,1.7419355,devin royal
LeJuan Watts,SF,TTU,34.0,31.588236,13.705882,6.7058825,4.382353,1.0588236,0.5,0.7941176,8.941176,0.5493420958518982,4.2058825,0.7342657446861267,3.264706,lejuan watts
Corey Washington,SF,SMU,34.0,26.67647,13.705882,7.529412,0.5294118,1.0,0.7647059,0.7647059,10.5,0.4481792747974396,5.0882354,0.6936416029930115,1.617647,corey washington
Quion Williams,PG,UAPB,30.0,29.6,13.7,5.1,2.4666667,1.1333333,0.7,0.6,11.1,0.4654654562473297,3.9666667,0.6974790096282959,2.5666666,quion williams
Landon Lewis,SF,BRWN,23.0,28.956522,13.695652,6.826087,1.3478261,1.0434783,1.6086956,0.0,10.391304,0.573221743106842,3.0869565,0.577464759349823,2.2173913,landon lewis
Taelon Peter,PG,LIB,35.0,22.685715,13.685715,4.0285716,1.0285715,0.9142857,0.114285715,2.2,8.257143,0.5778546929359436,2.5142858,0.7727272510528564,0.6,taelon peter
Jackson Shelstad,PG,ORE,35.0,32.942856,13.685715,2.8857143,2.6571429,1.0,0.028571429,1.8857143,10.828571,0.4511873424053192,2.4285715,0.8352941274642944,1.4857143,jackson shelstad
Oziyah Sellers,PG,SJU,35.0,33.142857,13.685715,2.8285713,1.2857143,0.71428573,0.2857143,1.6857142,10.828571,0.4511873424053192,2.4857142,0.8965517282485962,1.0857143,oziyah sellers
BJ Freeman,PG,ASU,25.0,28.72,13.68,3.92,2.6,0.64,0.4,2.12,11.2,0.4214285612106323,2.84,0.7464788556098938,2.0,bj freeman
Peter Suder,PG,M-OH,34.0,29.617647,13.676471,4.882353,3.7941177,1.2647059,0.4117647,1.1470588,9.823529,0.49700599908828735,3.5588236,0.7768595218658447,2.4117646,peter suder
Niels Lane,PG,DEL,33.0,30.363636,13.666667,4.4242425,2.1515152,1.060606,0.54545456,0.6363636,10.424242,0.5319767594337463,2.6666667,0.7272727489471436,2.5757575,niels lane
Devin Tillis,SF,UVA,38.0,29.657894,13.657895,7.7894735,2.4473684,0.7368421,0.18421052,1.2894737,9.684211,0.5353260636329651,2.4473684,0.8172042965888977,1.6052631,devin tillis
Tyrese Hunter,PG,MEM,32.0,34.0,13.65625,3.84375,3.5625,1.46875,0.1875,2.28125,11.0,0.41477271914482117,2.90625,0.774193525314331,2.25,tyrese hunter
Yame Butler,PG,BTLR,33.0,31.272728,13.636364,4.5757575,1.7575758,0.90909094,0.27272728,1.2727273,9.969697,0.48632219433784485,3.8484848,0.6929134130477905,1.6969697,yame butler
Martin Somerville,PG,FSU,32.0,31.5625,13.625,2.90625,3.65625,1.46875,0.0625,2.34375,9.90625,0.4195583462715149,3.59375,0.8260869383811951,1.5,martin somerville
Zakai Zeigler,PG,TENN,37.0,34.27027,13.621622,2.891892,7.4324327,1.8918918,0.24324325,1.7297298,9.8918915,0.40437158942222595,4.783784,0.8135592937469482,3.0,zakai zeigler
Devin Dinkins,PG,MAN,31.0,30.741936,13.612904,2.516129,2.6774194,0.8064516,0.032258064,2.064516,8.580646,0.43233081698417664,4.709677,0.8767123222351074,1.5806452,devin dinkins
Brandon Mitchell-Day,SF,DART,27.0,26.481482,13.592592,7.5555553,2.7777777,0.6296296,0.7037037,0.7037037,9.703704,0.5114504098892212,3.6666667,0.808080792427063,2.1111112,brandon mitchell day
Kam Craft,PG,GT,34.0,25.647058,13.588235,3.0,1.0294118,0.44117647,0.1764706,2.8529413,11.205882,0.44619423151016235,0.9705882,0.7575757503509521,1.1470588,kam craft
Zhuric Phelps,PG,TA&M,33.0,27.939394,13.575758,4.969697,2.2727273,1.7575758,0.121212125,1.060606,13.181818,0.36321839690208435,4.242424,0.6928571462631226,2.878788,zhuric phelps
Japhet Medor,PG,FOR,33.0,32.939392,13.575758,2.969697,4.0,1.6060606,0.15151516,1.5454545,10.242424,0.37278106808662415,5.3030305,0.8285714387893677,1.7575758,japhet medor
Khalif Battle,PG,GONZ,35.0,26.828571,13.571428,3.6571429,1.4857143,1.1428572,0.08571429,1.6571429,9.542857,0.44011977314949036,3.7714286,0.9318181872367859,1.4571428,khalif battle
Vincent Brady II,PG,HPU,30.0,32.366665,13.533334,4.266667,2.5,1.2333333,0.1,1.6333333,9.233334,0.4476534426212311,4.766667,0.7622377872467041,2.6333334,vincent brady ii
Dusan Neskovic,SF,RICH,32.0,25.09375,13.53125,3.625,0.71875,0.5625,0.0625,1.34375,9.875,0.4177215099334717,4.4375,0.8873239159584045,1.03125,dusan neskovic
DeAndre Craig Jr.,PG,PFW,29.0,29.862068,13.5172415,3.6551723,2.689655,1.2413793,0.06896552,1.3103448,10.827586,0.493630588054657,1.9655173,0.7719298005104065,2.1724138,deandre craig jr
Tyler Bilodeau,SF,UCLA,33.0,26.424242,13.515152,4.5757575,1.4545455,0.8787879,0.33333334,1.1515151,10.454545,0.4956521689891815,2.7878788,0.717391312122345,1.1515151,tyler bilodeau
Bobby Durkin,SF,MINN,33.0,33.757576,13.515152,5.939394,2.3939395,1.3333334,0.121212125,2.7575758,11.333333,0.4064171016216278,1.8181819,0.8500000238418579,0.75757575,bobby durkin
Jared Strickland,PG,AL,2.0,30.5,13.5,6.5,2.5,1.0,0.5,1.0,8.5,0.529411792755127,4.5,0.7777777910232544,4.0,jared strickland
Deonte Jackson,PG,LETU,2.0,28.0,13.5,2.0,3.5,4.0,0.0,1.5,12.0,0.5,0.0,0.0,5.5,deonte jackson
Walker Blaine,PG,LETU,2.0,31.0,13.5,2.5,3.0,2.0,0.0,2.5,8.0,0.625,1.0,1.0,0.5,walker blaine
Aitor Anabitarte,SF,JXST,2.0,24.0,13.5,5.5,1.0,1.5,0.0,1.0,9.0,0.5555555820465088,3.0,0.8333333134651184,0.5,aitor anabitarte
Cam Edmonds,PG,GCTU,2.0,23.0,13.5,3.0,0.0,1.0,0.0,1.5,13.5,0.37037035822868347,2.5,0.800000011920929,1.0,cam edmonds
Carson Kelly,PG,WNMU,2.0,29.5,13.5,2.0,2.5,2.5,0.5,3.5,11.5,0.3913043439388275,1.0,1.0,1.5,carson kelly
Tyler No,PG,ESC,2.0,17.5,13.5,0.0,1.0,0.5,0.0,2.0,5.5,0.6363636255264282,6.0,0.75,3.0,tyler no
Vegas Evans,ATH,TWES,2.0,33.5,13.5,4.0,0.5,1.0,0.0,1.5,14.5,0.37931033968925476,1.0,1.0,2.0,vegas evans
Duke Deen,PG,BRAD,37.0,31.81081,13.486486,3.3513513,3.7837837,0.8648649,0.10810811,3.0,10.945946,0.40740740299224854,1.8108108,0.8656716346740723,1.8108108,duke deen
Silas Demary Jr.,PG,CONN,33.0,31.515152,13.484848,3.909091,3.121212,1.6969697,0.18181819,1.7575758,9.939394,0.396341472864151,4.787879,0.8037974834442139,2.2727273,silas demary jr
D'Maurian Williams,PG,HPU,32.0,26.71875,13.46875,3.25,2.3125,0.75,0.09375,1.40625,9.46875,0.47194719314575195,3.8125,0.8196721076965332,1.28125,d maurian williams
Alex Huibregtse,PG,BRAD,32.0,33.75,13.46875,3.09375,3.125,0.65625,0.21875,2.8125,11.3125,0.4226519465446472,1.375,0.7954545617103577,1.59375,alex huibregtse
Jarvis Moss,PG,RAD,33.0,29.060606,13.454545,2.5454545,1.8787879,1.030303,0.030303031,2.4242425,10.333333,0.4164222776889801,2.878788,0.8421052694320679,1.4242424,jarvis moss
Lamar Washington,PG,GT,33.0,34.303032,13.454545,5.121212,5.787879,1.6666666,0.15151516,1.1212121,12.030303,0.4005037844181061,3.2121212,0.8396226167678833,3.909091,lamar washington
Caleb Stone-Carrawell,SF,LMU,32.0,28.65625,13.4375,2.4375,1.375,0.59375,0.21875,1.4375,11.0625,0.46045199036598206,2.53125,0.7160493731498718,1.625,caleb stone carrawell
Baye Ndongo,SF,GT,34.0,30.17647,13.411765,8.941176,1.5588236,1.0294118,1.1470588,0.20588236,9.705882,0.5363636612892151,4.2058825,0.6643356680870056,2.4117646,baye ndongo
Gabe Dorsey,PG,W&M,32.0,27.90625,13.40625,3.4375,0.875,0.8125,0.3125,3.21875,9.34375,0.45819398760795593,2.03125,0.800000011920929,0.875,gabe dorsey
Josh Harris,SF,IU,30.0,22.533333,13.4,7.0666666,0.56666666,0.7,0.5,0.36666667,10.0,0.5566666722297668,2.7333333,0.6951219439506531,1.0333333,josh harris
Lance Ware,SF,UTA,26.0,32.384617,13.384615,9.615385,1.3461539,1.3076923,1.5384616,0.0,8.5,0.5837104320526123,6.1153846,0.5660377144813538,2.9615386,lance ware
Keshon Gilbert,PG,ISU,29.0,31.586206,13.379311,3.4827585,4.1034484,1.6896552,0.10344828,0.8965517,9.827586,0.4842105209827423,4.0689654,0.7288135886192322,3.2413793,keshon gilbert
TJ Wainwright,PG,PAC,29.0,30.068966,13.379311,2.724138,1.7241379,0.9310345,0.0,1.8965517,9.75862,0.4664310812950134,2.8275862,0.8414633870124817,1.4137931,tj wainwright
Braelon Bush,PG,CHST,30.0,28.0,13.366667,1.9,2.7666667,0.93333334,0.1,1.7333333,9.766666,0.4778156876564026,2.9333334,0.7840909361839294,1.5,braelon bush
Cameron Huefner,SF,SHSU,30.0,31.066668,13.366667,5.3333335,0.96666664,0.9,0.13333334,1.8666667,9.533334,0.38461539149284363,5.1666665,0.8064516186714172,2.0333333,cameron huefner
Stephan Swenson,PG,UCSB,33.0,29.727272,13.363636,3.6666667,4.3636365,1.7878788,0.18181819,2.6969697,10.272727,0.4395280182361603,2.060606,0.7941176295280457,2.1818182,stephan swenson
Nick Boyd,PG,WIS,31.0,29.838709,13.354838,3.8709676,3.903226,0.9677419,0.0,1.6774193,10.5161295,0.4110429584980011,4.064516,0.7460317611694336,1.7741935,nick boyd
Bryce Lindsay,PG,VILL,31.0,29.580645,13.354838,2.8387096,2.2258065,0.61290324,0.06451613,2.8064516,10.129032,0.4554140269756317,1.548387,0.8541666865348816,1.1290323,bryce lindsay
Riley Parker,PG,PORT,34.0,31.794117,13.3529415,3.5294118,3.2941177,0.85294116,0.11764706,1.9117647,10.1470585,0.48115941882133484,1.9705882,0.8507462739944458,2.5294118,riley parker
Malik Reneau,SF,MIA,26.0,23.23077,13.346154,5.5,2.0,0.8076923,0.53846157,0.115384616,9.692307,0.5515872836112976,3.4615386,0.7333333492279053,1.5769231,malik reneau
Jaylen Curry,PG,OKST,29.0,30.413794,13.344828,3.7586207,3.862069,1.2068965,0.10344828,1.6206896,12.448276,0.3628808856010437,4.172414,0.64462810754776,1.4482758,jaylen curry
Dwon Odom,PG,TLSA,33.0,31.242424,13.333333,4.3636365,5.3636365,1.0909091,0.57575756,0.33333334,9.818182,0.5339506268501282,3.121212,0.8058252334594727,2.6969697,dwon odom
Ronald Polite III,PG,UNCG,27.0,29.037037,13.333333,2.925926,3.7407408,1.074074,0.18518518,1.1481482,9.222222,0.4939759075641632,4.0,0.7685185074806213,2.074074,ronald polite iii
Nick Spinoso,SF,PENN,27.0,26.814816,13.333333,6.6666665,3.1111112,0.7407407,0.8518519,0.2962963,10.518518,0.5211267471313477,3.5555556,0.5833333134651184,2.5925925,nick spinoso
Carson Towt,SF,ND,34.0,33.64706,13.323529,12.441176,3.3823528,1.0882353,0.3529412,0.0,10.294118,0.5685714483261108,4.2647057,0.37931033968925476,1.8529412,carson towt
Kaden Metheny,PG,LIB,34.0,32.02941,13.323529,2.9411764,2.0,0.8235294,0.0,3.0,10.794118,0.41961851716041565,1.617647,0.7818182110786438,1.382353,kaden metheny
Kasen Harrison,PG,WIN,34.0,29.882353,13.323529,2.3823528,4.3235292,1.1470588,0.14705883,0.61764705,9.5,0.49845200777053833,4.5,0.7189542651176453,2.0,kasen harrison
Micah Parrish,PG,OSU,31.0,32.096775,13.32258,4.387097,1.516129,1.1612903,0.38709676,1.8709677,10.129032,0.4394904375076294,3.2258065,0.7900000214576721,2.096774,micah parrish
Prophet Johnson,PG,SAC,31.0,29.290323,13.32258,7.7419353,2.419355,1.9354838,0.19354838,0.48387095,10.806452,0.48059701919555664,3.3225806,0.737864077091217,1.1612903,prophet johnson
Donovan Atwell,PG,TTU,32.0,29.25,13.3125,3.40625,0.84375,0.59375,0.15625,3.0,10.96875,0.4017094075679779,1.65625,0.9056603908538818,1.25,donovan atwell
Keaston Willis,PG,TLSA,33.0,29.575758,13.30303,3.2424242,1.1818181,0.8181818,0.09090909,2.8181818,9.606061,0.39116719365119934,3.6363637,0.8166666626930237,0.90909094,keaston willis
Tanner Toolson,PG,TCU,34.0,28.882353,13.294118,4.0,1.6470588,1.117647,0.2647059,1.9411764,10.058824,0.4532163739204407,2.8235295,0.7916666865348816,1.2647059,tanner toolson
Amarion Dickerson,PG,USC,35.0,29.171429,13.285714,5.9428573,1.3142858,1.0285715,2.3428571,0.6,9.085714,0.5314465165138245,4.4,0.6883116960525513,1.3714286,amarion dickerson
Julian Reese,SF,MD,36.0,28.5,13.277778,9.027778,1.25,1.1111112,1.5,0.0,8.861111,0.554858922958374,4.6944447,0.7337278127670288,1.5,julian reese
Will Richard,PG,FLA,40.0,31.575,13.275,4.575,1.85,1.65,0.325,2.0,9.5,0.4868420958518982,2.4,0.84375,1.55,will richard
David N'Guessan,PG,KSU,33.0,29.666666,13.272727,7.212121,1.3939394,0.7878788,0.8484849,0.18181819,8.424242,0.6438848972320557,3.7575758,0.5967742204666138,1.2727273,david n guessan
Barry Evans,SF,VCU,33.0,32.78788,13.272727,6.818182,2.6969697,1.3333334,0.54545456,1.2727273,10.939394,0.4764542877674103,2.3939395,0.6582278609275818,2.090909,barry evans
Tamar Bates,PG,MIZ,34.0,25.970589,13.264706,2.6176472,1.0,1.2941177,0.14705883,1.5294118,9.029411,0.5081433057785034,2.7058823,0.945652186870575,1.2941177,tamar bates
Mwani Wilkinson,PG,LR,33.0,33.21212,13.242424,7.060606,1.0,1.7272727,1.3939394,2.1515152,11.484848,0.4168865382671356,1.7878788,0.8474576473236084,1.1515151,mwani wilkinson
Enoch Cheeks,PG,DAY,33.0,33.727272,13.242424,6.151515,2.0,1.7575758,0.6969697,1.6363636,9.545455,0.4730158746242523,3.2121212,0.801886796951294,1.4545455,enoch cheeks
Cooper Noard,PG,COR,29.0,27.206896,13.24138,3.310345,0.9310345,0.51724136,0.10344828,2.724138,8.689655,0.4960317313671112,2.275862,0.8333333134651184,0.86206895,cooper noard
Tana Kopa,PG,CAN,31.0,35.387096,13.225806,3.2580645,1.1935484,1.2580645,0.58064514,3.1290324,10.258064,0.4245283007621765,1.6451613,0.843137264251709,1.1290323,tana kopa
Dola Adebayo,SF,GMU,36.0,29.11111,13.222222,6.9166665,1.0277778,0.8888889,1.0555556,0.6111111,9.444445,0.5147058963775635,3.9166667,0.73758864402771,2.2777777,dola adebayo
Louie Semona,SF,WKU,32.0,27.84375,13.21875,4.125,1.5,0.625,0.1875,1.875,9.90625,0.4637224078178406,2.75,0.7840909361839294,1.59375,louie semona
Danny Wolf,C,MICH,37.0,30.54054,13.216216,9.72973,3.5675676,0.6756757,1.3513514,1.027027,10.1081085,0.49732619524002075,3.5945945,0.5939849615097046,3.2432432,danny wolf
Isaac Haney,PG,APSU,28.0,27.535715,13.214286,3.75,1.4642857,0.78571427,0.0,2.3214285,9.928572,0.42805755138397217,2.7857144,0.8589743375778198,0.96428573,isaac haney
Otis Frazier III,SF,UTEP,33.0,29.212122,13.212121,5.3333335,2.3939395,2.2727273,0.6666667,1.2727273,9.69697,0.4468750059604645,4.4848485,0.7297297120094299,2.121212,otis frazier iii
Ethan Price,SF,WSU,34.0,30.705883,13.205882,5.2352943,2.1764705,0.47058824,0.8235294,1.617647,8.882353,0.49668875336647034,3.4411764,0.8034188151359558,2.1764705,ethan price
Derrick Butler,PG,BGSU,31.0,31.32258,13.193548,3.483871,1.0,0.7741935,0.2580645,1.967742,11.032258,0.41228070855140686,3.064516,0.6947368383407593,1.1935484,derrick butler
Jamarii Thomas,PG,SC,28.0,29.964285,13.178572,2.9285715,2.9642856,1.25,0.21428572,1.6785715,10.285714,0.3715277910232544,5.25,0.7346938848495483,2.25,jamarii thomas
Boopie Miller,PG,SMU,28.0,29.178572,13.178572,2.857143,5.535714,1.5714285,0.2857143,1.1071428,11.107142,0.4147909879684448,3.5,0.8163265585899353,2.2142856,boopie miller
AJ Brown,PG,FLA,29.0,26.62069,13.172414,3.2068965,1.1034483,1.2758621,0.06896552,1.862069,9.0,0.4712643623352051,3.4482758,0.8199999928474426,1.2413793,aj brown
Money Williams,PG,MONT,35.0,27.142857,13.171429,3.5428572,3.142857,1.1428572,0.2857143,1.6,10.457143,0.3989070951938629,4.0285716,0.8014184236526489,2.5142858,money williams
Shereef Mitchell,PG,OHIO,25.0,28.52,13.16,3.24,2.48,1.76,0.12,1.32,10.16,0.4409448802471161,3.48,0.8275862336158752,1.64,shereef mitchell
Bensley Joseph,PG,PROV,32.0,29.84375,13.15625,4.0625,3.15625,1.25,0.09375,2.3125,10.71875,0.42274051904678345,2.40625,0.7402597665786743,2.1875,bensley joseph
Jalen Bolden,PG,TXST,32.0,33.40625,13.15625,5.96875,2.53125,1.8125,0.21875,0.6875,12.59375,0.38461539149284363,4.1875,0.6641790866851807,1.875,jalen bolden
Jake O'Neil,PG,IDST,30.0,33.2,13.133333,9.266666,2.0333333,1.0666667,0.5,0.8,10.766666,0.4613003134727478,3.6,0.6666666865348816,2.2666667,jake o neil
Jaylen Blakes,PG,STAN,32.0,31.09375,13.125,2.90625,4.65625,1.6875,0.28125,0.96875,9.09375,0.4364261031150818,5.15625,0.8181818127632141,1.9375,jaylen blakes
Carter Welling,SF,CLEM,32.0,24.5625,13.125,6.28125,1.4375,0.625,1.78125,0.9375,9.28125,0.4781144857406616,5.125,0.6463414430618286,2.15625,carter welling
Keonte Jones,PG,DAY,33.0,30.757576,13.121212,9.030303,4.121212,1.8181819,1.2727273,0.3939394,9.333333,0.5064935088157654,4.848485,0.675000011920929,2.6363637,keonte jones
Maurice Odum,PG,ASU,35.0,33.228573,13.114285,3.2,7.542857,1.2285714,0.028571429,1.6571429,10.3714285,0.45179063081741333,2.6285715,0.79347825050354,2.5714285,maurice odum
Reyne Smith,PG,LOU,31.0,30.419355,13.096774,2.7741935,0.7741935,0.6451613,0.09677419,3.451613,10.225806,0.39116719365119934,1.7419355,0.9444444179534912,0.6451613,reyne smith
Leonardo Bettiol,SF,MASS,32.0,25.84375,13.09375,3.9375,1.15625,1.03125,0.40625,0.03125,9.78125,0.5239616632461548,4.0,0.703125,1.90625,leonardo bettiol
Jordan Ivy-Curry,PG,UCF,34.0,29.205883,13.088235,3.3235295,2.1764705,1.382353,0.0882353,2.0294118,10.6470585,0.4005524814128876,3.0,0.843137264251709,1.3235294,jordan ivy curry
Kimani Hamilton,SF,UNLV,35.0,24.171429,13.085714,4.6,2.2,0.9714286,0.42857143,0.8,8.742857,0.5196078419685364,4.428571,0.7225806713104248,1.8285714,kimani hamilton
Chandler Pigge,PG,HARV,27.0,33.333332,13.074074,6.740741,2.6296296,1.7407408,0.37037036,1.074074,11.037037,0.47315436601638794,2.074074,0.75,2.3333333,chandler pigge
Peter Filipovity,SF,NMSU,29.0,27.413794,13.068966,8.24138,1.2758621,0.8965517,0.0,0.51724136,10.379311,0.4518272280693054,4.7586207,0.6666666865348816,2.0,peter filipovity
Anthony Pritchard,PG,CMU,31.0,35.387096,13.064516,4.645161,5.451613,1.9354838,0.06451613,0.8064516,11.645162,0.4321329593658447,3.2580645,0.6732673048973083,3.032258,anthony pritchard
Zion Stanford,PG,VILL,31.0,27.64516,13.064516,4.483871,2.064516,0.67741936,0.7096774,0.7096774,10.290322,0.4545454680919647,4.225806,0.7099236845970154,1.6451613,zion stanford
Will Pruitt,PG,LIP,35.0,32.314285,13.057143,5.8285713,2.6571429,0.82857144,0.31428573,1.4,9.542857,0.46107783913612366,3.5142858,0.8130081295967102,1.2857143,will pruitt
Beon Riley,PG,UTU,29.0,29.689655,13.034483,7.62069,1.7586207,1.137931,0.27586207,0.82758623,9.689655,0.46975088119506836,4.8965516,0.6338028311729431,1.7931035,beon riley
Ryan Myers,PG,WKU,29.0,32.448277,13.034483,2.724138,1.6896552,0.41379312,0.06896552,2.5172415,12.344828,0.3687150776386261,2.0,0.7068965435028076,2.1034484,ryan myers
Jacob Theodosiou,PG,L-MD,31.0,31.096775,13.032258,4.0,2.7096775,1.7419355,0.29032257,1.7419355,10.67742,0.37764349579811096,4.193548,0.7692307829856873,2.419355,jacob theodosiou
Major Freeman,PG,CLT,32.0,34.84375,13.03125,3.84375,1.875,1.03125,0.21875,2.0,12.03125,0.3844155967235565,2.4375,0.7307692170143127,1.96875,major freeman
Rob Brown III,PG,STBK,33.0,29.939394,13.030303,3.4242425,0.969697,0.8181818,0.09090909,2.4545455,10.787879,0.40449437499046326,2.3333333,0.7922077775001526,1.2121212,rob brown iii
George Beale Jr.,PG,UCF,33.0,24.30303,13.030303,2.3333333,0.93939394,0.8787879,0.030303031,1.8787879,10.848485,0.44692736864089966,1.6666666,0.8727272748947144,1.1818181,george beale jr
Bryce Thompson,PG,OKST,35.0,26.857143,13.0,2.7142856,1.7142857,1.0,0.14285715,0.9714286,10.514286,0.44021740555763245,3.5428572,0.7822580933570862,1.6571429,bryce thompson
Chance Moore,PG,WVU,32.0,34.0625,13.0,6.46875,1.0625,1.28125,0.84375,0.71875,10.0,0.4625000059604645,4.71875,0.6423841118812561,1.40625,chance moore
Addison Patterson,SF,EMU,31.0,28.419355,13.0,5.516129,3.2903225,1.3870968,0.4516129,0.5483871,10.16129,0.43492063879966736,4.83871,0.746666669845581,2.580645,addison patterson
Oumar Ballo,C,IU,31.0,28.870968,13.0,9.096774,2.1290324,0.67741936,1.2903225,0.0,8.129032,0.6230158805847168,5.032258,0.5705128312110901,2.032258,oumar ballo
Bez Mbeng,PG,YALE,29.0,32.724136,13.0,5.586207,5.7586207,1.7931035,0.37931034,1.3448275,10.137931,0.4285714328289032,4.2413793,0.6991869807243347,2.9310346,bez mbeng
Hayden Diekhans,SF,MTTC,1.0,30.0,13.0,2.0,3.0,1.0,1.0,0.0,10.0,0.4000000059604645,6.0,0.8333333134651184,1.0,hayden diekhans
John Mobley Jr.,PG,OSU,32.0,27.78125,13.0,1.53125,2.21875,0.71875,0.0625,2.40625,10.59375,0.389380544424057,2.65625,0.8823529481887817,1.46875,john mobley jr
Paul Otieno,SF,SLU,32.0,31.0625,13.0,8.625,1.09375,0.71875,2.0625,0.375,8.5,0.5845588445663452,3.3125,0.8113207817077637,1.3125,paul otieno
Tavari Johnson,PG,AKR,35.0,24.685715,13.0,1.9142857,3.8,0.8,0.2857143,1.6285714,10.771428,0.45888593792915344,1.6285714,0.9122806787490845,2.1142857,tavari johnson
CaDarrius Sowell,PG,NGU,1.0,30.0,13.0,4.0,1.0,0.0,1.0,1.0,12.0,0.5,0.0,0.0,3.0,cadarrius sowell
Reggie Martin,PG,OBU,1.0,22.0,13.0,3.0,0.0,0.0,0.0,1.0,9.0,0.6666666865348816,0.0,0.0,2.0,reggie martin
Jajuan Preaster,SF,HOUG,2.0,30.5,13.0,4.0,3.0,1.0,0.0,0.5,10.0,0.550000011920929,2.0,0.75,3.5,jajuan preaster
Drayton Jones,C,BTLR,33.0,23.575758,13.0,5.5151515,1.4242424,0.8484849,1.6969697,0.0,7.3030305,0.5643153786659241,6.878788,0.691629946231842,2.5151515,drayton jones
Rodney Johnson Jr.,SF,CMU,25.0,25.68,13.0,5.84,1.56,0.68,0.32,1.32,10.52,0.5095056891441345,1.6,0.6000000238418579,1.4,rodney johnson jr
Wyatt Studer,SF,JSP,1.0,28.0,13.0,5.0,0.0,1.0,1.0,3.0,6.0,0.8333333134651184,0.0,0.0,2.0,wyatt studer
Bryant Wall,SF,FC,1.0,23.0,13.0,2.0,0.0,0.0,1.0,3.0,10.0,0.5,0.0,0.0,0.0,bryant wall
Kevin Henry,PG,DS,1.0,21.0,13.0,5.0,2.0,0.0,0.0,1.0,8.0,0.625,3.0,0.6666666865348816,1.0,kevin henry
Cale Rammel,PF,OHCU,1.0,27.0,13.0,2.0,1.0,1.0,0.0,3.0,10.0,0.4000000059604645,2.0,1.0,4.0,cale rammel
Cole Johnson,SF,MWD,1.0,12.0,13.0,5.0,1.0,0.0,0.0,1.0,11.0,0.5454545617103577,0.0,0.0,0.0,cole johnson
Jamichael Stillwell,SF,UCF,31.0,28.032259,13.0,10.741936,1.3870968,1.2903225,0.38709676,0.6451613,10.064516,0.46794870495796204,5.225806,0.5617284178733826,2.1290324,jamichael stillwell
Owen Law,PG,IUC,1.0,21.0,13.0,2.0,0.0,2.0,0.0,3.0,12.0,0.4166666567325592,0.0,0.0,1.0,owen law
Kell Estep,PG,HLGU,1.0,25.0,13.0,4.0,0.0,2.0,0.0,3.0,10.0,0.5,1.0,0.0,1.0,kell estep
Keeshawn Mason,SF,PV,1.0,25.0,13.0,2.0,0.0,0.0,0.0,0.0,12.0,0.4166666567325592,3.0,1.0,2.0,keeshawn mason
Doyel Cockrill III,PG,CHST,2.0,35.0,13.0,1.0,4.0,1.0,0.0,2.0,15.0,0.3333333432674408,2.0,0.5,3.0,doyel cockrill iii
Judson Bjornstad,SF,SAM,1.0,30.0,13.0,5.0,0.0,1.0,1.0,3.0,12.0,0.4166666567325592,0.0,0.0,3.0,judson bjornstad
Seviuhn Turner,PG,XULA,1.0,37.0,13.0,11.0,3.0,2.0,2.0,1.0,12.0,0.25,7.0,0.8571428656578064,3.0,seviuhn turner
Freddie Word,ATH,UTPB,1.0,35.0,13.0,7.0,6.0,1.0,0.0,1.0,12.0,0.5,1.0,0.0,5.0,freddie word
Jory Valencia,PG,GLDT,1.0,24.0,13.0,3.0,2.0,0.0,0.0,1.0,12.0,0.5,0.0,0.0,3.0,jory valencia
Anthony Douglas Jr.,PG,FISH,1.0,26.0,13.0,3.0,1.0,0.0,0.0,2.0,11.0,0.3636363744735718,3.0,1.0,2.0,anthony douglas jr
Parker Mclaren,ATH,ENDC,1.0,25.0,13.0,6.0,0.0,1.0,1.0,3.0,8.0,0.5,2.0,1.0,3.0,parker mclaren
Myles Hosten,ATH,EDW,1.0,27.0,13.0,4.0,1.0,1.0,0.0,1.0,12.0,0.5,0.0,0.0,2.0,myles hosten
Ogien Ayo,SF,TNST,1.0,29.0,13.0,10.0,0.0,1.0,1.0,3.0,9.0,0.4444444477558136,4.0,0.5,4.0,ogien ayo
Nate Lacewell,ATH,TAMK,1.0,26.0,13.0,7.0,2.0,0.0,1.0,1.0,11.0,0.4545454680919647,2.0,1.0,0.0,nate lacewell
Hobert Grayson IV,PG,MISS,1.0,32.0,13.0,6.0,2.0,3.0,0.0,0.0,11.0,0.4545454680919647,6.0,0.5,2.0,hobert grayson iv
Nathaniel Maldonado,ATH,LESL,1.0,20.0,13.0,1.0,0.0,0.0,0.0,3.0,8.0,0.625,2.0,0.0,1.0,nathaniel maldonado
Kai Brown,PG,MNLO,1.0,21.0,13.0,4.0,5.0,1.0,0.0,1.0,13.0,0.38461539149284363,3.0,0.6666666865348816,3.0,kai brown
Jalen Thomas,ATH,CHAD,1.0,28.0,13.0,4.0,3.0,0.0,0.0,1.0,12.0,0.4166666567325592,4.0,0.5,2.0,jalen thomas
Joshua Jefferson,SF,ISU,35.0,29.6,12.971429,7.4,3.1142857,2.1142857,0.74285716,0.51428574,8.742857,0.5196078419685364,4.457143,0.7564102411270142,2.3428571,joshua jefferson
Mier Panoam,PG,XAV,33.0,28.212122,12.969697,5.787879,2.3939395,0.90909094,0.54545456,0.36363637,10.333333,0.4545454680919647,4.5151515,0.7114093899726868,2.0,mier panoam
Liam Murphy,SF,PUR,32.0,23.90625,12.96875,3.34375,1.4375,0.78125,0.40625,3.25,9.9375,0.4433962404727936,1.1875,0.7631579041481018,0.8125,liam murphy
Jaylin Henderson,PG,PRST,32.0,32.46875,12.96875,3.84375,1.71875,1.28125,0.59375,1.75,11.0625,0.43220338225364685,2.4375,0.6794871687889099,1.96875,jaylin henderson
Tomislav Ivisic,C,ILL,32.0,26.78125,12.96875,7.6875,2.25,0.5625,1.21875,1.71875,9.90625,0.49211356043815613,2.0,0.75,1.59375,tomislav ivisic
Malik Mack,PG,GTWN,32.0,34.8125,12.9375,3.625,4.25,1.25,0.28125,1.84375,11.90625,0.38057741522789,2.78125,0.7303370833396912,2.4375,malik mack
Adama Bal,PG,SCU,30.0,30.233334,12.933333,2.5,3.0333333,0.53333336,0.1,2.3,10.2,0.41830065846443176,2.6666667,0.7875000238418579,1.5666667,adama bal
Kyrone Alexander,PG,BU,30.0,30.466667,12.933333,5.133333,1.9333333,1.2,0.36666667,1.5333333,10.466666,0.41082802414894104,3.5,0.800000011920929,2.4666667,kyrone alexander
Tim Moore Jr.,SF,USD,30.0,26.666666,12.933333,6.6666665,0.2,0.6666667,1.4,0.9,9.033334,0.5129151344299316,3.5333333,0.7830188870429993,1.1666666,tim moore jr
Deywilk Tavarez,PG,LUC,27.0,27.444445,12.925926,3.5555556,2.5185184,1.074074,0.0,2.4444444,10.481482,0.41342756152153015,2.6666667,0.6805555820465088,2.3703704,deywilk tavarez
Des Watson,PG,LUC,37.0,34.27027,12.918919,3.7027028,2.6486487,1.4054054,0.08108108,1.8108108,11.7027025,0.3741339445114136,3.162162,0.7435897588729858,1.7297298,des watson
Quion Burns,PG,ME,34.0,29.735294,12.911765,6.5588236,1.0882353,1.0,0.44117647,1.3529412,10.882353,0.4378378391265869,2.6176472,0.7752808928489685,1.5882353,quion burns
Carter Whitt,PG,BEL,32.0,31.28125,12.90625,4.6875,6.0,1.5,0.15625,1.0625,11.25,0.4305555522441864,2.90625,0.7419354915618896,3.21875,carter whitt
Anthony McComb III,PG,NORF,32.0,27.34375,12.90625,3.125,1.15625,0.78125,0.15625,1.21875,11.9375,0.376963347196579,3.59375,0.747826099395752,1.4375,anthony mccomb iii
Jaden Daughtry,SF,RICH,32.0,19.34375,12.90625,4.28125,0.9375,0.96875,0.34375,0.375,8.4375,0.5888888835906982,4.03125,0.643410861492157,1.75,jaden daughtry
Yanic Konan Niederhauser,SF,PSU,29.0,25.137932,12.896552,6.3448277,0.7586207,0.6551724,2.310345,0.03448276,8.068966,0.6111111044883728,4.5172415,0.6641221642494202,1.6551725,yanic konan niederhauser
CJ Gunn,PG,DEP,32.0,26.5,12.875,4.03125,1.0,1.34375,0.375,1.65625,11.375,0.4285714328289032,1.90625,0.7704917788505554,1.40625,cj gunn
Tre Dinkins,PG,GW,32.0,29.125,12.875,2.34375,3.125,0.875,0.125,2.40625,10.46875,0.4089552164077759,2.4375,0.7820512652397156,1.78125,tre dinkins
Chuck Harris,PG,SMU,35.0,27.2,12.857142,2.857143,2.6857142,0.7714286,0.2,2.1714287,9.971429,0.44412606954574585,2.2,0.8311688303947449,1.7714286,chuck harris
Anquan Hill,SF,SHU,26.0,27.346153,12.846154,5.6923075,1.3076923,0.5769231,0.84615386,1.5769231,8.538462,0.5540540814399719,2.6153846,0.6911764740943909,1.0384616,anquan hill
Parsa Fallah,SF,OKST,31.0,24.838709,12.83871,3.967742,0.9677419,0.32258064,0.4516129,0.0,8.354838,0.5984556078910828,4.096774,0.6929134130477905,1.4193548,parsa fallah
Jayden Epps,PG,MSST,27.0,30.592592,12.814815,2.148148,2.2962964,1.4074074,0.11111111,1.962963,11.111111,0.3933333456516266,2.8148148,0.75,1.7777778,jayden epps
Brendan Coyle,SF,SIE,32.0,32.96875,12.8125,4.03125,0.71875,0.90625,0.21875,2.9375,8.84375,0.4098939895629883,3.5,0.75,0.6875,brendan coyle
Jaden Akins,PG,MSU,37.0,27.18919,12.810811,3.5405405,1.5135136,0.7837838,0.27027026,1.5675676,11.945946,0.39819005131721497,2.2702703,0.761904776096344,1.081081,jaden akins
Donovan Oday,PG,NKU,31.0,24.806452,12.806452,5.032258,1.2580645,0.9354839,0.09677419,0.7096774,9.774194,0.4224422574043274,5.032258,0.7628205418586731,2.2258065,donovan oday
Kellen Tynes,PG,ME,34.0,33.411766,12.794118,3.764706,4.5882354,3.1470587,0.7058824,0.7058824,10.941176,0.44354838132858276,3.1764705,0.75,1.8235294,kellen tynes
Nico Galette,NA,,34.0,31.058823,12.794118,7.3235292,3.0,1.4117647,0.7941176,1.2647059,10.529411,0.44413408637046814,2.8529413,0.7628865838050842,1.882353,nico galette
Jordan Battle,PG,ODU,31.0,31.161291,12.774194,3.903226,1.8709677,0.38709676,0.0,2.2580645,9.225806,0.42307692766189575,3.3548386,0.807692289352417,1.2903225,jordan battle
Christian Cook,PG,NMSU,32.0,31.21875,12.75,2.46875,1.3125,0.6875,0.25,2.15625,12.125,0.3840206265449524,1.6875,0.7592592835426331,0.75,christian cook
Jizzle James,PG,CIN,35.0,27.057142,12.742857,2.9714286,3.5428572,0.85714287,0.42857143,1.3142858,12.571428,0.4000000059604645,1.7714286,0.774193525314331,1.8,jizzle james
Joe Sayler,PG,SDST,30.0,30.066668,12.733334,2.5666666,1.9,0.6333333,0.0,1.8666667,11.2,0.3928571343421936,2.4,0.8611111044883728,1.8666667,joe sayler
Basheer Jihad,SF,ASU,33.0,30.454546,12.727273,5.4848485,1.7878788,1.060606,0.6969697,0.90909094,9.030303,0.4060402810573578,5.818182,0.7708333134651184,2.4242425,basheer jihad
Kenny Noland,PG,COLU,27.0,31.592592,12.703704,3.4444444,3.3333333,1.1851852,0.14814815,1.7777778,10.703704,0.47058823704719543,1.2592592,0.6764705777168274,1.4814814,kenny noland
Josh Dilling,PG,NKU,33.0,30.60606,12.69697,2.8181818,2.6363637,0.6666667,0.0,3.030303,9.848485,0.41846153140068054,1.9090909,0.7460317611694336,1.3636364,josh dilling
JaCobi Wood,PG,MUR,32.0,36.8125,12.6875,3.28125,5.03125,0.96875,0.03125,2.0,10.28125,0.3890577554702759,3.46875,0.7747747898101807,2.875,jacobi wood
Justin Vander Baan,C,LAF,28.0,29.75,12.678572,7.035714,3.142857,0.60714287,2.9285715,0.25,9.75,0.5054945349693298,3.857143,0.6666666865348816,1.7857143,justin vander baan
Sebastian Akins,PG,WAKE,32.0,25.65625,12.65625,2.21875,2.6875,0.9375,0.25,1.0625,11.34375,0.42148759961128235,2.65625,0.7647058963775635,1.9375,sebastian akins
Nick Shogbonyo,PG,AMCC,32.0,29.8125,12.65625,4.625,1.6875,0.84375,0.0625,1.1875,9.15625,0.4095562994480133,4.71875,0.8410596251487732,1.9375,nick shogbonyo
Emanuel Sharp,PG,HOU,37.0,27.35135,12.648648,2.9729729,0.8378378,1.3513514,0.0,2.3513513,8.918919,0.41818180680274963,3.2702703,0.8677685856819153,0.8378378,emanuel sharp
Jalen Forrest,PG,SELA,31.0,29.806452,12.645162,4.580645,1.3225807,0.4516129,0.32258064,1.3225807,10.5161295,0.38957056403160095,4.225806,0.7404580116271973,1.8387097,jalen forrest
Dezayne Mingo,PG,CLT,31.0,33.322582,12.645162,4.7419353,5.225806,0.7741935,0.09677419,0.7741935,10.451612,0.4197530746459961,4.2580647,0.7272727489471436,2.6451614,dezayne mingo
Bradley Douglas,PG,JMU,33.0,28.727272,12.636364,3.878788,2.3333333,1.5151515,0.15151516,1.6666666,11.454545,0.3968254029750824,2.6060605,0.7209302186965942,1.6363636,bradley douglas
Malik Messina-Moore,PG,XAV,30.0,30.466667,12.633333,3.2,2.4333334,0.76666665,0.1,2.0333333,9.433333,0.4558303952217102,2.4333334,0.8219178318977356,1.2666667,malik messina moore
Jasin Sinani,PG,CAM,24.0,31.833334,12.625,4.9583335,2.7083333,1.25,0.16666667,1.625,10.166667,0.3852458894252777,4.0,0.7916666865348816,1.7083334,jasin sinani
Andrew Meadow,SF,BOIS,37.0,29.243244,12.621622,4.216216,0.6486486,0.7837838,0.24324325,1.5675676,8.378378,0.4580645263195038,4.027027,0.8389261960983276,0.8378378,andrew meadow
Kaleb Glenn,SF,MSU,34.0,25.735294,12.617647,4.8235292,0.5882353,0.5588235,0.29411766,1.4117647,8.529411,0.5310344696044922,3.4411764,0.6239316463470459,1.2058823,kaleb glenn
Steve Settle III,SF,TEM,31.0,33.225807,12.612904,6.193548,1.6774193,1.0,1.0,1.516129,8.032258,0.47791165113449097,4.645161,0.7361111044883728,1.1290323,steve settle iii
Payton Sparks,C,BALL,31.0,23.774193,12.612904,7.709677,1.451613,0.38709676,0.6451613,0.032258064,7.129032,0.5882353186607361,6.483871,0.646766185760498,1.6451613,payton sparks
Jayden Jackson,PG,CBU,33.0,32.151516,12.606061,3.7272727,3.3939395,0.7878788,0.18181819,0.7878788,9.484848,0.4792332351207733,3.3636363,0.8108108043670654,1.7575758,jayden jackson
Will Riley,SF,ILL,35.0,25.62857,12.6,4.142857,2.2285714,0.25714287,0.2857143,1.3428571,10.257143,0.4317548871040344,3.3142858,0.7241379022598267,1.2,will riley
Jaylin McDuffie,ATH,STAU,5.0,28.6,12.6,2.4,1.2,1.2,0.0,3.6,10.4,0.38461539149284363,1.0,1.0,3.2,jaylin mcduffie
Nick Johnson,PG,WIN,34.0,27.352942,12.588235,3.264706,1.5882353,1.4117647,0.47058824,1.382353,8.882353,0.42384105920791626,5.3235292,0.6906077265739441,1.9705882,nick johnson
Jayden Reid,PG,NU,31.0,29.096775,12.580646,2.612903,3.612903,1.8064516,0.032258064,1.8387097,10.193548,0.39240506291389465,3.483871,0.7870370149612427,2.580645,jayden reid
Mikal Dawson,PG,MRSH,33.0,30.181818,12.575758,4.121212,1.4242424,1.060606,0.21212122,2.5757575,10.878788,0.3955431878566742,1.6666666,0.8363636136054993,1.5454545,mikal dawson
Javohn Garcia,PG,MCN,35.0,28.885714,12.571428,3.3714285,1.9428571,1.5428572,0.5714286,1.1428572,9.485714,0.4307228922843933,4.0285716,0.8085106611251831,0.9142857,javohn garcia
DK Thorn,PG,RGV,30.0,29.933332,12.566667,3.6666667,2.0,1.6,0.16666667,2.1,10.566667,0.42271292209625244,1.8,0.8518518805503845,1.3333334,dk thorn
Toby Nnadozie,PG,JXST,30.0,32.2,12.566667,3.4333334,2.3333333,2.5333333,0.23333333,1.5666667,11.666667,0.4028571546077728,2.0666666,0.774193525314331,2.3,toby nnadozie
TJ Madlock,PG,ALST,34.0,29.911764,12.529411,7.0588236,2.5294118,1.0588236,0.29411766,0.61764705,9.705882,0.42424243688583374,5.2647057,0.6983240246772766,1.5294118,tj madlock
Tahj Staveskie,PG,UIW,36.0,31.527779,12.527778,2.1666667,1.6388888,0.9444444,0.11111111,2.3055556,10.944445,0.3781725764274597,2.3055556,0.8433734774589539,1.3055556,tahj staveskie
Jamille Reynolds,SF,USF,29.0,26.241379,12.5172415,7.6551723,0.7241379,0.41379312,1.5862069,0.13793103,9.24138,0.5298507213592529,3.7586207,0.6880733966827393,2.0,jamille reynolds
Joe Nugent,PG,HC,31.0,33.35484,12.5161295,5.16129,0.61290324,0.58064514,0.19354838,2.7419355,9.548388,0.4425675570964813,1.6129032,0.8199999928474426,1.2903225,joe nugent
Madison Durr,PG,UNCW,33.0,32.21212,12.515152,2.909091,3.1515152,1.2424242,0.121212125,0.33333334,8.878788,0.38225257396698,6.7272725,0.8018018007278442,1.8181819,madison durr
Javan Simmons,SF,OHIO,33.0,29.545454,12.515152,6.787879,2.2424242,0.57575756,0.54545456,0.060606062,7.757576,0.5625,5.0,0.7454545497894287,1.6969697,javan simmons
Jamal Fuller,PG,LIU,33.0,31.727272,12.515152,6.030303,1.3030303,1.0,0.75757575,1.0909091,8.878788,0.49146756529808044,3.8484848,0.7007874250411987,1.8787879,jamal fuller
Ben Soumahoro,SF,AL,2.0,26.0,12.5,4.0,1.5,3.5,0.0,0.0,12.5,0.4000000059604645,4.5,0.5555555820465088,1.5,ben soumahoro
Bailey Wiseman,PG,PDMT,2.0,27.5,12.5,1.5,0.5,1.0,0.5,2.5,16.0,0.28125,2.0,0.5,1.0,bailey wiseman
Tate Odvody,SF,CUNE,2.0,18.5,12.5,1.0,0.0,1.0,0.0,1.5,5.5,0.9090909361839294,1.5,0.6666666865348816,1.5,tate odvody
Montez Young Jr.,ATH,TWES,2.0,22.5,12.5,5.5,0.0,2.0,1.0,0.5,9.5,0.5263158082962036,4.5,0.4444444477558136,1.0,montez young jr
Dahsan King,PG,CPC,2.0,21.0,12.5,3.0,1.0,1.0,0.0,0.0,15.0,0.4000000059604645,1.0,0.5,2.0,dahsan king
Bernie Blunt III,PG,MERC,27.0,26.444445,12.481482,2.074074,1.5185186,1.7037038,0.037037037,1.6666666,9.518518,0.3968871533870697,3.5185184,0.9263157844543457,1.2962962,bernie blunt iii
Jalen Weaver,PG,FRES,25.0,33.2,12.48,3.92,1.36,1.12,0.28,1.44,11.36,0.3802816867828369,2.96,0.8108108043670654,2.0,jalen weaver
Amiri Stewart,PG,SHU,32.0,27.3125,12.46875,4.75,2.75,1.71875,0.90625,0.90625,9.625,0.44480520486831665,4.0625,0.7384615540504456,1.875,amiri stewart
Jaden Henley,PG,GCU,28.0,29.428572,12.464286,4.178571,1.75,1.6428572,0.14285715,1.2142857,9.321428,0.4329501986503601,3.6785715,0.8640776872634888,2.0357144,jaden henley
Julian Hammond III,PG,COLO,33.0,28.60606,12.454545,2.5151515,3.1515152,1.2121212,0.121212125,1.5454545,9.787879,0.4055727422237396,3.2727273,0.9074074029922485,2.4242425,julian hammond iii
Deuce Jones,PG,JOES,33.0,28.818182,12.454545,4.212121,2.8181818,1.6060606,0.3939394,0.7878788,10.30303,0.3970588147640228,4.7272725,0.7371794581413269,2.5151515,deuce jones
Ryan Curry,PG,ARMY,33.0,33.636364,12.454545,4.3636365,3.5757575,0.969697,0.060606062,2.6060605,10.666667,0.4232954680919647,1.0909091,0.75,1.5757576,ryan curry
Jevon Porter,SF,MIZ,31.0,30.903225,12.451612,7.16129,1.9032258,0.8064516,1.1290323,1.548387,11.225806,0.3936781585216522,3.032258,0.6808510422706604,1.8709677,jevon porter
Noah Reynolds,PG,TCU,31.0,31.451612,12.451612,2.1935484,3.0,0.7419355,0.06451613,1.3548387,10.129032,0.42675158381462097,3.2903225,0.7450980544090271,1.8064516,noah reynolds
Ezra Ausar,SF,USC,31.0,23.161291,12.451612,5.032258,0.87096775,0.83870965,0.3548387,0.032258064,8.16129,0.5177865624427795,6.354839,0.624365508556366,1.7741935,ezra ausar
Christoph Tilly,C,OSU,31.0,22.709677,12.451612,4.903226,1.8709677,0.83870965,0.7741935,0.5483871,8.387096,0.5538461804389954,3.387097,0.7714285850524902,1.7741935,christoph tilly
Kadary Richmond,PG,SJU,36.0,32.333332,12.444445,6.388889,5.3055553,2.0,0.8611111,0.19444445,10.888889,0.4872449040412903,3.0555556,0.5363636612892151,1.9722222,kadary richmond
Ian Schieffelin,SF,CLEM,34.0,33.411766,12.441176,9.382353,2.6764705,0.7941176,0.7352941,0.85294116,9.323529,0.4952681362628937,3.1764705,0.7407407164573669,1.617647,ian schieffelin
Dallas Hobbs,PG,RICE,30.0,27.966667,12.433333,3.7333333,3.3,0.9,0.033333335,1.8,11.1,0.36936935782432556,3.1,0.7849462628364563,2.7666667,dallas hobbs
Tyson Dunn,PG,UCSD,31.0,29.161291,12.419354,3.8387096,5.322581,1.548387,0.32258064,1.6129032,11.032258,0.4356725215911865,1.6451613,0.7254902124404907,3.935484,tyson dunn
Chad Venning,SF,BC,29.0,26.310345,12.413794,4.0689654,0.7241379,0.55172414,1.5862069,0.0,9.310345,0.5481481552124023,3.5172415,0.6274510025978088,1.7586207,chad venning
Zaon Collins,PG,FRES,29.0,35.41379,12.413794,4.0,4.551724,1.8965517,0.13793103,0.8965517,10.4827585,0.4375,3.310345,0.7083333134651184,2.310345,zaon collins
Tobi Lawal,SF,VT,30.0,26.366667,12.4,7.0,0.9,0.6,0.6666667,0.76666665,7.633333,0.5589519739151001,4.8333335,0.6413792967796326,2.2,tobi lawal
Tyler Lundblade,PG,BEL,33.0,26.727272,12.393939,1.969697,0.90909094,0.4848485,0.121212125,3.1515152,7.818182,0.4922480583190918,1.6363636,0.9444444179534912,0.7878788,tyler lundblade
Cavan Reilly,PG,DEL,33.0,32.78788,12.393939,2.7272727,1.6060606,1.3030303,0.18181819,1.8787879,9.212121,0.47697368264198303,2.030303,0.8507462739944458,1.2424242,cavan reilly
Kintavious Dozier,PG,AAMU,33.0,29.39394,12.393939,3.6060605,2.1515152,1.0909091,0.15151516,1.3939394,9.272727,0.44117647409439087,3.5151515,0.8017241358757019,2.0,kintavious dozier
Tyrese Proctor,PG,DUKE,38.0,29.973684,12.368421,3.0263157,2.2368422,0.7894737,0.10526316,2.3421052,9.605263,0.45205479860305786,1.9736842,0.6800000071525574,1.0526316,tyrese proctor
Adam Njie,PG,DAY,33.0,29.30303,12.363636,2.8484848,4.242424,1.6969697,0.060606062,0.93939394,11.454545,0.4126984179019928,2.5454545,0.773809552192688,2.878788,adam njie
Darius Hannah,SF,BRAD,36.0,28.972221,12.361111,5.861111,1.3611112,1.0277778,0.9444444,0.6111111,8.222222,0.5844594836235046,3.1388888,0.6814159154891968,1.6111112,darius hannah
Marcus Boykin,PG,SHSU,26.0,29.038462,12.346154,4.1538463,4.6923075,1.3461539,0.3846154,0.6923077,9.230769,0.42916667461395264,4.576923,0.8151260614395142,2.5,marcus boykin
Amaree Abram,PG,TENN,32.0,32.0625,12.34375,4.40625,1.65625,1.46875,0.125,2.0625,10.75,0.42151162028312683,1.4375,0.8478260636329651,1.875,amaree abram
TJ Johnson,SF,VMI,33.0,32.60606,12.333333,4.6969695,0.8181818,1.3636364,0.24242425,2.8181818,10.090909,0.4054054021835327,1.8181819,0.7333333492279053,0.90909094,tj johnson
Carlos Stewart Jr.,PG,SCU,34.0,28.382353,12.323529,2.5,2.8529413,1.2647059,0.05882353,2.0294118,8.970589,0.4590163826942444,2.5294118,0.8139534592628479,1.617647,carlos stewart jr
Howie Fleming Jr.,PG,UNLV,31.0,26.64516,12.32258,6.354839,2.387097,0.83870965,0.16129032,1.2258065,8.0,0.5604838728904724,3.032258,0.7021276354789734,2.2258065,howie fleming jr
Gytis Nemeiksa,SF,HAW,31.0,22.870968,12.32258,5.645161,1.032258,0.516129,0.516129,1.032258,8.32258,0.4883720874786377,4.032258,0.7839999794960022,1.2903225,gytis nemeiksa
Chad Baker-Mazara,PG,USC,38.0,25.578947,12.315789,3.0,2.6842105,1.2105263,0.6052632,1.5526316,8.526316,0.4475308656692505,3.5263157,0.888059675693512,1.3947369,chad baker mazara
Arthur Kaluma,SF,TEX,33.0,29.30303,12.30303,7.4848485,1.8181819,0.93939394,0.90909094,1.0,9.242424,0.4622950851917267,3.5151515,0.7844827771186829,1.5757576,arthur kaluma
Terence Harcum,PG,MUR,33.0,34.60606,12.30303,2.4545455,2.030303,0.93939394,0.030303031,2.2424242,10.909091,0.3722222149372101,2.4242425,0.800000011920929,1.1515151,terence harcum
Todd Brogna,SF,MRMK,30.0,28.366667,12.3,6.8,2.2333333,0.56666666,0.4,0.9,8.1,0.5020576119422913,3.6,0.9074074029922485,1.8666667,todd brogna
Kendall Blue,PG,NEB,34.0,27.147058,12.294118,4.4411764,2.4117646,1.0,0.44117647,1.617647,9.058824,0.5097402334213257,1.9705882,0.7313432693481445,1.6470588,kendall blue
Naithan George,PG,SYR,34.0,35.558823,12.294118,4.2352943,6.5,1.0882353,0.44117647,1.7647059,11.1470585,0.3931398391723633,2.235294,0.7894737124443054,3.0294118,naithan george
Kylan Boswell,PG,ILL,35.0,30.971428,12.285714,4.8285713,3.4,1.1142857,0.25714287,1.0,9.428572,0.4272727370262146,4.0857143,0.7902097702026367,2.1142857,kylan boswell
Jayden Pierre,PG,TCU,32.0,34.1875,12.28125,2.8125,3.15625,0.625,0.25,2.09375,10.6875,0.3976608216762543,2.125,0.7941176295280457,2.34375,jayden pierre
Jamal West Jr.,SF,UTEP,32.0,26.28125,12.28125,6.5,1.15625,0.71875,1.5,0.0625,8.125,0.5038461685180664,5.65625,0.7127071619033813,1.09375,jamal west jr
Kenny White Jr.,SF,MORE,30.0,28.733334,12.266666,5.866667,1.9333333,0.76666665,0.46666667,0.7,10.5,0.45396825671195984,3.4333334,0.5922330021858215,1.8333334,kenny white jr
Miles Byrd,PG,SDSU,30.0,30.0,12.266666,4.4,2.7333333,2.1333334,1.0666667,1.7666667,10.333333,0.38064515590667725,3.1666667,0.8315789699554443,1.5666667,miles byrd
Michael Christmas,SF,LONG,32.0,29.40625,12.25,4.34375,1.0625,0.46875,0.21875,2.125,9.875,0.42405062913894653,2.53125,0.6913580298423767,1.21875,michael christmas
Jordan Sears,PG,LSU,32.0,26.03125,12.25,2.78125,2.46875,1.53125,0.1875,1.84375,9.84375,0.3777777850627899,3.40625,0.8715596199035645,2.1875,jordan sears
Jj Vaughn,ATH,CIU,4.0,16.25,12.25,1.0,0.5,0.0,0.0,3.25,9.0,0.4722222089767456,0.5,1.0,1.0,jj vaughn
Noel Brown,C,SBU,34.0,31.029411,12.235294,5.2941175,1.117647,0.5,0.5294118,0.11764706,8.382353,0.5649122595787048,3.3529413,0.7894737124443054,1.7941177,noel brown
Mickey Pearson Jr.,SF,BALL,31.0,29.290323,12.225806,5.548387,1.0645162,0.41935483,0.48387095,1.3548387,8.741936,0.42804428935050964,4.032258,0.8399999737739563,1.2903225,mickey pearson jr
Micah Thomas,PG,NWST,33.0,26.30303,12.212121,1.9090909,1.4242424,0.90909094,0.0,2.0,9.575758,0.42405062913894653,2.3030303,0.9078947305679321,1.4848485,micah thomas
Tre Carroll,SF,XAV,34.0,22.147058,12.205882,5.2058825,1.5588236,0.7647059,1.0,0.7647059,8.764706,0.5234899520874023,3.0,0.7549019455909729,1.2941177,tre carroll
Sincere Parker,PG,MEM,34.0,19.735294,12.205882,2.4705882,0.5294118,0.7647059,0.23529412,1.0882353,10.088235,0.43731778860092163,2.7941177,0.821052610874176,0.8235294,sincere parker
Dane Erikstrup,SF,WSU,34.0,26.147058,12.205882,4.2647057,1.617647,1.0294118,0.8235294,1.7941177,8.764706,0.4899328947067261,2.4117646,0.7560975551605225,1.7352941,dane erikstrup
Joe Anderson,PG,LIP,35.0,32.228573,12.2,3.5714285,3.9142857,2.3428571,0.2,2.2285714,9.3714285,0.4664634168148041,1.5142857,0.8113207817077637,1.5142857,joe anderson
Raekwon Horton,SF,UTSA,25.0,34.44,12.2,5.92,1.6,1.76,0.24,0.68,8.56,0.4719626307487488,4.12,0.8349514603614807,1.64,raekwon horton
Jaha Jackson,C,EAWE,5.0,36.8,12.2,2.8,2.0,2.2,0.0,0.4,17.0,0.2705882489681244,5.6,0.4642857015132904,4.4,jaha jackson
Josue Grullon,PG,LAS,32.0,19.625,12.1875,3.65625,0.65625,0.75,0.125,2.25,10.375,0.40060240030288696,2.03125,0.800000011920929,0.75,josue grullon
Justin Hohn,PG,UCI,38.0,30.526316,12.184211,3.1842105,3.8157895,1.4473684,0.02631579,1.9736842,10.947369,0.38461539149284363,2.368421,0.7555555701255798,2.7368422,justin hohn
Duncan Powell,SF,PROV,33.0,29.484848,12.181818,5.3939395,0.7878788,0.6363636,0.42424244,1.6060606,9.272727,0.44117647409439087,3.4848485,0.686956524848938,1.1818181,duncan powell
Myles Rigsby,PG,TLSA,33.0,28.121212,12.181818,4.121212,1.3939394,1.4545455,0.6060606,0.6666667,7.878788,0.45769229531288147,5.3939395,0.7977527976036072,2.2121212,myles rigsby
Abou Ousmane,SF,OKST,34.0,22.588236,12.176471,5.2058825,0.7058824,1.0,1.0294118,0.5,8.764706,0.5033556818962097,3.9117646,0.7293233275413513,1.6764706,abou ousmane
Zek Montgomery,PG,BRAD,34.0,29.882353,12.176471,2.735294,1.7647059,0.7941176,0.2647059,1.4117647,10.205882,0.4438040256500244,2.1470587,0.7945205569267273,1.4411764,zek montgomery
J'Vonne Hadley,PG,LOU,35.0,33.114285,12.171429,7.3142858,1.8285714,0.71428573,0.22857143,0.9142857,8.542857,0.5183946490287781,3.1142857,0.7706422209739685,1.5714285,j vonne hadley
Mackenzie Mgbako,SF,TA&M,32.0,25.125,12.15625,4.5625,1.0625,0.3125,0.46875,1.46875,9.9375,0.4371069073677063,2.46875,0.8101266026496887,1.1875,mackenzie mgbako
Kentrell Pullian,PG,MILW,32.0,26.96875,12.15625,5.125,1.5625,1.3125,0.15625,1.46875,8.8125,0.45035460591316223,3.46875,0.792792797088623,1.5625,kentrell pullian
Amahrie Simpkins,PG,MORG,26.0,27.26923,12.153846,4.4615383,2.1538463,0.84615386,0.61538464,0.34615386,8.961538,0.557939887046814,3.1923077,0.5662650465965271,2.3461537,amahrie simpkins
Jaron Rillie,PG,UNCO,35.0,32.54286,12.142858,5.571429,4.6285715,1.0,0.08571429,1.5142857,9.142858,0.484375,2.142857,0.8266666531562805,1.8285714,jaron rillie
Jase Richardson,PG,MSU,36.0,25.277779,12.138889,3.3055556,1.8888888,0.8333333,0.30555555,1.3055556,8.111111,0.4931506812572479,3.3888888,0.8360655903816223,0.8333333,jase richardson
Myles Che,PG,UNLV,38.0,28.447369,12.131579,2.4210527,2.7631578,0.7105263,0.02631579,1.4210526,9.184211,0.40114614367485046,3.9736843,0.8410596251487732,2.4736843,myles che
Colby Garland,PG,SJSU,32.0,29.375,12.125,2.78125,4.375,0.90625,0.0625,0.71875,8.5625,0.46715328097343445,4.0,0.8515625,1.9375,colby garland
Jordan Wood,SF,STET,32.0,26.875,12.09375,3.8125,1.46875,0.875,0.6875,1.84375,8.84375,0.45229682326316833,2.71875,0.8275862336158752,1.5,jordan wood
Sean Craig,SF,TOL,32.0,32.0,12.09375,7.65625,1.8125,1.09375,0.40625,1.75,9.71875,0.4308681786060333,2.59375,0.759036123752594,1.46875,sean craig
Terri Miller Jr.,SF,PRST,32.0,21.46875,12.09375,5.53125,2.0,1.5625,0.375,0.53125,9.46875,0.5148515105247498,2.65625,0.6823529601097107,1.84375,terri miller jr
Tony Osburn,PG,OMA,34.0,27.205883,12.088235,3.3529413,1.382353,1.0,0.029411765,2.1764705,8.705882,0.43918919563293457,2.6470587,0.855555534362793,0.8235294,tony osburn
Paulius Murauskas,SF,SMC,35.0,27.028572,12.085714,7.6857142,1.3428571,0.62857145,0.4,0.94285715,9.771428,0.44736841320991516,3.2285714,0.7433628439903259,1.2285714,paulius murauskas
Zaire Williams,PG,MER,26.0,30.807692,12.076923,3.9615386,1.9230769,1.7692307,0.07692308,1.9615384,10.692307,0.3884892165660858,2.6153846,0.6911764740943909,1.6923077,zaire williams
Dre Bullock,PG,HAW,30.0,22.8,12.066667,3.6,1.6,1.4333333,0.53333336,1.3666667,8.433333,0.4387351870536804,4.366667,0.7557252049446106,1.5,dre bullock
Cliff Davis,PG,JMU,30.0,30.566668,12.066667,4.5333333,2.0333333,1.1,0.1,3.2666667,11.066667,0.3825301229953766,0.56666666,0.5882353186607361,1.1666666,cliff davis
Jordan Stiemke,PG,L-MD,31.0,28.903225,12.064516,3.6774194,1.032258,0.9677419,1.032258,1.967742,10.4838705,0.4061538577079773,2.0,0.7903226017951965,1.2580645,jordan stiemke
Trae Broadnax,PG,RICE,32.0,30.59375,12.0625,5.125,4.1875,0.625,0.1875,0.65625,9.8125,0.4012738764286041,4.75,0.7434210777282715,2.4375,trae broadnax
Christian Ings,PG,NORF,33.0,27.636364,12.060606,2.090909,3.2121212,0.8181818,0.060606062,1.060606,8.484848,0.4892857074737549,3.6666667,0.7355371713638306,2.2727273,christian ings
Camryn Weston,PG,MTSU,34.0,28.0,12.058824,3.8235295,3.4705882,1.117647,0.0882353,1.0882353,10.058824,0.4152046740055084,3.4705882,0.7542372941970825,2.0294118,camryn weston
Jaden Bradley,PG,ARIZ,37.0,34.10811,12.054054,3.3783784,3.7027028,1.7567568,0.08108108,0.6756757,9.135135,0.4674556255340576,3.4324324,0.8267716765403748,1.8918918,jaden bradley
Jaden Wells,PG,UTA,27.0,26.74074,12.037037,2.8888888,1.3333334,1.1851852,0.074074075,2.7037036,10.333333,0.3906809985637665,1.5555556,0.8095238208770752,1.5555556,jaden wells
Sebastian Robinson,PG,NJIT,29.0,32.96552,12.034483,3.413793,3.413793,0.79310346,0.27586207,0.4827586,12.655172,0.346049040555954,3.7586207,0.7431192398071289,2.8965516,sebastian robinson
JaVaughn Hannah,PG,SJSU,30.0,28.466667,12.033334,4.133333,1.5333333,1.3333334,0.2,1.0,10.966666,0.4224924147129059,2.3666666,0.7464788556098938,1.0333333,javaughn hannah
Jamiya Neal,PG,CREI,36.0,34.25,12.027778,6.138889,4.388889,0.8888889,0.5833333,1.3333334,10.444445,0.44680851697921753,2.3611112,0.5764706134796143,2.3611112,jamiya neal
Joseph Pinion,PG,USF,36.0,25.75,12.0,4.138889,1.3611112,1.1944444,0.6944444,2.3611112,9.194445,0.4290030300617218,1.9722222,0.8873239159584045,0.9444444,joseph pinion
Khristian Lander,PG,WKU,28.0,26.0,12.0,3.7857144,1.7857143,1.1785715,0.14285715,1.7142857,10.285714,0.4097222089767456,2.3214285,0.800000011920929,1.2142857,khristian lander
Ryder Hsiung,PG,WLMT,1.0,24.0,12.0,1.0,0.0,1.0,0.0,2.0,8.0,0.625,0.0,0.0,0.0,ryder hsiung
Scott Ruegg,PG,COLC,1.0,35.0,12.0,1.0,1.0,2.0,0.0,2.0,13.0,0.38461539149284363,0.0,0.0,0.0,scott ruegg
Beau Cervantes,PG,SCHR,2.0,21.0,12.0,1.5,1.5,0.5,0.0,4.0,9.0,0.4444444477558136,0.0,0.0,2.5,beau cervantes
Antonio Puaauli-Pelham,SF,FVSU,1.0,15.0,12.0,4.0,0.0,0.0,0.0,4.0,7.0,0.5714285969734192,0.0,0.0,0.0,antonio puaauli pelham
Gene Noble,SF,WLDF,1.0,35.0,12.0,6.0,0.0,0.0,0.0,4.0,7.0,0.5714285969734192,0.0,0.0,1.0,gene noble
Blessed Mbogo,SF,GLDT,1.0,26.0,12.0,2.0,0.0,2.0,0.0,0.0,11.0,0.1818181872367859,10.0,0.800000011920929,1.0,blessed mbogo
Asher Nofziger,SF,COLC,1.0,26.0,12.0,4.0,1.0,0.0,0.0,2.0,13.0,0.38461539149284363,2.0,0.0,4.0,asher nofziger
Isaiah Moses,PG,EWU,34.0,26.382353,12.0,1.9411764,3.0,0.7941176,0.029411765,1.7058823,9.8529415,0.41492536664009094,2.264706,0.9350649118423462,1.8529412,isaiah moses
Jarvis Moss,PG,MOBL,1.0,19.0,12.0,0.0,1.0,1.0,0.0,4.0,10.0,0.4000000059604645,0.0,0.0,3.0,jarvis moss
Antonio Lewis,PG,DS,1.0,23.0,12.0,2.0,0.0,0.0,0.0,2.0,11.0,0.3636363744735718,2.0,1.0,2.0,antonio lewis
Matt Compas,PG,IUIN,1.0,31.0,12.0,9.0,1.0,4.0,0.0,0.0,17.0,0.3529411852359772,0.0,0.0,2.0,matt compas
Jack Keller,PG,MNTT,2.0,28.5,12.0,2.5,1.5,0.0,0.0,2.0,11.5,0.43478259444236755,0.0,0.0,1.0,jack keller
Jackson Ruelke,SF,THMC,1.0,26.0,12.0,5.0,2.0,0.0,0.0,1.0,10.0,0.4000000059604645,4.0,0.75,1.0,jackson ruelke
Deshawn Ford,ATH,VTSL,1.0,16.0,12.0,0.0,1.0,1.0,0.0,0.0,10.0,0.5,7.0,0.2857142984867096,1.0,deshawn ford
Tyree Bracey,ATH,MSC,3.0,32.0,12.0,5.6666665,0.6666667,0.6666667,1.3333334,2.6666667,8.0,0.5416666865348816,1.0,0.6666666865348816,2.6666667,tyree bracey
Evan Wiehe,ATH,RDPH,1.0,27.0,12.0,2.0,4.0,1.0,0.0,3.0,11.0,0.3636363744735718,2.0,0.5,0.0,evan wiehe
Timothy James Jr.,ATH,RDPH,1.0,16.0,12.0,3.0,0.0,0.0,0.0,3.0,6.0,0.5,3.0,1.0,2.0,timothy james jr
Derrick Miller,PG,CLRY,1.0,34.0,12.0,3.0,2.0,0.0,0.0,2.0,9.0,0.4444444477558136,2.0,1.0,3.0,derrick miller
Parker Applegate,PG,CARK,1.0,30.0,12.0,5.0,1.0,1.0,2.0,0.0,6.0,0.5,10.0,0.6000000238418579,0.0,parker applegate
Cody Aquino,PG,ULV,2.0,23.5,12.0,2.5,1.0,0.5,0.0,1.5,10.5,0.4285714328289032,2.5,0.6000000238418579,1.5,cody aquino
Josh Sangalli,SF,BOYC,1.0,29.0,12.0,5.0,1.0,1.0,0.0,1.0,16.0,0.3125,1.0,1.0,3.0,josh sangalli
Noah Gathings,PG,EARL,1.0,11.0,12.0,4.0,1.0,0.0,0.0,3.0,9.0,0.3333333432674408,4.0,0.75,1.0,noah gathings
Amaru Grosvenor,ATH,COGA,1.0,16.0,12.0,0.0,0.0,1.0,0.0,2.0,4.0,0.5,10.0,0.6000000238418579,5.0,amaru grosvenor
Cordell Stinson,ATH,DSSU,1.0,20.0,12.0,5.0,0.0,0.0,1.0,1.0,8.0,0.625,1.0,1.0,0.0,cordell stinson
Shedrach Makanjuola,ATH,MRCY,1.0,26.0,12.0,3.0,0.0,4.0,2.0,1.0,9.0,0.4444444477558136,4.0,0.75,2.0,shedrach makanjuola
Dalton Kramer,PG,CBVU,1.0,22.0,12.0,6.0,3.0,0.0,0.0,2.0,11.0,0.4545454680919647,0.0,0.0,1.0,dalton kramer
Ryan Rubenskas,ATH,WUUT,1.0,26.0,12.0,7.0,1.0,0.0,2.0,0.0,13.0,0.4615384638309479,0.0,0.0,2.0,ryan rubenskas
Parker Christensen,ATH,WUUT,1.0,38.0,12.0,6.0,7.0,1.0,0.0,1.0,13.0,0.3076923191547394,5.0,0.6000000238418579,2.0,parker christensen
Jaxon Nap,ATH,SEAP,1.0,31.0,12.0,12.0,1.0,1.0,1.0,0.0,10.0,0.5,2.0,1.0,4.0,jaxon nap
Jabari Sawyer,ATH,SMMN,1.0,24.0,12.0,4.0,1.0,1.0,0.0,1.0,8.0,0.375,5.0,1.0,2.0,jabari sawyer
Nehemiah Boykins,PG,HSKL,1.0,24.0,12.0,5.0,0.0,0.0,0.0,1.0,10.0,0.4000000059604645,5.0,0.6000000238418579,3.0,nehemiah boykins
Amari Jamison,PG,FISH,1.0,25.0,12.0,4.0,3.0,3.0,1.0,0.0,10.0,0.5,4.0,0.5,3.0,amari jamison
Kai Parris,ATH,LHMN,1.0,33.0,12.0,3.0,0.0,1.0,1.0,0.0,15.0,0.20000000298023224,6.0,1.0,1.0,kai parris
Lawrence Cole,ATH,MNTT,2.0,18.0,12.0,3.0,0.5,0.0,0.0,0.0,8.5,0.47058823704719543,4.5,0.8888888955116272,0.5,lawrence cole
Corey Baldwin,ATH,CAIR,2.0,26.5,12.0,2.5,1.0,0.5,0.0,2.0,11.0,0.40909090638160706,1.5,0.6666666865348816,4.0,corey baldwin
Alejandro Cybak,SF,CHC,1.0,29.0,12.0,4.0,0.0,1.0,0.0,1.0,9.0,0.5555555820465088,2.0,0.5,0.0,alejandro cybak
Tahj-Malik Campbell,ATH,NNMC,3.0,27.333334,12.0,5.0,2.3333333,1.6666666,1.0,0.33333334,9.666667,0.4482758641242981,3.6666667,0.8181818127632141,2.3333333,tahj malik campbell
Trevon Ragland,ATH,MGA,1.0,21.0,12.0,2.0,0.0,0.0,0.0,0.0,13.0,0.3076923191547394,6.0,0.6666666865348816,0.0,trevon ragland
Jasiya Dedllos,ATH,CHAD,1.0,23.0,12.0,2.0,0.0,1.0,0.0,1.0,6.0,0.8333333134651184,1.0,1.0,1.0,jasiya dedllos
Zachary Hill,ATH,PSF,1.0,33.0,12.0,2.0,3.0,1.0,2.0,3.0,8.0,0.5,3.0,0.3333333432674408,4.0,zachary hill
Khalyl Simmons,ATH,WINT,1.0,26.0,12.0,3.0,1.0,0.0,0.0,2.0,13.0,0.38461539149284363,0.0,0.0,1.0,khalyl simmons
Johnell Davis,PG,ARK,34.0,31.647058,11.970589,3.4117646,1.5882353,1.4411764,0.1764706,1.6764706,10.029411,0.39002931118011475,2.8529413,0.8659793734550476,1.4705882,johnell davis
Omar Croskey,PG,SCST,33.0,23.757576,11.969697,3.7575758,1.3030303,1.3333334,0.18181819,1.8484849,9.757576,0.4161490797996521,2.7272727,0.7333333492279053,1.2121212,omar croskey
Nate Lliteras,PG,UNF,32.0,29.46875,11.96875,5.34375,1.21875,0.71875,1.15625,1.6875,8.90625,0.45964911580085754,2.8125,0.7444444298744202,0.96875,nate lliteras
Tyreese Watson,PG,UTEP,30.0,32.766666,11.966666,3.3,4.3,1.6666666,0.1,0.56666666,9.633333,0.3771626353263855,5.1666665,0.800000011920929,2.5333333,tyreese watson
Ian Jackson,PG,SJU,36.0,23.805555,11.944445,2.6944444,0.8888889,0.5555556,0.19444445,1.6666666,9.194445,0.45619335770606995,2.6111112,0.7234042286872864,1.2222222,ian jackson
Joson Sanon,PG,SJU,27.0,28.25926,11.925926,3.4444444,1.037037,0.5185185,0.25925925,1.6666666,10.185185,0.42181816697120667,2.3333333,0.7142857313156128,1.4444444,joson sanon
Brian Taylor II,PG,ETSU,34.0,31.17647,11.911765,4.0588236,2.8823528,0.8235294,0.20588236,1.1764706,8.8529415,0.485049843788147,2.9411764,0.7300000190734863,2.0882354,brian taylor ii
Kobe Julien,SF,ARST,32.0,28.40625,11.90625,5.34375,1.53125,1.375,0.71875,1.125,10.09375,0.3900928795337677,4.03125,0.7209302186965942,1.8125,kobe julien
Cameron Shockley-Okeke,SF,HOW,32.0,25.9375,11.90625,3.34375,1.0625,0.40625,0.34375,2.46875,8.875,0.4542253613471985,2.09375,0.6567164063453674,1.3125,cameron shockley okeke
Coltie Young,PG,ULM,32.0,31.09375,11.90625,3.125,1.4375,0.75,0.25,2.6875,10.4375,0.40419161319732666,1.09375,0.7142857313156128,1.65625,coltie young
Jalen Cox,PG,COLG,31.0,28.870968,11.903226,4.419355,3.903226,1.6451613,0.16129032,0.6451613,8.967742,0.5035971403121948,2.8709676,0.7752808928489685,2.7741935,jalen cox
Will Johnston,PG,RICH,32.0,28.78125,11.875,2.1875,3.15625,0.78125,0.03125,2.125,9.5625,0.40522876381874084,2.28125,0.8767123222351074,1.21875,will johnston
Daniel Rivera,SF,UAB,29.0,28.551723,11.862069,7.448276,1.7931035,1.2068965,1.4482758,0.1724138,10.034483,0.44329896569252014,5.0689654,0.5510203838348389,1.5172414,daniel rivera
Izaiah Pasha,PG,VT,34.0,29.794117,11.8529415,4.1764708,3.8823528,0.8235294,0.5882353,0.5588235,8.6470585,0.5170068144798279,3.0588236,0.7692307829856873,2.6470587,izaiah pasha
Harold Woods,PG,UIW,32.0,32.34375,11.84375,7.21875,2.4375,1.09375,0.0625,0.59375,10.71875,0.4577259421348572,2.65625,0.5411764979362488,2.125,harold woods
Tyler Harris,SF,VAN,30.0,30.666666,11.833333,5.0,0.36666667,0.93333334,1.0666667,1.5,8.8,0.49242424964904785,2.4,0.6944444179534912,1.0,tyler harris
Chibuzo Agbo,PG,USC,33.0,32.21212,11.818182,4.4848485,1.2121212,1.0,0.15151516,2.3030303,9.060606,0.41137123107910156,2.3939395,0.8607594966888428,1.1818181,chibuzo agbo
Kooper Jacobi,SF,EIU,31.0,33.51613,11.806452,8.935484,1.9032258,1.0967742,0.4516129,1.032258,10.4838705,0.4307692348957062,2.483871,0.701298713684082,0.9677419,kooper jacobi
Nate Kingz,PG,SYR,31.0,27.612904,11.774194,2.516129,1.8064516,0.8064516,0.4516129,1.8709677,7.806452,0.5041322112083435,2.483871,0.8181818127632141,0.8064516,nate kingz
Matt Cross,SF,SMU,34.0,29.5,11.764706,7.647059,1.6764706,1.2352941,0.5588235,1.5294118,8.617647,0.4846416413784027,2.6764705,0.7032967209815979,1.617647,matt cross
Kenny Pohto,SF,UCSB,34.0,25.67647,11.764706,6.1764708,1.5882353,0.5294118,0.3529412,0.0,7.382353,0.6215139627456665,3.8529413,0.6717557311058044,1.9705882,kenny pohto
Daniel Rouzan,SF,BCU,33.0,27.09091,11.757576,5.4848485,0.6060606,0.15151516,0.7878788,0.24242425,8.727273,0.5555555820465088,2.7878788,0.6521739363670349,1.7575758,daniel rouzan
Jamaine Mann,PG,GWEB,30.0,29.0,11.733334,4.733333,1.5,0.46666667,0.3,0.43333334,8.1,0.5267489552497864,4.233333,0.6535432934761047,2.1333334,jamaine mann
Marcus Kell,SF,WCU,30.0,24.9,11.733334,5.4666667,0.6666667,0.5,0.8666667,1.4666667,8.2,0.4593496024608612,3.6333334,0.752293586730957,1.3666667,marcus kell
Ja'Sean Jackson,PG,LAM,33.0,27.818182,11.727273,2.7575758,3.7272727,1.2121212,0.121212125,1.4242424,9.909091,0.4067278206348419,3.0,0.747474730014801,2.1515152,ja sean jackson
KeShawn Murphy,SF,AUB,34.0,23.970589,11.705882,7.352941,1.5882353,0.9117647,1.117647,0.11764706,8.676471,0.5661016702651978,2.8529413,0.6185566782951355,1.5294118,keshawn murphy
Brenen Lorient,SF,WVU,36.0,24.916666,11.694445,4.9444447,1.3611112,0.8611111,1.0833334,0.30555555,7.611111,0.569343090057373,3.7777777,0.720588207244873,1.6944444,brenen lorient
Josh Massey,SF,STET,32.0,25.0625,11.6875,4.875,1.28125,0.40625,0.5,0.625,7.6875,0.5284552574157715,3.71875,0.7899159789085388,1.40625,josh massey
Isaac Jessup,PG,CP,31.0,30.709677,11.67742,3.451613,2.580645,1.548387,0.09677419,3.064516,8.774194,0.45588234066963196,0.8064516,0.7599999904632568,1.2903225,isaac jessup
Kalen Garry,PG,SDST,31.0,28.903225,11.67742,3.935484,2.548387,0.87096775,0.12903225,1.8064516,9.774194,0.41584157943725586,2.387097,0.7297297120094299,1.6451613,kalen garry
Jaeden Zackery,PG,CLEM,34.0,35.441177,11.676471,3.3235295,3.1176472,2.0588236,0.0882353,1.2058823,9.1470585,0.4533762037754059,2.6470587,0.8222222328186035,1.5,jaeden zackery
D'Angelo Stoxstill,SF,KCU,3.0,27.0,11.666667,5.0,0.33333334,0.6666667,0.0,0.33333334,8.0,0.625,1.6666666,0.800000011920929,1.0,d angelo stoxstill
Diego Fernandez,PG,TCJ,3.0,28.333334,11.666667,2.3333333,2.0,2.0,0.0,1.0,11.333333,0.29411765933036804,4.6666665,0.8571428656578064,2.3333333,diego fernandez
Tyon Thompson,ATH,SUNO,3.0,29.666666,11.666667,2.6666667,3.3333333,2.0,0.0,2.3333333,8.333333,0.4399999976158142,3.3333333,0.6000000238418579,3.3333333,tyon thompson
Kaleb Thomas,ATH,TOCC,3.0,22.0,11.666667,1.6666666,1.3333334,1.0,0.33333334,0.6666667,10.666667,0.5,1.0,0.3333333432674408,1.6666666,kaleb thomas
Kyler Filewich,C,WOF,35.0,27.057142,11.657143,9.228572,3.057143,0.71428573,0.54285717,0.0,9.228572,0.5665634870529175,3.7714286,0.3181818127632141,1.5428572,kyler filewich
Jacob Hutson,C,UNI,32.0,23.875,11.65625,4.375,1.75,0.4375,0.5,0.6875,8.28125,0.47547170519828796,4.59375,0.6734693646430969,1.53125,jacob hutson
Giancarlo Rosado,SF,CLT,29.0,29.206896,11.655172,5.793103,3.3448277,0.44827586,0.1724138,0.20689656,7.413793,0.5116279125213623,5.275862,0.7320261597633362,2.3448277,giancarlo rosado
Sheldon Edwards Jr.,PG,LUC,37.0,27.81081,11.648648,3.5945945,2.0270271,0.7297297,0.027027028,2.8648648,9.378378,0.4063400626182556,1.2972972,0.8958333134651184,1.1351352,sheldon edwards jr
Seth Trimble,PG,UNC,34.0,28.67647,11.6470585,4.970588,1.2941177,1.3529412,0.32352942,0.7352941,8.794118,0.42809364199638367,4.117647,0.8214285969734192,1.0588236,seth trimble
Selton Miguel,PG,MD,36.0,28.25,11.638889,1.8888888,1.7777778,1.0,0.19444445,2.0833333,9.833333,0.43220338225364685,1.4166666,0.7450980544090271,0.8888889,selton miguel
Koby Brea,PG,UK,36.0,28.027779,11.638889,3.1944444,1.3333334,0.4722222,0.33333334,2.5833333,8.694445,0.4696485698223114,0.9722222,0.9142857193946838,0.4722222,koby brea
Artese Stapleton,PG,EIU,24.0,29.041666,11.625,3.25,2.7083333,2.0416667,0.125,0.75,9.458333,0.41850221157073975,4.0416665,0.7319587469100952,2.2916667,artese stapleton
Rasheed Jones,PG,CCU,32.0,31.03125,11.625,3.84375,2.0625,0.6875,0.21875,2.0625,10.28125,0.3799391984939575,2.1875,0.800000011920929,1.21875,rasheed jones
Zach Hicks,SF,PSU,31.0,31.741936,11.612904,4.903226,2.0,1.0645162,0.516129,2.387097,7.870968,0.4713114798069,2.2580645,0.800000011920929,0.9032258,zach hicks
Jack Doumbia Jr.,SF,TOW,33.0,23.424242,11.606061,5.6969695,1.8181819,0.969697,0.8181818,0.121212125,8.484848,0.5357142686843872,3.7575758,0.6370967626571655,2.3636363,jack doumbia jr
KJ Younge,PG,CHCC,5.0,24.8,11.6,3.2,1.4,2.0,0.0,1.8,12.2,0.24590164422988892,4.6,0.8260869383811951,3.6,kj younge
Brit Harris,PG,FIU,30.0,24.1,11.6,2.8,2.5333333,0.8666667,0.06666667,1.3666667,8.5,0.4901960790157318,2.1333334,0.890625,1.7,brit harris
Christian Coleman,PG,OKST,37.0,27.486486,11.594595,7.108108,1.4054054,0.8648649,0.7567568,0.0,8.972973,0.5331325531005859,3.0270271,0.6696428656578064,1.3783784,christian coleman
Zavian McLean,PG,FGCU,32.0,29.34375,11.59375,4.1875,1.84375,0.96875,0.21875,1.0625,8.21875,0.5437262654304504,2.5,0.637499988079071,1.15625,zavian mclean
Daniel Ortiz,PG,UNA,34.0,27.911764,11.588235,2.5,0.7941176,1.0882353,0.0882353,2.8529413,11.529411,0.33673468232154846,1.5,0.6470588445663452,0.5,daniel ortiz
Caleb Kenney,SF,HC,31.0,27.67742,11.580646,4.774194,1.4193548,0.7096774,0.9677419,0.0,9.258064,0.5365853905677795,2.612903,0.6296296119689941,2.096774,caleb kenney
Javon Jackson,PG,MUR,31.0,25.516129,11.580646,1.9032258,2.6774194,1.548387,0.09677419,1.3225807,9.870968,0.38235294818878174,3.3225806,0.8155339956283569,2.2258065,javon jackson
Tahaad Pettiford,PG,AUB,38.0,22.894737,11.578947,2.2105262,2.9736843,0.8684211,0.18421052,1.8421053,9.131579,0.4207492768764496,2.5526316,0.8041236996650696,1.6315789,tahaad pettiford
Jordan Gainey,PG,TENN,38.0,27.894737,11.578947,3.3157895,1.8947369,1.0263158,0.36842105,1.2894737,8.894737,0.40532544255256653,3.7894738,0.8125,0.92105263,jordan gainey
Gyasi Powell,PG,LIP,35.0,31.37143,11.571428,3.5428572,1.4857143,1.0,0.057142857,2.2285714,9.4,0.4133738577365875,1.6857142,0.9322034120559692,0.85714287,gyasi powell
Zion Fruster,PG,EIU,28.0,29.75,11.571428,3.0714285,1.1785715,1.0357143,0.071428575,1.2857143,10.214286,0.4055944085121155,2.607143,0.767123281955719,1.6428572,zion fruster
Elijah Lewis,PG,MRST,30.0,30.733334,11.566667,5.0333333,2.0,0.73333335,0.36666667,0.8666667,9.466666,0.40492957830429077,3.6666667,0.8272727131843567,1.6333333,elijah lewis
Lu'Cye Patterson,PG,MINN,32.0,33.25,11.5625,3.5625,3.25,0.90625,0.25,1.15625,10.875,0.36781609058380127,3.25,0.7403846383094788,1.25,lu cye patterson
Chris Walker,PG,UIC,32.0,30.9375,11.5625,3.96875,2.21875,0.78125,0.3125,1.71875,8.71875,0.4516128897666931,2.6875,0.7325581312179565,2.1875,chris walker
Drake Dobbs,PG,STMN,34.0,28.852942,11.558824,2.6764705,3.7058823,0.5882353,0.05882353,1.2647059,6.9117646,0.5191489458084106,3.6176472,0.8617886304855347,1.0588236,drake dobbs
Javon Bennett,PG,DAY,34.0,30.970589,11.558824,2.6764705,2.1470587,1.5294118,0.20588236,2.0882354,9.294118,0.43670886754989624,1.7058823,0.7931034564971924,1.0882353,javon bennett
Nick Kern Jr.,PG,PSU,31.0,25.612904,11.548388,5.032258,2.3225806,1.1290323,0.38709676,0.16129032,7.612903,0.5762711763381958,3.8709676,0.675000011920929,1.7419355,nick kern jr
Ahmad Henderson II,PG,UIC,31.0,24.548388,11.548388,2.6774194,2.612903,1.2258065,0.0,1.3225807,8.419354,0.40229883790016174,3.8387096,0.8991596698760986,1.8709677,ahmad henderson ii
Alex Crawford,SF,URI,30.0,32.6,11.533334,4.266667,1.3,0.96666664,0.8,0.6666667,9.233334,0.4909747242927551,2.5666666,0.701298713684082,2.1,alex crawford
Jalyke Gaines-Wyatt,PG,HAMP,30.0,28.666666,11.533334,2.1666667,2.9666667,0.9,0.06666667,1.0666667,10.366667,0.3697749078273773,3.6,0.7777777910232544,2.4666667,jalyke gaines wyatt
Lynn Kidd,C,MIA,27.0,28.925926,11.518518,7.0740743,1.4074074,0.4074074,0.6296296,0.0,7.4444447,0.6616915464401245,2.148148,0.7758620977401733,1.3703704,lynn kidd
Dwayne Koroma,SF,CONN,31.0,28.32258,11.5161295,7.193548,1.967742,1.3548387,0.22580644,0.16129032,6.870968,0.7136150002479553,3.2903225,0.47058823704719543,2.548387,dwayne koroma
Marcus Hill,PG,TA&M,31.0,27.483871,11.5161295,3.8709676,1.5806452,0.7419355,0.06451613,0.2580645,10.032258,0.4533762037754059,2.8709676,0.7528089880943298,0.9677419,marcus hill
Joe Pridgen,PG,MONT,35.0,27.742857,11.514286,6.8285713,1.2857143,0.85714287,0.71428573,0.14285715,7.857143,0.6327272653579712,2.4857142,0.5747126340866089,1.4,joe pridgen
Robert Wright III,PG,BYU,35.0,29.37143,11.514286,2.0857143,4.2285714,1.0,0.057142857,0.8857143,10.0,0.41428571939468384,2.942857,0.7961165308952332,2.057143,robert wright iii
Alvaro Cardenas,PG,BOIS,37.0,34.81081,11.513514,3.1351352,6.918919,1.4054054,0.054054055,1.4594594,9.162162,0.42182889580726624,3.0270271,0.7678571343421936,2.4594595,alvaro cardenas
Marquis Eskew,PG,NCW,2.0,20.5,11.5,0.5,3.0,1.0,0.0,0.5,10.0,0.44999998807907104,3.5,0.5714285969734192,2.5,marquis eskew
Justin Neely,SF,UNCG,30.0,25.6,11.5,7.133333,1.5,0.7,0.16666667,0.23333333,8.6,0.4922480583190918,3.5666666,0.7850467562675476,1.3333334,justin neely
Khamari McGriff,SF,KSU,34.0,19.235294,11.5,4.0,0.6764706,0.38235295,1.1470588,0.05882353,7.4117646,0.6507936716079712,2.5882354,0.6931818127632141,0.9705882,khamari mcgriff
AJ Smith,PG,TEM,30.0,25.433332,11.5,3.1333334,0.8666667,0.6666667,0.033333335,0.6333333,9.433333,0.4310953915119171,3.6333334,0.752293586730957,1.1333333,aj smith
Fisher Darden,PG,PDMT,2.0,22.5,11.5,3.5,1.0,0.5,1.0,1.0,11.0,0.4545454680919647,0.5,1.0,1.5,fisher darden
Elijah Castillo,PG,SNYO,2.0,27.0,11.5,3.5,2.0,1.0,0.0,0.0,8.5,0.4117647111415863,7.0,0.6428571343421936,4.0,elijah castillo
Ashton Campbell,PG,WILC,2.0,28.0,11.5,3.5,0.0,1.5,0.0,2.0,11.5,0.3913043439388275,1.0,0.5,0.5,ashton campbell
Samuel Aslesen,SF,DWU,2.0,19.0,11.5,4.5,1.0,1.0,0.0,2.5,8.5,0.4117647111415863,2.0,1.0,2.0,samuel aslesen
Joshua Blackmon,PG,CHEY,4.0,24.5,11.5,2.0,1.5,1.0,0.75,1.75,9.25,0.4864864945411682,1.5,0.5,5.0,joshua blackmon
Shad Vander Hart,SF,BOBJ,2.0,27.5,11.5,2.5,2.5,2.5,0.0,2.5,10.0,0.3499999940395355,3.0,0.6666666865348816,2.0,shad vander hart
Lou Bellamy,SF,HOUG,2.0,29.0,11.5,8.5,0.5,0.0,0.0,0.5,11.5,0.260869562625885,7.0,0.7142857313156128,2.0,lou bellamy
Isaiah Marin,ATH,WNMU,2.0,27.0,11.5,4.5,2.5,1.0,0.0,2.5,12.5,0.36000001430511475,0.0,0.0,3.5,isaiah marin
Jovan Young,PG,NOB,2.0,33.0,11.5,1.5,2.0,3.5,0.0,1.5,13.0,0.3461538553237915,1.5,0.6666666865348816,3.0,jovan young
Tylan Harris,PG,TRCC,2.0,30.0,11.5,1.5,2.0,0.5,0.0,3.0,11.0,0.3636363744735718,1.0,0.5,1.0,tylan harris
Trey Sinegal,ATH,TWES,2.0,32.0,11.5,3.5,1.0,2.0,0.0,1.5,11.0,0.3636363744735718,2.0,1.0,3.0,trey sinegal
Jadakiss Lewis,PG,AQUI,2.0,19.0,11.5,3.5,1.0,1.5,0.0,1.5,11.0,0.40909090638160706,1.0,1.0,0.5,jadakiss lewis
Jack Voth,ATH,WRNR,2.0,29.0,11.5,3.5,1.5,0.5,0.0,0.5,13.5,0.3333333432674408,3.5,0.5714285969734192,1.5,jack voth
Isaiah Coleman,ATH,CAIR,2.0,27.5,11.5,6.5,1.0,0.5,0.0,2.5,12.5,0.36000001430511475,0.0,0.0,1.0,isaiah coleman
Byron Fields,ATH,SWA,2.0,33.0,11.5,4.0,2.0,1.0,1.0,2.0,10.0,0.30000001192092896,4.0,0.875,3.5,byron fields
Jaden House,PG,URI,31.0,27.483871,11.4838705,3.064516,1.3870968,0.48387095,0.09677419,0.7096774,8.451612,0.45038166642189026,3.8709676,0.8166666626930237,1.7741935,jaden house
Ray Harrison,PG,GCU,34.0,31.558823,11.470589,2.7058823,2.8529413,1.0882353,0.1764706,1.1470588,9.176471,0.4006410241127014,3.3823528,0.8782608509063721,1.7058823,ray harrison
Asher Woods,PG,TULN,34.0,28.441177,11.470589,2.5,2.4117646,0.9411765,0.05882353,1.2352941,9.029411,0.423452764749527,3.0294118,0.8543689250946045,1.0588236,asher woods
Milan Momcilovic,SF,ISU,28.0,27.5,11.464286,3.2857144,0.9285714,0.39285713,0.25,2.25,9.25,0.4285714328289032,1.5357143,0.8372092843055725,0.89285713,milan momcilovic
Grant Nelson,SF,ALA,37.0,25.45946,11.459459,7.5675673,1.5945946,0.45945945,1.1891892,0.6486486,7.972973,0.5220338702201843,3.7297297,0.6666666865348816,1.8108108,grant nelson
Eddie Lampkin Jr.,C,SYR,33.0,29.90909,11.454545,9.606061,2.121212,0.42424244,0.4848485,0.060606062,7.878788,0.5961538553237915,3.121212,0.6407766938209534,2.1818182,eddie lampkin jr
Dug McDaniel,PG,MEM,32.0,32.25,11.4375,2.78125,4.9375,1.6875,0.0,1.0625,12.0,0.3776041567325592,1.8125,0.7241379022598267,2.65625,dug mcdaniel
Corey Stephenson,PG,FIU,32.0,26.0,11.4375,5.65625,1.125,1.09375,0.21875,0.5,9.6875,0.4516128897666931,2.71875,0.8045976758003235,2.25,corey stephenson
Vasean Allette,PG,UTSA,32.0,29.15625,11.4375,4.125,3.53125,1.3125,0.1875,0.5625,11.90625,0.37532809376716614,2.71875,0.7126436829566956,2.90625,vasean allette
Raysean Seamster,SF,UTA,30.0,25.7,11.433333,4.9333334,1.2,0.96666664,0.7,0.46666667,8.433333,0.529644250869751,4.233333,0.4803149700164795,2.0333333,raysean seamster
Nicolas Louis-Jacques,PG,COLG,33.0,29.0,11.424242,1.7272727,1.3939394,0.75757575,0.33333334,2.030303,9.181818,0.4422442317008972,1.5757576,0.807692289352417,1.4242424,nicolas louis jacques
Viktor Lakhin,C,CLEM,34.0,23.558823,11.411765,6.382353,1.5294118,1.0294118,1.4705882,0.7058824,8.705882,0.5067567825317383,2.7058823,0.695652186870575,1.5294118,viktor lakhin
Marchelus Avery,SF,OKST,32.0,22.34375,11.40625,4.3125,1.3125,0.84375,0.59375,1.75,8.84375,0.4310953915119171,2.8125,0.7222222089767456,1.25,marchelus avery
Aden Holloway,PG,ALA,37.0,21.081081,11.405405,1.918919,1.945946,0.6216216,0.027027028,2.3513513,8.432432,0.46474358439445496,1.5675676,0.7758620977401733,1.1891892,aden holloway
Eric Dailey Jr.,PG,UCLA,33.0,23.60606,11.393939,3.969697,1.3636364,1.2727273,0.15151516,1.030303,8.363636,0.5072463750839233,2.6060605,0.7209302186965942,1.0,eric dailey jr
Perry Smith Jr.,C,KENN,33.0,28.121212,11.393939,6.030303,0.54545456,0.6363636,0.57575756,0.0,7.787879,0.618677020072937,3.1818182,0.5523809790611267,1.939394,perry smith jr
Brayden Fagbemi,PG,UCD,31.0,32.967743,11.387096,4.096774,4.709677,1.483871,0.032258064,1.548387,10.67742,0.37764349579811096,2.1612904,0.8208954930305481,2.483871,brayden fagbemi
Josh Omojafo,PG,USF,34.0,29.970589,11.382353,3.7941177,1.382353,0.5294118,0.29411766,0.8235294,7.7058825,0.442748099565506,4.5882354,0.8141025900840759,1.5882353,josh omojafo
Elijah Hutchins-Everett,C,JMU,32.0,25.03125,11.375,5.90625,0.75,0.53125,0.75,0.375,7.75,0.5282257795333862,3.53125,0.7964601516723633,1.4375,elijah hutchins everett
Milos Uzan,PG,HOU,40.0,31.55,11.375,3.05,4.25,0.9,0.075,1.55,9.55,0.45287957787513733,1.5,0.7833333611488342,1.425,milos uzan
Jaylen Smith,PG,ETSU,32.0,27.53125,11.375,2.125,5.65625,1.28125,0.125,1.9375,9.21875,0.41355931758880615,2.65625,0.6823529601097107,2.6875,jaylen smith
Kristian Gonzalez,PG,IDHO,32.0,25.375,11.375,2.625,1.125,0.53125,0.1875,1.5625,8.875,0.44718310236930847,2.28125,0.8219178318977356,1.0625,kristian gonzalez
Lamont Butler,PG,UK,27.0,26.0,11.37037,2.851852,4.259259,1.5555556,0.22222222,1.0,7.740741,0.49760764837265015,3.6296296,0.7346938848495483,2.0,lamont butler
Dontrez Styles,PG,NCSU,31.0,26.32258,11.354838,5.0,0.4516129,0.3548387,0.9677419,1.6774193,9.5161295,0.4406779706478119,1.8064516,0.7142857313156128,0.9032258,dontrez styles
Wesley Robinson,PG,MAN,31.0,29.612904,11.354838,6.193548,1.8387097,0.67741936,0.516129,1.3225807,8.32258,0.44961240887641907,3.096774,0.8229166865348816,1.4193548,wesley robinson
Juwan Maxey,PG,BALL,34.0,26.32353,11.3529415,2.3823528,2.1764705,0.7352941,0.05882353,2.2058823,8.882353,0.3708609342575073,3.2941177,0.7767857313156128,1.117647,juwan maxey
Markhi Strickland,PG,NDSU,32.0,29.9375,11.34375,3.875,1.28125,1.1875,0.25,0.25,9.90625,0.47949525713920593,3.3125,0.4811320900917053,1.65625,markhi strickland
Isaiah Johnson,SF,PRST,32.0,30.5625,11.34375,5.125,1.15625,1.0625,0.5625,0.71875,8.0625,0.5310077667236328,3.15625,0.6534653306007385,1.46875,isaiah johnson
Erik Timko,PG,DEL,35.0,29.714285,11.342857,4.3714285,1.8571428,0.5714286,0.25714287,1.8571428,7.6285715,0.45318353176116943,2.9142857,0.8823529481887817,0.94285715,erik timko
Dylan Arnett,SF,UNT,36.0,28.5,11.333333,7.0833335,1.5555556,0.7777778,1.2777778,0.0,7.888889,0.6161971688270569,2.6666667,0.6041666865348816,1.5833334,dylan arnett
Trey Campbell,PG,UNI,33.0,29.545454,11.333333,4.242424,2.969697,1.3939394,0.54545456,2.1818182,9.636364,0.4150943458080292,1.4242424,0.8085106611251831,1.5757576,trey campbell
Albert Matute,SF,LPU,6.0,24.666666,11.333333,2.3333333,0.33333334,0.33333334,0.16666667,0.8333333,10.666667,0.375,3.0,0.8333333134651184,2.0,albert matute
Makhi Jones,PG,PSUS,3.0,23.666666,11.333333,2.0,0.6666667,1.0,0.0,2.0,7.3333335,0.5454545617103577,2.0,0.6666666865348816,3.6666667,makhi jones
Tre Donaldson,PG,MIA,37.0,31.135136,11.324325,3.5405405,4.081081,1.0,0.13513513,1.7027028,9.2972975,0.43313953280448914,2.2702703,0.6904761791229248,2.1891892,tre donaldson
Miles Kelly,PG,AUB,38.0,28.263159,11.315789,3.6842105,1.0789474,1.0263158,0.39473686,2.3157895,9.131579,0.4063400626182556,1.7368422,0.9090909361839294,0.8684211,miles kelly
Gavin Doty,PG,SIE,32.0,28.0625,11.3125,6.0625,1.4375,1.15625,0.0,0.46875,8.0625,0.4922480583190918,3.625,0.8017241358757019,0.96875,gavin doty
Baba Miller,SF,CIN,34.0,29.970589,11.294118,6.970588,2.7058823,0.7941176,1.7058823,1.1470588,8.529411,0.48620688915252686,2.8823528,0.6428571343421936,1.9117647,baba miller
Michael Jacobs,PG,SOU,31.0,22.64516,11.290322,2.580645,2.7741935,1.0645162,0.12903225,0.3548387,9.064516,0.41992881894111633,4.774194,0.6959459185600281,1.967742,michael jacobs
AJ McKee,PG,MILW,32.0,29.78125,11.28125,2.71875,1.65625,1.21875,0.3125,1.21875,9.78125,0.4121405780315399,2.78125,0.7191011309623718,1.5,aj mckee
Pablo Tamba,SF,LSU,32.0,27.59375,11.28125,5.25,1.09375,1.15625,0.75,0.125,7.34375,0.5872340202331543,3.84375,0.6585366129875183,2.28125,pablo tamba
Jalen Lake,PG,CSU,36.0,31.027779,11.277778,2.8611112,2.0277777,0.5277778,0.33333334,1.9166666,9.583333,0.4202898442745209,1.5,0.8703703880310059,1.2777778,jalen lake
Nendah Tarke,PG,TOW,33.0,26.272728,11.272727,4.6060605,1.4242424,1.2727273,0.24242425,1.0909091,9.272727,0.379084974527359,4.787879,0.6582278609275818,1.3636364,nendah tarke
AJ Ferguson,PG,MUR,33.0,35.39394,11.272727,5.818182,1.3939394,1.0,0.4848485,1.1212121,8.151515,0.45724907517433167,3.878788,0.6953125,1.7878788,aj ferguson
Gavin Walsh,SF,UNCW,31.0,32.70968,11.258064,10.935484,1.8709677,0.87096775,0.29032257,0.7096774,8.709678,0.4185185134410858,5.16129,0.6312500238418579,1.8387097,gavin walsh
Shannon Grant,C,JKST,33.0,26.545454,11.242424,5.818182,0.8787879,0.27272728,1.060606,0.0,7.3333335,0.6157024502754211,3.1515152,0.7019230723381042,1.7272727,shannon grant
Caden Pierce,SF,PRIN,29.0,32.482758,11.24138,7.2413793,3.2413793,1.0344827,0.37931034,0.86206895,9.344828,0.46494466066360474,2.586207,0.653333306312561,1.9655173,caden pierce
Robby Carmody,PG,LEM,25.0,25.16,11.24,2.36,1.08,0.88,0.24,1.52,7.68,0.4427083432674408,3.68,0.79347825050354,1.28,robby carmody
Jamie Phillips Jr.,PG,STET,25.0,30.0,11.24,4.24,2.0,0.56,0.08,1.0,8.52,0.4507042169570923,3.6,0.7111111283302307,1.44,jamie phillips jr
Kyler Vanderjagt,PG,TOL,31.0,28.129032,11.225806,2.3225806,1.2258065,0.9354839,0.12903225,1.3225807,8.129032,0.4761904776096344,2.7096775,0.7976190447807312,1.3870968,kyler vanderjagt
Shaquil Bender,PG,LBSU,31.0,31.451612,11.225806,3.548387,2.032258,0.9354839,0.09677419,1.2903225,12.0,0.37365591526031494,1.1290323,0.8571428656578064,1.8064516,shaquil bender
Alex Holt,SF,MER,33.0,26.878788,11.212121,6.848485,1.2121212,0.90909094,0.6969697,0.0,7.848485,0.5830115675926208,3.3636363,0.6126126050949097,1.1212121,alex holt
Brendan Terry,SF,SEMO,33.0,23.121212,11.212121,4.4848485,1.2727273,1.3030303,0.72727275,0.030303031,6.5454545,0.6527777910232544,3.7878788,0.6959999799728394,1.6363636,brendan terry
Nolan Minessale,PG,STMN,34.0,26.294117,11.205882,3.4705882,2.0294118,1.1764706,1.117647,0.5,7.3235292,0.5622490048408508,3.5588236,0.6942148804664612,1.3529412,nolan minessale
Patrick McCaffery,SF,BTLR,35.0,32.285713,11.2,4.257143,1.5714285,0.45714286,0.17142858,2.2,8.657143,0.4323432445526123,1.7714286,0.8548387289047241,0.9714286,patrick mccaffery
MJ Thomas,SF,NOLA,31.0,28.516129,11.193548,7.83871,1.1935484,0.9032258,0.83870965,0.0,8.096774,0.48207172751426697,4.83871,0.699999988079071,1.6129032,mj thomas
LA Pratt,PG,NE,31.0,31.096775,11.193548,3.580645,2.451613,1.3548387,0.06451613,1.3548387,10.580646,0.4298780560493469,1.032258,0.71875,1.451613,la pratt
Masiah Gilyard,PG,TEM,31.0,29.806452,11.193548,7.290323,1.5806452,1.032258,0.2580645,0.7096774,7.774194,0.4979253113269806,3.7741935,0.7264957427978516,1.3225807,masiah gilyard
Trey Thomas,PG,BGSU,26.0,30.307692,11.192307,2.4230769,2.2307692,0.96153843,0.115384616,1.9230769,10.307693,0.3768656849861145,2.0,0.75,1.4230769,trey thomas
Kario Oquendo,PG,SMU,35.0,23.428572,11.171429,3.3142858,1.0285715,0.85714287,0.31428573,1.6571429,7.3428574,0.4941634237766266,2.7714286,0.8144329786300659,0.94285715,kario oquendo
Hayden Gray,PG,UCSD,35.0,32.2,11.171429,3.142857,3.3142858,3.142857,0.22857143,1.8285714,8.771428,0.4788273572921753,1.3714286,0.6875,1.3428571,hayden gray
Taye Fields,PG,UNA,35.0,29.171429,11.171429,8.571428,3.4857142,1.4571428,1.0857143,0.2857143,8.171429,0.5349650382995605,2.8857143,0.7425742745399475,1.4857143,taye fields
Kai Johnson,PG,MONT,35.0,24.4,11.171429,3.057143,1.8,1.2571429,0.54285717,0.85714287,7.742857,0.509225070476532,3.5142858,0.6910569071769714,1.5142857,kai johnson
D.J. Wagner,PG,ARK,36.0,34.61111,11.166667,2.6944444,3.6388888,0.9722222,0.055555556,1.1388888,10.194445,0.4005449712276459,2.2777777,0.8170731663703918,2.2222223,d j wagner
Cord Stansberry,PG,WCU,30.0,29.766666,11.166667,3.8,1.5333333,0.8666667,0.13333334,1.7333333,9.2,0.3804347813129425,2.6666667,0.9125000238418579,1.9,cord stansberry
Scooter Williams,PG,LT,31.0,24.548388,11.16129,2.903226,2.451613,1.1935484,0.7419355,1.1290323,9.225806,0.40909090638160706,3.451613,0.7196261882781982,2.7096775,scooter williams
Kendal Coleman,SF,CBU,32.0,26.0,11.15625,8.34375,0.65625,0.3125,0.5625,0.875,8.09375,0.5135135054588318,2.6875,0.7325581312179565,1.75,kendal coleman
Ileri Ayo-Faleye,SF,UVM,33.0,30.060606,11.151515,5.181818,1.3333334,0.4848485,2.0,1.4242424,8.30303,0.4270072877407074,3.6969697,0.7131147384643555,1.3030303,ileri ayo faleye
Tru Washington,PG,MIA,34.0,28.264706,11.1470585,3.9705882,1.9117647,2.0882354,0.3529412,1.2352941,9.470589,0.425465852022171,2.9411764,0.6299999952316284,1.1764706,tru washington
Connor Withers,SF,BRY,35.0,34.37143,11.142858,5.542857,3.3428571,1.6285714,1.4571428,2.2857144,9.342857,0.3761467933654785,2.2,0.8311688303947449,1.9714285,connor withers
Alejandro Vasquez,PG,UAB,37.0,23.108109,11.135135,2.891892,1.5135136,0.4864865,0.1891892,0.8918919,10.189189,0.40848806500434875,2.1351352,0.8987341523170471,0.8918919,alejandro vasquez
Damari Monsanto,PG,UTSA,30.0,27.3,11.133333,4.0333333,1.4,1.3333334,0.4,3.3333333,9.0,0.40740740299224854,0.5,0.9333333373069763,1.2,damari monsanto
Olumide Adelodun,SF,NIA,31.0,27.838709,11.129032,5.709677,1.7419355,1.4193548,0.12903225,1.8387097,9.419354,0.4109589159488678,1.8064516,0.8571428656578064,1.3548387,olumide adelodun
Mustapha Amzil,SF,UNM,32.0,28.5625,11.125,5.40625,1.40625,0.90625,0.65625,1.28125,9.4375,0.38410595059394836,3.6875,0.7033898234367371,1.34375,mustapha amzil
Isaiah Adams,PG,TOL,33.0,30.0,11.121212,3.4545455,3.3636363,1.2424242,0.6363636,0.969697,9.909091,0.3975535035133362,2.7878788,0.8152173757553101,1.9090909,isaiah adams
Kolton Mitchell,PG,IDHO,33.0,30.636364,11.121212,2.6060605,3.4545455,1.3636364,0.09090909,1.5454545,9.393939,0.4000000059604645,2.3030303,0.8947368264198303,1.7575758,kolton mitchell
Ring Malith,PG,SIUE,34.0,30.764706,11.117647,7.0,1.3529412,0.7941176,0.7058824,1.2058823,9.617647,0.38837921619415283,3.2058823,0.7614678740501404,1.5294118,ring malith
John Buggs III,PG,ETSU,26.0,29.461538,11.115385,2.2692308,1.3461539,0.65384614,0.115384616,2.6153846,9.038462,0.42127659916877747,1.1923077,0.7419354915618896,0.61538464,john buggs iii
Jordan Longino,PG,VILL,36.0,33.52778,11.111111,2.3611112,2.3888888,1.0277778,0.25,1.3055556,8.916667,0.4392523467540741,2.4166667,0.8160919547080994,1.1666666,jordan longino
Avery Brown,PG,COLU,27.0,27.296297,11.111111,1.925926,2.8148148,1.037037,0.25925925,0.5925926,9.037037,0.3852458894252777,4.5555553,0.7804877758026123,1.8888888,avery brown
Ja'Borri McGhee,PG,MSST,37.0,25.594595,11.1081085,2.7297297,2.8108108,1.054054,0.1891892,0.7837838,8.1081085,0.5166666507720947,2.837838,0.6857143044471741,1.8108108,ja borri mcghee
Michael Gray Jr.,PG,WICH,29.0,23.068966,11.103448,2.7586207,0.6896552,0.6896552,0.1724138,2.1724138,8.4827585,0.4268292784690857,2.0689654,0.8166666626930237,0.7586207,michael gray jr
Byron Ireland,PG,NICH,29.0,26.655172,11.103448,3.137931,2.5172415,0.8965517,0.1724138,0.7241379,10.379311,0.4053156077861786,2.724138,0.7215189933776855,1.7586207,byron ireland
Josh Odunowo,SF,UMBC,30.0,27.633333,11.1,5.233333,2.1,1.1333333,0.8,0.0,7.733333,0.5646551847457886,4.1,0.577235758304596,1.6666666,josh odunowo
Karmani Gregory,PG,UPST,32.0,30.75,11.09375,2.03125,3.6875,1.125,0.09375,0.9375,10.34375,0.4048338234424591,2.59375,0.6867470145225525,2.96875,karmani gregory
Kylen Milton,PG,MUR,33.0,28.454546,11.090909,4.2727275,1.2727273,1.0909091,0.18181819,1.030303,7.6060605,0.44223108887672424,4.4545455,0.7482993006706238,1.5151515,kylen milton
Jason Drake,PG,IU,33.0,26.121212,11.090909,2.969697,3.090909,0.6969697,0.030303031,1.2121212,9.272727,0.42810457944869995,2.2424242,0.8648648858070374,2.030303,jason drake
Latrell Davis,PG,SDSU,35.0,25.314285,11.085714,3.0857143,1.6571429,0.6,0.0,1.4571428,7.8285713,0.45255473256111145,3.7142856,0.6846153736114502,1.2,latrell davis
Armoni Zeigler,PG,BALL,27.0,30.555555,11.074074,6.111111,1.5185186,1.5925926,0.25925925,0.7037037,9.074074,0.4653061330318451,2.7037036,0.7123287916183472,2.148148,armoni zeigler
Zoom Diallo,PG,WASH,31.0,25.161291,11.064516,3.064516,2.7419355,0.3548387,0.19354838,0.19354838,9.129032,0.47349822521209717,3.096774,0.71875,2.1290324,zoom diallo
Elijah Mahi,SF,SCU,32.0,24.3125,11.0625,4.25,2.71875,0.625,0.28125,1.03125,8.6875,0.4784172773361206,2.53125,0.6790123581886292,1.59375,elijah mahi
Dillon Bailey,PG,WOF,35.0,28.114286,11.057143,2.4571428,1.4571428,0.74285716,0.028571429,1.8857143,8.0,0.40714284777641296,3.2285714,0.8230088353157043,1.4285715,dillon bailey
Jaemyn Brakefield,SF,MISS,36.0,23.222221,11.055555,4.3333335,1.8333334,0.75,0.25,0.7222222,7.2777777,0.5114504098892212,3.9444444,0.7323943376541138,1.2222222,jaemyn brakefield
Kaden Gumbs,PG,TXST,28.0,30.214285,11.035714,3.392857,4.0,1.4642857,0.21428572,0.4642857,8.964286,0.45816734433174133,2.7142856,0.8684210777282715,2.2142856,kaden gumbs
Nehemiah Benson,SF,BING,31.0,24.612904,11.032258,4.451613,1.3548387,0.4516129,0.32258064,0.06451613,7.516129,0.5922746658325195,2.8387096,0.7272727489471436,1.451613,nehemiah benson
Michael Osei-Bonsu,SF,MOST,32.0,28.25,11.03125,7.4375,2.1875,1.21875,0.71875,0.0,8.34375,0.5617977380752563,3.5625,0.4649122953414917,3.03125,michael osei bonsu
Jo'el Emanuel,SF,W&M,33.0,32.909092,11.030303,5.090909,2.0,0.8484849,0.33333334,1.2424242,8.69697,0.4390243887901306,3.6363637,0.5916666388511658,1.3939394,jo el emanuel
Braden Huff,SF,GONZ,35.0,16.571428,11.028571,3.3714285,1.0571429,0.2857143,0.6,0.25714287,8.514286,0.5771812200546265,1.3428571,0.7021276354789734,0.45714286,braden huff
Marcellus Vail,PG,CBVU,1.0,25.0,11.0,1.0,1.0,0.0,0.0,3.0,7.0,0.5714285969734192,0.0,0.0,1.0,marcellus vail
Jessiya Villa,PG,HAWH,1.0,20.0,11.0,5.0,1.0,0.0,0.0,1.0,7.0,0.5714285969734192,2.0,1.0,2.0,jessiya villa
David Greer,C,VTSJ,2.0,22.0,11.0,6.0,0.0,0.0,1.0,0.0,8.0,0.5,6.0,0.5,1.5,david greer
Eian Elmer,PG,M-OH,33.0,27.454546,11.0,4.939394,1.2424242,1.5151515,0.72727275,1.7575758,8.575758,0.47349822521209717,1.6363636,0.6851851940155029,1.030303,eian elmer
Kaleb Smith,SF,GCU,34.0,26.529411,11.0,4.529412,0.9705882,0.61764705,0.0,1.7058823,10.117647,0.36627906560897827,2.4705882,0.761904776096344,1.617647,kaleb smith
Jadon Carnes,SF,BRE,1.0,19.0,11.0,1.0,3.0,0.0,0.0,3.0,6.0,0.6666666865348816,0.0,0.0,3.0,jadon carnes
Mason Meyers,PG,SLC,1.0,9.0,11.0,1.0,1.0,0.0,0.0,3.0,5.0,0.800000011920929,0.0,0.0,0.0,mason meyers
Cruz Billings,PG,CHAP,1.0,25.0,11.0,4.0,3.0,0.0,0.0,3.0,9.0,0.4444444477558136,0.0,0.0,3.0,cruz billings
Gregory Gonyea Jr.,PG,VTSL,1.0,26.0,11.0,3.0,0.0,1.0,0.0,1.0,9.0,0.5555555820465088,0.0,0.0,4.0,gregory gonyea jr
Curtis Litton,SF,WVWC,1.0,22.0,11.0,2.0,0.0,1.0,0.0,1.0,6.0,0.6666666865348816,2.0,1.0,1.0,curtis litton
Piercen Young,PG,LYBG,1.0,25.0,11.0,7.0,1.0,2.0,1.0,0.0,11.0,0.27272728085517883,5.0,1.0,4.0,piercen young
Landon Napier,PG,AL,2.0,21.5,11.0,1.0,0.5,1.0,0.0,2.0,5.5,0.7272727489471436,1.0,1.0,0.5,landon napier
Thomas Batties III,SF,HARV,27.0,32.703705,11.0,5.0,1.7407408,0.8888889,1.5925926,1.2592592,9.074074,0.44081631302833557,2.3703704,0.734375,1.5185186,thomas batties iii
Ty Hendler,PG,COLC,1.0,25.0,11.0,4.0,1.0,1.0,0.0,1.0,7.0,0.5714285969734192,2.0,1.0,0.0,ty hendler
Johnathan Combs,SF,ASB,1.0,20.0,11.0,5.0,0.0,0.0,0.0,1.0,12.0,0.4166666567325592,0.0,0.0,1.0,johnathan combs
McCaskill Rivers,SF,MILG,2.0,26.5,11.0,2.0,0.0,0.0,0.0,0.5,10.5,0.380952388048172,3.5,0.7142857313156128,0.5,mccaskill rivers
Mike Marable,PG,GWYD,1.0,27.0,11.0,9.0,3.0,2.0,1.0,0.0,9.0,0.5555555820465088,2.0,0.5,3.0,mike marable
Henry Shannon III,SF,WLWD,1.0,17.0,11.0,2.0,0.0,0.0,1.0,0.0,6.0,0.6666666865348816,5.0,0.6000000238418579,3.0,henry shannon iii
Bruce Black,PG,ROSE,1.0,25.0,11.0,1.0,1.0,1.0,1.0,1.0,6.0,0.5,4.0,1.0,3.0,bruce black
Kobe Clark,PG,SHTU,1.0,20.0,11.0,6.0,2.0,4.0,0.0,1.0,11.0,0.4545454680919647,0.0,0.0,3.0,kobe clark
Jaden Zimmerman,PG,QUIN,33.0,24.212122,11.0,2.090909,0.6060606,0.54545456,0.3030303,1.2727273,8.606061,0.4507042169570923,3.0,0.6565656661987305,1.030303,jaden zimmerman
Jj Harris,ATH,MSC,3.0,29.333334,11.0,4.3333335,2.0,1.0,0.33333334,1.6666666,10.666667,0.40625,1.0,0.6666666865348816,2.0,jj harris
Rob Conrad,PG,TUTX,2.0,12.0,11.0,2.5,0.0,1.5,0.0,1.0,7.5,0.6000000238418579,2.5,0.4000000059604645,1.5,rob conrad
Yves Nkomba,ATH,WNMU,2.0,20.0,11.0,3.5,0.0,0.5,1.0,0.0,7.5,0.6000000238418579,3.0,0.6666666865348816,2.0,yves nkomba
Sunday John,PG,DBQ,1.0,28.0,11.0,4.0,0.0,0.0,1.0,3.0,7.0,0.5714285969734192,0.0,0.0,2.0,sunday john
Cam LaClair,PG,SNYO,2.0,19.0,11.0,4.0,0.5,0.0,0.5,1.0,3.5,0.8571428656578064,5.5,0.7272727489471436,0.5,cam laclair
Jordan Balderaz,SF,UTD,1.0,21.0,11.0,4.0,3.0,2.0,0.0,0.0,9.0,0.5555555820465088,1.0,1.0,3.0,jordan balderaz
Jayvian Lawson,PG,USW,1.0,15.0,11.0,1.0,0.0,0.0,0.0,3.0,7.0,0.5714285969734192,0.0,0.0,1.0,jayvian lawson
Wyatt Zepp,ATH,CUAA,1.0,22.0,11.0,1.0,1.0,0.0,0.0,3.0,8.0,0.5,0.0,0.0,0.0,wyatt zepp
Henry White,ATH,FP,1.0,16.0,11.0,4.0,1.0,3.0,0.0,3.0,11.0,0.3636363744735718,3.0,0.0,2.0,henry white
Julian Mora,ATH,SEAP,1.0,23.0,11.0,2.0,1.0,2.0,1.0,3.0,7.0,0.5714285969734192,1.0,0.0,2.0,julian mora
Trey Gains,ATH,HSKL,1.0,21.0,11.0,0.0,0.0,2.0,0.0,1.0,9.0,0.4444444477558136,3.0,0.6666666865348816,1.0,trey gains
Preston Olney,PG,HSKL,1.0,16.0,11.0,2.0,1.0,1.0,0.0,1.0,4.0,0.75,4.0,1.0,3.0,preston olney
Trent Coleman,SF,CHSO,1.0,28.0,11.0,4.0,0.0,2.0,0.0,1.0,12.0,0.25,4.0,1.0,4.0,trent coleman
Laddis Taylor,ATH,FISH,1.0,24.0,11.0,1.0,1.0,2.0,1.0,3.0,9.0,0.4444444477558136,0.0,0.0,1.0,laddis taylor
Collin Jefferson,PG,MITC,1.0,23.0,11.0,1.0,0.0,1.0,0.0,3.0,5.0,0.6000000238418579,2.0,1.0,1.0,collin jefferson
Marcus Montagnino,ATH,ENDC,1.0,33.0,11.0,2.0,3.0,4.0,1.0,0.0,8.0,0.5,6.0,0.5,4.0,marcus montagnino
Gregory Melvin,SF,KYSU,1.0,24.0,11.0,5.0,0.0,0.0,1.0,0.0,7.0,0.4285714328289032,8.0,0.625,2.0,gregory melvin
Mason Mitchell,PG,AVER,1.0,18.0,11.0,0.0,0.0,2.0,0.0,2.0,5.0,0.4000000059604645,5.0,1.0,3.0,mason mitchell
Davion Bowens,ATH,AVER,1.0,24.0,11.0,8.0,0.0,0.0,2.0,2.0,3.0,0.6666666865348816,5.0,1.0,1.0,davion bowens
Quinton McCullough,SF,HIPU,1.0,15.0,11.0,6.0,2.0,1.0,0.0,0.0,7.0,0.7142857313156128,5.0,0.20000000298023224,1.0,quinton mccullough
Jamarion Butler,ATH,PITB,1.0,17.0,11.0,4.0,2.0,2.0,0.0,1.0,13.0,0.3076923191547394,2.0,1.0,4.0,jamarion butler
Tra Edwards,ATH,PITB,1.0,12.0,11.0,1.0,0.0,0.0,0.0,3.0,9.0,0.4444444477558136,0.0,0.0,1.0,tra edwards
Aidony Nivar,ATH,YUNY,1.0,30.0,11.0,2.0,0.0,0.0,0.0,3.0,15.0,0.2666666805744171,0.0,0.0,2.0,aidony nivar
Noah Charles,ATH,CHC,1.0,27.0,11.0,6.0,0.0,3.0,0.0,1.0,13.0,0.38461539149284363,0.0,0.0,2.0,noah charles
Xavier Ball,ATH,LNMO,1.0,27.0,11.0,6.0,1.0,1.0,0.0,3.0,14.0,0.2857142984867096,0.0,0.0,3.0,xavier ball
Tommy Tisdale III,PG,BREW,2.0,29.0,11.0,5.5,1.0,1.0,0.5,2.0,10.5,0.4285714328289032,0.0,0.0,1.5,tommy tisdale iii
Rob Davidson,ATH,ANIN,1.0,31.0,11.0,8.0,3.0,3.0,0.0,0.0,8.0,0.5,5.0,0.6000000238418579,2.0,rob davidson
Adam Silas,PG,KEAN,1.0,22.0,11.0,5.0,0.0,0.0,0.0,1.0,7.0,0.5714285969734192,2.0,1.0,4.0,adam silas
James Mcgowan,ATH,BOW,1.0,28.0,11.0,1.0,2.0,1.0,0.0,3.0,11.0,0.3636363744735718,0.0,0.0,1.0,james mcgowan
Jordan Pope,PG,TEX,35.0,25.457144,10.971429,1.9714285,1.7142857,1.0,0.0,1.7142857,8.8,0.4350649416446686,1.8285714,0.875,0.94285715,jordan pope
Gerald Drumgoole Jr.,PG,GW,34.0,26.205883,10.970589,2.6764705,1.2058823,0.7647059,0.23529412,1.9705882,10.088235,0.3498542308807373,2.8235295,0.6875,1.382353,gerald drumgoole jr
Dailyn Swain,PG,TEX,34.0,28.411764,10.970589,5.470588,2.6176472,1.5588236,0.5882353,0.20588236,7.4117646,0.5317460298538208,3.5294118,0.8166666626930237,1.617647,dailyn swain
Jayson Petty,PG,KC,33.0,28.181818,10.969697,4.5757575,0.6969697,0.90909094,0.3030303,1.3030303,8.909091,0.3469387888908386,4.6060605,0.7565789222717285,1.5454545,jayson petty
Caleb Williams,PG,LAF,33.0,27.878788,10.969697,3.6969697,2.3333333,0.7878788,0.030303031,1.6969697,9.909091,0.3761467933654785,2.5151515,0.7228915691375732,1.6666666,caleb williams
Cameron Corhen,SF,PITT,32.0,28.25,10.96875,5.21875,0.90625,0.6875,0.71875,0.03125,7.28125,0.6351931095123291,2.84375,0.593406617641449,1.3125,cameron corhen
Zach Cleveland,SF,LIB,32.0,32.0625,10.96875,6.25,5.125,0.6875,1.03125,0.09375,8.65625,0.48736461997032166,4.5,0.5416666865348816,2.5625,zach cleveland
Robert Braswell IV,SF,CLT,33.0,25.151516,10.939394,2.5757575,0.4848485,0.7878788,0.6969697,1.3636364,7.4545455,0.4593496024608612,3.3030303,0.8256880640983582,1.0,robert braswell iv
Tariq Ingraham,SF,MEM,33.0,26.90909,10.939394,7.030303,1.4848485,0.3030303,0.90909094,0.0,7.6060605,0.541832685470581,3.939394,0.6846153736114502,1.6363636,tariq ingraham
Jake Fiegen,PG,COR,29.0,25.724138,10.931034,3.724138,1.0689656,0.9310345,0.4827586,1.7586207,7.586207,0.5090909004211426,1.862069,0.7777777910232544,0.86206895,jake fiegen
Bryce Eaton,PG,SPU,28.0,25.785715,10.928572,2.75,2.357143,0.85714287,0.0,1.8214285,10.607142,0.35353535413742065,1.8214285,0.8823529481887817,2.642857,bryce eaton
Denver Jones,PG,AUB,37.0,28.18919,10.918919,1.972973,2.5675676,0.5945946,0.16216215,1.7567568,7.4594593,0.4420289993286133,2.8648648,0.8962264060974121,1.4054054,denver jones
Julian Vaughns,PG,SAC,24.0,23.291666,10.916667,2.8333333,1.375,0.7916667,0.25,1.6666666,9.375,0.40444445610046387,2.125,0.7843137383460999,1.0833334,julian vaughns
Nolan Hickman,PG,GONZ,35.0,29.657143,10.914286,2.4,2.2571428,0.9714286,0.2857143,2.2,8.314285,0.47766321897506714,0.82857144,0.931034505367279,0.9142857,nolan hickman
Brendan Hausen,PG,IOWA,33.0,27.575758,10.909091,2.4848485,0.8484849,0.57575756,0.09090909,2.7272727,8.393939,0.38989168405532837,2.0,0.8181818127632141,0.6666667,brendan hausen
Shamir Bogues,PG,UVM,28.0,29.107143,10.892858,4.464286,2.4642856,1.6071428,0.5,0.4642857,9.428572,0.48106059432029724,2.392857,0.5671641826629639,1.3571428,shamir bogues
Josiah Moore,PG,TULN,28.0,27.5,10.892858,4.392857,2.1785715,0.6785714,0.5714286,0.53571427,8.464286,0.49367088079452515,3.107143,0.6436781883239746,1.4285715,josiah moore
DQ Cole,PG,OAK,34.0,29.764706,10.882353,3.7058823,2.5,0.7941176,0.44117647,2.1470587,10.058824,0.3625730872154236,1.7352941,0.8305084705352783,1.8529412,dq cole
Mikale Stevenson,PG,PFW,34.0,31.558823,10.882353,4.2647057,3.7941177,1.7647059,0.0882353,0.88235295,8.882353,0.4205298125743866,3.235294,0.7818182110786438,2.5294118,mikale stevenson
Aaron Nkrumah,PG,TNST,32.0,29.78125,10.875,5.34375,3.03125,1.6875,0.625,0.875,9.375,0.39666667580604553,3.5625,0.719298243522644,2.5,aaron nkrumah
Amari Williams,C,UK,36.0,22.777779,10.861111,8.5,3.1944444,0.5555556,1.2222222,0.027777778,6.8333335,0.5609756112098694,5.0833335,0.6229507923126221,2.2777777,amari williams
Yuri Covington,PG,UML,32.0,28.65625,10.84375,3.84375,1.34375,0.4375,0.15625,1.625,8.53125,0.4175824224948883,2.4375,0.8589743375778198,1.5625,yuri covington
Jalen Speer,PG,MRSH,31.0,28.838709,10.83871,2.2258065,2.548387,0.9032258,0.032258064,2.2903225,9.741936,0.38410595059394836,1.3225807,0.8048780560493469,1.4193548,jalen speer
Zeb Jackson,PG,VCU,30.0,22.566668,10.833333,3.5333333,2.1,1.1666666,0.13333334,1.5,8.266666,0.3911290466785431,3.2333333,0.8865979313850403,1.3333334,zeb jackson
Chad Moodie,SF,APP,30.0,28.166666,10.833333,5.9666667,1.5,0.8333333,1.8333334,0.0,8.566667,0.5252918004989624,4.4666667,0.41044774651527405,2.7333333,chad moodie
Nikolaos Chitikoudis,SF,RMU,28.0,29.142857,10.821428,9.285714,1.6428572,1.0,1.4285715,0.0,8.857142,0.5443548560142517,2.6785715,0.4399999976158142,1.8571428,nikolaos chitikoudis
Keishon Porter,PG,EVAN,33.0,25.272728,10.818182,3.3030303,1.0909091,1.3333334,0.45454547,0.93939394,7.2727275,0.4791666567325592,4.030303,0.7218044996261597,1.2727273,keishon porter
Carlous Williams,SF,TNST,33.0,25.878788,10.818182,4.3030305,1.0,0.6666667,0.7878788,0.5151515,7.787879,0.548638105392456,2.3636363,0.7435897588729858,1.8484849,carlous williams
KJ Lewis,PG,GTWN,37.0,25.864864,10.810811,4.5675673,2.8648648,1.3243244,0.8378378,0.35135135,8.378378,0.42903226613998413,4.0540543,0.8066666722297668,2.0270271,kj lewis
Mitchell Saxen,C,SMC,35.0,29.828571,10.8,7.9428573,1.7428571,1.3428571,1.2571429,0.028571429,8.057143,0.5460993051528931,3.8285713,0.5149253606796265,1.4285715,mitchell saxen
Kobe Knox,PG,SC,30.0,28.6,10.8,3.0666666,1.6,1.1333333,0.4,1.3333334,8.566667,0.4630350172519684,2.0,0.7666666507720947,0.7,kobe knox
Isaiah Rivera,PG,DEP,34.0,27.617647,10.794118,4.117647,1.6470588,0.9117647,0.38235295,2.0588236,8.470589,0.4513888955116272,1.8529412,0.5873016119003296,1.3235294,isaiah rivera
Lajae Jones,PG,FSU,34.0,32.97059,10.794118,5.7647057,0.61764705,1.5,0.8235294,1.4411764,8.058824,0.4562043845653534,2.5,0.800000011920929,1.0294118,lajae jones
Jelani Hamilton,PG,GAST,33.0,27.0,10.787879,3.4545455,1.6060606,1.1515151,0.18181819,1.6666666,8.878788,0.3924914598464966,2.7575758,0.7802197933197021,1.2121212,jelani hamilton
Vlad Salaridze,SF,YSU,32.0,26.40625,10.78125,7.84375,2.59375,2.0,0.4375,1.09375,8.875,0.4154929518699646,3.375,0.6851851940155029,2.21875,vlad salaridze
Tanner Christensen,C,HAW,31.0,25.129032,10.774194,6.935484,1.1612903,0.22580644,0.7741935,0.19354838,6.193548,0.5989583134651184,4.645161,0.6805555820465088,1.8064516,tanner christensen
Noah Amenhauser,C,ORST,31.0,22.35484,10.774194,6.032258,0.7741935,0.32258064,0.7741935,0.12903225,7.580645,0.5574468374252319,3.451613,0.6355140209197998,1.9354838,noah amenhauser
Isaiah Walker,PG,XAV,33.0,32.969696,10.757576,5.818182,2.1818182,1.2121212,0.21212122,0.969697,8.30303,0.4635036587715149,2.6060605,0.8023256063461304,1.1212121,isaiah walker
Jack Payne,PG,IDHO,33.0,27.515152,10.757576,5.121212,1.969697,1.2727273,0.45454547,1.6666666,7.757576,0.45703125,2.4848485,0.8048780560493469,1.5454545,jack payne
Matthew Murrell,PG,MISS,32.0,30.28125,10.75,3.53125,1.78125,1.8125,0.25,1.34375,8.6875,0.42446044087409973,2.5625,0.792682945728302,0.625,matthew murrell
Malik Dia,SF,MISS,36.0,20.833334,10.75,5.6944447,0.75,0.6944444,0.8611111,0.8055556,8.444445,0.46710526943206787,3.1944444,0.643478274345398,0.8055556,malik dia
Kyrell Luc,PG,LONG,32.0,28.0625,10.75,2.875,3.25,1.8125,0.34375,0.46875,7.71875,0.4291498064994812,4.78125,0.7647058963775635,2.21875,kyrell luc
Qiant Myers,PG,PRST,32.0,33.09375,10.75,2.53125,6.125,0.96875,0.625,0.9375,9.1875,0.4183673560619354,3.59375,0.591304361820221,3.53125,qiant myers
Connor Essegian,PG,NEB,35.0,22.542856,10.742857,2.8,1.0857143,0.4857143,0.08571429,2.2285714,8.8,0.40584415197372437,1.7142857,0.800000011920929,0.94285715,connor essegian
Josh Rivera,SF,HALL,32.0,25.28125,10.71875,4.28125,1.125,0.65625,0.34375,0.75,9.375,0.44333332777023315,3.0625,0.5408163070678711,1.9375,josh rivera
Nordin Kapic,SF,SC,34.0,25.0,10.705882,5.2352943,1.2352941,0.7941176,0.4117647,1.5882353,8.676471,0.38983049988746643,3.1470587,0.7476635575294495,1.3235294,nordin kapic
Coleman Hawkins,PG,KSU,30.0,33.633335,10.7,6.9,4.3,1.8,1.3,1.2,9.966666,0.40133780241012573,2.6,0.5769230723381042,2.8666666,coleman hawkins
Rylan Jones,PG,SAM,33.0,28.484848,10.69697,3.3333333,5.2727275,1.6666666,0.060606062,2.2424242,8.0,0.4431818127632141,1.8181819,0.75,2.3333333,rylan jones
Sam Vinson,PG,NKU,32.0,33.125,10.6875,4.65625,4.25,1.6875,0.375,0.71875,9.09375,0.38831615447998047,4.09375,0.7099236845970154,1.78125,sam vinson
Xavier Brown,PG,USF,32.0,29.09375,10.6875,3.3125,2.65625,1.4375,0.09375,1.875,9.84375,0.3777777850627899,2.0,0.6875,1.21875,xavier brown
Stevie Mitchell,PG,MARQ,34.0,27.17647,10.676471,4.0588236,1.5588236,2.2941177,0.11764706,0.85294116,7.970588,0.4723247289657593,3.1470587,0.7289719581604004,0.85294116,stevie mitchell
Jordan Pennick,PG,NAVY,34.0,27.294117,10.676471,2.9705882,1.4705882,0.5,0.0882353,1.8235294,9.264706,0.39047619700431824,2.235294,0.7236841917037964,1.382353,jordan pennick
AJ Allenspach,SF,ARMY,33.0,25.787878,10.666667,7.030303,1.2727273,0.57575756,0.3030303,0.030303031,6.242424,0.6796116232872009,3.2424242,0.663551390171051,1.5151515,aj allenspach
Amar Kuljuhovic,PG,MOST,33.0,24.575758,10.666667,6.787879,1.8181819,0.36363637,0.21212122,0.33333334,7.2727275,0.5166666507720947,4.3333335,0.6503496766090393,1.8787879,amar kuljuhovic
Colby Rogers,PG,MEM,35.0,30.285715,10.657143,1.9428571,1.4,0.8857143,0.31428573,2.2571428,9.914286,0.3746397793292999,1.2285714,0.7906976938247681,1.4857143,colby rogers
Guy Ragland Jr.,SF,COR,29.0,23.137932,10.655172,5.3448277,2.9310346,1.0,0.27586207,1.7931035,7.448276,0.5138888955116272,1.5862069,0.760869562625885,1.7241379,guy ragland jr
Tamin Lipsey,PG,ISU,34.0,30.852942,10.6470585,2.5882354,3.1470587,2.0,0.20588236,1.1470588,7.529412,0.484375,2.9117646,0.7575757503509521,1.6470588,tamin lipsey
Elijah Stephens,PG,AMER,31.0,30.387096,10.645162,2.7419355,3.7741935,1.5806452,0.06451613,0.9354839,8.741936,0.42804428935050964,2.6451614,0.8414633870124817,2.3225806,elijah stephens
Izaiyah Nelson,SF,USF,31.0,24.064516,10.645162,8.870968,0.61290324,0.7419355,1.3225807,0.032258064,7.322581,0.5859031081199646,2.7741935,0.7325581312179565,0.87096775,izaiyah nelson
Jordan Pyke,SF,UIW,36.0,25.0,10.638889,5.25,1.3888888,0.8888889,0.3888889,0.41666666,7.5277777,0.5645756721496582,2.4722223,0.6966292262077332,1.5833334,jordan pyke
Egor Demin,PG,BYU,33.0,27.484848,10.636364,3.878788,5.4545455,1.1515151,0.36363637,1.2727273,9.272727,0.4117647111415863,2.4848485,0.6951219439506531,2.939394,egor demin
Nic McClain,PG,BEL,30.0,27.733334,10.633333,3.6333334,3.8,1.8666667,0.16666667,0.73333335,8.133333,0.42213115096092224,4.233333,0.7165354490280151,3.3,nic mcclain
Christian Anderson,PG,TTU,35.0,30.514286,10.6285715,3.0,2.2,1.1714286,0.08571429,2.0285714,7.857143,0.4290909171104431,2.3142858,0.8024691343307495,1.0285715,christian anderson
Miles Brewster,PG,BU,32.0,26.0625,10.625,3.75,2.28125,1.28125,0.0625,1.375,9.125,0.42465752363204956,2.1875,0.6857143044471741,1.75,miles brewster
Erik Pratt,PG,STBK,24.0,22.541666,10.625,3.2916667,1.7916666,0.9166667,0.33333334,1.4583334,9.0,0.42592594027519226,2.0,0.75,1.4166666,erik pratt
J'Wan Roberts,SF,HOU,37.0,30.324324,10.621622,6.5135136,1.7837838,1.0,0.7297297,0.0,9.054054,0.48955222964286804,2.8108108,0.625,1.5675676,j wan roberts
Gregg Glenn III,SF,TULN,34.0,26.735294,10.617647,5.2647057,3.1176472,0.9705882,0.47058824,0.11764706,8.029411,0.4981684982776642,3.735294,0.6692913174629211,2.6176472,gregg glenn iii
Tate McCubbin,PG,APSU,31.0,26.483871,10.612904,4.709677,0.5483871,1.3548387,0.38709676,2.2903225,8.4838705,0.4372623562812805,1.451613,0.6222222447395325,0.48387095,tate mccubbin
Tajavis Miller,PG,UNM,30.0,21.2,10.6,4.5,1.2666667,0.26666668,0.23333333,1.1,7.0,0.5095238089561462,3.2,0.7395833134651184,1.2,tajavis miller
Labaron Philon Jr.,PG,ALA,37.0,24.72973,10.594595,3.2972972,3.7837837,1.3513514,0.3243243,1.054054,8.486486,0.4522292912006378,2.4324324,0.7666666507720947,1.7297298,labaron philon jr
Darren Buchanan Jr.,PG,RUTG,32.0,28.5,10.59375,5.8125,2.09375,0.9375,0.40625,0.21875,7.6875,0.45528456568717957,5.09375,0.6625766754150391,1.9375,darren buchanan jr
Masen Miller,PG,NDSU,32.0,32.59375,10.59375,2.625,1.46875,0.65625,0.0,2.8125,6.96875,0.4708520174026489,1.5625,0.7799999713897705,0.9375,masen miller
Jevin Muniz,PG,CSU,34.0,33.941177,10.588235,5.7647057,4.2058825,0.61764705,0.029411765,1.2647059,9.323529,0.400630921125412,2.3823528,0.7777777910232544,2.1470587,jevin muniz
Tramon Mark,PG,TEX,29.0,26.931034,10.586206,3.6551723,1.6896552,0.82758623,0.44827586,1.2413793,9.0,0.40613025426864624,2.724138,0.746835470199585,0.9310345,tramon mark
Kyan Evans,PG,UNC,36.0,28.222221,10.583333,2.9166667,3.0833333,0.7777778,0.083333336,1.9444444,7.138889,0.47081711888313293,2.25,0.8518518805503845,1.9444444,kyan evans
Neftali Alvarez,PG,USM,31.0,28.709677,10.580646,2.7096775,3.580645,1.3548387,0.22580644,0.6451613,8.83871,0.4270072877407074,3.483871,0.6851851940155029,2.387097,neftali alvarez
Jayden Taylor,PG,NCSU,31.0,29.032259,10.580646,2.7741935,1.6451613,1.3548387,0.2580645,1.3225807,8.806452,0.4029304087162018,2.8709676,0.7528089880943298,1.6774193,jayden taylor
Ty Berry,PG,NU,33.0,29.242424,10.575758,3.6060605,1.3030303,1.2727273,0.15151516,2.2424242,8.878788,0.3993174135684967,1.5757576,0.7884615659713745,1.0,ty berry
Alex Condon,SF,FLA,37.0,24.891891,10.567568,7.5405407,2.2162163,0.8648649,1.3243244,0.5135135,7.4054055,0.4927007257938385,4.5675673,0.6035503149032593,1.3783784,alex condon
Marcus Tankersley,PG,CHST,32.0,27.8125,10.5625,2.5,1.28125,0.53125,0.03125,0.09375,9.15625,0.40614333748817444,3.8125,0.7950819730758667,1.40625,marcus tankersley
Ryan Nembhard,PG,GONZ,35.0,35.057144,10.542857,2.9714286,9.828571,1.7142857,0.057142857,1.0857143,8.457143,0.44594594836235046,2.4857142,0.7701149582862854,2.4571428,ryan nembhard
Connor Amundsen,PG,DART,28.0,31.571428,10.535714,2.4642856,3.107143,0.5714286,0.035714287,1.6428572,7.642857,0.4112149477005005,3.3214285,0.7849462628364563,1.2857143,connor amundsen
Isaiah Griffin,SF,WIU,30.0,30.2,10.533334,3.9,0.73333335,0.46666667,0.23333333,0.76666665,10.066667,0.39403972029685974,2.9,0.6321839094161987,0.9,isaiah griffin
Chase Ross,PG,MARQ,34.0,30.32353,10.529411,3.8235295,2.1176472,1.7941177,0.64705884,1.117647,7.382353,0.4661354720592499,3.3529413,0.7543859481811523,1.4411764,chase ross
Aaron Gray,SF,INST,25.0,23.96,10.52,5.96,0.6,0.56,0.2,0.76,6.76,0.5384615659713745,3.36,0.738095223903656,1.16,aaron gray
Vukasin Masic,PG,SF,27.0,27.851852,10.518518,3.2222223,3.2962964,0.5555556,0.0,1.7037038,8.444445,0.4166666567325592,2.2592592,0.7868852615356445,1.4444444,vukasin masic
Aaron Cooley,PG,BRWN,27.0,29.703703,10.518518,5.962963,1.2962962,0.6296296,0.7407407,0.9259259,8.592592,0.4698275923728943,2.925926,0.5189873576164246,1.2592592,aaron cooley
Jovan Blacksher Jr.,PG,CAL,29.0,29.655172,10.5172415,2.413793,2.5172415,1.2068965,0.03448276,1.8965517,10.068966,0.3493150770664215,1.9655173,0.8070175647735596,1.5517242,jovan blacksher jr
Jlynn Counter,PG,COFC,31.0,27.419355,10.5161295,4.16129,3.516129,1.0,0.3548387,1.2258065,8.774194,0.43382352590560913,2.2258065,0.7536231875419617,1.451613,jlynn counter
Jalen Myers,SF,HAW,31.0,25.0,10.5161295,5.354839,1.0,0.7419355,0.41935483,0.6451613,7.0,0.52073734998703,3.0,0.8602150678634644,1.2580645,jalen myers
Corey Camper Jr.,PG,NEV,31.0,31.64516,10.5161295,3.612903,1.967742,1.967742,0.22580644,0.9354839,10.0,0.4000000059604645,2.032258,0.7777777910232544,1.4193548,corey camper jr
Raul Arias-Ortega,PG,TMCN,2.0,27.5,10.5,2.0,1.0,1.5,0.5,1.0,11.0,0.27272728085517883,4.0,0.875,3.0,raul arias ortega
Grant Sanders,SF,NICH,2.0,23.0,10.5,6.0,3.0,2.0,1.0,0.0,7.5,0.6000000238418579,6.0,0.25,3.5,grant sanders
Nasir Whitlock,PG,LEH,30.0,23.966667,10.5,2.5666666,1.9666667,0.53333336,0.06666667,1.2333333,9.166667,0.4399999976158142,1.6,0.75,1.4,nasir whitlock
Solomon Mustafa-Reid,ATH,FISK,2.0,26.5,10.5,5.5,1.0,1.5,1.0,0.0,7.0,0.7142857313156128,1.0,0.5,3.5,solomon mustafa reid
Zawdie Jackson,PG,FIU,32.0,27.71875,10.5,2.25,3.09375,0.96875,0.0,1.09375,8.21875,0.39923954010009766,3.65625,0.7777777910232544,1.375,zawdie jackson
Cam Brown,ATH,WILC,2.0,29.5,10.5,4.0,0.5,1.0,0.5,2.5,13.0,0.3076923191547394,0.0,0.0,3.5,cam brown
Walker Gohring,ATH,WCMO,2.0,22.5,10.5,4.0,0.5,0.0,0.0,1.0,13.0,0.3461538553237915,1.0,0.5,1.0,walker gohring
Bradley Graham,PG,ESC,2.0,23.0,10.5,2.0,3.5,1.5,0.0,0.5,9.0,0.4444444477558136,2.0,1.0,2.5,bradley graham
Dashawn Hall,PG,KYSU,2.0,20.5,10.5,0.0,2.0,0.0,0.0,0.5,8.5,0.5882353186607361,0.0,0.0,1.5,dashawn hall
Braeson Barrs-Richardson,ATH,RDLL,2.0,25.0,10.5,2.0,2.5,0.0,0.0,1.0,8.0,0.375,4.5,0.7777777910232544,3.5,braeson barrs richardson
Arthur Celestin Jr.,SF,OLLU,2.0,23.0,10.5,3.5,1.0,0.5,0.0,0.0,10.0,0.4000000059604645,3.0,0.8333333134651184,1.5,arthur celestin jr
Jalin Billingsley,SF,EMU,32.0,25.0625,10.46875,5.0625,1.03125,0.65625,0.65625,0.4375,7.4375,0.5630252361297607,2.375,0.6973684430122375,1.4375,jalin billingsley
Tre White,PG,KU,32.0,23.40625,10.46875,5.46875,0.78125,0.4375,0.375,0.71875,7.03125,0.5066666603088379,3.1875,0.8235294222831726,1.0,tre white
Elijah Price,SF,NEV,32.0,30.75,10.46875,8.25,1.03125,1.34375,1.25,0.125,7.5625,0.40082645416259766,6.53125,0.6555023789405823,2.0625,elijah price
Jeremiah Johnson,PG,CAM,30.0,22.8,10.466666,4.5,1.2,0.4,0.2,0.36666667,6.8,0.5049019455909729,4.0666666,0.7950819730758667,1.3666667,jeremiah johnson
TJ Bamba,PG,ORE,35.0,27.971428,10.457143,3.4285715,2.9714286,1.7714286,0.14285715,0.71428573,8.971429,0.3885350227355957,3.7428572,0.7404580116271973,1.4857143,tj bamba
Sean Smith,PG,MTSU,31.0,35.032257,10.451612,4.774194,3.6774194,1.5806452,0.22580644,0.9677419,9.903226,0.4364820718765259,1.0645162,0.7878788113594055,1.7419355,sean smith
Tony Duckett,PG,SMC,29.0,25.655172,10.448276,1.9655173,1.8965517,0.7241379,0.3448276,0.86206895,10.275862,0.38590604066848755,1.8965517,0.8727272748947144,1.2413793,tony duckett
Tyrone Marshall Jr.,SF,GW,32.0,28.75,10.4375,6.625,1.40625,1.1875,0.625,1.40625,9.34375,0.4214046895503998,1.75,0.6607142686843872,1.5625,tyrone marshall jr
Tyeree Bryan,PG,TTU,32.0,27.28125,10.4375,4.40625,1.59375,1.125,0.3125,2.0625,7.96875,0.4627451002597809,1.53125,0.6530612111091614,0.75,tyeree bryan
Jayme Mitchell Jr.,PG,JKST,30.0,23.4,10.433333,3.7,0.5,0.96666664,0.3,2.0333333,8.4,0.3849206268787384,2.4666667,0.7837837934494019,1.3,jayme mitchell jr
Christian Shumate,SF,MCN,35.0,27.62857,10.428572,6.5142856,0.82857144,0.62857145,1.2571429,0.4857143,6.9714284,0.6229507923126221,2.9714286,0.42307692766189575,1.2857143,christian shumate
Jarrett Hensley,SF,SIU,33.0,25.242424,10.424242,5.848485,1.3939394,0.3939394,0.7878788,1.3030303,8.121212,0.4291044771671295,2.969697,0.7244898080825806,1.6060606,jarrett hensley
Tyler Nickel,SF,VAN,33.0,25.030304,10.424242,2.3636363,0.93939394,0.5151515,0.5151515,2.4545455,7.939394,0.4198473393917084,1.5454545,0.843137264251709,0.42424244,tyler nickel
Jerone Morton,PG,WSU,26.0,29.538462,10.423077,3.2307692,3.4230769,1.3076923,0.15384616,1.1153846,8.807693,0.4497816562652588,1.9230769,0.7200000286102295,1.8846154,jerone morton
Elijah Saunders,SF,MD,29.0,26.793104,10.413794,5.034483,0.7586207,0.4827586,0.27586207,1.137931,8.379311,0.4197530746459961,2.689655,0.8333333134651184,1.2758621,elijah saunders
Zaire Hayes,PG,TXSO,29.0,22.655172,10.413794,1.862069,1.4137931,0.79310346,0.13793103,1.6206896,7.448276,0.46759259700775146,2.1724138,0.841269850730896,1.3103448,zaire hayes
Makai Willis,C,TXST,32.0,30.65625,10.40625,7.25,0.84375,0.90625,0.84375,0.375,8.3125,0.45864662528038025,3.1875,0.7549019455909729,1.78125,makai willis
Caden Powell,C,BAY,32.0,24.28125,10.40625,7.21875,0.8125,0.5,1.03125,0.0,6.6875,0.5654205679893494,4.375,0.6499999761581421,1.0625,caden powell
Will Soucie,PG,UNA,35.0,29.285715,10.4,4.0285716,1.5142857,0.9142857,0.14285715,0.6857143,8.971429,0.4426751732826233,2.3142858,0.7654321193695068,1.0857143,will soucie
Duke Brennan,SF,VILL,30.0,26.6,10.4,9.166667,0.53333336,0.76666665,0.43333334,0.0,6.3,0.6455026268959045,3.4666667,0.6538461446762085,1.1666666,duke brennan
Blake Peters,PG,PRIN,30.0,29.533333,10.4,2.8,0.6333333,1.1666666,0.033333335,2.7333333,7.633333,0.4192139804363251,1.7666667,0.7169811129570007,0.5,blake peters
Peter Bandelj,PG,CP,35.0,25.028572,10.4,4.285714,2.2571428,0.51428574,0.057142857,0.94285715,6.6285715,0.4568965435028076,4.2285714,0.8040540814399719,1.1714286,peter bandelj
Tyem Freeman,PG,UIC,31.0,27.096775,10.387096,4.16129,1.8064516,0.6451613,0.41935483,1.8709677,7.451613,0.46320345997810364,2.3548386,0.6849315166473389,1.1612903,tyem freeman
Jeremy Elyzee,SF,SELA,31.0,27.516129,10.387096,5.032258,0.9032258,1.2258065,0.67741936,0.5483871,7.903226,0.4979591965675354,2.7419355,0.7176470756530762,1.6451613,jeremy elyzee
Moustapha Thiam,C,CIN,34.0,28.735294,10.382353,6.4117646,0.7352941,0.47058824,2.5882354,0.6764706,8.264706,0.49822065234184265,2.2058823,0.6666666865348816,1.3235294,moustapha thiam
Trey Autry,PG,GW,34.0,26.294117,10.382353,3.7058823,1.0,0.9705882,0.029411765,1.882353,7.029412,0.45606693625450134,2.5882354,0.8068181872367859,0.85294116,trey autry
Brock Wisne,SF,UNCO,35.0,24.457144,10.3714285,4.3428574,1.7142857,0.54285717,0.31428573,0.14285715,7.0571427,0.6113360524177551,2.3142858,0.6913580298423767,1.2,brock wisne
Daniel Abreu,SF,DRKE,35.0,33.228573,10.3714285,3.3142858,1.0,0.9714286,0.6571429,1.5428572,7.114286,0.4457831382751465,3.142857,0.7909091114997864,0.9142857,daniel abreu
Malachi Smith,PG,CONN,33.0,27.757576,10.363636,2.939394,5.2727275,1.030303,0.030303031,0.93939394,8.212121,0.4243542551994324,3.4242425,0.7168141603469849,2.121212,malachi smith
Andrew Holifield,SF,LAM,33.0,27.787878,10.363636,5.6060605,1.3333334,1.1212121,1.6363636,1.3636364,7.939394,0.4694656431674957,2.090909,0.739130437374115,1.4848485,andrew holifield
Pharrel Payne,SF,MD,34.0,20.117647,10.3529415,5.0882354,0.44117647,0.2647059,1.0588236,0.0,5.8235292,0.6464646458625793,4.852941,0.581818163394928,1.2647059,pharrel payne
Jedy Cordilia,SF,MSM,35.0,29.571428,10.342857,7.3142858,1.0857143,0.42857143,0.7714286,0.057142857,7.6857142,0.5947955250740051,1.6571429,0.6896551847457886,1.7142857,jedy cordilia
Jaylen Murray,PG,MISS,36.0,30.583334,10.333333,2.1666667,3.4444444,1.3888888,0.19444445,1.6666666,8.833333,0.40566039085388184,1.8333334,0.8181818127632141,1.3055556,jaylen murray
Khaden Bennett,PG,WYO,33.0,24.575758,10.333333,4.3333335,1.5757576,1.3030303,0.33333334,1.1818181,8.030303,0.40377357602119446,3.4242425,0.778761088848114,1.3636364,khaden bennett
LeMar Northington II,PG,KCU,3.0,27.0,10.333333,3.6666667,2.0,1.3333334,0.0,2.3333333,10.0,0.4000000059604645,0.0,0.0,3.0,lemar northington ii
Vianney Salatchoum,C,TCU,30.0,23.5,10.333333,5.0666666,0.56666666,0.53333336,1.9,0.13333334,8.466666,0.5118110179901123,2.3,0.6666666865348816,1.8333334,vianney salatchoum
Jason Cibull,ATH,CSUS,3.0,23.333334,10.333333,0.33333334,1.6666666,0.33333334,0.0,1.6666666,8.333333,0.4000000059604645,2.6666667,0.75,0.6666667,jason cibull
Phillip Russell,PG,VCU,34.0,23.117647,10.323529,1.6470588,2.2058823,1.0882353,0.0,2.0,8.058824,0.3978102207183838,2.3529413,0.8125,1.5294118,phillip russell
Alexander Lesburt Jr.,PG,BRWN,22.0,27.181818,10.318182,3.590909,1.8181819,0.6363636,0.3181818,2.2727273,8.363636,0.41304346919059753,1.5454545,0.7352941036224365,1.0454545,alexander lesburt jr
Andrew Carr,SF,UK,35.0,23.971428,10.314285,4.6571426,1.7142857,0.6857143,0.6857143,0.6571429,6.7714286,0.5443037748336792,3.057143,0.7476635575294495,0.85714287,andrew carr
Ahamad Bynum,PG,UTEP,29.0,19.931034,10.310345,1.6896552,0.8965517,0.82758623,0.1724138,2.3448277,8.137931,0.41101694107055664,1.5862069,0.804347813129425,1.0344827,ahamad bynum
Devin McGlockton,SF,VAN,33.0,25.09091,10.30303,7.878788,0.969697,0.75757575,1.0909091,0.7878788,7.3636365,0.5679012537002563,1.7272727,0.6666666865348816,0.8484849,devin mcglockton
Simas Lukosius,PG,CIN,33.0,26.666666,10.30303,2.969697,2.2121212,0.8181818,0.030303031,2.030303,8.757576,0.39100345969200134,1.7575758,0.8103448152542114,1.3636364,simas lukosius
Greg Jones,SF,AMER,33.0,26.848484,10.30303,3.939394,1.0,0.8484849,0.09090909,1.2727273,6.3333335,0.5023923516273499,3.121212,0.8543689250946045,1.3939394,greg jones
Nakavieon White,SF,GASO,33.0,22.030304,10.30303,3.5454545,2.4242425,0.54545456,0.5151515,1.1515151,8.969697,0.40878379344940186,2.5151515,0.7228915691375732,2.090909,nakavieon white
Finley Bizjack,PG,BTLR,34.0,27.617647,10.294118,2.764706,2.4117646,0.5294118,0.20588236,1.7352941,7.2352943,0.44308942556381226,2.8235295,0.7604166865348816,1.2941177,finley bizjack
Jaeden Marshall,PG,LAS,31.0,22.516129,10.290322,2.967742,1.0645162,0.7419355,0.16129032,1.4193548,7.2580647,0.4399999976158142,3.1935484,0.7777777910232544,1.0967742,jaeden marshall
Chris Youngblood,PG,ALA,28.0,25.285715,10.285714,2.3214285,0.89285713,0.6785714,0.25,2.107143,7.678571,0.4465116262435913,1.6428572,0.804347813129425,1.0714285,chris youngblood
Quante Berry,PG,MEM,28.0,30.142857,10.285714,4.321429,2.107143,1.25,0.60714287,0.89285713,8.107142,0.46255508065223694,2.7142856,0.6973684430122375,2.1785715,quante berry
Nick Fiorillo,SF,UVM,29.0,30.172413,10.275862,5.0,1.7241379,0.62068963,0.4827586,1.7586207,7.965517,0.411255419254303,2.5517242,0.7702702879905701,1.5862069,nick fiorillo
Valentino Pinedo,SF,UNCG,29.0,28.137932,10.275862,6.37931,1.3448275,0.79310346,0.6551724,0.0,7.206897,0.5693780183792114,3.275862,0.6315789222717285,1.5862069,valentino pinedo
Alex Merkviladze,SF,LMU,32.0,31.9375,10.25,6.4375,1.96875,0.53125,0.34375,1.5,8.71875,0.40143370628356934,2.5,0.699999988079071,1.15625,alex merkviladze
Jailen Bedford,PG,VT,33.0,23.272728,10.242424,4.2727275,1.2121212,0.8787879,0.060606062,1.6969697,9.878788,0.38650307059288025,1.2424242,0.7317073345184326,1.4545455,jailen bedford
Andrej Jakimovski,SF,COLO,34.0,28.352942,10.235294,5.0588236,1.2941177,1.0294118,0.05882353,1.5882353,9.176471,0.3878205120563507,1.9705882,0.7761194109916687,0.9411765,andrej jakimovski
Dorian McMillian,PG,JKST,34.0,25.852942,10.235294,4.2941175,0.61764705,1.0882353,0.38235295,1.4705882,8.441176,0.4216027855873108,2.0588236,0.800000011920929,1.5588236,dorian mcmillian
Matas Vokietaitis,C,TEX,34.0,17.558823,10.205882,5.4411764,0.2647059,0.1764706,0.7647059,0.0,5.5588236,0.6772486567497253,4.2058825,0.6363636255264282,1.2352941,matas vokietaitis
Juan Cranford Jr.,PG,EKU,34.0,27.705883,10.205882,4.2058825,1.882353,1.0,0.05882353,1.7058823,7.852941,0.4569288492202759,1.5,0.8823529481887817,1.3529412,juan cranford jr
Al Green,PG,UNLV,30.0,24.733334,10.2,2.2666667,0.93333334,0.73333335,0.13333334,1.8666667,7.866667,0.4406779706478119,1.7333333,0.807692289352417,0.8,al green
Justin Hill,PG,WICH,28.0,24.964285,10.178572,2.5,2.7857144,1.0,0.10714286,0.9285714,9.428572,0.344696968793869,3.607143,0.7623762488365173,1.4285715,justin hill
Ty Harper,PG,ORU,34.0,26.970589,10.176471,2.9705882,1.7352941,0.88235295,0.11764706,1.2941177,7.9117646,0.4163568913936615,2.9117646,0.7878788113594055,1.382353,ty harper
Romelle Mansel,SF,JKST,31.0,32.451614,10.16129,6.903226,2.6774194,0.87096775,0.9354839,0.12903225,8.387096,0.4384615421295166,4.483871,0.597122311592102,1.8387097,romelle mansel
Bradyn Hubbard,SF,ACU,31.0,23.67742,10.16129,5.645161,0.83870965,1.3548387,0.16129032,0.6451613,7.548387,0.49572649598121643,2.419355,0.8399999737739563,1.451613,bradyn hubbard
Day Day Thomas,PG,CIN,32.0,25.46875,10.15625,2.6875,2.65625,1.75,0.1875,1.40625,9.25,0.4121621549129486,1.46875,0.7659574747085571,1.78125,day day thomas
Davion Everett,SF,SCST,33.0,20.878788,10.151515,4.6363635,1.3030303,0.969697,0.27272728,0.15151516,6.242424,0.655339777469635,2.7575758,0.6593406796455383,1.060606,davion everett
Donavan Yap,PG,SJSU,34.0,30.029411,10.1470585,2.6176472,2.8235295,0.9705882,0.05882353,1.5588236,8.294118,0.39716312289237976,2.3529413,0.8500000238418579,1.7352941,donavan yap
Jefferson De La Cruz Monegro,PG,CSUF,34.0,29.0,10.1470585,2.764706,1.617647,0.9411765,0.2647059,0.9411765,8.058824,0.37956205010414124,3.9117646,0.7894737124443054,1.4705882,jefferson de la cruz monegro
Dalton Banks,PG,ILST,36.0,30.36111,10.138889,3.5277777,4.0,1.75,0.2777778,0.6111111,7.8333335,0.4964539110660553,2.5833333,0.6774193644523621,2.1111112,dalton banks
Fletcher Abee,PG,UNCA,30.0,29.833334,10.133333,1.8,1.2,0.73333335,0.06666667,2.5,8.233334,0.4048582911491394,1.3666667,0.707317054271698,0.93333334,fletcher abee
Robert Carpenter,SF,NMSU,32.0,21.75,10.125,5.8125,0.5,0.5,0.71875,1.59375,9.59375,0.39413681626319885,1.40625,0.6888889074325562,0.6875,robert carpenter
Ante Beljan,SF,UIC,33.0,28.060606,10.121212,4.4848485,1.8787879,0.6363636,0.6060606,0.0,7.0,0.5714285969734192,3.2727273,0.6481481194496155,2.5151515,ante beljan
Dre Davis,PG,MISS,34.0,25.941177,10.117647,4.8235292,1.2941177,0.9705882,0.9705882,0.7352941,8.088235,0.4545454680919647,2.9705882,0.6831682920455933,1.2058823,dre davis
Zion Cruz,PG,RID,30.0,26.333334,10.1,2.7666667,1.4,0.6666667,0.5,1.0333333,9.5,0.42105263471603394,1.5,0.7111111283302307,0.8333333,zion cruz
Myles Rice,PG,MD,32.0,27.5,10.09375,2.75,2.75,1.0,0.09375,0.84375,8.5,0.4117647111415863,2.75,0.8181818127632141,2.15625,myles rice
Carmelo Adkins,PG,UPST,32.0,29.09375,10.09375,4.75,1.40625,0.84375,0.15625,1.4375,7.78125,0.40963855385780334,3.09375,0.7373737096786499,0.96875,carmelo adkins
Max Agbonkpolo,SF,MTST,33.0,25.242424,10.090909,4.3030305,0.8484849,0.969697,0.6969697,1.3333334,9.393939,0.4193548262119293,1.1515151,0.7631579041481018,1.1212121,max agbonkpolo
Antwan Burnett,PG,MOST,28.0,30.428572,10.071428,5.392857,1.6071428,1.1071428,0.17857143,1.0357143,8.892858,0.40963855385780334,2.6785715,0.653333306312561,1.8214285,antwan burnett
Paris Dawson,PG,SEA,30.0,25.633333,10.066667,3.1666667,1.8333334,1.1,0.1,1.3333334,7.633333,0.3711790442466736,3.7333333,0.8214285969734192,1.3,paris dawson
Trey Miller,PG,ALST,31.0,28.935484,10.064516,2.612903,4.290323,1.1612903,0.16129032,0.58064514,8.741936,0.45387452840805054,2.2580645,0.6857143044471741,2.580645,trey miller
Michael McNair,PG,BU,31.0,29.225807,10.064516,3.2903225,1.451613,0.61290324,0.12903225,2.2258065,7.645161,0.4303797483444214,1.7741935,0.7090908885002136,1.7741935,michael mcnair
Jayden Brown,SF,CCSU,32.0,27.3125,10.0625,4.75,1.21875,0.4375,0.875,0.9375,8.46875,0.46125462651252747,2.0,0.65625,1.34375,jayden brown
Kentrell Garnett,PG,UL,33.0,34.272728,10.060606,2.4545455,1.969697,1.1212121,0.15151516,2.030303,9.0,0.3872053921222687,1.2424242,0.8536585569381714,1.0909091,kentrell garnett
Tyler Schmidt,PG,TOW,34.0,24.735294,10.058824,3.2941177,1.6470588,1.2058823,0.1764706,1.1470588,7.529412,0.46484375,2.235294,0.8552631735801697,1.2647059,tyler schmidt
Tavion Banks,PG,IOWA,34.0,20.147058,10.058824,5.029412,1.0294118,0.7058824,0.4117647,0.05882353,6.5,0.5203620195388794,4.5882354,0.7051281929016113,1.382353,tavion banks
Camp Wagner,PG,INST,31.0,26.548388,10.032258,2.8709676,0.83870965,0.48387095,0.2580645,2.6774194,8.096774,0.3784860670566559,1.451613,0.8444444537162781,0.7419355,camp wagner
Samet Yigitoglu,C,SMU,32.0,24.5,10.03125,6.21875,1.03125,0.6875,1.03125,0.03125,7.1875,0.5347825884819031,4.125,0.560606062412262,1.5625,samet yigitoglu
Matt Becht,PG,MRMK,33.0,29.90909,10.030303,1.6969697,1.0909091,1.0909091,0.030303031,2.5757575,8.424242,0.3633093535900116,1.6060606,0.8301886916160583,0.6363636,matt becht
Braedan Lue,SF,KENN,33.0,25.545454,10.030303,5.4848485,0.72727275,0.72727275,1.0909091,0.969697,8.424242,0.43525180220603943,2.6666667,0.6477272510528564,1.6060606,braedan lue
Jeremy Roach,PG,BAY,29.0,28.586206,10.0,1.9310344,2.586207,0.86206895,0.13793103,1.3793104,9.827586,0.378947377204895,1.6896552,0.6938775777816772,1.3448275,jeremy roach
Keeshawn Barthelemy,PG,ORE,35.0,27.77143,10.0,2.2857144,2.4857142,1.0571429,0.14285715,1.8,8.314285,0.42611682415008545,1.2571429,0.8863636255264282,0.9714286,keeshawn barthelemy
Daeshon Shepherd,PG,LAS,33.0,29.787878,10.0,4.181818,0.6363636,0.75757575,0.6363636,0.6060606,8.727273,0.3958333432674408,3.3636363,0.7387387156486511,0.8181818,daeshon shepherd
Steven Jamerson II,SF,UCLA,31.0,24.0,10.0,7.806452,1.0,1.0645162,0.7741935,0.0,6.83871,0.5566037893295288,3.516129,0.6788991093635559,1.548387,steven jamerson ii
Keionte Cornelius,PG,CNSU,24.0,17.5,10.0,1.0833334,0.25,0.083333336,0.0,2.4166667,8.833333,0.3679245412349701,1.2916666,0.8387096524238586,1.0,keionte cornelius
Christian Davis,PG,BRAD,37.0,30.945946,10.0,5.243243,1.8648648,0.9459459,0.8648649,1.3783784,6.5675673,0.5226337313652039,2.108108,0.8333333134651184,1.2702702,christian davis
Ferlin Joseph,SF,BREW,2.0,28.0,10.0,3.5,0.5,1.0,0.5,0.0,9.5,0.4736842215061188,2.5,0.4000000059604645,1.5,ferlin joseph
Mason Makovec,SF,LYBG,1.0,15.0,10.0,5.0,0.0,0.0,1.0,1.0,5.0,0.4000000059604645,6.0,0.8333333134651184,3.0,mason makovec
Rashid Nikiema,SF,PCH,1.0,23.0,10.0,5.0,3.0,1.0,1.0,2.0,12.0,0.1666666716337204,4.0,1.0,3.0,rashid nikiema
Chris Fetuga,PG,SWCU,2.0,30.5,10.0,6.0,2.5,2.5,0.5,1.0,8.5,0.47058823704719543,2.5,0.4000000059604645,3.0,chris fetuga
Brennen Newsom,SF,EOU,1.0,15.0,10.0,5.0,0.0,0.0,1.0,0.0,5.0,1.0,0.0,0.0,0.0,brennen newsom
Eric Conner,SF,ABU,2.0,17.5,10.0,3.0,0.5,0.5,0.0,1.0,8.0,0.375,4.0,0.75,2.0,eric conner
Hassane Diallo,SF,PV,1.0,26.0,10.0,2.0,1.0,2.0,1.0,0.0,8.0,0.625,0.0,0.0,2.0,hassane diallo
Jake Matteson,SF,CMT,2.0,22.0,10.0,5.0,1.0,0.5,0.0,0.5,9.0,0.2777777910232544,6.5,0.692307710647583,3.5,jake matteson
Damontae Thompson,PG,IUC,1.0,25.0,10.0,1.0,1.0,0.0,0.0,0.0,7.0,0.7142857313156128,1.0,0.0,3.0,damontae thompson
Chase Dawson,PG,MORE,3.0,19.0,10.0,2.0,0.6666667,0.6666667,0.33333334,1.3333334,9.666667,0.4137931168079376,1.0,0.6666666865348816,2.0,chase dawson
Malachi Hampton,ATH,DVEK,1.0,10.0,10.0,4.0,0.0,0.0,0.0,0.0,5.0,0.800000011920929,3.0,0.6666666865348816,2.0,malachi hampton
Will Cordes,ATH,UJ,1.0,25.0,10.0,0.0,1.0,0.0,0.0,2.0,8.0,0.5,0.0,0.0,2.0,will cordes
Tarik Islamovic,PG,TWU,1.0,25.0,10.0,7.0,2.0,0.0,0.0,2.0,11.0,0.3636363744735718,0.0,0.0,1.0,tarik islamovic
Gabe Bristow,ATH,PCH,1.0,19.0,10.0,0.0,0.0,0.0,0.0,2.0,7.0,0.5714285969734192,0.0,0.0,0.0,gabe bristow
Valdy Zephir,SF,SWES,1.0,20.0,10.0,4.0,0.0,0.0,1.0,0.0,11.0,0.4545454680919647,0.0,0.0,1.0,valdy zephir
Cheikh Diagne,SF,MANR,1.0,32.0,10.0,3.0,4.0,0.0,0.0,2.0,8.0,0.5,0.0,0.0,3.0,cheikh diagne
Nick Davidson,PG,FPU,2.0,31.0,10.0,2.5,2.0,2.0,0.0,1.5,10.0,0.3499999940395355,2.0,0.75,2.0,nick davidson
Pete Combs,ATH,TLRU,1.0,18.0,10.0,3.0,1.0,0.0,1.0,0.0,8.0,0.5,4.0,0.5,0.0,pete combs
Ja'Keese Kemp,ATH,FP,1.0,18.0,10.0,2.0,2.0,2.0,0.0,2.0,8.0,0.5,0.0,0.0,0.0,ja keese kemp
Shawn Summers Jr.,ATH,GWYD,1.0,29.0,10.0,3.0,3.0,2.0,0.0,1.0,9.0,0.3333333432674408,4.0,0.75,0.0,shawn summers jr
Maison Adeleye,PG,NHVN,1.0,31.0,10.0,4.0,1.0,3.0,0.0,0.0,10.0,0.4000000059604645,2.0,1.0,3.0,maison adeleye
Payton Meyers,ATH,CORB,1.0,18.0,10.0,3.0,0.0,1.0,0.0,1.0,11.0,0.3636363744735718,2.0,0.5,0.0,payton meyers
Simon Akena,PG,NSU,1.0,32.0,10.0,5.0,4.0,1.0,0.0,0.0,11.0,0.4545454680919647,1.0,0.0,5.0,simon akena
Ahmad Raymond,PG,ECCL,3.0,39.666668,10.0,5.0,4.0,0.6666667,0.33333334,0.6666667,11.0,0.27272728085517883,4.6666665,0.7142857313156128,6.0,ahmad raymond
Jackson Harvey,ATH,SMMN,1.0,26.0,10.0,11.0,0.0,0.0,0.0,0.0,12.0,0.3333333432674408,3.0,0.6666666865348816,2.0,jackson harvey
Isaiah Quinteros,PG,FNU,1.0,26.0,10.0,1.0,3.0,0.0,0.0,2.0,10.0,0.4000000059604645,0.0,0.0,2.0,isaiah quinteros
Carter Koenig,ATH,ENDC,1.0,18.0,10.0,6.0,1.0,0.0,0.0,2.0,9.0,0.4444444477558136,0.0,0.0,2.0,carter koenig
Jaylon Calvin,ATH,VTSR,1.0,36.0,10.0,8.0,2.0,0.0,0.0,2.0,10.0,0.4000000059604645,0.0,0.0,5.0,jaylon calvin
Jake Devaney,SF,NYMT,1.0,26.0,10.0,6.0,2.0,2.0,0.0,0.0,13.0,0.38461539149284363,0.0,0.0,3.0,jake devaney
Bryson Goldsmith,ATH,TAMK,1.0,22.0,10.0,4.0,0.0,1.0,0.0,2.0,11.0,0.3636363744735718,0.0,0.0,0.0,bryson goldsmith
Rohan	 Singh,ATH,YUNY,1.0,28.0,10.0,3.0,5.0,0.0,0.0,3.0,9.0,0.3333333432674408,2.0,0.5,0.0,rohan singh
Aj Baskerville,ATH,MNTT,2.0,29.5,10.0,7.5,1.0,1.0,0.0,0.5,10.0,0.4000000059604645,2.0,0.75,1.5,aj baskerville
Bennie Amos Iii,ATH,HSSU,1.0,33.0,10.0,1.0,2.0,0.0,0.0,2.0,15.0,0.2666666805744171,0.0,0.0,1.0,bennie amos iii
Hannes Saar,ATH,UCCS,1.0,28.0,10.0,4.0,2.0,0.0,0.0,0.0,8.0,0.625,0.0,0.0,5.0,hannes saar
Danny Canul,SF,STTX,1.0,16.0,10.0,0.0,0.0,1.0,0.0,2.0,5.0,0.6000000238418579,2.0,1.0,0.0,danny canul
Deacon Perry,SF,WLMT,1.0,16.0,10.0,2.0,0.0,2.0,1.0,0.0,6.0,0.6666666865348816,3.0,0.6666666865348816,1.0,deacon perry
Dawson Nordgaard,ATH,MTU,1.0,28.0,10.0,2.0,3.0,1.0,2.0,0.0,9.0,0.5555555820465088,0.0,0.0,0.0,dawson nordgaard
Tyler Chapman,ATH,LNMO,1.0,31.0,10.0,0.0,2.0,0.0,0.0,2.0,6.0,0.5,2.0,1.0,3.0,tyler chapman
Emmanuel Ferguson,ATH,WLDF,1.0,22.0,10.0,2.0,0.0,1.0,0.0,1.0,6.0,0.5,4.0,0.75,2.0,emmanuel ferguson
Joash Beaton,PG,MEC,1.0,25.0,10.0,2.0,0.0,2.0,0.0,0.0,11.0,0.3636363744735718,2.0,1.0,1.0,joash beaton
Felix McGhee,PG,WAU,1.0,34.0,10.0,4.0,0.0,2.0,0.0,1.0,5.0,0.6000000238418579,3.0,1.0,5.0,felix mcghee
Quincy Ballard,C,MSST,33.0,27.575758,9.969697,9.151515,0.3030303,0.6363636,1.939394,0.0,5.848485,0.7512953281402588,2.121212,0.5571428537368774,0.57575756,quincy ballard
Marvin McGhee III,PG,RGV,33.0,29.848484,9.969697,3.6969697,1.030303,0.45454547,0.030303031,2.030303,8.969697,0.36486485600471497,1.6060606,0.8679245114326477,1.1515151,marvin mcghee iii
Devon Barnes,PG,BALL,33.0,25.242424,9.969697,2.090909,2.0,1.5757576,0.15151516,1.4848485,7.969697,0.3650190234184265,3.6363637,0.7333333492279053,0.969697,devon barnes
Brandon Maclin,PG,DEP,32.0,26.6875,9.96875,4.34375,2.21875,1.21875,0.25,1.0625,7.5625,0.42561984062194824,3.4375,0.7181817889213562,1.625,brandon maclin
Chris Austin,PG,PORT,31.0,28.967741,9.967742,3.387097,1.6451613,0.516129,0.09677419,0.7419355,7.580645,0.4680851101875305,2.8064516,0.7586206793785095,1.2258065,chris austin
Daniel Egbuniwe,SF,SBU,30.0,27.933332,9.966666,6.5,2.3,0.9,0.76666665,1.2666667,9.2,0.3949275314807892,2.3,0.6231883764266968,2.0333333,daniel egbuniwe
Dillon Mitchell,SF,SJU,35.0,28.085714,9.942857,6.857143,1.7428571,1.3714286,0.62857145,0.2857143,7.1714287,0.613545835018158,2.1714287,0.3947368562221527,1.2,dillon mitchell
Ben Schwieger,SF,UNI,33.0,30.60606,9.939394,5.212121,1.6969697,0.5151515,0.5151515,0.90909094,7.2727275,0.49166667461395264,2.6666667,0.7045454382896423,1.3333334,ben schwieger
Cole Hargrove,SF,PROV,33.0,32.545456,9.939394,7.4848485,1.7272727,0.6666667,1.8484849,0.18181819,7.030303,0.5862069129943848,2.2424242,0.6756756901741028,1.1212121,cole hargrove
Sean Newman Jr.,PG,SDSU,31.0,33.35484,9.935484,2.2580645,7.903226,0.83870965,0.29032257,1.1290323,7.935484,0.3861788511276245,3.1935484,0.8383838534355164,2.967742,sean newman jr
Zae Blake,PG,RGV,25.0,21.8,9.92,2.4,1.76,0.56,0.0,1.48,8.16,0.4215686321258545,1.88,0.8297872543334961,1.48,zae blake
Patrick McMahon,PG,MTST,33.0,23.39394,9.909091,3.3939395,1.1212121,0.3939394,0.36363637,0.5151515,7.121212,0.5106382966041565,2.878788,0.7368420958518982,0.72727275,patrick mcmahon
DeMarr Langford Jr.,PG,UALB,32.0,30.71875,9.90625,5.3125,1.375,1.46875,0.53125,0.0,7.5625,0.5619834661483765,2.875,0.489130437374115,1.125,demarr langford jr
Tyler Brelsford,PG,MORE,32.0,28.5,9.90625,3.6875,1.75,0.625,0.03125,1.09375,7.21875,0.37662336230278015,4.0,0.84375,1.59375,tyler brelsford
Jamarques Lawrence,PG,NEB,31.0,28.806452,9.903226,1.7741935,2.451613,0.83870965,0.06451613,1.9032258,7.709677,0.4184100329875946,1.7741935,0.8727272748947144,2.096774,jamarques lawrence
K.T. Raimey,PG,RGV,28.0,19.642857,9.892858,2.2857144,1.1071428,0.60714287,0.071428575,1.7142857,8.428572,0.3855932056903839,2.107143,0.7966101765632629,1.2142857,k t raimey
Saša Ciani,SF,PSU,27.0,20.222221,9.888889,7.5925927,1.3333334,0.5555556,0.5185185,0.14814815,7.3703704,0.5326633453369141,3.5555556,0.53125,1.8888888,sasa ciani
B.J. Edwards,PG,SMU,35.0,29.428572,9.885715,4.6857142,3.6857142,2.3714285,0.22857143,0.82857144,8.028571,0.4519572854042053,2.5142858,0.7159090638160706,1.8285714,b j edwards
Jason Fontenet II,PG,UCSB,34.0,29.588236,9.882353,5.970588,2.6764705,0.85294116,0.29411766,1.0,7.7058825,0.41603052616119385,3.2058823,0.7706422209739685,1.6470588,jason fontenet ii
Nick Ellington,SF,GMU,33.0,23.424242,9.878788,5.3636365,0.45454547,0.72727275,1.1818181,0.0,6.4848485,0.5607476830482483,4.242424,0.6142857074737549,1.1515151,nick ellington
Max Jones,PG,KSU,33.0,29.90909,9.878788,4.060606,1.8484849,0.8484849,0.27272728,1.3636364,8.333333,0.4000000059604645,2.4242425,0.762499988079071,1.4242424,max jones
Jeremiah Cherry,SF,SAC,33.0,23.787878,9.878788,5.2727275,0.6969697,0.21212122,1.5151515,0.0,6.5757575,0.6267281174659729,2.8181818,0.5806451439857483,1.3333334,jeremiah cherry
Tre'Von Spillers,SF,WAKE,32.0,33.25,9.875,7.59375,0.78125,0.78125,1.3125,0.375,8.09375,0.5096524953842163,1.75,0.7142857313156128,0.90625,tre von spillers
Mekhi Mason,PG,WAKE,31.0,24.35484,9.870968,2.1290324,1.4193548,1.0,0.32258064,1.7096775,7.7419353,0.42500001192092896,2.2258065,0.7101449370384216,1.1612903,mekhi mason
Kyric Davis,PG,NCCU,31.0,25.387096,9.870968,3.548387,1.6451613,1.032258,0.87096775,0.7419355,9.225806,0.36713287234306335,2.967742,0.79347825050354,1.451613,kyric davis
Christopher Flippin,PF,UMES,31.0,26.258064,9.870968,5.516129,0.61290324,0.32258064,0.38709676,0.0,7.451613,0.5541125535964966,3.032258,0.5319148898124695,1.1935484,christopher flippin
Steven Crowl,SF,WIS,37.0,25.567568,9.864865,5.324324,2.4324324,0.4864865,0.45945945,0.8648649,6.972973,0.538759708404541,1.8108108,0.8208954930305481,1.4054054,steven crowl
Nate Pickens,PG,BYU,33.0,27.30303,9.848485,3.4848485,2.060606,0.8484849,0.3939394,1.4242424,7.5151515,0.39516130089759827,3.2727273,0.7592592835426331,1.4848485,nate pickens
Damarco Minor,PG,PITT,33.0,31.939394,9.848485,4.757576,5.060606,1.4545455,0.33333334,0.93939394,8.69697,0.39721253514289856,2.3939395,0.8354430198669434,2.1818182,damarco minor
Jay Alvarez,SF,RID,33.0,25.878788,9.848485,4.3030305,0.8787879,0.72727275,0.060606062,1.030303,9.181818,0.40594059228897095,1.7575758,0.7758620977401733,1.060606,jay alvarez
Amani Hansberry,SF,VT,31.0,23.612904,9.83871,6.451613,1.4193548,0.7096774,0.38709676,1.1290323,8.580646,0.4285714328289032,1.8064516,0.75,1.451613,amani hansberry
Kaleb Stewart,PG,SDAK,31.0,23.967741,9.83871,1.6451613,1.483871,0.9354839,0.032258064,1.7419355,9.83871,0.36721310019493103,1.0645162,0.8181818127632141,1.0,kaleb stewart
Marcel Bryant,SF,PV,31.0,26.516129,9.83871,5.129032,1.4193548,1.1935484,1.1290323,0.5483871,8.774194,0.4154411852359772,3.387097,0.5904762148857117,2.1612904,marcel bryant
Roddy Gayle Jr.,PG,MICH,36.0,26.222221,9.833333,3.4444444,2.1944444,0.8055556,0.16666667,0.5277778,7.611111,0.43065693974494934,3.4722223,0.7919999957084656,1.8333334,roddy gayle jr
Yaphet Moundi,SF,SJSU,32.0,20.625,9.8125,7.40625,0.90625,1.125,0.6875,0.0,6.6875,0.5654205679893494,4.375,0.5142857432365417,1.9375,yaphet moundi
Jonathan Dunn,SF,NCCU,26.0,23.961538,9.807693,4.3461537,0.6923077,0.61538464,0.23076923,0.115384616,7.5384617,0.48469388484954834,3.8076923,0.6262626051902771,1.5384616,jonathan dunn
Je'Shawn Stevenson,PG,UNT,36.0,19.5,9.805555,2.4166667,0.9722222,1.3611112,0.19444445,1.0833334,7.611111,0.44525548815727234,2.3055556,0.8433734774589539,1.1388888,je shawn stevenson
Owen Dease,SF,VAL,30.0,25.6,9.8,4.2,1.5666667,0.46666667,0.36666667,1.2333333,7.5666666,0.4449339210987091,2.0,0.9166666865348816,1.2,owen dease
Carter Bjerke,SF,STMN,34.0,21.205883,9.794118,3.2941177,1.0588236,0.4117647,0.32352942,2.1764705,7.5588236,0.46692606806755066,0.7352941,0.7599999904632568,0.64705884,carter bjerke
Daniel Hankins-Sanford,SF,MASS,27.0,25.444445,9.777778,7.3703704,0.6296296,1.1481482,0.5555556,0.33333334,8.592592,0.47413793206214905,2.0370371,0.6363636255264282,1.074074,daniel hankins sanford
Luke Barrett,SF,SMC,35.0,36.54286,9.771428,6.8,1.3714286,0.71428573,0.37142858,1.0571429,8.285714,0.45517241954803467,1.6285714,0.719298243522644,0.9142857,luke barrett
Adam Miller,PG,GONZ,30.0,29.766666,9.766666,2.2666667,1.8666667,1.0333333,0.033333335,1.9,7.5,0.448888897895813,1.5,0.7555555701255798,1.4,adam miller
Colin Smalls,PG,AMER,33.0,26.424242,9.757576,1.7272727,1.2424242,0.8181818,0.030303031,1.3030303,7.5757575,0.40799999237060547,2.7878788,0.8152173757553101,0.6060606,colin smalls
Christian Howard,SF,CIU,4.0,21.25,9.75,3.25,2.0,0.25,0.0,0.0,7.5,0.4333333373069763,3.75,0.8666666746139526,0.5,christian howard
Thomas Haugh,SF,FLA,40.0,24.45,9.75,6.125,2.15,0.775,0.75,0.875,5.975,0.4853556454181671,3.875,0.7935484051704407,1.05,thomas haugh
Dylan Addae-Wusu,PG,HALL,25.0,29.0,9.72,3.52,3.12,1.96,0.16,1.16,8.84,0.3438914120197296,3.76,0.6595744490623474,2.12,dylan addae wusu
John Christofilis,PG,SEA,32.0,25.21875,9.71875,2.21875,0.46875,0.40625,0.09375,1.53125,9.9375,0.33018869161605835,1.8125,0.8965517282485962,1.03125,john christofilis
Tyler Mrus,SF,BYU,31.0,29.419355,9.709678,3.1612904,0.7741935,0.61290324,0.32258064,2.3548386,8.096774,0.38247013092041016,1.516129,0.7659574747085571,0.9677419,tyler mrus
Boubacar Coulibaly,SF,PEPP,34.0,26.5,9.705882,6.9411764,1.117647,0.7352941,1.5882353,0.0,6.2352943,0.6226415038108826,2.9705882,0.6534653306007385,1.2941177,boubacar coulibaly
Elijah Tucker,SF,LONG,32.0,19.875,9.6875,4.96875,0.65625,0.65625,0.03125,0.0,6.46875,0.5845410823822021,3.4375,0.6181818246841431,1.65625,elijah tucker
Cameron Faas,PG,FRES,32.0,28.34375,9.6875,3.8125,0.75,1.0,0.15625,2.15625,8.78125,0.38434162735939026,1.21875,0.6410256624221802,0.9375,cameron faas
Jayden Jackson,SF,CU,3.0,23.666666,9.666667,5.0,0.0,0.6666667,0.6666667,1.3333334,8.333333,0.36000001430511475,2.6666667,0.875,3.6666667,jayden jackson
Emaryon Byrd,ATH,ERKA,3.0,17.0,9.666667,1.6666666,1.0,0.33333334,0.6666667,1.0,7.0,0.4761904776096344,2.0,1.0,0.6666667,emaryon byrd
Collin Wainscott,C,STAM,3.0,20.666666,9.666667,0.33333334,1.0,0.33333334,0.0,1.6666666,7.0,0.3333333432674408,3.3333333,1.0,1.3333334,collin wainscott
Jack Clark,SF,VCU,35.0,28.8,9.657143,6.9428573,2.0,1.0285715,0.42857143,1.4,7.0571427,0.4777328073978424,1.9142857,0.7910447716712952,1.0857143,jack clark
Corneilous Williams,SF,UNA,35.0,29.8,9.657143,9.057143,0.37142858,0.54285717,0.8,0.0,5.714286,0.6349999904632568,3.6857142,0.6511628031730652,1.0285715,corneilous williams
Bryce Johnson,NA,,32.0,23.4375,9.65625,5.875,1.15625,1.1875,0.15625,0.25,6.09375,0.5384615659713745,4.15625,0.6842105388641357,1.59375,bryce johnson
Jahlil White,PG,LAS,29.0,27.275862,9.655172,6.206897,1.862069,1.5172414,0.7241379,0.4827586,8.0,0.4267241358757019,3.6206896,0.6476190686225891,2.1034484,jahlil white
Tyrone Riley IV,PG,SF,34.0,28.205883,9.6470585,6.0,1.0,1.1764706,0.3529412,0.85294116,6.970588,0.502109706401825,2.4411764,0.7349397540092468,0.9705882,tyrone riley iv
Nate Martin,SF,MRSH,33.0,27.878788,9.636364,8.272727,2.121212,0.7878788,0.8181818,0.15151516,6.757576,0.5336322784423828,4.0,0.5681818127632141,1.6060606,nate martin
Blue Cain,PG,UGA,33.0,26.969696,9.636364,4.242424,1.4545455,1.3939394,0.060606062,1.3939394,7.818182,0.41472867131233215,2.090909,0.8405796885490417,1.2424242,blue cain
Tarris Reed Jr.,C,CONN,35.0,19.942858,9.6285715,7.285714,1.0285715,0.6571429,1.5714285,0.0,5.8,0.6699507236480713,2.8857143,0.6435643434524536,1.2,tarris reed jr
DJ Richards Jr.,PG,MCN,35.0,22.514286,9.6285715,2.2285714,0.82857144,1.0285715,0.028571429,2.4285715,6.6857142,0.43589743971824646,1.5714285,0.8727272748947144,0.62857145,dj richards jr
Hakim Byrd,PG,UTU,32.0,31.84375,9.625,1.78125,2.625,0.9375,0.03125,1.375,8.34375,0.37827715277671814,2.09375,0.9253731369972229,1.96875,hakim byrd
Joshua O'Garro,PG,CSUN,32.0,30.03125,9.625,7.03125,1.5625,0.9375,0.59375,0.65625,7.4375,0.4495798349380493,2.6875,0.8488371968269348,1.0625,joshua o garro
Jordan Johnson,PG,BCU,32.0,23.90625,9.625,2.34375,0.65625,0.9375,0.09375,2.25,9.0625,0.35172414779663086,1.46875,0.6808510422706604,0.96875,jordan johnson
Nick McMullen,SF,GAST,33.0,28.787878,9.606061,9.545455,1.0,0.3939394,0.42424244,0.121212125,7.0,0.5454545617103577,3.2121212,0.5754716992378235,1.8181819,nick mcmullen
Isaiah Gray,PG,AKR,35.0,24.314285,9.6,4.6285715,2.4,1.0571429,0.057142857,0.8857143,7.0285716,0.5040650367736816,2.1142857,0.7702702879905701,1.8285714,isaiah gray
Jordan Mason,PG,TEM,30.0,30.066668,9.6,3.3666666,3.2666667,1.1666666,0.26666668,0.5,8.8,0.41287878155708313,2.2666667,0.8088235259056091,1.5333333,jordan mason
Miles Rubin,C,LUC,37.0,23.918919,9.594595,5.5405407,1.3243244,0.3783784,2.2972972,0.0,5.9459457,0.7136363387107849,2.2702703,0.488095223903656,1.5405406,miles rubin
Javan Buchanan,SF,BOIS,37.0,20.81081,9.594595,3.7837837,0.5945946,0.7027027,0.5675676,0.5945946,6.783784,0.5338645577430725,2.162162,0.8125,0.8378378,javan buchanan
AJ Hoggard,PG,VAN,32.0,25.96875,9.59375,2.59375,4.625,1.1875,0.25,0.8125,9.40625,0.3521594703197479,2.9375,0.7340425252914429,2.21875,aj hoggard
Elijah Strong,SF,SC,27.0,23.518518,9.592592,4.111111,0.9259259,0.22222222,0.25925925,0.9259259,7.7777777,0.4523809552192688,2.5925925,0.6285714507102966,1.7407408,elijah strong
Deuce Turner,PG,FAIR,34.0,19.441177,9.588235,1.8235294,1.4411764,0.5294118,0.05882353,1.2647059,8.029411,0.4139194190502167,2.0,0.8382353186607361,1.2941177,deuce turner
Justin Bailey,PG,UGA,34.0,27.17647,9.588235,3.5294118,1.7058823,1.2058823,0.029411765,1.6764706,6.0588236,0.4902912676334381,2.5882354,0.7613636255264282,0.85294116,justin bailey
Cade Haskins,SF,W&M,26.0,25.192308,9.576923,3.5384614,1.8076923,0.30769232,0.61538464,2.5769231,7.8461537,0.38235294818878174,1.3461539,0.7428571581840515,1.1153846,cade haskins
Dovydas Butka,SF,CAM,35.0,29.457144,9.571428,6.0857143,2.1714287,0.94285715,0.2857143,0.42857143,8.0,0.4821428656578064,2.7714286,0.5154638886451721,1.3428571,dovydas butka
Dayvion McKnight,PG,XAV,34.0,32.52941,9.558824,2.6176472,4.2058825,1.4117647,0.20588236,0.5588235,7.617647,0.4247104227542877,3.235294,0.7818182110786438,1.5882353,dayvion mcknight
Sebastian Mack,PG,MIZ,34.0,20.911764,9.558824,2.1176472,1.7352941,0.9117647,0.029411765,0.64705884,6.970588,0.4261603355407715,4.0,0.7426470518112183,1.382353,sebastian mack
Claudell Harris Jr.,PG,MSST,34.0,23.147058,9.558824,2.8235295,1.2352941,0.9117647,0.11764706,2.0,8.235294,0.39642858505249023,1.3235294,0.7777777910232544,0.7058824,claudell harris jr
Julius Rollins,PG,DEN,31.0,29.451612,9.548388,4.2580647,1.3225807,0.6451613,0.5483871,1.1290323,7.806452,0.42975205183029175,2.6774194,0.6385542154312134,1.6451613,julius rollins
Jaehshon Thomas,PG,DRKE,33.0,26.363636,9.545455,3.3030303,1.2727273,0.57575756,0.060606062,1.1818181,7.7272725,0.41960784792900085,2.3333333,0.8051947951316833,1.2727273,jaehshon thomas
Noble Crawford,SF,CHST,30.0,25.966667,9.533334,4.0,1.9666667,1.4333333,0.6,1.4666667,8.5,0.38823530077934265,2.1,0.6984127163887024,2.5333333,noble crawford
Braden Sparks,PG,FAIR,32.0,24.9375,9.53125,2.71875,1.90625,0.9375,0.0,1.46875,8.75,0.3678571283817291,2.0,0.8125,1.75,braden sparks
Sam Orme,SF,BEL,27.0,21.222221,9.518518,4.3333335,1.1111112,0.7777778,0.9259259,1.3333334,7.148148,0.5025906562805176,1.2592592,0.7941176295280457,0.9259259,sam orme
Drew Thelwell,PG,IOWA,29.0,25.448277,9.5172415,2.2068965,2.9655173,1.4827586,0.06896552,1.2068965,6.6896553,0.5,2.4827585,0.6527777910232544,1.137931,drew thelwell
Owen Lobsinger,SF,WMU,29.0,23.48276,9.5172415,6.448276,1.3448275,0.6551724,0.2413793,1.4827586,8.137931,0.38983049988746643,2.0689654,0.8166666626930237,1.5517242,owen lobsinger
Jonathan Aybar,SF,FIU,31.0,24.806452,9.5161295,4.83871,0.9354839,1.032258,0.516129,0.87096775,7.83871,0.39094650745391846,3.7096775,0.678260862827301,1.8709677,jonathan aybar
Saint Thomas,SF,USC,35.0,33.914288,9.514286,5.885714,4.2,1.3428571,0.45714286,0.7714286,8.228572,0.4652777910232544,1.7142857,0.6333333253860474,2.3714285,saint thomas
Jordan Tillmon,PG,PV,32.0,24.71875,9.5,2.90625,1.5625,0.71875,0.1875,1.0625,9.1875,0.38435372710227966,1.875,0.7333333492279053,0.96875,jordan tillmon
Bradley Land,PG,RAD,2.0,22.5,9.5,2.0,0.5,0.5,0.0,0.5,8.0,0.4375,3.0,0.6666666865348816,3.5,bradley land
Raymond Baka,C,FP,2.0,31.5,9.5,7.0,1.0,0.5,0.0,0.0,16.5,0.27272728085517883,1.5,0.3333333432674408,2.0,raymond baka
Thomas Dowd,SF,TROY,34.0,25.264706,9.5,6.9411764,0.9705882,1.0588236,0.5,1.3529412,7.470588,0.4173228442668915,2.6176472,0.7303370833396912,0.8235294,thomas dowd
Brandon Hunt,SF,CIU,4.0,27.5,9.5,5.75,1.75,0.5,0.25,1.0,8.25,0.42424243688583374,2.0,0.75,1.25,brandon hunt
Kameron McCall,PG,LGC,2.0,24.5,9.5,2.0,1.0,1.5,0.0,1.0,11.5,0.260869562625885,3.5,0.7142857313156128,2.0,kameron mccall
Jacob Howard,SF,AQUI,2.0,22.0,9.5,3.5,1.0,0.5,0.0,2.0,7.5,0.4000000059604645,2.5,0.6000000238418579,2.5,jacob howard
Trey Law,SG,OLLU,2.0,24.0,9.5,2.5,2.0,1.0,0.5,1.0,8.5,0.47058823704719543,1.0,0.5,2.0,trey law
Quantavis Mckinney,ATH,BLU,2.0,27.0,9.5,6.5,1.0,0.5,0.0,0.5,11.0,0.3181818127632141,3.0,0.6666666865348816,3.0,quantavis mckinney
Justin Harper,ATH,GCTU,2.0,11.0,9.5,1.0,0.5,0.5,0.0,2.0,8.5,0.3529411852359772,1.5,1.0,1.0,justin harper
Ethan Martin,PG,NWWA,2.0,18.5,9.5,2.0,0.0,0.0,0.5,2.0,7.0,0.5,1.5,0.3333333432674408,0.5,ethan martin
Adrian Brown,PG,CHCC,4.0,21.25,9.5,4.5,0.75,0.5,0.0,1.5,10.25,0.2926829159259796,2.75,0.7272727489471436,0.75,adrian brown
Solomon Campbell,ATH,ESC,2.0,17.0,9.5,2.0,0.0,0.0,0.5,0.5,6.5,0.4615384638309479,3.0,1.0,1.0,solomon campbell
David Day,PG,AQUI,2.0,18.0,9.5,2.0,0.5,1.0,0.0,1.5,9.5,0.3684210479259491,1.0,1.0,1.0,david day
George Mccurdy,C,SWCU,2.0,30.5,9.5,1.5,0.5,0.0,0.0,2.0,9.0,0.3888888955116272,0.5,1.0,1.5,george mccurdy
Djahi Binet,SF,USM,31.0,25.612904,9.4838705,7.580645,0.38709676,0.58064514,0.67741936,0.0,6.83871,0.551886796951294,3.064516,0.6315789222717285,1.7741935,djahi binet
Nick Pringle,SF,ARK,32.0,24.53125,9.46875,6.28125,1.125,0.5,0.4375,0.0,5.625,0.5722222328186035,4.625,0.6554054021835327,1.4375,nick pringle
Nyle Ralph-Beyer,PG,SHU,32.0,20.875,9.46875,2.3125,0.4375,0.28125,0.0625,2.0,7.5,0.44999998807907104,0.84375,0.8518518805503845,0.46875,nyle ralph beyer
Carmelo Pacheco,PG,UCF,30.0,28.166666,9.466666,1.6666666,1.3333334,0.6,0.1,2.5666666,6.266667,0.4680851101875305,1.2666667,0.8157894611358643,0.36666667,carmelo pacheco
Matt Allocco,PG,ND,26.0,33.46154,9.461538,4.3846154,2.6923077,0.53846157,0.15384616,1.7692307,6.923077,0.4611110985279083,1.7692307,0.739130437374115,0.7692308,matt allocco
Layden Blocker,PG,DEP,33.0,25.424242,9.454545,2.909091,3.060606,1.1212121,0.24242425,0.93939394,8.121212,0.4029850661754608,2.5151515,0.7831325531005859,1.7575758,layden blocker
Andrew Phillips,PG,LAF,33.0,26.454546,9.454545,4.757576,0.969697,0.54545456,0.121212125,1.4242424,7.5454545,0.4658634662628174,1.3636364,0.7333333492279053,1.1515151,andrew phillips
CJ Hardy,PG,CSUB,33.0,24.636364,9.454545,2.878788,2.090909,1.2727273,0.060606062,0.8484849,6.939394,0.4235807955265045,3.4545455,0.7894737124443054,1.5757576,cj hardy
Mylyjael Poteat,SF,VT,31.0,21.741936,9.451612,3.8064516,1.0645162,0.4516129,0.29032257,0.0,6.032258,0.5508021116256714,3.8709676,0.7250000238418579,1.516129,mylyjael poteat
Brody Robinson,PG,OAK,31.0,31.290323,9.451612,2.612903,4.419355,0.67741936,0.12903225,1.6774193,6.612903,0.3658536672592163,3.6451614,0.8053097128868103,2.1612904,brody robinson
Gabe Spinelli,PG,CCSU,31.0,29.580645,9.451612,3.064516,3.1935484,1.1290323,0.032258064,0.6451613,8.548388,0.41886791586875916,2.7419355,0.6000000238418579,2.1935484,gabe spinelli
Adam Hamilton,C,LAM,32.0,24.0625,9.4375,7.0,1.1875,0.875,1.65625,0.0,8.3125,0.4774436056613922,2.6875,0.5581395626068115,1.15625,adam hamilton
Daniel Akitoby,SF,UTSA,32.0,23.875,9.4375,7.25,0.78125,0.71875,1.1875,0.0,6.21875,0.5929648280143738,2.96875,0.6947368383407593,1.5625,daniel akitoby
Hermann Koffi,PG,STO,32.0,32.1875,9.4375,2.59375,1.46875,0.34375,0.0625,1.78125,7.625,0.4549180269241333,0.96875,0.7419354915618896,0.9375,hermann koffi
Igor Milicic Jr.,SF,TENN,37.0,25.45946,9.432432,6.675676,1.918919,0.7027027,0.6756757,1.027027,7.1621623,0.4716981053352356,2.2432432,0.7349397540092468,1.4864864,igor milicic jr
Mitch Mascari,PG,DRKE,35.0,38.54286,9.428572,2.2285714,1.3142858,1.4,0.028571429,2.4857142,7.257143,0.3897637724876404,1.5714285,0.8181818127632141,1.0571429,mitch mascari
Kendall Munson,SF,JAX,33.0,22.333334,9.424242,5.2727275,1.0909091,0.6060606,0.33333334,0.0,6.4848485,0.5420560836791992,4.121212,0.5808823704719543,1.6666666,kendall munson
Jackson Sivills,PG,WOF,33.0,21.939394,9.424242,3.7878788,1.1212121,0.33333334,0.45454547,1.8787879,7.5757575,0.4359999895095825,1.1818181,0.7948718070983887,0.93939394,jackson sivills
Jyare Davis,SF,SYR,33.0,24.69697,9.424242,4.939394,1.3636364,0.6363636,0.3939394,0.4848485,6.939394,0.528384268283844,2.5454545,0.6309523582458496,1.3030303,jyare davis
Eren Banks,PG,APP,33.0,28.727272,9.424242,2.5454545,2.3333333,1.3636364,0.060606062,1.5757576,7.5757575,0.46000000834465027,1.4242424,0.6170212626457214,1.8787879,eren banks
Isaiah Lewis,PG,LBSU,33.0,31.09091,9.424242,3.5757575,2.969697,1.5757576,0.18181819,1.0,10.121212,0.3502993881702423,1.7272727,0.7719298005104065,2.6969697,isaiah lewis
Cam Gillus,PG,HOW,29.0,30.655172,9.413794,4.3448277,2.4482758,1.2758621,0.06896552,1.4827586,8.103448,0.3787234127521515,2.689655,0.6666666865348816,1.4482758,cam gillus
Rashaun Agee,SF,TA&M,34.0,20.147058,9.411765,4.470588,1.0294118,0.7058824,0.7647059,0.7941176,6.147059,0.5502392053604126,2.5,0.7411764860153198,1.0882353,rashaun agee
Duke Miles,PG,VAN,34.0,24.647058,9.411765,2.5294118,2.0294118,1.4117647,0.05882353,1.1764706,6.1764708,0.5142857432365417,2.264706,0.8311688303947449,1.2058823,duke miles
Shammah Scott,PG,AKR,34.0,24.32353,9.411765,3.4705882,2.6764705,0.8235294,0.4117647,1.4117647,7.117647,0.45041322708129883,2.0294118,0.782608687877655,1.0,shammah scott
Dakota Leffew,PG,UGA,32.0,25.21875,9.40625,2.03125,1.6875,0.71875,0.375,1.59375,7.90625,0.4150197505950928,1.59375,0.7843137383460999,1.3125,dakota leffew
Nolan Winter,SF,WIS,37.0,21.081081,9.405405,5.8378377,1.054054,0.4054054,0.4054054,0.9189189,6.081081,0.5644444227218628,2.108108,0.7692307829856873,0.7567568,nolan winter
Kameron Mayhan,ATH,BTHS,5.0,26.2,9.4,4.2,1.2,1.0,1.0,1.2,10.0,0.36000001430511475,2.0,0.5,2.2,kameron mayhan
Alvin Stredic,SF,MVSU,28.0,30.892857,9.392858,5.214286,1.1785715,0.64285713,0.17857143,0.0,8.107142,0.40969163179397583,4.428571,0.6209677457809448,2.857143,alvin stredic
Freddie Dilione V,PG,PSU,31.0,24.580645,9.387096,2.8064516,1.6774193,0.87096775,0.29032257,0.9032258,8.67742,0.4163568913936615,1.7741935,0.7090908885002136,1.548387,freddie dilione v
Nimari Burnett,PG,MICH,37.0,26.324324,9.378378,3.5135136,1.5135136,0.7837838,0.21621622,1.7837838,6.7027025,0.47580644488334656,1.5945946,0.7627118825912476,1.2972972,nimari burnett
Mac Riniker,PG,CP,35.0,24.914286,9.3714285,4.571429,2.4571428,1.5428572,0.62857145,0.7714286,6.8285713,0.5230125784873962,2.3428571,0.6219512224197388,2.7142856,mac riniker
Arthur Tate,PG,MVSU,30.0,24.0,9.366667,2.6666667,0.46666667,0.5,0.033333335,1.1,8.5,0.40784314274787903,1.4333333,0.930232584476471,1.5666667,arthur tate
Dylan Jones,PG,SUU,33.0,24.181818,9.363636,1.9090909,0.75757575,0.36363637,0.18181819,2.4848485,7.5757575,0.40799999237060547,0.75757575,0.9200000166893005,0.75757575,dylan jones
KJ Adams Jr.,SF,KU,31.0,30.032259,9.354838,5.0,2.483871,0.9032258,0.7741935,0.0,6.935484,0.539534866809845,2.580645,0.7250000238418579,1.032258,kj adams jr
Te'Jon Sawyer,SF,MONT,34.0,23.970589,9.3529415,4.0588236,1.3235294,0.5294118,0.61764705,0.61764705,6.117647,0.5769230723381042,2.2941177,0.7307692170143127,1.3529412,te jon sawyer
Elliot Cadeau,PG,MICH,37.0,27.81081,9.351352,2.891892,6.243243,1.1081082,0.27027026,0.7837838,7.6486487,0.4452296793460846,2.6216216,0.6701030731201172,3.054054,elliot cadeau
Henri Veesaar,C,UNC,37.0,20.756756,9.351352,5.0,1.2702702,0.6756757,1.1351352,0.43243244,5.891892,0.5917431116104126,2.837838,0.6857143044471741,1.1351352,henri veesaar
Harlond Beverly,PG,WICH,33.0,27.0,9.333333,3.3333333,2.5757575,1.3333334,0.42424244,0.42424244,8.181818,0.46666666865348816,1.939394,0.65625,1.8181819,harlond beverly
Chris Bell,SF,CAL,33.0,21.454546,9.333333,2.0,0.45454547,0.33333334,0.3939394,1.4242424,7.151515,0.4067796468734741,2.6969697,0.7752808928489685,1.060606,chris bell
Jack Collins,PG,MONM,33.0,36.090908,9.333333,5.787879,2.878788,1.3030303,0.3030303,1.5757576,7.5757575,0.3799999952316284,2.7272727,0.7333333492279053,1.1212121,jack collins
Jalen Long,PG,CHEY,3.0,18.0,9.333333,0.6666667,1.3333334,2.3333333,0.0,1.0,7.0,0.3333333432674408,8.333333,0.4399999976158142,2.3333333,jalen long
Amir Gray,ATH,PSUS,3.0,16.333334,9.333333,2.0,0.6666667,1.3333334,0.33333334,0.0,9.0,0.4444444477558136,2.0,0.6666666865348816,2.6666667,amir gray
Kaden Cooper,PG,LT,32.0,28.09375,9.3125,7.78125,1.125,1.5,0.65625,0.875,7.6875,0.47560974955558777,1.6875,0.6666666865348816,1.59375,kaden cooper
Jalil Beaubrun,SF,APP,29.0,22.48276,9.310345,5.0689654,0.41379312,0.44827586,0.6896552,0.1724138,6.0689654,0.5284090638160706,4.6896553,0.5808823704719543,1.137931,jalil beaubrun
Jhamir Brickus,PG,VILL,36.0,29.75,9.305555,1.8611112,4.7222223,0.8333333,0.19444445,1.7222222,7.138889,0.47081711888313293,1.0277778,0.837837815284729,1.9166666,jhamir brickus
Deivon Smith,PG,SJU,30.0,27.066668,9.3,4.866667,3.8666666,1.4333333,0.36666667,1.0333333,9.033334,0.38007381558418274,2.1,0.6666666865348816,1.6333333,deivon smith
Chevalier Emery,PG,CLE,30.0,24.766666,9.3,1.8666667,1.9666667,0.96666664,0.033333335,1.5666667,9.1,0.34065935015678406,2.2666667,0.6764705777168274,1.7666667,chevalier emery
Andrew Rohde,PG,WIS,30.0,30.966667,9.3,2.9,4.3,1.2,0.23333333,1.4333333,7.8,0.4316239356994629,1.4666667,0.7727272510528564,1.8333334,andrew rohde
Andre Snoddy,PG,STBK,32.0,32.625,9.28125,8.0,1.75,0.5625,0.625,0.59375,7.3125,0.44871795177459717,2.9375,0.7234042286872864,1.5,andre snoddy
Kam Williams,PG,UK,33.0,32.333332,9.272727,4.4848485,1.3333334,1.3939394,1.060606,1.9090909,7.0,0.4848484992980957,0.75757575,0.7599999904632568,0.8484849,kam williams
Riley Kugel,PG,UCF,33.0,22.39394,9.272727,3.0,1.5454545,1.0909091,0.21212122,1.2121212,7.6969695,0.4330708682537079,1.8484849,0.7540983557701111,1.3939394,riley kugel
Tyshawn Archie,PG,MCN,33.0,22.121212,9.272727,2.0,1.939394,1.0909091,0.18181819,1.0909091,9.181818,0.3861386179924011,1.8787879,0.5806451439857483,1.3636364,tyshawn archie
Asim Jones,PG,QUIN,33.0,25.121212,9.272727,2.3636363,2.2121212,1.1515151,0.36363637,0.5151515,6.6363635,0.4337899684906006,3.878788,0.7734375,1.8484849,asim jones
Isaiah Barnes,PG,VAL,26.0,28.538462,9.269231,4.6153846,0.5769231,0.53846157,0.15384616,1.3846154,7.923077,0.4223301112651825,2.0384614,0.5849056839942932,1.2692307,isaiah barnes
Jalen Miller,PG,ORU,30.0,30.633333,9.266666,2.4,1.9333333,0.6333333,0.033333335,1.4333333,6.8,0.45588234066963196,2.1,0.7777777910232544,1.2333333,jalen miller
Sebastian Hartmann,PG,UTC,30.0,29.266666,9.266666,4.233333,1.5666667,0.56666666,0.36666667,1.1333333,6.4666667,0.5103092789649963,2.0,0.7666666507720947,1.0333333,sebastian hartmann
Kolten Griffin,SF,WGA,30.0,30.1,9.266666,4.1666665,2.0,0.76666665,0.5,0.8333333,8.9,0.3895131051540375,2.1666667,0.692307710647583,1.4666667,kolten griffin
PJ Fuller II,PG,CSUN,31.0,25.35484,9.258064,2.612903,3.064516,0.87096775,0.22580644,1.1612903,7.83871,0.41152262687683105,2.064516,0.796875,2.3225806,pj fuller ii
Brandon Whitney,PG,MONT,35.0,29.6,9.257143,2.2285714,2.6571429,0.6571429,0.028571429,0.51428574,6.0285716,0.549763023853302,2.5428572,0.8314606547355652,0.7714286,brandon whitney
Mikkel Tyne,PG,RICH,32.0,31.5625,9.25,2.25,1.40625,1.03125,0.0,1.1875,9.21875,0.3830508589744568,1.28125,0.7804877758026123,1.59375,mikkel tyne
D'Angelo Lake,SF,CHEY,4.0,28.25,9.25,5.0,1.25,0.75,0.75,0.0,6.5,0.5,3.75,0.7333333492279053,2.25,d angelo lake
Cam Hayes,PG,ECU,33.0,30.030304,9.242424,2.7575758,4.030303,0.90909094,0.09090909,1.2727273,8.818182,0.34364262223243713,2.2121212,0.8630136847496033,1.6969697,cam hayes
Corey Floyd Jr.,PG,PROV,29.0,28.931034,9.24138,4.827586,1.9655173,0.5862069,0.1724138,0.7586207,7.275862,0.43127962946891785,2.7586207,0.800000011920929,1.3448275,corey floyd jr
Dan Skillings Jr.,PG,BAY,29.0,22.793104,9.24138,3.7931035,1.4827586,1.2413793,0.6551724,0.8965517,8.310345,0.43983402848243713,1.6896552,0.6122449040412903,1.3448275,dan skillings jr
Kellen Amos,PG,RICE,30.0,25.1,9.233334,3.6333334,2.5666666,0.6,0.36666667,0.5,6.4333334,0.45077720284461975,4.4333334,0.6616541147232056,2.6,kellen amos
Julian Rishwain,PG,UNLV,31.0,30.419355,9.225806,3.516129,2.096774,1.2903225,0.16129032,2.2580645,7.774194,0.3900415003299713,1.2258065,0.7368420958518982,0.8064516,julian rishwain
Zack Austin,SF,PITT,32.0,32.0625,9.21875,4.65625,0.65625,1.125,1.59375,1.75,6.78125,0.42396312952041626,1.90625,0.9016393423080444,0.625,zack austin
Cris Carroll,SF,YSU,34.0,20.205883,9.205882,5.029412,1.1470588,1.0588236,0.32352942,1.1470588,6.5882354,0.4553571343421936,2.6176472,0.7865168452262878,1.6470588,cris carroll
Harlan Obioha,C,WVU,35.0,20.057142,9.2,6.0285716,0.94285715,0.54285717,1.2,0.0,5.2285714,0.6393442749977112,4.0285716,0.6241135001182556,1.5142857,harlan obioha
Dalen Davis,PG,PRIN,30.0,24.633333,9.2,2.0666666,1.6333333,0.93333334,0.033333335,1.6666666,8.9,0.3670412003993988,1.2,0.8333333134651184,1.1333333,dalen davis
Trazarien White,SF,TCU,32.0,25.46875,9.1875,2.875,0.90625,1.28125,0.125,1.21875,8.25,0.3901515007019043,2.4375,0.6282051205635071,0.75,trazarien white
Max Klesmit,PG,WIS,33.0,27.636364,9.181818,2.3636363,2.6969697,0.7878788,0.060606062,1.6060606,8.090909,0.34456929564476013,2.3636363,0.8461538553237915,1.1212121,max klesmit
Owen Larson,PG,DRKE,29.0,28.758621,9.172414,4.1034484,2.586207,0.82758623,0.20689656,1.8965517,7.724138,0.4017857015132904,1.2758621,0.837837815284729,1.7586207,owen larson
Quadir Copeland,PG,NCSU,35.0,21.857143,9.171429,3.3142858,4.457143,1.3714286,0.25714287,0.114285715,6.9142857,0.4876033067703247,3.4,0.680672287940979,2.7714286,quadir copeland
Trevin Knell,PG,BYU,36.0,20.277779,9.166667,2.3611112,1.25,0.9444444,0.083333336,2.0833333,6.2777777,0.47345131635665894,1.5555556,0.7321428656578064,0.8055556,trevin knell
Connor Turnbull,SF,EVAN,32.0,21.9375,9.15625,4.3125,1.5,0.4375,1.90625,0.375,6.9375,0.5360360145568848,1.90625,0.7049180269241333,1.28125,connor turnbull
Dajuan Harris,PG,KU,33.0,32.39394,9.151515,2.969697,5.7272725,1.4242424,0.36363637,0.8181818,8.212121,0.43911439180374146,1.5454545,0.7254902124404907,1.8181819,dajuan harris
Leland Walker,PG,WYO,33.0,28.515152,9.151515,2.6666667,4.5151515,1.060606,0.09090909,0.969697,8.69697,0.3728223145008087,2.2121212,0.767123281955719,2.4242425,leland walker
Bo Montgomery,PG,UNCW,35.0,22.62857,9.142858,3.857143,2.142857,0.82857144,0.2857143,1.1142857,7.5142856,0.44486692547798157,1.6857142,0.7966101765632629,1.0571429,bo montgomery
Elijah Brooks,PG,HCU,30.0,27.933332,9.133333,3.7333333,2.5666666,1.1333333,0.06666667,0.13333334,6.9,0.47826087474823,3.4333334,0.6990291476249695,2.6333334,elijah brooks
Nolan Dorsey,PG,CAL,32.0,32.28125,9.125,6.3125,2.21875,1.65625,0.1875,1.53125,7.28125,0.43347638845443726,1.75,0.7321428656578064,1.28125,nolan dorsey
Ben Gregg,SF,GONZ,35.0,19.857143,9.114285,4.9428573,1.2857143,0.6571429,0.42857143,0.54285717,5.8,0.5714285969734192,2.4571428,0.7906976938247681,0.6,ben gregg
Colin Porter,PG,LIB,35.0,31.857143,9.114285,2.1714287,4.285714,1.5428572,0.057142857,1.5428572,6.457143,0.491150438785553,1.6571429,0.7413793206214905,1.4857143,colin porter
Evan Nelson,PG,ARIZ,27.0,27.296297,9.111111,3.0,2.8888888,1.3703704,0.11111111,1.4074074,7.0740743,0.4554973840713501,1.3703704,0.9189189076423645,2.4814816,evan nelson
Brayden O'Connor,PG,GMU,36.0,27.944445,9.111111,2.7777777,3.0277777,0.8888889,0.2777778,0.8888889,6.638889,0.4476987421512604,2.8333333,0.8039215803146362,2.0833333,brayden o connor
Tre Holloman,PG,NCSU,37.0,23.108109,9.1081085,1.918919,3.7027028,0.8108108,0.24324325,1.2972972,8.189189,0.37293729186058044,2.0,0.8513513803482056,1.5675676,tre holloman
Tuongthach Gatkek,SF,LR,30.0,29.333334,9.1,6.3333335,2.2666667,1.6666666,1.5,0.0,6.633333,0.5678392052650452,2.7,0.5802469253540039,1.6,tuongthach gatkek
Luke Goode,SF,IU,32.0,26.71875,9.09375,3.0625,0.625,0.8125,0.21875,1.9375,6.71875,0.4139534831047058,1.8125,0.8793103694915771,0.40625,luke goode
Elijah Hawkins,PG,TTU,35.0,31.914286,9.085714,3.5142858,6.457143,1.5428572,0.14285715,1.5428572,8.142858,0.3228070139884949,2.7142856,0.8421052694320679,1.9714285,elijah hawkins
Chaney Johnson,SF,AUB,38.0,23.394737,9.078947,4.9473686,1.3421053,0.7368421,0.8684211,0.39473686,6.5,0.5668016076087952,1.8684211,0.7042253613471985,1.0526316,chaney johnson
Donovan Williams,PG,WMU,28.0,27.571428,9.071428,6.178571,1.0714285,0.75,0.2857143,0.75,6.607143,0.4054054021835327,4.142857,0.7155172228813171,1.1785715,donovan williams
Martel Williams,PG,CBU,29.0,22.137932,9.068966,2.1034484,0.6551724,0.86206895,0.27586207,0.8965517,7.62069,0.42533937096595764,1.9655173,0.859649121761322,1.3103448,martel williams
DJ Smith,PG,CAM,35.0,28.314285,9.057143,2.2571428,3.2,0.6,0.028571429,1.6,7.2285714,0.40316206216812134,2.057143,0.7916666865348816,2.0857143,dj smith
Julius Ellerbe III,PG,COPP,26.0,27.076923,9.038462,5.6153846,2.3461537,1.0,0.1923077,0.9230769,6.923077,0.3777777850627899,4.5,0.6410256624221802,2.8076923,julius ellerbe iii
Ryan Beasley,PG,SF,29.0,25.241379,9.034483,2.3793104,2.413793,1.0,0.0,1.0,7.0,0.4433497488498688,2.1724138,0.841269850730896,1.2413793,ryan beasley
Trey Deveaux,SF,MSM,29.0,23.758621,9.034483,4.6551723,1.1724138,0.62068963,0.27586207,0.62068963,6.8965516,0.4399999976158142,2.862069,0.8192771077156067,1.5862069,trey deveaux
Judah Brown,SF,USA,32.0,21.34375,9.03125,2.59375,0.4375,0.625,0.3125,2.15625,7.0625,0.4247787594795227,1.03125,0.8484848737716675,0.5,judah brown
Corey Hadnot II,PG,PFW,32.0,22.4375,9.03125,1.78125,1.5625,1.1875,0.25,1.1875,7.21875,0.4458874464035034,1.75,0.8035714030265808,0.875,corey hadnot ii
Jabe Mullins,PG,MTST,33.0,26.272728,9.030303,3.3636363,2.4242425,0.93939394,0.4848485,1.1515151,6.5757575,0.4285714328289032,2.4242425,0.925000011920929,1.4545455,jabe mullins
Kaleb Scott,SF,PRES,33.0,25.060606,9.030303,5.4545455,0.8484849,0.5151515,0.42424244,0.0,6.848485,0.5530973672866821,3.3030303,0.4403669834136963,1.0909091,kaleb scott
Anthony Robinson II,PG,MIZ,33.0,23.030304,9.030303,3.121212,3.4545455,2.030303,0.18181819,0.6060606,5.3333335,0.4829545319080353,4.242424,0.7714285850524902,1.6969697,anthony robinson ii
Aidan Kehoe,C,NAVY,34.0,29.264706,9.029411,8.882353,1.5882353,0.9117647,1.0882353,0.0,6.6764708,0.6211453676223755,2.2058823,0.3333333432674408,1.5882353,aidan kehoe
Jaylen Crocker-Johnson,SF,MINN,36.0,21.5,9.027778,4.388889,0.8055556,0.2777778,0.75,0.9444444,6.4444447,0.4913793206214905,2.3055556,0.759036123752594,0.9444444,jaylen crocker johnson
Jasper Floyd,PG,WVU,36.0,29.694445,9.027778,2.9722223,3.9166667,1.3333334,0.11111111,0.6666667,7.9722223,0.4216027855873108,2.1388888,0.7662337422370911,1.9722222,jasper floyd
Collin Holloway,SF,SAM,33.0,24.545454,9.0,4.969697,1.8787879,0.6969697,0.54545456,0.8787879,7.030303,0.4094827473163605,3.3333333,0.7090908885002136,2.090909,collin holloway
Milan Mejia,PG,UL,2.0,25.0,9.0,2.5,0.5,1.5,0.0,2.5,9.0,0.3333333432674408,0.5,1.0,2.5,milan mejia
Malik Joseph,PG,NBRY,2.0,21.0,9.0,4.0,1.0,0.0,0.0,2.0,9.0,0.3888888955116272,0.5,0.0,2.0,malik joseph
Jason Garcia,PG,SWA,2.0,37.5,9.0,2.5,5.0,2.0,0.0,0.5,8.0,0.3125,5.0,0.699999988079071,7.0,jason garcia
Trevor Nauert,PG,BOYC,1.0,20.0,9.0,1.0,2.0,0.0,0.0,2.0,7.0,0.4285714328289032,1.0,1.0,4.0,trevor nauert
Trent McGowan,PG,CRC,1.0,19.0,9.0,0.0,0.0,0.0,0.0,3.0,6.0,0.5,0.0,0.0,1.0,trent mcgowan
Justus Jackson,PG,TNST,32.0,28.78125,9.0,2.46875,3.53125,0.78125,0.0625,1.53125,9.0,0.3611111044883728,1.375,0.7045454382896423,2.15625,justus jackson
Elijah Gray,SF,WIS,25.0,19.72,9.0,3.76,0.6,0.4,0.32,0.56,6.4,0.48124998807907104,3.04,0.75,1.56,elijah gray
NJ Benson,SF,DEP,28.0,21.928572,9.0,6.178571,0.89285713,0.39285713,1.3571428,0.035714287,5.892857,0.6060606241226196,2.9642856,0.6144578456878662,1.4285715,nj benson
Bo Barber,PG,GWEB,1.0,27.0,9.0,0.0,4.0,0.0,1.0,3.0,5.0,0.6000000238418579,0.0,0.0,5.0,bo barber
Jay Milburn,SF,CBVU,1.0,21.0,9.0,7.0,2.0,0.0,1.0,1.0,8.0,0.5,0.0,0.0,1.0,jay milburn
McNeal Thompson IV,PG,WLDF,1.0,12.0,9.0,1.0,0.0,0.0,0.0,1.0,5.0,0.6000000238418579,2.0,1.0,1.0,mcneal thompson iv
Khalil Grayson,PG,WLDF,1.0,28.0,9.0,4.0,1.0,0.0,0.0,1.0,12.0,0.1666666716337204,4.0,1.0,3.0,khalil grayson
Bryce Wilson,PG,VRHS,1.0,25.0,9.0,1.0,1.0,0.0,0.0,1.0,8.0,0.375,2.0,1.0,1.0,bryce wilson
BJ Davis,PG,SDSU,31.0,23.967741,9.0,3.0,1.2258065,1.548387,0.16129032,1.3548387,7.387097,0.4235807955265045,1.7741935,0.7818182110786438,0.9354839,bj davis
Donovan Sanders,PG,MVSU,29.0,32.655174,9.0,3.0,2.7586207,1.4482758,0.1724138,0.5862069,9.931034,0.3576388955116272,2.1724138,0.60317462682724,3.0344827,donovan sanders
Qualen Pettus,PG,DS,1.0,23.0,9.0,2.0,2.0,2.0,0.0,1.0,11.0,0.3636363744735718,0.0,0.0,0.0,qualen pettus
Bryce Harris,SF,SRST,1.0,13.0,9.0,4.0,0.0,0.0,1.0,0.0,4.0,1.0,1.0,1.0,0.0,bryce harris
Blaze Lubbers,PG,DWU,2.0,20.0,9.0,5.5,0.0,0.0,0.0,1.5,7.5,0.46666666865348816,1.0,0.5,1.0,blaze lubbers
Christian Monroe,PG,ERSK,2.0,17.5,9.0,2.5,0.0,1.0,0.0,0.5,8.5,0.3529411852359772,4.0,0.625,1.0,christian monroe
Jeremiah Williams,ATH,TOCC,3.0,24.0,9.0,4.3333335,0.6666667,1.0,0.6666667,0.33333334,5.3333335,0.5625,3.0,0.8888888955116272,2.6666667,jeremiah williams
Nadjrick Peat,SF,CCU,1.0,20.0,9.0,3.0,0.0,0.0,0.0,0.0,7.0,0.5714285969734192,1.0,1.0,3.0,nadjrick peat
Armond Williams,SF,DLRD,2.0,25.0,9.0,8.5,2.0,1.5,2.5,0.5,7.5,0.4000000059604645,2.5,1.0,2.5,armond williams
Christian Bryant,SF,HSU,1.0,25.0,9.0,5.0,0.0,1.0,0.0,0.0,6.0,0.6666666865348816,2.0,0.5,3.0,christian bryant
Aaron Tims,SF,SWES,1.0,25.0,9.0,4.0,0.0,0.0,1.0,0.0,10.0,0.4000000059604645,2.0,0.5,0.0,aaron tims
Austin Bausman,SF,MWD,1.0,20.0,9.0,2.0,1.0,0.0,1.0,2.0,12.0,0.25,2.0,0.5,2.0,austin bausman
Brayden Maldonado,PG,SEA,32.0,23.25,9.0,1.9375,1.40625,1.4375,0.25,1.9375,6.96875,0.3901345431804657,1.9375,0.8387096524238586,0.75,brayden maldonado
Gavin Dowling,ATH,IUC,1.0,31.0,9.0,5.0,4.0,0.0,1.0,1.0,6.0,0.6666666865348816,4.0,0.0,2.0,gavin dowling
Wesley McIntyre,PG,VTSL,1.0,20.0,9.0,1.0,1.0,1.0,0.0,2.0,7.0,0.4285714328289032,2.0,0.5,1.0,wesley mcintyre
Josiah Talton,PG,HLGU,1.0,20.0,9.0,3.0,3.0,1.0,0.0,3.0,7.0,0.4285714328289032,0.0,0.0,2.0,josiah talton
Ej Mcquillan,ATH,LSUA,1.0,23.0,9.0,5.0,1.0,0.0,0.0,0.0,10.0,0.30000001192092896,4.0,0.75,2.0,ej mcquillan
Devaki Garr,ATH,UNTN,1.0,19.0,9.0,1.0,5.0,0.0,0.0,3.0,7.0,0.4285714328289032,0.0,0.0,4.0,devaki garr
Jeremiah Littlepage,ATH,UNTN,1.0,33.0,9.0,5.0,2.0,0.0,1.0,0.0,6.0,0.6666666865348816,3.0,0.3333333432674408,1.0,jeremiah littlepage
Ikechukwu Nwaobi,PG,YUNE,1.0,17.0,9.0,1.0,1.0,0.0,0.0,0.0,6.0,0.6666666865348816,2.0,0.5,1.0,ikechukwu nwaobi
Maksim Vukcevic,ATH,UMFK,1.0,20.0,9.0,1.0,0.0,1.0,0.0,0.0,9.0,0.3333333432674408,4.0,0.75,0.0,maksim vukcevic
Chad Duke,ATH,PCH,1.0,18.0,9.0,1.0,2.0,0.0,0.0,1.0,8.0,0.375,4.0,0.5,1.0,chad duke
Aedan Lewis,ATH,SWU,1.0,10.0,9.0,1.0,1.0,0.0,1.0,0.0,3.0,0.3333333432674408,10.0,0.699999988079071,0.0,aedan lewis
Jared Robins,SF,UTD,1.0,17.0,9.0,2.0,0.0,1.0,1.0,3.0,10.0,0.30000001192092896,0.0,0.0,0.0,jared robins
Manny Roach,PG,MANR,1.0,32.0,9.0,7.0,1.0,3.0,0.0,0.0,9.0,0.1111111119389534,7.0,1.0,4.0,manny roach
Elijahjuan Burke,ATH,DLRD,2.0,19.0,9.0,1.0,0.5,1.0,0.0,0.0,7.5,0.4000000059604645,3.5,0.8571428656578064,1.0,elijahjuan burke
Khalif Allim,ATH,DLRD,2.0,26.5,9.0,3.5,0.0,0.5,0.5,0.5,9.0,0.3888888955116272,2.5,0.6000000238418579,0.5,khalif allim
Pierce Prendergast,ATH,FP,1.0,17.0,9.0,2.0,0.0,0.0,1.0,3.0,5.0,0.6000000238418579,0.0,0.0,0.0,pierce prendergast
Bradley Alcrime,ATH,LNO,2.0,20.0,9.0,2.0,0.5,0.5,0.5,2.0,7.5,0.46666666865348816,0.0,0.0,0.0,bradley alcrime
James Jewell,ATH,CBVU,1.0,17.0,9.0,3.0,2.0,1.0,0.0,1.0,10.0,0.4000000059604645,2.0,0.0,1.0,james jewell
Ben Krystkowiak,ATH,CORB,1.0,21.0,9.0,1.0,1.0,0.0,0.0,3.0,5.0,0.6000000238418579,0.0,0.0,2.0,ben krystkowiak
Mario Williams Jr.,ATH,WORU,1.0,21.0,9.0,4.0,0.0,1.0,1.0,2.0,8.0,0.375,1.0,1.0,1.0,mario williams jr
Brady Grier,ATH,WORU,1.0,24.0,9.0,3.0,0.0,0.0,0.0,1.0,8.0,0.5,0.0,0.0,4.0,brady grier
Sparsh Kadayan,ATH,NOB,2.0,23.0,9.0,2.0,1.0,0.5,0.0,1.0,6.5,0.3076923191547394,4.5,0.8888888955116272,1.5,sparsh kadayan
Mason Landdeck,ATH,SEAP,1.0,26.0,9.0,2.0,3.0,1.0,0.0,1.0,8.0,0.25,5.0,0.800000011920929,2.0,mason landdeck
Michael Wilson Jr.,SF,BELL,1.0,29.0,9.0,11.0,1.0,1.0,0.0,0.0,8.0,0.375,6.0,0.5,2.0,michael wilson jr
Shaysten Cornish,ATH,TXCL,1.0,30.0,9.0,2.0,3.0,0.0,0.0,1.0,14.0,0.2142857164144516,2.0,1.0,2.0,shaysten cornish
Noah Gifft,ATH,ERAZ,2.0,21.0,9.0,1.0,0.0,1.0,0.0,1.5,8.5,0.29411765933036804,2.5,1.0,0.0,noah gifft
Xzavier Ivey,ATH,VTSR,1.0,17.0,9.0,0.0,0.0,1.0,0.0,3.0,3.0,1.0,0.0,0.0,1.0,xzavier ivey
Max Polk,PG,FIT,4.0,34.75,9.0,2.75,1.25,0.5,0.0,1.5,11.25,0.31111112236976624,0.75,0.6666666865348816,1.0,max polk
Joshua West,PG,HIPU,1.0,28.0,9.0,8.0,1.0,1.0,0.0,0.0,10.0,0.4000000059604645,2.0,0.5,2.0,joshua west
Jackson Sellars,PG,AVER,1.0,23.0,9.0,1.0,0.0,1.0,0.0,1.0,6.0,0.6666666865348816,0.0,0.0,2.0,jackson sellars
Cameron Brown,ATH,PSSH,2.0,22.0,9.0,2.5,2.5,0.5,0.0,0.0,9.0,0.3333333432674408,3.0,1.0,1.0,cameron brown
Alex Dawson,PG,TCJ,1.0,26.0,9.0,4.0,0.0,0.0,0.0,0.0,5.0,0.6000000238418579,3.0,1.0,5.0,alex dawson
Camryn Yorke,ATH,THMC,1.0,27.0,9.0,4.0,5.0,1.0,0.0,0.0,6.0,0.5,3.0,1.0,6.0,camryn yorke
Kendall Brasfield,ATH,CCSC,1.0,27.0,9.0,1.0,2.0,2.0,1.0,0.0,9.0,0.4444444477558136,2.0,0.5,2.0,kendall brasfield
Ty Fernholz,ATH,MTU,1.0,19.0,9.0,1.0,5.0,2.0,0.0,3.0,7.0,0.4285714328289032,0.0,0.0,1.0,ty fernholz
Max Ekono,ATH,LNMO,1.0,28.0,9.0,2.0,2.0,1.0,0.0,0.0,5.0,0.800000011920929,1.0,1.0,3.0,max ekono
Rashawn Wilcox,ATH,PSF,1.0,29.0,9.0,1.0,2.0,2.0,0.0,3.0,7.0,0.4285714328289032,0.0,0.0,2.0,rashawn wilcox
Zy'Ever Wingfield,ATH,UVAW,1.0,35.0,9.0,7.0,1.0,2.0,0.0,0.0,10.0,0.20000000298023224,6.0,0.8333333134651184,3.0,zy ever wingfield
Jeremiah Boateng,ATH,VWU,1.0,20.0,9.0,6.0,1.0,0.0,0.0,0.0,3.0,1.0,4.0,0.75,3.0,jeremiah boateng
Joshua Sasser,ATH,USW,1.0,18.0,9.0,2.0,1.0,2.0,0.0,1.0,3.0,0.6666666865348816,4.0,1.0,2.0,joshua sasser
Ugo Ejifor,ATH,WLDF,1.0,37.0,9.0,11.0,2.0,1.0,2.0,0.0,12.0,0.25,6.0,0.5,3.0,ugo ejifor
Kevin Reynald Jr.,ATH,HDBG,1.0,14.0,9.0,2.0,0.0,2.0,0.0,1.0,4.0,0.75,2.0,1.0,2.0,kevin reynald jr
Sayerr Senghore,SF,BING,1.0,26.0,9.0,3.0,0.0,0.0,1.0,1.0,8.0,0.5,0.0,0.0,1.0,sayerr senghore
James Bodily,PG,EOU,1.0,15.0,9.0,1.0,2.0,3.0,0.0,2.0,8.0,0.375,2.0,0.5,1.0,james bodily
Afamdi Achufusi,ATH,BOW,1.0,37.0,9.0,4.0,3.0,1.0,0.0,1.0,10.0,0.4000000059604645,0.0,0.0,1.0,afamdi achufusi
Terrance Ford Jr.,PG,TLSA,35.0,30.22857,8.971429,2.9142857,4.857143,1.2285714,0.0,1.2571429,6.9428573,0.4238682985305786,2.5714285,0.7111111283302307,2.0857143,terrance ford jr
Devon Savage,PG,MRMK,33.0,30.545454,8.969697,3.3333333,0.33333334,1.3030303,0.5151515,2.3333333,8.30303,0.37956205010414124,0.42424244,0.7857142686843872,0.6060606,devon savage
Jamie Bergens,PG,FAIR,32.0,31.9375,8.96875,2.53125,2.9375,1.125,0.0625,1.1875,8.75,0.3499999940395355,2.25,0.7361111044883728,1.375,jamie bergens
Christian Moore,PG,UAPB,29.0,28.793104,8.965517,3.4482758,4.0689654,1.3103448,0.03448276,0.9655172,9.448276,0.37226277589797974,1.5862069,0.6086956262588501,2.275862,christian moore
Johan Nziemi,SF,LONG,28.0,18.214285,8.964286,4.392857,0.42857143,0.78571427,0.60714287,0.10714286,4.821429,0.6074073910713196,4.75,0.6315789222717285,1.0714285,johan nziemi
Viljami Vartiainen,PG,WEB,34.0,25.382353,8.941176,2.264706,0.9705882,0.5294118,0.0882353,2.1176472,7.117647,0.40495866537094116,1.4705882,0.7200000286102295,0.9117647,viljami vartiainen
Mayar Wol,SF,BGSU,32.0,23.84375,8.9375,4.8125,0.875,0.8125,0.4375,1.46875,7.8125,0.40400001406669617,1.53125,0.7551020383834839,0.875,mayar wol
Emmett Marquardt,SF,EWU,32.0,22.78125,8.9375,4.4375,1.15625,0.625,0.71875,1.09375,6.9375,0.4954954981803894,1.28125,0.7560975551605225,0.90625,emmett marquardt
Kameron Taylor,PG,UNCA,31.0,22.064516,8.935484,4.225806,0.8064516,0.7419355,0.38709676,0.4516129,6.387097,0.5050504803657532,2.7741935,0.7325581312179565,0.48387095,kameron taylor
Kody Clouet,PG,WIN,29.0,23.206896,8.931034,2.6551723,0.9655172,0.9655172,0.3448276,1.5862069,7.9310346,0.33478260040283203,2.275862,0.8939393758773804,0.8965517,kody clouet
Ronald Jessamy,SF,CSUB,26.0,18.615385,8.923077,5.769231,0.65384614,0.34615386,1.3461539,0.0,5.4615383,0.591549277305603,3.9230769,0.6274510025978088,1.8076923,ronald jessamy
Vyctorius Miller,PG,OKST,25.0,19.04,8.92,2.44,1.24,0.52,0.2,1.12,6.8,0.4470588266849518,2.36,0.7288135886192322,1.12,vyctorius miller
Jalen Hill,SF,UNLV,33.0,30.0,8.909091,5.0,1.6969697,1.3333334,0.4848485,0.27272728,6.3030305,0.42788460850715637,4.242424,0.7642857432365417,1.3939394,jalen hill
Jacob Meyer,PG,UAB,33.0,19.333334,8.909091,2.6363637,0.72727275,0.6666667,0.060606062,1.2727273,7.3333335,0.38429751992225647,2.6060605,0.7674418687820435,0.6060606,jacob meyer
Hunter Jack Madden,PG,ACU,32.0,27.625,8.90625,2.3125,2.125,1.28125,0.125,1.625,7.78125,0.3413654565811157,2.15625,0.9130434989929199,2.03125,hunter jack madden
Luke Kearney,SF,USU,32.0,26.59375,8.90625,2.71875,0.90625,0.65625,0.125,1.625,7.46875,0.3891213536262512,1.75,0.8392857313156128,1.21875,luke kearney
TJ Nadeau,PG,DETM,32.0,24.15625,8.90625,3.53125,0.59375,0.375,0.21875,1.5,8.65625,0.3610108196735382,1.34375,0.8604651093482971,0.9375,tj nadeau
Juanse Gorosito,PG,USD,31.0,26.161291,8.903226,2.2580645,1.6774193,0.87096775,0.06451613,2.3225806,7.16129,0.4144144058227539,0.87096775,0.7407407164573669,1.1612903,juanse gorosito
Muneer Newton,SF,CAM,30.0,25.4,8.9,5.866667,0.93333334,0.8666667,0.8,0.0,6.4333334,0.5803108811378479,2.9,0.49425286054611206,1.2333333,muneer newton
Terell Strickland,PG,LIU,27.0,30.11111,8.888889,4.5555553,4.296296,1.4074074,0.18518518,0.7777778,7.296296,0.43654823303222656,2.2962964,0.7580645084381104,2.7777777,terell strickland
Braxton Stacker,PG,SEMO,27.0,22.296297,8.888889,3.074074,1.3333334,0.8888889,0.6296296,1.2962962,6.3333335,0.4502924084663391,2.2962964,0.8225806355476379,0.8518519,braxton stacker
Cole Anderson,PG,UCSB,34.0,28.529411,8.882353,1.9411764,1.0294118,0.6764706,0.0882353,2.3823528,6.2941175,0.46261683106422424,0.7352941,0.9200000166893005,0.7058824,cole anderson
DeAntoni Gordon,SF,USM,32.0,27.125,8.875,5.0,0.96875,0.59375,1.09375,0.1875,7.21875,0.5194805264472961,1.75,0.6785714030265808,1.1875,deantoni gordon
Connor Sevilla,PG,UCD,32.0,29.15625,8.875,1.59375,0.90625,0.5,0.03125,1.96875,7.53125,0.37344399094581604,1.40625,0.9111111164093018,0.8125,connor sevilla
Zaxton King,PG,MOST,32.0,30.6875,8.875,2.8125,1.46875,0.84375,0.15625,1.78125,7.5,0.40416666865348816,1.375,0.75,1.09375,zaxton king
Nana Antwi-Boasiako,SF,SFA,31.0,24.967741,8.870968,5.870968,0.87096775,0.8064516,1.2903225,0.87096775,6.419355,0.43718594312667847,3.6774194,0.6491228342056274,1.1290323,nana antwi boasiako
Mouhamed Sow,SF,URI,23.0,29.869566,8.869565,6.652174,1.0,1.0869565,0.82608694,0.6086956,6.9130435,0.4716981053352356,2.5217392,0.6896551847457886,1.2173913,mouhamed sow
Truth Harris,PG,LAS,33.0,22.181818,8.848485,2.2727273,1.7272727,1.030303,0.09090909,1.1818181,6.3030305,0.39423078298568726,3.3333333,0.8090909123420715,1.5454545,truth harris
Pryce Sandfort,SF,NEB,33.0,22.363636,8.848485,2.878788,1.3030303,0.57575756,0.24242425,1.6969697,6.4545455,0.48826292157173157,1.3333334,0.6363636255264282,0.42424244,pryce sandfort
Jurian Dixon,PG,UCI,39.0,26.358974,8.846154,2.974359,1.6923077,0.8974359,0.051282052,0.74358976,7.179487,0.43214285373687744,2.4871795,0.7628865838050842,1.051282,jurian dixon
Ben Callahan-Gold,SF,BING,32.0,20.9375,8.84375,2.53125,0.6875,0.34375,0.3125,1.875,7.09375,0.4361233413219452,0.8125,0.9615384340286255,0.53125,ben callahan gold
Tanner Cuff,PG,HAW,32.0,32.9375,8.84375,6.21875,3.21875,1.34375,0.3125,0.4375,6.8125,0.4954128563404083,2.75,0.6022727489471436,1.25,tanner cuff
Butta Johnson,PG,CLEM,37.0,26.891891,8.837838,2.054054,1.8378378,0.8378378,0.1891892,1.3243244,8.324325,0.36688312888145447,1.6216216,0.8666666746139526,0.8918919,butta johnson
Jacob Wilson,PG,MORE,24.0,25.208334,8.833333,3.4583333,1.5833334,1.0833334,0.083333336,1.5833334,8.083333,0.36082473397254944,2.125,0.6666666865348816,1.6666666,jacob wilson
Connor Hollenbeck,SF,IDST,30.0,28.1,8.833333,4.133333,1.3666667,0.46666667,0.23333333,1.2666667,6.4666667,0.4484536051750183,2.0666666,0.8548387289047241,1.4666667,connor hollenbeck
RJ Melendez,SF,MSST,34.0,22.382353,8.823529,4.3235292,0.85294116,0.9411765,0.64705884,0.9705882,6.970588,0.4388185739517212,2.3235295,0.746835470199585,1.0,rj melendez
Brock Harding,PG,TCU,33.0,24.90909,8.818182,2.3030303,5.2727275,1.5151515,0.121212125,1.1818181,7.212121,0.45378151535987854,1.4242424,0.7659574747085571,2.3333333,brock harding
Ruot Bijiek,SF,BUCK,33.0,28.727272,8.818182,3.8181818,1.1515151,0.6060606,0.75757575,1.3333334,7.090909,0.4444444477558136,1.4545455,0.8125,0.969697,ruot bijiek
Zed Key,SF,DAY,32.0,19.15625,8.8125,3.75,0.34375,0.34375,1.03125,0.0,4.8125,0.5844155550003052,4.03125,0.7906976938247681,0.875,zed key
Efton Reid III,SF,WAKE,31.0,29.548388,8.806452,6.580645,1.032258,0.5483871,0.9677419,0.32258064,5.709677,0.5480226278305054,3.096774,0.71875,1.548387,efton reid iii
Lance Waddles,PG,OMA,35.0,20.914286,8.8,3.942857,1.8,0.45714286,0.14285715,1.2571429,8.0,0.375,2.2,0.701298713684082,1.1142857,lance waddles
Casey Simmons,PG,YALE,29.0,24.965517,8.793103,4.586207,0.7241379,0.5862069,0.62068963,0.51724136,6.62069,0.546875,1.4827586,0.6976743936538696,0.79310346,casey simmons
Jordan Chatman,PG,FAMU,29.0,25.310345,8.793103,3.724138,0.79310346,0.7586207,0.2413793,1.6896552,6.137931,0.42696627974510193,2.4482758,0.7605633735656738,1.1724138,jordan chatman
Zach Bell,PG,SUU,33.0,27.575758,8.787879,2.7575758,1.5454545,1.5151515,0.36363637,0.969697,7.6060605,0.4661354720592499,0.8484849,0.8571428656578064,1.3636364,zach bell
Tyler Linhardt,SF,IDHO,28.0,17.321428,8.785714,2.642857,0.42857143,0.42857143,0.2857143,0.8214286,6.5,0.4285714328289032,3.0357144,0.7882353067398071,1.5357143,tyler linhardt
Daquan Davis,PG,PROV,31.0,25.64516,8.774194,2.3225806,2.483871,1.0967742,0.58064514,0.7741935,7.064516,0.3607305884361267,3.516129,0.8256880640983582,1.6129032,daquan davis
Kadin Shedrick,SF,TEX,35.0,26.542856,8.771428,6.0857143,0.6,0.6857143,1.6571429,0.2,5.2285714,0.5573770403862,4.0285716,0.6808510422706604,0.94285715,kadin shedrick
Sean Moore,SF,UNCW,35.0,24.142857,8.771428,6.542857,1.3142858,1.4857143,0.37142858,1.0571429,7.7714286,0.43382352590560913,1.5142857,0.6415094137191772,1.5428572,sean moore
Bobby Pettiford,PG,HPU,30.0,21.433332,8.766666,2.5333333,3.4,1.0,0.033333335,0.26666668,6.0666666,0.5824176073074341,1.6666666,0.8600000143051147,1.2666667,bobby pettiford
AJ Braun,SF,CBU,29.0,19.655172,8.75862,4.4827585,0.51724136,0.37931034,0.31034482,0.10344828,6.6896553,0.5257731676101685,2.6551723,0.6103895902633667,1.3448275,aj braun
Ja'Kair Sanchez,PG,WAG,29.0,18.931034,8.75862,2.0,0.7586207,0.55172414,0.13793103,0.79310346,6.2413793,0.4751381278038025,2.4827585,0.8194444179534912,1.2758621,ja kair sanchez
Trey Galloway,PG,IU,32.0,27.9375,8.75,2.3125,4.65625,0.625,0.1875,1.15625,8.0,0.421875,1.3125,0.6428571343421936,2.46875,trey galloway
Leo DeBruhl,PG,UCD,32.0,28.65625,8.75,3.625,2.9375,1.375,0.125,1.375,7.46875,0.36401674151420593,2.28125,0.8493150472640991,2.34375,leo debruhl
Will Kelly,PG,CIU,4.0,22.5,8.75,2.25,1.5,0.75,0.0,1.0,10.0,0.32499998807907104,1.75,0.7142857313156128,1.75,will kelly
Nate Johnson,PG,DETM,32.0,29.8125,8.75,4.53125,1.0625,0.53125,0.125,0.96875,7.9375,0.3858267664909363,2.46875,0.6708860993385315,2.09375,nate johnson
Tyus Williams,SF,MATC,4.0,22.5,8.75,3.5,0.75,0.5,0.0,0.0,7.75,0.4838709533214569,2.0,0.625,1.0,tyus williams
Dai Dai Ames,PG,CAL,31.0,25.741936,8.741936,1.3870968,1.9354838,0.7741935,0.3548387,1.0,7.225806,0.4598214328289032,1.3225807,0.8292682766914368,1.2258065,dai dai ames
Jaden Winston,PG,MAN,31.0,33.387096,8.741936,3.2903225,4.2580647,2.0,0.16129032,0.8064516,7.451613,0.41558441519737244,2.3548386,0.7397260069847107,2.096774,jaden winston
Abramo Canka,PG,STET,26.0,25.961538,8.730769,4.5,1.3461539,0.96153843,0.53846157,0.7692308,7.230769,0.46276596188545227,1.8846154,0.6734693646430969,1.0769231,abramo canka
Kacper Klaczek,SF,ELON,33.0,29.181818,8.727273,5.3939395,1.7575758,0.90909094,0.8787879,1.1212121,7.3333335,0.4545454680919647,1.4545455,0.6458333134651184,1.3333334,kacper klaczek
Santiago Trouet,SF,ASU,33.0,25.272728,8.727273,6.818182,0.6969697,1.0,0.6666667,0.36363637,7.969697,0.4372623562812805,1.939394,0.71875,1.5757576,santiago trouet
Wesley Celichowski,C,AF,32.0,20.28125,8.71875,2.0625,1.03125,0.0625,0.65625,0.53125,6.03125,0.5025906562805176,3.34375,0.6355140209197998,1.03125,wesley celichowski
Jayvon Maughmer,PG,LIB,35.0,28.657143,8.714286,4.3428574,1.4857143,0.94285715,0.45714286,1.2571429,7.2285714,0.47035571932792664,1.1714286,0.5609756112098694,1.1142857,jayvon maughmer
Derek Simpson,PG,JOES,35.0,30.028572,8.714286,3.857143,3.6,0.9714286,0.14285715,1.2571429,8.314285,0.3505154550075531,2.1142857,0.7702702879905701,1.6857142,derek simpson
Jahari Williamson,PG,KENT,31.0,22.903225,8.709678,1.0645162,0.9354839,0.6451613,0.032258064,1.7741935,6.354839,0.42131978273391724,1.8709677,0.8448275923728943,0.5483871,jahari williamson
Jon Sanders II,PG,EMU,31.0,19.580645,8.709678,2.064516,1.8709677,0.5483871,0.032258064,1.2580645,7.322581,0.38325992226600647,2.1612904,0.8507462739944458,2.1612904,jon sanders ii
Christian Jones,PG,GW,34.0,23.911764,8.705882,2.1764705,2.6176472,1.6764706,0.1764706,1.0,7.1764708,0.43852460384368896,2.0588236,0.6857143044471741,1.9705882,christian jones
DJ Davis,PG,WASH,27.0,23.592592,8.703704,1.2592592,1.037037,0.5555556,0.0,1.8888888,6.9259257,0.3689839541912079,1.8888888,0.9019607901573181,1.1111112,dj davis
Ven-Allen Lubin,SF,NCSU,37.0,19.513514,8.7027025,5.4864864,0.2972973,0.3783784,0.9189189,0.0,5.2972975,0.6836734414100647,2.054054,0.7105262875556946,0.8108108,ven allen lubin
Paul Bruns,PG,SDAK,33.0,25.757576,8.69697,4.5757575,1.2121212,0.75757575,0.15151516,1.4848485,6.818182,0.40888887643814087,2.2727273,0.7200000286102295,0.54545456,paul bruns
Blair Thompson,SF,COLU,26.0,24.307692,8.692307,6.730769,1.0769231,1.2692307,0.23076923,1.0,6.5384617,0.47058823704719543,2.0,0.7692307829856873,1.0,blair thompson
Sola Adebisi,SF,CIT,28.0,27.642857,8.678572,6.035714,1.25,0.60714287,0.96428573,0.64285713,6.178571,0.4971098303794861,2.857143,0.6625000238418579,1.3571428,sola adebisi
Karon Boyd,SF,WICH,31.0,30.419355,8.67742,7.193548,1.0645162,0.9032258,0.9032258,0.41935483,7.193548,0.43497759103775024,3.1935484,0.6262626051902771,1.3870968,karon boyd
Fousseyni Traore,C,BYU,36.0,17.305555,8.666667,5.388889,1.3055556,0.2777778,0.3888889,0.027777778,5.4444447,0.6275510191917419,2.1944444,0.8227847814559937,1.25,fousseyni traore
Jao Ituka,PG,NIU,36.0,18.666666,8.666667,1.5,0.8055556,0.30555555,0.083333336,1.4722222,6.8055553,0.3877550959587097,2.3888888,0.8023256063461304,0.8333333,jao ituka
Liutauras Lelevicius,PG,TCU,33.0,26.757576,8.666667,4.030303,1.2121212,0.5151515,0.27272728,1.0909091,6.060606,0.47999998927116394,2.060606,0.8529411554336548,0.93939394,liutauras lelevicius
Tony Perkins,PG,MIZ,32.0,23.28125,8.65625,2.5,2.5,1.09375,0.1875,0.53125,5.9375,0.47894737124443054,3.21875,0.7572815418243408,1.59375,tony perkins
Marlon Short,PG,UMBC,32.0,23.71875,8.65625,3.21875,1.84375,1.0625,0.125,0.21875,6.78125,0.5161290168762207,2.5,0.574999988079071,0.90625,marlon short
Turner Buttry,PG,EKU,32.0,26.125,8.65625,1.84375,1.5625,0.65625,0.03125,1.625,6.3125,0.40594059228897095,1.96875,0.9682539701461792,0.9375,turner buttry
Nate Fouts,SF,LEM,32.0,26.3125,8.65625,4.5625,2.03125,0.78125,0.375,0.84375,7.03125,0.4577777683734894,2.0625,0.6666666865348816,1.5625,nate fouts
Quinton Morton-Robertson,PG,PFW,31.0,30.548388,8.645162,2.6451614,2.7096775,1.451613,0.0,2.032258,7.483871,0.38793104887008667,1.032258,0.78125,1.2903225,quinton morton robertson
Abdul Momoh,SF,UIC,31.0,25.67742,8.645162,6.096774,1.032258,0.6451613,1.6129032,0.0,5.935484,0.592391312122345,2.6774194,0.6024096608161926,1.4193548,abdul momoh
Achile Spadone,PG,BUCK,33.0,31.818182,8.636364,4.5151515,1.6060606,1.2424242,0.18181819,0.8181818,6.848485,0.4203539788722992,2.5454545,0.8095238208770752,1.3333334,achile spadone
Owen Aquino,SF,HPU,35.0,24.6,8.6285715,5.5142856,2.0857143,0.7714286,1.1142857,0.14285715,5.8285713,0.5833333134651184,2.6285715,0.6413043737411499,1.4571428,owen aquino
Jayden Nunn,PG,BAY,34.0,28.147058,8.617647,2.6176472,1.5882353,0.9411765,0.1764706,1.882353,7.4117646,0.4047619104385376,1.1764706,0.625,0.7352941,jayden nunn
Sion James,PG,DUKE,39.0,25.487179,8.615385,4.179487,2.9487178,0.82051283,0.25641027,0.7948718,5.5641026,0.5161290168762207,2.5641026,0.8100000023841858,1.2051282,sion james
Brody Rowbury,SF,IDHO,31.0,27.419355,8.612904,5.387097,0.9354839,0.48387095,0.3548387,0.22580644,5.354839,0.5301204919815063,3.483871,0.7777777910232544,0.9032258,brody rowbury
Zimi Nwokeji,SF,JAX,33.0,20.242424,8.606061,4.0,0.42424244,0.42424244,0.6969697,1.8484849,7.3333335,0.40082645416259766,1.3030303,0.6744186282157898,0.6969697,zimi nwokeji
Peter Oduro,SF,HAMP,30.0,27.166666,8.6,4.0666666,0.46666667,0.33333334,0.3,0.13333334,6.6,0.5353535413742065,2.1,0.6666666865348816,1.1666666,peter oduro
Jordan Nesbitt,PG,WYO,32.0,28.0,8.59375,6.875,1.84375,0.71875,0.28125,0.96875,8.53125,0.3443223536014557,2.625,0.6666666865348816,2.09375,jordan nesbitt
Khaman Maluach,C,DUKE,39.0,21.25641,8.589744,6.5897436,0.51282054,0.20512821,1.3076923,0.102564104,4.8974357,0.7120419144630432,1.9743589,0.7662337422370911,0.7692308,khaman maluach
Marquis Barnett,PG,KENT,36.0,19.916666,8.583333,3.6666667,0.8611111,1.1944444,0.41666666,0.9166667,7.2222223,0.4307692348957062,2.1944444,0.6582278609275818,0.9444444,marquis barnett
Julius Mims,SF,NMSU,31.0,20.64516,8.580646,6.322581,0.7741935,0.5483871,1.0645162,0.06451613,5.419355,0.6607142686843872,2.451613,0.5526315569877625,1.451613,julius mims
Dylan Godfrey,SF,UCR,31.0,23.225807,8.580646,2.8387096,0.61290324,0.5483871,0.48387095,1.3225807,7.677419,0.424369752407074,0.87096775,0.8518518805503845,1.2580645,dylan godfrey
Jaden Johnson,PG,LAS,35.0,34.17143,8.571428,3.1714287,3.7142856,0.8,0.028571429,0.22857143,8.257143,0.366782009601593,3.2285714,0.7079645991325378,2.4857142,jaden johnson
Matthew Mors,SF,SDST,32.0,25.84375,8.5625,3.53125,1.28125,0.59375,0.34375,0.84375,6.21875,0.4974874258041382,2.125,0.720588207244873,0.96875,matthew mors
Myron Amey Jr.,PG,LMU,32.0,20.5,8.5625,2.71875,0.65625,1.25,0.09375,1.1875,7.59375,0.39094650745391846,1.75,0.8214285969734192,0.8125,myron amey jr
Khalil Badru,PG,IONA,32.0,22.34375,8.5625,4.65625,0.6875,1.0625,0.125,0.375,7.03125,0.5066666603088379,2.25,0.4722222089767456,1.21875,khalil badru
Mike Mitchell Jr.,PG,MINN,25.0,29.16,8.56,1.84,2.52,1.0,0.16,2.0,8.84,0.33936652541160583,0.76,0.7368420958518982,1.04,mike mitchell jr
Cam Crawford,PG,DUQ,29.0,23.137932,8.551724,2.4827585,1.0689656,0.8965517,0.06896552,1.5172414,6.8965516,0.4449999928474426,1.137931,0.7878788113594055,1.5172414,cam crawford
Christian Moore,SF,CIT,29.0,23.0,8.551724,2.7586207,1.1724138,0.55172414,0.2413793,1.5517242,8.103448,0.38723403215408325,0.8965517,0.807692289352417,0.82758623,christian moore
Mitchell Taylor,PG,UNCA,31.0,20.32258,8.548388,2.096774,2.451613,1.1935484,0.0,0.7741935,6.064516,0.4680851101875305,2.6774194,0.7831325531005859,1.7419355,mitchell taylor
Zvonimir Ivisic,C,ILL,35.0,19.057142,8.542857,4.3142858,0.8,0.6571429,1.8857143,1.3428571,6.3428574,0.47297295928001404,1.6571429,0.7241379022598267,1.4,zvonimir ivisic
Keyshawn Mitchell,SF,VCU,35.0,20.342857,8.542857,6.8,0.62857145,0.37142858,0.74285716,0.54285717,6.4857144,0.5242290496826172,2.0857143,0.5753424763679504,1.0285715,keyshawn mitchell
Denver Anglin,PG,IONA,32.0,21.75,8.53125,2.03125,0.78125,0.40625,0.03125,1.9375,7.3125,0.36752137541770935,1.5,0.8125,0.8125,denver anglin
Josh Meo,PG,WIN,32.0,31.65625,8.53125,2.875,2.15625,0.5625,0.0,1.125,7.84375,0.3745020031929016,2.09375,0.7313432693481445,1.03125,josh meo
Dariyus Woodson,SF,UL,32.0,21.625,8.53125,2.4375,0.65625,0.3125,0.28125,1.5625,7.0625,0.389380544424057,1.90625,0.7704917788505554,0.9375,dariyus woodson
KyKy Tandy,PG,FAU,34.0,21.147058,8.529411,1.7058823,0.9117647,0.64705884,0.029411765,2.1470587,6.970588,0.40928271412849426,0.7941176,0.8518518805503845,0.4117647,kyky tandy
Michael Houge,SF,OAK,36.0,23.583334,8.527778,7.4444447,0.8611111,0.44444445,0.30555555,0.16666667,7.4444447,0.4776119291782379,1.9722222,0.6338028311729431,0.9444444,michael houge
Brandon Stroud,PG,USF,31.0,23.806452,8.5161295,5.709677,2.032258,1.6129032,0.29032257,0.3548387,6.419355,0.4422110617160797,4.064516,0.6111111044883728,1.8064516,brandon stroud
Cam Morris III,SF,ETSU,31.0,23.129032,8.5161295,4.7419353,1.5806452,0.83870965,0.6451613,0.2580645,5.612903,0.545976996421814,2.8709676,0.7415730357170105,2.2903225,cam morris iii
Matt Pena,PG,MCM,2.0,21.0,8.5,2.0,1.0,1.5,0.0,1.0,7.5,0.46666666865348816,0.5,1.0,2.0,matt pena
Leonard Jackson,PG,LNO,2.0,20.0,8.5,1.5,1.5,1.5,0.5,1.0,7.5,0.46666666865348816,1.0,0.5,0.5,leonard jackson
Max Peeler,PG,ERSK,2.0,20.0,8.5,1.0,0.5,0.5,0.0,2.5,8.0,0.3125,2.0,0.5,2.0,max peeler
Mycole Rodriguez,PG,NWIC,4.0,20.25,8.5,4.25,0.25,0.25,0.0,1.0,10.25,0.2926829159259796,2.0,0.75,1.0,mycole rodriguez
Magoon Gwath,SF,SDSU,26.0,24.961538,8.5,5.230769,0.7307692,0.42307693,2.6153846,0.65384614,6.4615383,0.5059523582458496,2.0769231,0.6296296119689941,1.5,magoon gwath
Rahmel Davis,PG,SFIL,2.0,26.0,8.5,3.0,0.5,0.0,0.5,0.0,8.0,0.375,3.5,0.7142857313156128,4.0,rahmel davis
Xavier Hill,SF,SNYO,2.0,26.5,8.5,6.0,0.5,0.5,0.0,0.5,12.0,0.25,3.0,0.6666666865348816,2.5,xavier hill
Tyler Whitehurst,PG,WPEA,2.0,21.0,8.5,1.5,1.0,0.0,0.0,1.5,8.0,0.375,1.0,1.0,1.0,tyler whitehurst
Chase Jackson,PG,OAKW,2.0,17.5,8.5,2.5,1.5,0.5,0.0,2.0,5.0,0.5,2.0,0.75,1.5,chase jackson
Jason Britton,ATH,TUSC,2.0,24.0,8.5,1.5,1.0,1.5,0.0,0.5,9.0,0.4444444477558136,0.0,0.0,2.5,jason britton
Anthony Mcmanus,ATH,NOB,2.0,34.0,8.5,5.5,2.0,1.5,0.0,1.0,10.5,0.2857142984867096,2.0,0.75,2.5,anthony mcmanus
Raevon Thomas,SF,JKST,2.0,27.5,8.5,5.0,0.5,0.5,0.0,0.0,8.0,0.4375,2.5,0.6000000238418579,1.0,raevon thomas
Jayme Peay,SF,MILG,2.0,28.5,8.5,3.0,2.0,0.5,1.5,2.0,8.5,0.29411765933036804,2.0,0.75,0.5,jayme peay
Dishon Jackson,C,PITT,35.0,18.742857,8.485714,5.0571427,0.62857145,0.4857143,1.0571429,0.0,4.9714284,0.5804597735404968,3.7714286,0.7196969985961914,1.0571429,dishon jackson
Zach Laput,PG,DAV,33.0,24.484848,8.484848,3.6060605,1.6060606,0.6969697,0.0,0.8484849,6.7272725,0.4819819927215576,1.6969697,0.6785714030265808,1.1212121,zach laput
Nehemiah Turner,SF,MINN,33.0,18.060606,8.484848,4.181818,1.6666666,0.6060606,1.060606,0.121212125,5.909091,0.5128205418586731,3.3636363,0.684684693813324,1.4242424,nehemiah turner
Sean Trumper,SF,MRMK,33.0,32.666668,8.484848,5.5757575,2.030303,1.6060606,0.27272728,0.6666667,6.787879,0.4241071343421936,2.8484848,0.7234042286872864,1.4545455,sean trumper
Filip Skobalj,SF,UIC,31.0,28.064516,8.4838705,2.8709676,1.1935484,0.516129,0.22580644,2.064516,6.290323,0.4615384638309479,0.6451613,0.949999988079071,0.83870965,filip skobalj
Keiveon Hunt,PG,JKST,27.0,24.814816,8.481482,2.1851852,2.7037036,1.4074074,0.037037037,0.7777778,7.148148,0.3678756356239319,3.0,0.8148148059844971,2.3703704,keiveon hunt
Skyy Clark,PG,UCLA,34.0,26.441177,8.470589,2.7941177,2.6764705,1.3235294,0.0882353,1.4117647,6.352941,0.4583333432674408,1.5882353,0.7777777910232544,1.117647,skyy clark
Chris Mpaka,SF,TAR,32.0,19.9375,8.46875,5.28125,0.40625,0.875,1.59375,0.03125,6.3125,0.5,3.625,0.5862069129943848,2.3125,chris mpaka
Anton Brookshire,PG,APSU,31.0,26.35484,8.451612,2.2258065,2.6451614,0.7741935,0.032258064,1.6774193,7.225806,0.3660714328289032,1.6774193,0.8846153616905212,1.5806452,anton brookshire
Brant Byers,PG,M-OH,34.0,17.558823,8.441176,2.7941177,0.5,0.5588235,0.3529412,1.5588236,5.7058825,0.49484536051750183,1.6470588,0.75,0.47058824,brant byers
Bryan Etumnu,SF,WRST,32.0,30.65625,8.4375,6.09375,0.625,0.96875,2.28125,0.6875,6.09375,0.5179487466812134,2.0,0.71875,0.71875,bryan etumnu
DeAndre Williams,PG,HC,28.0,29.107143,8.428572,2.892857,3.642857,1.0,0.25,0.78571427,7.714286,0.42592594027519226,1.3214285,0.8108108043670654,1.9642857,deandre williams
Cardell Bailey,PG,USI,28.0,21.857143,8.428572,3.392857,1.0714285,0.89285713,0.17857143,1.5357143,7.535714,0.3838862478733063,1.4285715,0.7749999761581421,0.96428573,cardell bailey
BJ Ward,PG,SEMO,33.0,28.30303,8.424242,2.3636363,2.2424242,0.90909094,0.15151516,1.5454545,8.090909,0.3820224702358246,0.8484849,0.8214285969734192,1.3333334,bj ward
D'Marco Dunn,PG,PSU,31.0,21.548388,8.419354,2.483871,1.0,0.7096774,0.09677419,1.1935484,6.290323,0.46666666865348816,1.516129,0.8936170339584351,1.3548387,d marco dunn
Darius Burford,PG,UTA,31.0,27.0,8.419354,4.032258,2.2580645,0.8064516,0.09677419,0.58064514,7.903226,0.4244897961616516,1.967742,0.5737704634666443,1.3548387,darius burford
Brandon Johnson,SF,MIA,31.0,29.870968,8.419354,6.7419353,2.0,1.0967742,0.67741936,0.9032258,7.7419353,0.40833333134651184,1.8064516,0.6607142686843872,1.5806452,brandon johnson
Aaron Scott,PG,SJU,36.0,27.194445,8.416667,4.3333335,0.9722222,1.4444444,0.5833333,1.4166666,7.7777777,0.38928571343421936,1.1666666,0.8095238208770752,0.6388889,aaron scott
Eric Mulder,SF,ISU,24.0,24.041666,8.416667,6.7083335,0.16666667,1.2083334,0.6666667,0.0,4.75,0.7631579041481018,1.9583334,0.5957446694374084,0.45833334,eric mulder
Donovan Draper,SF,NAVY,34.0,28.411764,8.411765,8.176471,2.0882354,1.5294118,0.64705884,0.64705884,7.0,0.4285714328289032,2.2058823,0.800000011920929,1.7352941,donovan draper
Jonah Hinton,PG,URI,34.0,28.32353,8.411765,2.1470587,1.7058823,0.7058824,0.23529412,1.8529412,8.1470585,0.35379061102867126,1.0,0.7941176295280457,1.4117647,jonah hinton
Ben Wight,SF,STBK,32.0,28.96875,8.40625,4.96875,1.625,0.8125,0.28125,0.0625,6.0625,0.5463917255401611,2.625,0.6547619104385376,1.75,ben wight
Deon Perry,PG,FAIR,32.0,19.96875,8.40625,1.59375,1.84375,0.71875,0.03125,1.4375,7.90625,0.35177865624427795,1.59375,0.8823529481887817,1.1875,deon perry
Kam Martin,PG,SAM,32.0,28.03125,8.40625,1.65625,1.4375,0.875,0.15625,1.125,6.59375,0.3981042802333832,2.5,0.8125,1.5625,kam martin
Seth Hubbard,PG,MILW,33.0,21.030304,8.393939,2.909091,1.3333334,0.6969697,0.21212122,0.4848485,7.3636365,0.3786008358001709,2.7272727,0.855555534362793,0.6969697,seth hubbard
Lawson Lovering,C,UTAH,28.0,23.714285,8.392858,4.928571,2.7142856,0.42857143,0.89285713,0.0,6.392857,0.5307262539863586,4.035714,0.39823007583618164,1.6428572,lawson lovering
Chase Lowe,PG,W&M,28.0,20.821428,8.392858,5.178571,3.142857,1.0714285,0.071428575,0.071428575,5.392857,0.5231788158416748,4.214286,0.6355932354927063,1.6428572,chase lowe
Chase Robinson,PG,CLE,36.0,24.027779,8.388889,2.6111112,2.2222223,1.4166666,0.083333336,0.8888889,6.9722223,0.394422322511673,2.5833333,0.774193525314331,1.2777778,chase robinson
Quel'Ron House,PG,SIU,29.0,26.413794,8.379311,2.689655,3.0,1.137931,0.03448276,0.55172414,7.137931,0.39613527059555054,2.6551723,0.8181818127632141,1.5862069,quel ron house
Jakari Spence,PG,JAX,32.0,27.5,8.375,4.03125,4.0,1.15625,0.125,0.25,7.3125,0.38461539149284363,3.21875,0.7766990065574646,1.875,jakari spence
Anwar Gill,PG,HOW,30.0,28.7,8.366667,4.366667,3.6666667,1.0666667,0.3,0.36666667,6.8,0.4803921580314636,2.1,0.6984127163887024,3.0,anwar gill
"Wesley Cardet, Jr.",PG,PROV,25.0,21.24,8.36,3.08,0.76,0.32,0.08,0.96,6.44,0.44720497727394104,2.64,0.6212121248245239,1.32,wesley cardet jr
Stephon Payne,SF,HALL,28.0,21.178572,8.357142,6.285714,0.71428573,1.1071428,0.89285713,0.0,6.107143,0.5321637392044067,2.9285715,0.6341463327407837,1.4642857,stephon payne
K'mani Doughty,PG,INST,32.0,22.9375,8.34375,3.3125,1.1875,0.71875,0.25,1.25,5.46875,0.4628571569919586,2.28125,0.8904109597206116,1.28125,k mani doughty
Malcolm Christie,PG,ORST,32.0,20.03125,8.34375,1.1875,0.375,0.34375,0.09375,2.25,7.53125,0.32780084013938904,1.65625,0.698113203048706,0.625,malcolm christie
Carlton Linguard Jr.,C,SF,35.0,22.0,8.342857,4.4,1.2285714,0.2,0.9142857,1.2571429,7.3714285,0.44573643803596497,1.0285715,0.5,1.1428572,carlton linguard jr
Donte Bacchus,SF,UNA,35.0,20.057142,8.342857,4.2285714,0.37142858,0.85714287,0.37142858,0.54285717,5.885714,0.5388349294662476,2.4285715,0.6000000238418579,0.8,donte bacchus
Tyrin Lawrence,PG,UGA,30.0,25.433332,8.333333,3.1666667,2.3666666,1.0666667,0.16666667,0.8333333,6.3,0.42328041791915894,2.8,0.773809552192688,1.8333334,tyrin lawrence
Karter Knox,PG,ARK,36.0,23.972221,8.333333,3.3055556,1.0277778,0.5833333,0.4722222,0.9722222,5.7777777,0.4615384638309479,2.5277777,0.8021978139877319,1.1388888,karter knox
Jonathan Tchengang,PG,CSUS,3.0,25.333334,8.333333,3.6666667,1.0,1.0,0.0,0.6666667,8.333333,0.4399999976158142,1.0,0.3333333432674408,2.0,jonathan tchengang
Raul Perez,PG,UMO,3.0,18.666666,8.333333,3.6666667,1.0,0.6666667,0.33333334,1.0,8.0,0.4166666567325592,1.0,0.6666666865348816,1.3333334,raul perez
Chauncey Wiggins,SF,FSU,34.0,23.617647,8.323529,2.9411764,0.7058824,0.2647059,0.20588236,1.2352941,7.117647,0.43801653385162354,1.0588236,0.8055555820465088,1.117647,chauncey wiggins
Jahsean Corbett,PG,DUQ,31.0,25.516129,8.32258,5.193548,1.6774193,0.8064516,0.22580644,0.32258064,8.0,0.41532257199287415,3.096774,0.4375,1.0645162,jahsean corbett
Keanu Dawes,SF,UTAH,31.0,18.67742,8.32258,6.419355,0.9677419,0.58064514,0.4516129,0.38709676,4.677419,0.6137930750846863,2.903226,0.7555555701255798,1.0,keanu dawes
Dante Sawyer,PG,UAPB,31.0,21.258064,8.32258,2.483871,1.1935484,0.516129,0.09677419,0.22580644,6.451613,0.4950000047683716,2.387097,0.7162162065505981,1.451613,dante sawyer
Jordan Ross,PG,UGA,35.0,26.742857,8.314285,3.057143,2.5714285,0.71428573,0.34285715,0.6857143,7.885714,0.3804347813129425,2.3714285,0.6867470145225525,0.7714286,jordan ross
Cooper Bowser,SF,FUR,35.0,25.62857,8.314285,4.6857142,1.6857142,0.74285716,1.6285714,0.0,5.0857143,0.6460674405097961,3.0,0.5809524059295654,1.2,cooper bowser
Mady Sissoko,C,CAL,32.0,27.03125,8.3125,8.15625,0.375,0.53125,1.125,0.0,4.5,0.6527777910232544,3.5,0.6964285969734192,1.125,mady sissoko
Jonathan Powell,PG,UNC,32.0,30.125,8.3125,3.09375,0.6875,0.6875,0.0,2.0,7.84375,0.3784860670566559,0.78125,0.47999998927116394,0.5625,jonathan powell
Noah Feddersen,SF,NDSU,32.0,25.28125,8.3125,6.03125,1.5625,0.1875,0.625,0.65625,5.96875,0.5235602259635925,2.1875,0.6428571343421936,0.9375,noah feddersen
Parker Jones,PG,COLG,32.0,27.65625,8.3125,4.5625,1.8125,1.0625,0.65625,1.5,7.28125,0.41201716661453247,1.0,0.8125,1.40625,parker jones
Tan Yildizoglu,PG,VMI,32.0,29.15625,8.3125,3.3125,3.875,0.96875,0.03125,0.9375,8.125,0.38846153020858765,1.4375,0.739130437374115,2.1875,tan yildizoglu
David Terrell Jr.,PG,UNT,32.0,30.65625,8.3125,3.75,3.9375,1.59375,0.21875,0.3125,6.25,0.47999998927116394,3.1875,0.6274510025978088,2.25,david terrell jr
Bismark Nsiah,SF,FDU,33.0,27.0,8.30303,6.3030305,2.6060605,1.0909091,1.030303,0.45454547,6.787879,0.4642857015132904,2.2121212,0.698630154132843,1.3030303,bismark nsiah
Jadin Collins-Roberts,PG,MRST,30.0,32.9,8.3,5.3,3.7333333,1.2333333,0.16666667,0.26666668,7.2,0.4583333432674408,2.1666667,0.6615384817123413,2.1,jadin collins roberts
Brandon Angel,SF,ORE,35.0,22.828571,8.285714,3.8,1.0571429,0.4857143,0.2857143,0.71428573,5.542857,0.5360824465751648,1.9714285,0.8260869383811951,1.4,brandon angel
Malcolm Chimezie,SF,BU,32.0,21.0625,8.28125,4.96875,0.78125,0.28125,0.78125,0.0,6.375,0.563725471496582,2.40625,0.4545454680919647,1.3125,malcolm chimezie
Samuel Ariyibi,SF,UTU,29.0,23.206896,8.275862,5.586207,1.6551725,1.0344827,1.5172414,0.41379312,6.0,0.48275861144065857,3.1034484,0.6666666865348816,1.9655173,samuel ariyibi
Eli King,PG,UND,33.0,30.333334,8.272727,5.5454545,2.1515152,1.2424242,0.5151515,1.2727273,7.3939395,0.40163934230804443,1.5151515,0.699999988079071,1.1515151,eli king
Afan Trnka,PG,UTM,33.0,25.242424,8.272727,1.8787879,2.939394,1.0909091,0.27272728,1.2424242,7.5151515,0.3911290466785431,1.5757576,0.7307692170143127,2.4848485,afan trnka
Jaeden Mustaf,PG,GT,26.0,24.423077,8.269231,3.1153846,1.5769231,0.88461536,0.115384616,0.42307693,7.0384617,0.39344263076782227,3.2307692,0.7142857313156128,1.3461539,jaeden mustaf
Jordan Roberts,PG,AMCC,31.0,17.451612,8.258064,1.032258,1.3225807,0.5483871,0.32258064,1.2258065,6.451613,0.41999998688697815,2.064516,0.78125,0.87096775,jordan roberts
Ryan Prather Jr.,PG,RMU,35.0,23.885714,8.257143,2.9714286,1.0,0.2857143,0.14285715,1.5428572,6.4857144,0.4449339210987091,1.2,0.7857142686843872,0.74285716,ryan prather jr
Maximus Edwards,PG,DUQ,32.0,19.75,8.25,3.59375,1.125,0.625,0.21875,1.09375,6.65625,0.43661972880363464,1.78125,0.7543859481811523,1.53125,maximus edwards
Chas Stinson,PG,STO,32.0,27.8125,8.25,4.96875,2.4375,1.6875,0.8125,0.09375,7.21875,0.41558441519737244,3.875,0.5564516186714172,2.09375,chas stinson
Chris High,ATH,CU,4.0,23.25,8.25,4.75,1.25,1.0,0.0,1.5,7.5,0.3333333432674408,2.25,0.7777777910232544,3.5,chris high
Elhadji Thiam,SF,AUM,4.0,28.25,8.25,6.25,0.75,0.75,0.25,0.0,7.5,0.4000000059604645,3.0,0.75,0.5,elhadji thiam
Dashon Gittens,PG,SHU,33.0,27.424242,8.242424,3.909091,1.6060606,1.5151515,0.4848485,0.8484849,7.5757575,0.3720000088214874,2.1818182,0.8055555820465088,1.3939394,dashon gittens
Josiah Harris,SF,LAS,33.0,22.363636,8.242424,7.242424,0.3939394,0.45454547,1.1212121,0.0,6.2727275,0.5314009785652161,2.6666667,0.5909090638160706,1.3333334,josiah harris
Rytis Petraitis,SF,CAL,33.0,27.969696,8.242424,5.6969695,1.6969697,1.3333334,0.3939394,0.4848485,6.212121,0.4243902564048767,3.4545455,0.719298243522644,1.0909091,rytis petraitis
Bobby Rosenberger III,PG,SFPA,34.0,21.705883,8.235294,3.6470587,1.382353,0.5294118,0.32352942,0.7941176,8.029411,0.3956044018268585,1.4411764,0.7551020383834839,1.1764706,bobby rosenberger iii
Trey Townsend,SF,ARIZ,35.0,21.028572,8.228572,3.942857,1.0,0.2857143,0.2,0.45714286,6.285714,0.4954545497894287,1.9428571,0.7941176295280457,1.1142857,trey townsend
Andrew Morgan,SF,NEB,35.0,19.2,8.228572,4.4,1.0571429,0.45714286,0.34285715,0.114285715,5.457143,0.5811518430709839,3.1142857,0.5688073635101318,1.4571428,andrew morgan
Bangot Dak,SF,COLO,35.0,20.0,8.228572,3.8857143,1.1428572,0.8,1.3142858,0.4,6.4857144,0.4889867901802063,2.142857,0.6933333277702332,1.4285715,bangot dak
Modestas Kancleris,SF,UIC,31.0,20.548388,8.225806,6.7419353,1.1935484,0.48387095,1.3225807,0.0,5.354839,0.6144578456878662,2.903226,0.5666666626930237,1.1935484,modestas kancleris
Brady Cummins,PG,COLG,31.0,24.387096,8.225806,2.7741935,1.1612903,0.516129,0.09677419,0.9677419,7.096774,0.4363636374473572,1.6451613,0.6470588445663452,1.032258,brady cummins
Toby Okani,PG,WVU,32.0,29.28125,8.21875,4.09375,1.40625,0.5625,0.78125,0.59375,7.78125,0.4457831382751465,1.78125,0.38596490025520325,1.5,toby okani
Zach Davis,PG,MEM,32.0,26.3125,8.21875,4.5625,1.75,1.09375,0.0625,0.875,7.125,0.3815789520740509,2.59375,0.7349397540092468,1.96875,zach davis
Kyle Layton,PG,EIU,32.0,31.84375,8.21875,2.28125,1.8125,1.0,0.0625,1.90625,7.03125,0.36000001430511475,1.59375,0.7843137383460999,1.28125,kyle layton
Joe Charles,SF,MCN,33.0,28.90909,8.212121,6.939394,0.90909094,1.3636364,0.6666667,1.4848485,6.6363635,0.42465752363204956,1.3636364,0.800000011920929,0.57575756,joe charles
Cobie Montgomery,PG,USM,33.0,22.121212,8.212121,1.8484849,1.0,0.27272728,0.36363637,1.939394,5.969697,0.4517766535282135,1.3636364,0.644444465637207,0.6969697,cobie montgomery
Cole McCormick,SF,CARK,30.0,24.733334,8.2,3.2666667,0.9,1.1333333,0.13333334,1.4666667,6.866667,0.4320388436317444,1.4333333,0.5581395626068115,1.3666667,cole mccormick
Mikey Lewis,PG,SMC,35.0,15.942857,8.2,1.6857142,0.6,0.6571429,0.22857143,1.6571429,7.4,0.40154439210891724,0.82857144,0.7241379022598267,0.8,mikey lewis
Lamar Oden Jr.,PG,CHSO,31.0,32.870968,8.193548,4.387097,0.9032258,0.32258064,0.09677419,1.8387097,7.16129,0.3468468487262726,1.967742,0.7049180269241333,0.67741936,lamar oden jr
Dji Bailey,PG,LSU,32.0,31.40625,8.1875,4.28125,2.25,1.25,0.09375,0.5625,6.34375,0.5024630427360535,1.90625,0.6557376980781555,1.59375,dji bailey
Matteus Case,PG,W&M,32.0,21.71875,8.1875,2.53125,2.03125,0.84375,0.0,0.5,5.90625,0.460317462682724,3.0625,0.7346938848495483,1.84375,matteus case
Enoch Kalambay,PG,CAM,28.0,21.357143,8.178572,4.107143,1.5,0.71428573,0.14285715,0.78571427,6.678571,0.4064171016216278,2.5,0.7857142686843872,1.4642857,enoch kalambay
Makaih Williams,PG,GCU,34.0,24.382353,8.176471,2.3235295,2.4411764,1.1764706,0.20588236,0.6764706,6.5,0.3665158450603485,3.5588236,0.7685950398445129,2.1470587,makaih williams
Elmore James IV,PG,BALL,30.0,25.566668,8.166667,2.6333334,0.8666667,0.8,0.16666667,1.2666667,7.0,0.39047619700431824,1.7,0.843137264251709,1.0333333,elmore james iv
Lathan Sommerville,C,WASH,32.0,20.9375,8.15625,4.09375,0.59375,0.40625,0.5625,0.03125,5.5,0.5056818127632141,2.96875,0.8631578683853149,1.125,lathan sommerville
Alec Millender,PG,CONN,32.0,30.40625,8.15625,1.8125,3.6875,0.78125,0.0625,1.6875,5.46875,0.4628571569919586,1.78125,0.7894737124443054,1.25,alec millender
Daemar Kelly,PG,NIU,34.0,29.911764,8.1470585,3.235294,1.7058823,0.7647059,0.5882353,1.0882353,7.2352943,0.4268292784690857,1.117647,0.7894737124443054,1.7352941,daemar kelly
Delrecco Gillespie,SF,KENT,35.0,22.571428,8.142858,8.057143,0.4857143,0.82857144,0.45714286,0.057142857,5.285714,0.5837838053703308,2.5714285,0.7444444298744202,0.94285715,delrecco gillespie
R.J. Greene,PG,WAG,29.0,19.103449,8.137931,4.9310346,1.2758621,0.4827586,0.1724138,0.0,7.0689654,0.3707317113876343,4.2413793,0.6829268336296082,2.137931,r j greene
Javonte Brown,C,URI,31.0,20.64516,8.129032,5.806452,0.5483871,0.48387095,1.516129,0.0,4.806452,0.6577181220054626,3.064516,0.5894736647605896,1.0,javonte brown
Noah Ross,PG,UNCW,31.0,23.967741,8.129032,5.064516,1.5806452,0.5483871,0.12903225,0.38709676,6.2580647,0.4845360815525055,2.2258065,0.7536231875419617,0.9354839,noah ross
Collin O'Connor,PG,STBK,32.0,33.4375,8.125,2.59375,3.1875,0.78125,0.15625,0.71875,7.46875,0.38493722677230835,2.28125,0.7260273694992065,2.34375,collin o connor
Mekhi Conner,PG,SHU,33.0,31.30303,8.121212,3.5454545,6.5757575,1.8484849,0.18181819,1.4848485,8.454545,0.32974910736083984,1.4545455,0.7291666865348816,3.060606,mekhi conner
Dexter Akanno,PG,USU,34.0,24.941177,8.117647,3.235294,0.9705882,0.64705884,0.0,1.4705882,5.8235292,0.4545454680919647,1.7941177,0.7540983557701111,0.7352941,dexter akanno
Christian Watson,PG,HAMP,33.0,28.454546,8.090909,3.8181818,2.2727273,0.75757575,0.21212122,0.8181818,8.363636,0.3333333432674408,2.4545455,0.6913580298423767,1.6666666,christian watson
Wilson Dubinsky,PG,MRSH,33.0,18.90909,8.090909,2.8181818,1.2424242,0.8484849,0.0,1.7878788,5.787879,0.43455496430397034,1.7575758,0.7241379022598267,0.8484849,wilson dubinsky
Sadaidriene Hall,SF,SJSU,34.0,25.235294,8.088235,5.147059,1.7352941,1.2941177,0.3529412,0.5882353,6.852941,0.46351930499076843,1.4117647,0.8125,1.4411764,sadaidriene hall
Chris Mantis,SF,ME,34.0,19.852942,8.088235,2.8823528,1.0882353,0.5882353,0.23529412,2.1176472,6.2941175,0.44859811663627625,0.3529412,0.9166666865348816,0.7058824,chris mantis
Zine Eddine Bedri,SF,COLU,24.0,18.791666,8.083333,5.4166665,2.2083333,0.45833334,0.16666667,0.33333334,6.9583335,0.46706587076187134,2.0416667,0.6122449040412903,1.1666666,zine eddine bedri
Coen Carr,SF,MSU,37.0,20.702703,8.081081,3.6486487,0.5405405,0.5135135,0.7297297,0.13513513,5.0,0.6108108162879944,2.6216216,0.7010309100151062,0.8648649,coen carr
Ben Michaels,SF,UVM,29.0,22.344828,8.068966,4.0,1.0,0.6551724,0.79310346,0.82758623,6.724138,0.4564102590084076,1.6206896,0.6808510422706604,1.0344827,ben michaels
Jaydon Young,PG,UNC,32.0,22.3125,8.0625,1.6875,1.4375,0.5625,0.0,1.40625,8.1875,0.347328245639801,1.1875,0.8157894611358643,1.09375,jaydon young
Blake Lander,PG,USM,33.0,27.848484,8.060606,2.7878788,1.1818181,0.6666667,0.09090909,1.3333334,7.4848485,0.40890687704086304,0.8787879,0.6896551847457886,1.1515151,blake lander
Preston Ruedinger,PG,GB,27.0,33.814816,8.037037,3.6666667,3.148148,1.4444444,0.22222222,1.2222222,7.0,0.3968254029750824,1.7037038,0.739130437374115,1.5925926,preston ruedinger
Khaliq Abdul-Mateen,PG,ETAM,31.0,24.806452,8.032258,2.516129,1.548387,1.1612903,0.16129032,1.7741935,7.709677,0.34309622645378113,1.483871,0.6521739363670349,1.7096775,khaliq abdul mateen
Ace Valentine,PG,UMBC,31.0,26.709677,8.032258,2.612903,3.2258065,1.0,0.09677419,0.58064514,5.806452,0.5222222208976746,2.064516,0.671875,1.548387,ace valentine
Braeden Speed,PG,L-MD,31.0,30.161291,8.032258,3.2903225,2.516129,0.9677419,0.3548387,0.7419355,6.516129,0.40594059228897095,2.7096775,0.738095223903656,1.5806452,braeden speed
Jason Nelson,PG,YSU,32.0,26.28125,8.03125,2.34375,2.71875,0.9375,0.0625,0.90625,6.6875,0.3925233781337738,2.46875,0.7594936490058899,1.78125,jason nelson
EJ Neal Jr.,PG,USC,32.0,25.875,8.03125,3.125,1.59375,0.90625,0.4375,1.71875,7.1875,0.38260868191719055,1.0625,0.7647058963775635,1.0,ej neal jr
Jaylen Carey,SF,TENN,33.0,20.242424,8.030303,5.7272725,0.7878788,0.57575756,0.6363636,0.27272728,6.5151515,0.4883720874786377,2.4545455,0.5679012537002563,1.4242424,jaylen carey
Mahmoud Fofana,SF,CSUN,33.0,26.151516,8.030303,5.0,1.030303,1.1818181,0.3030303,0.030303031,4.848485,0.581250011920929,3.4848485,0.678260862827301,1.1515151,mahmoud fofana
Simeon Wilcher,PG,TEX,36.0,25.444445,8.027778,1.8611112,1.3611112,1.0833334,0.41666666,0.9166667,7.7777777,0.40714284777641296,1.0555556,0.7368420958518982,1.4166666,simeon wilcher
Brycen Goodine,PG,OU,31.0,22.580645,8.0,2.483871,0.2580645,0.9354839,0.2580645,1.9032258,5.83871,0.4254143536090851,1.483871,0.760869562625885,0.516129,brycen goodine
Derrian Ford,PG,TEM,34.0,20.970589,8.0,3.3529413,0.7058824,0.2647059,0.029411765,1.2941177,7.0,0.3781512677669525,1.7058823,0.8275862336158752,0.5588235,derrian ford
Taylor Bol Bowen,SF,ALA,29.0,24.931034,8.0,5.206897,0.82758623,1.0,1.4827586,1.0,5.9310346,0.4767441749572754,1.7241379,0.7799999713897705,1.4482758,taylor bol bowen
Anthony Scott,PG,USW,1.0,25.0,8.0,4.0,1.0,2.0,0.0,0.0,11.0,0.27272728085517883,2.0,1.0,0.0,anthony scott
Elvin Edmonds IV,PG,BUCK,29.0,27.275862,8.0,3.0689654,2.2068965,0.6896552,0.10344828,1.137931,5.827586,0.4911242723464966,1.4482758,0.7857142686843872,2.1724138,elvin edmonds iv
Amahn Decker,SF,MRHO,1.0,26.0,8.0,5.0,2.0,0.0,0.0,0.0,9.0,0.3333333432674408,5.0,0.4000000059604645,2.0,amahn decker
Paul Antonis,PG,ULV,2.0,24.0,8.0,4.5,1.5,2.0,0.0,1.5,10.5,0.2380952388048172,2.0,0.75,3.0,paul antonis
Josiah Frank,PG,WLMT,1.0,26.0,8.0,1.0,2.0,0.0,0.0,1.0,14.0,0.2142857164144516,1.0,1.0,1.0,josiah frank
Landon Wagoner,C,RDPH,1.0,18.0,8.0,4.0,2.0,0.0,1.0,2.0,7.0,0.4285714328289032,1.0,0.0,0.0,landon wagoner
Cole Perry,SF,RDPH,1.0,25.0,8.0,2.0,3.0,0.0,0.0,2.0,8.0,0.375,0.0,0.0,1.0,cole perry
Jathen Ross,PG,XULA,1.0,16.0,8.0,3.0,0.0,0.0,0.0,2.0,7.0,0.4285714328289032,0.0,0.0,1.0,jathen ross
Charlie Hester,PG,BRE,1.0,20.0,8.0,1.0,0.0,1.0,0.0,2.0,9.0,0.3333333432674408,0.0,0.0,1.0,charlie hester
Zane Leitwein,SF,HDBG,1.0,32.0,8.0,4.0,1.0,0.0,0.0,2.0,6.0,0.5,0.0,0.0,0.0,zane leitwein
Ifeanyi Okeke,SF,MTTC,1.0,30.0,8.0,7.0,4.0,2.0,1.0,0.0,12.0,0.3333333432674408,1.0,0.0,2.0,ifeanyi okeke
Nathan Schwartze,PG,WLWD,1.0,15.0,8.0,2.0,1.0,1.0,0.0,0.0,5.0,0.800000011920929,0.0,0.0,2.0,nathan schwartze
Ethan Stith,PG,KEAN,1.0,11.0,8.0,0.0,3.0,1.0,0.0,1.0,6.0,0.5,1.0,1.0,1.0,ethan stith
Nick High,SF,MNLO,2.0,25.0,8.0,3.5,1.5,2.5,0.5,2.0,6.5,0.4615384638309479,0.0,0.0,1.5,nick high
Brandon Chung,SF,GLDT,1.0,24.0,8.0,1.0,0.0,1.0,1.0,0.0,7.0,0.5714285969734192,0.0,0.0,0.0,brandon chung
Tobe Awaka,SF,ARIZ,37.0,19.513514,8.0,7.810811,0.7027027,0.43243244,0.5675676,0.054054055,4.891892,0.6464088559150696,2.4324324,0.6666666865348816,0.8378378,tobe awaka
Jackson Munro,SF,DART,26.0,23.23077,8.0,5.4615383,1.3846154,0.30769232,0.9230769,0.46153846,6.423077,0.5209580659866333,1.1538461,0.7333333492279053,1.2692307,jackson munro
Joe McBride,PG,HLGU,1.0,23.0,8.0,3.0,0.0,0.0,0.0,0.0,6.0,0.6666666865348816,1.0,0.0,0.0,joe mcbride
Tyler Anderson,PG,NYMT,1.0,26.0,8.0,5.0,1.0,1.0,0.0,0.0,12.0,0.3333333432674408,0.0,0.0,0.0,tyler anderson
Milique Smith,SF,MGA,1.0,22.0,8.0,7.0,0.0,3.0,0.0,0.0,8.0,0.25,7.0,0.5714285969734192,2.0,milique smith
Ja'Kobe Williams,PG,CCSU,1.0,30.0,8.0,4.0,2.0,3.0,0.0,0.0,14.0,0.2857142984867096,0.0,0.0,4.0,ja kobe williams
Norris Williams,ATH,PQC,1.0,20.0,8.0,5.0,0.0,0.0,0.0,0.0,8.0,0.5,4.0,0.0,3.0,norris williams
Jason Jergens,ATH,CUAA,1.0,20.0,8.0,1.0,0.0,1.0,0.0,2.0,5.0,0.6000000238418579,0.0,0.0,2.0,jason jergens
Jamal Taylor,PG,MGA,1.0,24.0,8.0,1.0,1.0,3.0,0.0,0.0,5.0,0.800000011920929,1.0,0.0,3.0,jamal taylor
Jonas Tester,PG,SHTU,1.0,20.0,8.0,3.0,1.0,3.0,0.0,0.0,7.0,0.5714285969734192,0.0,0.0,2.0,jonas tester
Jeremy Lorenz,SF,DEP,35.0,22.057142,8.0,3.8,1.7142857,0.6857143,0.6857143,0.62857145,6.0,0.5,1.9142857,0.7164179086685181,1.3142858,jeremy lorenz
Aydan Janssan,SF,JSP,1.0,25.0,8.0,7.0,3.0,0.0,0.0,0.0,8.0,0.375,2.0,1.0,1.0,aydan janssan
Griffin Neville,PG,PDMT,2.0,29.0,8.0,7.0,1.5,0.0,0.5,1.0,8.0,0.375,1.0,1.0,1.5,griffin neville
Redford Dunton,SF,UMO,3.0,21.0,8.0,2.3333333,3.3333333,0.33333334,0.33333334,0.6666667,7.3333335,0.3636363744735718,2.6666667,0.75,0.33333334,redford dunton
Telryn Villa,SF,HAWH,1.0,14.0,8.0,3.0,0.0,0.0,0.0,0.0,6.0,0.6666666865348816,1.0,0.0,0.0,telryn villa
CJ Barnes,SF,COCU,2.0,17.5,8.0,4.0,0.5,0.0,0.5,0.0,6.5,0.4615384638309479,3.0,0.6666666865348816,2.0,cj barnes
Soren Dalan,C,WLWL,2.0,26.0,8.0,7.5,0.5,1.0,1.5,1.0,6.5,0.4615384638309479,1.0,1.0,0.0,soren dalan
Aquil Stewart,PG,GWYD,1.0,30.0,8.0,1.0,0.0,1.0,0.0,2.0,10.0,0.30000001192092896,0.0,0.0,1.0,aquil stewart
Chaz Cullum,PG,CSC,1.0,22.0,8.0,3.0,0.0,1.0,0.0,0.0,9.0,0.4444444477558136,0.0,0.0,1.0,chaz cullum
Denelle Holly,PG,ROSE,1.0,30.0,8.0,4.0,1.0,0.0,0.0,0.0,7.0,0.4285714328289032,4.0,0.5,5.0,denelle holly
Amauri Young,PG,TWU,1.0,27.0,8.0,4.0,3.0,1.0,1.0,0.0,9.0,0.4444444477558136,0.0,0.0,0.0,amauri young
Dior Conners,PG,OHIO,31.0,28.161291,8.0,1.7741935,0.9677419,0.41935483,0.032258064,2.096774,6.483871,0.4079602062702179,0.8064516,0.7599999904632568,0.7419355,dior conners
Devin Dowell,PG,LGC,2.0,21.0,8.0,3.5,1.5,0.5,0.5,0.0,10.0,0.30000001192092896,4.0,0.5,1.5,devin dowell
Jalen Brown,PG,DFC,4.0,19.5,8.0,2.25,1.75,0.75,0.0,1.5,8.75,0.2571428716182709,2.5,0.800000011920929,2.5,jalen brown
Kobe Jones,PG,UMO,3.0,11.0,8.0,4.0,0.0,0.0,0.33333334,0.33333334,4.6666665,0.5714285969734192,4.3333335,0.5384615659713745,1.0,kobe jones
Justin Burden,ATH,NCW,2.0,18.5,8.0,4.5,0.0,1.0,0.5,2.0,5.5,0.4545454680919647,2.0,0.5,1.0,justin burden
Ty Briscoe,ATH,MSC,3.0,27.333334,8.0,0.6666667,2.3333333,0.0,0.0,0.6666667,7.0,0.3333333432674408,3.0,0.8888888955116272,4.0,ty briscoe
Will Bronson,SF,TUTX,2.0,13.5,8.0,4.0,1.5,0.5,0.5,0.0,4.0,0.75,2.0,1.0,1.0,will bronson
Silas Bennion,PG,SDAK,1.0,25.0,8.0,1.0,1.0,0.0,0.0,0.0,9.0,0.3333333432674408,2.0,1.0,1.0,silas bennion
Isaiah Victor,ATH,UNTN,1.0,16.0,8.0,1.0,0.0,0.0,0.0,2.0,5.0,0.6000000238418579,0.0,0.0,2.0,isaiah victor
Kyrie Thomas,ATH,NMHU,1.0,23.0,8.0,3.0,0.0,1.0,0.0,2.0,11.0,0.27272728085517883,0.0,0.0,3.0,kyrie thomas
Dave Dalge,PG,YUNE,1.0,16.0,8.0,2.0,0.0,1.0,0.0,1.0,5.0,0.4000000059604645,4.0,0.75,2.0,dave dalge
Julian Roberts,SF,HAWH,1.0,21.0,8.0,6.0,2.0,0.0,0.0,0.0,9.0,0.3333333432674408,2.0,1.0,0.0,julian roberts
Caleb Schmelzer,PF,OHCU,1.0,23.0,8.0,5.0,2.0,1.0,0.0,0.0,8.0,0.5,2.0,0.0,3.0,caleb schmelzer
Landon Brewer,PG,OHCU,1.0,32.0,8.0,7.0,2.0,0.0,1.0,1.0,9.0,0.3333333432674408,2.0,0.5,1.0,landon brewer
Nick Donnelly,ATH,UTD,1.0,27.0,8.0,1.0,1.0,0.0,0.0,1.0,12.0,0.25,2.0,0.5,2.0,nick donnelly
George Kalatzis,SF,SHTU,1.0,20.0,8.0,2.0,1.0,1.0,0.0,1.0,9.0,0.3333333432674408,2.0,0.5,5.0,george kalatzis
Cameron Windt,ATH,PRAT,1.0,26.0,8.0,0.0,3.0,0.0,0.0,2.0,9.0,0.2222222238779068,4.0,0.5,3.0,cameron windt
Caleb Gatewood,ATH,FP,1.0,16.0,8.0,4.0,0.0,1.0,0.0,0.0,8.0,0.5,2.0,0.0,0.0,caleb gatewood
Ra Briggs,SF,CBVU,1.0,20.0,8.0,4.0,0.0,1.0,3.0,2.0,4.0,0.75,0.0,0.0,1.0,ra briggs
Gavin Hall,ATH,CRC,1.0,17.0,8.0,1.0,2.0,0.0,0.0,0.0,6.0,0.6666666865348816,1.0,0.0,2.0,gavin hall
Trace Evans,ATH,SEAP,1.0,21.0,8.0,2.0,2.0,0.0,4.0,0.0,5.0,0.800000011920929,0.0,0.0,6.0,trace evans
Anthony Montoya,PG,LSIU,5.0,26.2,8.0,1.4,2.6,1.4,0.0,2.0,6.0,0.4333333373069763,0.8,1.0,1.4,anthony montoya
Nabhi Abbushi Jr.,PG,GLDT,1.0,15.0,8.0,3.0,1.0,0.0,0.0,1.0,9.0,0.3333333432674408,2.0,0.5,1.0,nabhi abbushi jr
Malachi Rhodes,ATH,AUM,1.0,24.0,8.0,5.0,0.0,2.0,2.0,0.0,7.0,0.1428571492433548,6.0,1.0,2.0,malachi rhodes
Chappelle Whitney,SF,AUM,1.0,18.0,8.0,5.0,0.0,0.0,0.0,1.0,7.0,0.4285714328289032,2.0,0.5,1.0,chappelle whitney
Raheem Brizendine,ATH,SWES,1.0,10.0,8.0,0.0,0.0,0.0,0.0,0.0,5.0,0.6000000238418579,2.0,1.0,1.0,raheem brizendine
Rj Bell,ATH,SWES,1.0,25.0,8.0,3.0,1.0,4.0,0.0,1.0,9.0,0.3333333432674408,2.0,0.5,3.0,rj bell
Brennon Celious,ATH,VTSR,1.0,12.0,8.0,0.0,0.0,0.0,0.0,1.0,5.0,0.6000000238418579,2.0,0.5,0.0,brennon celious
Mohamed Conde,ATH,VTSR,1.0,20.0,8.0,6.0,0.0,0.0,0.0,2.0,9.0,0.3333333432674408,0.0,0.0,1.0,mohamed conde
Avi Halpert,PG,HIPU,1.0,33.0,8.0,3.0,4.0,1.0,0.0,1.0,8.0,0.25,3.0,1.0,3.0,avi halpert
Braylen Salters,ATH,PITB,1.0,18.0,8.0,2.0,1.0,3.0,0.0,1.0,10.0,0.30000001192092896,1.0,1.0,4.0,braylen salters
Mason Lavergne,PG,MMA,1.0,28.0,8.0,0.0,2.0,1.0,0.0,0.0,8.0,0.375,2.0,1.0,1.0,mason lavergne
Christian Ballah,PG,LNCA,3.0,22.666666,8.0,3.6666667,1.0,0.6666667,0.33333334,0.0,8.666667,0.3461538553237915,3.0,0.6666666865348816,1.6666666,christian ballah
Iv Pettit,ATH,CHC,1.0,24.0,8.0,1.0,1.0,4.0,0.0,0.0,10.0,0.20000000298023224,4.0,1.0,0.0,iv pettit
Jalen Watson,SF,HSSU,1.0,21.0,8.0,4.0,1.0,0.0,1.0,0.0,8.0,0.375,2.0,1.0,2.0,jalen watson
Aj Vaught,ATH,CCSC,1.0,31.0,8.0,1.0,0.0,0.0,0.0,1.0,11.0,0.1818181872367859,4.0,0.75,5.0,aj vaught
Nhine Wills,ATH,MGA,1.0,15.0,8.0,9.0,1.0,0.0,0.0,0.0,7.0,0.5714285969734192,1.0,0.0,0.0,nhine wills
Lamont Jones,PG,WVWC,1.0,10.0,8.0,4.0,0.0,1.0,0.0,2.0,7.0,0.4285714328289032,0.0,0.0,2.0,lamont jones
Charles Neverdon,PG,TWU,1.0,20.0,8.0,3.0,0.0,0.0,1.0,2.0,10.0,0.30000001192092896,0.0,0.0,1.0,charles neverdon
BJ Comer,PG,NMHU,1.0,27.0,8.0,6.0,2.0,1.0,0.0,2.0,9.0,0.3333333432674408,0.0,0.0,8.0,bj comer
Marco Beverly,ATH,ANIN,1.0,18.0,8.0,4.0,1.0,0.0,1.0,1.0,5.0,0.4000000059604645,4.0,0.75,0.0,marco beverly
Liam Mcbride,ATH,BOW,1.0,21.0,8.0,7.0,0.0,0.0,0.0,2.0,6.0,0.5,0.0,0.0,1.0,liam mcbride
JerMontae Hill,PG,MRHO,1.0,35.0,8.0,7.0,5.0,1.0,0.0,2.0,10.0,0.20000000298023224,3.0,0.6666666865348816,5.0,jermontae hill
Jayden Rowe-Perry,PG,WAU,1.0,29.0,8.0,6.0,0.0,2.0,0.0,1.0,10.0,0.10000000149011612,10.0,0.5,4.0,jayden rowe perry
Christian Wright,PG,UL,32.0,25.46875,7.96875,1.6875,2.21875,0.84375,0.125,0.90625,6.375,0.37745097279548645,2.6875,0.8372092843055725,1.71875,christian wright
Elijah Ormiston,SF,USA,32.0,16.46875,7.96875,2.8125,0.875,0.75,0.3125,0.5625,5.21875,0.5269461274147034,2.40625,0.7922077775001526,0.46875,elijah ormiston
Daimion Collins,SF,USF,30.0,20.433332,7.9666667,4.3,0.53333336,0.46666667,1.5666667,0.23333333,5.5666666,0.5808383226394653,2.0666666,0.6129032373428345,0.9,daimion collins
Emil Skytta,PG,NDSU,25.0,29.24,7.96,3.32,2.72,0.92,0.12,0.64,6.6,0.4787878692150116,2.16,0.46296295523643494,2.96,emil skytta
Marcell McCreary,PG,UTA,35.0,18.342857,7.9428573,3.4285715,1.2,0.82857144,0.14285715,1.2571429,5.428571,0.5052631497383118,1.8285714,0.65625,1.2,marcell mccreary
Lok Wur,SF,GCU,34.0,21.705883,7.9411764,3.7941177,0.7352941,1.0588236,1.1764706,1.0588236,6.352941,0.43981480598449707,1.7647059,0.7333333492279053,1.0,lok wur
Kobe Johnson,PG,UCLA,34.0,28.970589,7.9411764,5.9411764,2.9411764,1.617647,0.2647059,1.117647,6.147059,0.46411484479904175,1.5882353,0.7037037014961243,1.4705882,kobe johnson
Kevin Kalu,SF,UTEP,32.0,22.09375,7.9375,5.65625,0.3125,0.59375,0.59375,0.0,4.9375,0.607594907283783,2.875,0.6739130616188049,0.65625,kevin kalu
Kalifa Sakho,SF,HOU,32.0,25.125,7.9375,6.3125,0.53125,0.40625,1.4375,0.0,5.0625,0.6604938507080078,2.59375,0.4819277226924896,1.09375,kalifa sakho
Alem Huseinovic,PG,RICE,31.0,25.806452,7.935484,1.8709677,0.9677419,0.7096774,0.032258064,1.9032258,7.064516,0.3835616409778595,0.9354839,0.6551724076271057,0.8064516,alem huseinovic
David Early,PG,RAD,29.0,16.965517,7.9310346,1.3793104,1.5172414,0.20689656,0.03448276,0.7241379,5.3448277,0.4516128897666931,2.8965516,0.8214285969734192,1.3793104,david early
Lazar Djokovic,SF,VCU,29.0,23.931034,7.9310346,6.275862,0.6551724,0.6896552,1.0689656,0.13793103,5.2413793,0.5263158082962036,3.3793104,0.6734693646430969,0.9310345,lazar djokovic
Pharrell Boyogueno,PG,WIN,28.0,24.892857,7.928571,4.285714,0.75,0.6785714,0.78571427,1.2857143,6.107143,0.4327485263347626,1.7142857,0.7916666865348816,1.3928572,pharrell boyogueno
Johnny O'Neil,SF,SCU,34.0,21.911764,7.9117646,5.5588236,1.4411764,0.7941176,0.9705882,1.6764706,6.2647057,0.43192487955093384,1.0588236,0.7777777910232544,1.2647059,johnny o neil
Elijah Malone,C,COLO,34.0,18.67647,7.9117646,3.1764705,1.0588236,0.5294118,0.61764705,0.11764706,5.4117646,0.592391312122345,1.8529412,0.7460317611694336,1.5882353,elijah malone
Ahmed Barba-Bey,PG,FDU,33.0,24.757576,7.909091,3.6060605,1.6363636,0.54545456,0.27272728,1.4242424,6.818182,0.4000000059604645,1.3333334,0.7727272510528564,1.2121212,ahmed barba bey
Legend Geeter,SF,DETM,29.0,24.068966,7.8965516,4.1034484,1.3448275,0.6551724,0.27586207,0.55172414,6.862069,0.41206029057502747,2.1034484,0.8032786846160889,1.7586207,legend geeter
Khali Horton,SF,COPP,29.0,23.344828,7.8965516,2.4482758,0.79310346,0.6551724,0.41379312,1.3448275,7.586207,0.33636364340782166,2.0689654,0.699999988079071,1.2413793,khali horton
Clifford Omoruyi,C,ALA,37.0,19.162163,7.891892,6.5135136,0.8648649,0.3783784,1.1081082,0.0,4.1621623,0.7337662577629089,2.4594595,0.7252747416496277,0.7567568,clifford omoruyi
Marcus Foster,PG,XAV,34.0,27.147058,7.882353,4.8235292,2.0294118,0.9411765,0.14705883,1.3235294,6.470588,0.40909090638160706,1.6470588,0.7678571343421936,0.9705882,marcus foster
CJ Noland,PG,UNM,34.0,20.735294,7.882353,2.3823528,1.1470588,1.1470588,0.2647059,1.0294118,6.7941175,0.411255419254303,1.7058823,0.7413793206214905,0.7647059,cj noland
Malachi Brown,PG,GAST,33.0,29.727272,7.878788,3.6363637,3.3636363,1.1212121,0.09090909,1.1515151,6.4848485,0.42990654706954956,1.3939394,0.8260869383811951,1.8181819,malachi brown
Cornelius Robinson III,SF,MONM,33.0,23.636364,7.878788,5.7272725,0.90909094,1.030303,0.4848485,0.030303031,5.848485,0.5388600826263428,2.5151515,0.6144578456878662,1.0,cornelius robinson iii
Josh Holloway,PG,TA&M,33.0,23.0,7.878788,2.7272727,2.6666667,1.4848485,0.060606062,0.54545456,6.6666665,0.44090908765792847,2.090909,0.695652186870575,1.969697,josh holloway
Braxton Bayless,PG,LR,32.0,22.53125,7.875,3.1875,2.125,0.9375,0.0,0.71875,6.625,0.4669811427593231,1.59375,0.6078431606292725,1.8125,braxton bayless
Matija Žužic,PG,WGA,32.0,23.46875,7.875,2.84375,0.625,0.46875,0.25,1.84375,6.0625,0.4175257682800293,1.3125,0.738095223903656,0.78125,matija zuzic
Louis Lesmond,PG,FOR,22.0,29.5,7.8636365,3.1363637,1.5454545,0.6363636,0.4090909,1.2727273,7.090909,0.3589743673801422,2.0454545,0.7333333492279053,1.0909091,louis lesmond
Jahmere Tripp,SF,URI,29.0,20.310345,7.862069,3.862069,1.7241379,1.1724138,0.31034482,0.6551724,6.448276,0.4224599003791809,2.5172415,0.698630154132843,1.6896552,jahmere tripp
Ryan Rapp,PG,HAW,28.0,25.607143,7.857143,4.071429,1.3928572,0.60714287,0.21428572,1.0,6.5,0.41208791732788086,1.9642857,0.7636363506317139,1.3928572,ryan rapp
K.D. Johnson,PG,GMU,34.0,21.794117,7.852941,2.6764705,2.6764705,1.2647059,0.0882353,0.7941176,5.2058825,0.41807910799980164,3.735294,0.7244094610214233,2.3235295,k d johnson
Jackson Fields,SF,WVU,34.0,21.941177,7.852941,4.7647057,0.6764706,0.5882353,0.7647059,0.61764705,5.5588236,0.48677247762680054,2.5294118,0.7209302186965942,1.0882353,jackson fields
Romeo Myrthil,PG,DART,27.0,31.62963,7.851852,5.4444447,1.925926,1.0,0.37037036,1.037037,7.111111,0.4322916567325592,0.8518519,0.782608687877655,0.7037037,romeo myrthil
Justin McBride,SF,JMU,33.0,18.575758,7.848485,4.181818,0.6363636,0.42424244,0.42424244,0.42424244,6.2727275,0.52173912525177,1.5151515,0.5799999833106995,0.7878788,justin mcbride
Riley Allenspach,SF,GMU,33.0,13.666667,7.848485,3.030303,0.6666667,0.24242425,0.27272728,0.36363637,5.2727275,0.5747126340866089,2.121212,0.6714285612106323,0.8787879,riley allenspach
Brody Peebles,PG,BEL,33.0,16.818182,7.848485,0.8484849,0.8787879,0.6060606,0.0,1.2727273,6.5757575,0.44700461626052856,0.8787879,0.7931034564971924,0.75757575,brody peebles
Prince Aligbe,SF,SIU,32.0,23.3125,7.84375,3.59375,0.59375,0.8125,0.3125,0.125,7.0625,0.4557522237300873,1.90625,0.6721311211585999,1.40625,prince aligbe
CJ Fulton,PG,COFC,32.0,33.53125,7.84375,4.0625,6.53125,1.53125,0.03125,1.53125,6.09375,0.4256410300731659,1.34375,0.8372092843055725,1.34375,cj fulton
Cam Gregory,PG,CAM,32.0,29.84375,7.84375,2.5625,1.96875,0.84375,0.125,0.625,7.125,0.41228070855140686,1.8125,0.7413793206214905,1.5,cam gregory
Kenny Hunter,SF,TXSO,31.0,23.483871,7.83871,5.387097,0.4516129,0.7741935,1.0967742,0.0,7.645161,0.4514767825603485,1.6451613,0.5686274766921997,1.3870968,kenny hunter
Jackson McAndrew,SF,CREI,36.0,21.777779,7.8333335,4.4444447,0.44444445,0.41666666,0.1388889,1.9166666,6.75,0.395061731338501,0.8888889,0.65625,0.6666667,jackson mcandrew
Kevin Overton,PG,AUB,36.0,22.222221,7.8333335,3.6666667,0.8888889,0.5,0.16666667,1.0833334,6.25,0.42222222685813904,1.8888888,0.779411792755127,0.9166667,kevin overton
Jaxon Kohler,SF,MSU,37.0,20.837837,7.810811,7.4594593,1.3243244,0.35135135,0.7837838,0.5135135,5.8378377,0.5185185074806213,1.5135136,0.8214285969734192,1.2702702,jaxon kohler
Jordan Crawford,PG,SDAK,30.0,22.933332,7.8,1.8333334,0.6,1.3666667,0.06666667,1.5666667,7.1666665,0.37674418091773987,1.0,0.8333333134651184,0.6666667,jordan crawford
DeSean Goode,SF,RMU,30.0,23.133333,7.8,6.0333333,1.1,0.46666667,0.36666667,0.6,5.4,0.5061728358268738,2.5,0.6933333277702332,0.8,desean goode
Noel Camejo,PG,LSIU,5.0,19.6,7.8,2.4,1.8,0.8,0.0,1.0,8.2,0.31707316637039185,1.8,0.8888888955116272,1.6,noel camejo
Deyton Albury,PG,UNM,34.0,18.794117,7.7941175,2.5294118,1.7058823,0.88235295,0.11764706,0.38235295,4.9411764,0.5476190447807312,2.9117646,0.6868686676025391,1.0882353,deyton albury
Veljko Ilic,SF,SHSU,28.0,17.964285,7.785714,4.964286,1.1071428,0.4642857,0.17857143,0.0,5.964286,0.5269461274147034,2.9285715,0.5121951103210449,1.4285715,veljko ilic
Dontaie Allen,PG,WYO,32.0,24.03125,7.78125,3.28125,0.96875,0.4375,0.28125,1.3125,6.75,0.35648149251937866,2.15625,0.7681159377098083,1.15625,dontaie allen
Tyler Patterson,PG,MTST,32.0,23.8125,7.78125,1.40625,0.4375,0.59375,0.25,2.0625,5.90625,0.460317462682724,0.3125,0.8999999761581421,0.21875,tyler patterson
DeJuan Campbell,PG,CAL,27.0,25.814816,7.7777777,2.4814816,1.5555556,0.962963,0.074074075,0.6666667,7.888889,0.34272301197052,2.3703704,0.71875,1.2962962,dejuan campbell
Anquan Boldin Jr,PG,FAMU,31.0,25.258064,7.774194,3.1935484,1.0645162,0.83870965,0.5483871,0.41935483,5.7419353,0.5,2.580645,0.625,1.1935484,anquan boldin jr
Cameron Glover,PG,CIT,30.0,20.3,7.766667,1.7333333,1.3,0.56666666,0.0,1.3333334,6.866667,0.3689320385456085,1.6666666,0.8199999928474426,1.2666667,cameron glover
Trevor Hennig,PG,WEB,34.0,21.352942,7.7647057,2.0588236,1.0882353,0.6764706,0.14705883,0.6764706,5.617647,0.45026177167892456,2.5294118,0.8023256063461304,1.0294118,trevor hennig
Shane Dezonie,PG,TEM,28.0,24.714285,7.75,4.964286,1.6071428,1.4285715,0.32142857,0.60714287,6.357143,0.37078651785850525,3.25,0.7472527623176575,2.0,shane dezonie
Eloy Medina,PG,NNMC,4.0,19.25,7.75,1.0,0.0,0.75,0.25,1.75,8.25,0.3030303120613098,1.0,1.0,0.25,eloy medina
Hassan Diarra,PG,CONN,35.0,27.828571,7.742857,3.6571429,5.714286,1.6,0.31428573,0.6571429,6.114286,0.420560747385025,2.3142858,0.8395061492919922,2.142857,hassan diarra
Kvonn Cramer,SF,BRY,34.0,17.352942,7.7352943,4.4411764,0.5882353,0.61764705,1.0294118,0.14705883,5.0588236,0.5930232405662537,2.5294118,0.6279069781303406,0.85294116,kvonn cramer
Kobe Elvis,PG,OU,34.0,23.647058,7.7352943,1.7647059,2.7941177,0.7058824,0.0,1.4117647,6.6764708,0.4273127615451813,0.85294116,0.7241379022598267,1.5294118,kobe elvis
Brian Amuneke,PG,WICH,29.0,21.241379,7.724138,2.5517242,0.44827586,0.79310346,0.03448276,1.2068965,5.9310346,0.4244185984134674,2.2068965,0.671875,0.9310345,brian amuneke
Jacobi Wright,PG,SC,32.0,28.9375,7.71875,2.15625,2.34375,0.5,0.09375,0.875,6.9375,0.38288289308547974,1.9375,0.7903226017951965,1.4375,jacobi wright
Jaden Schutt,PG,VT,32.0,26.25,7.71875,2.75,1.46875,0.625,0.0625,1.78125,6.71875,0.367441862821579,1.1875,0.8421052694320679,1.09375,jaden schutt
Denzel Aberdeen,PG,UK,39.0,19.74359,7.717949,1.7435898,1.4102564,0.46153846,0.0,0.9230769,6.5641026,0.41796875,1.8461539,0.7083333134651184,1.0,denzel aberdeen
Andre Screen,C,BTLR,35.0,19.742857,7.714286,5.885714,1.0,0.25714287,1.2857143,0.0,5.428571,0.5631579160690308,2.7714286,0.5773195624351501,1.6,andre screen
Isaac Parson,PG,NCCU,31.0,20.064516,7.709677,1.9354838,4.225806,0.7741935,0.12903225,0.48387095,6.064516,0.4095744788646698,2.7741935,0.8139534592628479,2.0,isaac parson
Antwone Woolfolk,SF,M-OH,34.0,21.617647,7.7058825,5.352941,1.1764706,1.0882353,0.85294116,0.05882353,5.382353,0.6174863576889038,1.617647,0.6181818246841431,1.617647,antwone woolfolk
Xavier DuSell,PG,NEV,33.0,23.333334,7.6969695,1.6363636,0.6666667,0.8181818,0.0,2.030303,6.5757575,0.40092167258262634,0.54545456,0.7222222089767456,0.4848485,xavier dusell
Kobe Young,PG,CSUF,26.0,25.576923,7.6923075,5.8461537,0.7692308,0.46153846,0.15384616,0.5,7.3076925,0.38947367668151855,2.4615386,0.609375,1.9615384,kobe young
Johnathan Massie,PG,UNT,31.0,22.032259,7.677419,4.419355,0.9032258,1.1290323,0.22580644,0.5483871,5.83871,0.41436463594436646,3.032258,0.7553191781044006,1.1612903,johnathan massie
Jacquez Anderson,SF,TCJ,3.0,21.333334,7.6666665,1.6666666,0.0,0.0,0.33333334,1.6666666,9.0,0.3333333432674408,0.33333334,0.0,0.6666667,jacquez anderson
Kalil Camara,SF,BCU,32.0,23.9375,7.65625,4.0,1.0,1.28125,0.21875,1.34375,5.875,0.4202127754688263,1.8125,0.7586206793785095,1.0,kalil camara
Demetrius Lilley,C,BING,26.0,19.26923,7.6538463,5.8461537,0.53846157,0.5769231,0.26923078,0.96153843,7.1923075,0.3903743326663971,1.4615384,0.7368420958518982,0.65384614,demetrius lilley
Arne Osojnik,PG,NAU,31.0,26.548388,7.645161,3.6451614,0.9032258,1.2258065,0.38709676,1.3225807,6.451613,0.4300000071525574,0.83870965,0.9230769276618958,0.87096775,arne osojnik
Chrishawn Christmas,PG,SFA,31.0,30.935484,7.645161,5.612903,1.3225807,1.7741935,0.6451613,0.38709676,7.903226,0.37142857909202576,2.3548386,0.5890411138534546,1.967742,chrishawn christmas
Michael Graham,SF,HOF,33.0,22.212122,7.6363635,8.181818,0.33333334,0.33333334,1.2121212,0.0,5.3939395,0.6460674405097961,1.2424242,0.5365853905677795,1.0,michael graham
Brandon Murray,PG,MCN,30.0,24.966667,7.633333,3.1666667,2.1666667,0.93333334,0.23333333,0.53333336,5.8333335,0.5028571486473083,1.9,0.6491228342056274,1.3666667,brandon murray
Ja'Sean Glover,PG,OMA,35.0,22.62857,7.6285715,2.8,1.8,0.8857143,0.4,0.8857143,5.9142857,0.45410627126693726,1.7714286,0.774193525314331,1.3428571,ja sean glover
Austin Johnson,SF,LBSU,32.0,27.375,7.625,5.5,0.96875,0.40625,0.78125,0.0,5.65625,0.5082873106002808,2.40625,0.7792207598686218,1.875,austin johnson
Daniel Johnson,PG,HAMP,32.0,18.25,7.625,3.0,0.875,0.9375,0.25,0.8125,6.65625,0.43661972880363464,1.53125,0.6530612111091614,1.0,daniel johnson
Jeremy Clayville,PG,NJIT,32.0,19.15625,7.625,1.375,1.53125,0.90625,0.03125,1.90625,6.625,0.4103773534297943,0.40625,0.692307710647583,1.09375,jeremy clayville
Nolan Hodge,PG,UNCW,34.0,23.470589,7.617647,3.8529413,1.2647059,0.47058824,0.11764706,0.9411765,5.7941175,0.4467005133628845,1.9117647,0.7846153974533081,1.0588236,nolan hodge
Amani Lyles,SF,AKR,34.0,18.088236,7.617647,5.2352943,1.5294118,0.61764705,1.2352941,0.5882353,5.382353,0.568306028842926,1.4705882,0.6200000047683716,1.2058823,amani lyles
Jayden Williams,SF,DART,26.0,19.192308,7.6153846,3.0384614,0.65384614,0.3846154,0.23076923,1.4230769,6.1538463,0.41874998807907104,1.5384616,0.675000011920929,0.96153843,jayden williams
Ernest Ross,SF,GRAM,31.0,21.580645,7.612903,3.7096775,0.6451613,0.38709676,0.9677419,0.38709676,5.774194,0.46927374601364136,2.3548386,0.767123281955719,1.3870968,ernest ross
Quentin Bolton,PG,NWST,31.0,18.35484,7.612903,3.935484,0.29032257,0.67741936,0.3548387,1.2903225,5.387097,0.5029940009117126,1.2580645,0.7179487347602844,0.516129,quentin bolton
Cli'Ron Hornbeak,C,KENT,36.0,20.472221,7.611111,5.9166665,0.41666666,0.41666666,1.1944444,0.0,5.111111,0.6195651888847351,1.9166666,0.6666666865348816,1.3055556,cli ron hornbeak
Collin Moore,PG,GCU,33.0,25.545454,7.6060605,3.3636363,2.030303,1.7575758,0.90909094,1.030303,5.6060605,0.4324324429035187,2.4242425,0.7124999761581421,1.4545455,collin moore
Chandler Baker,PG,COLG,33.0,20.181818,7.6060605,1.7878788,0.969697,0.54545456,0.060606062,1.5151515,6.4242425,0.44811320304870605,0.36363637,0.9166666865348816,0.4848485,chandler baker
Love Bettis,PG,UIW,33.0,20.151516,7.6060605,1.2424242,2.060606,0.969697,0.0,0.75757575,6.818182,0.3822222352027893,1.939394,0.84375,1.5151515,love bettis
Ben Humrichous,SF,ILL,35.0,25.8,7.6,3.8285713,0.8857143,0.45714286,0.6571429,1.7714286,6.857143,0.375,0.9714286,0.7058823704719543,0.4857143,ben humrichous
Arturo Dean,PG,OKST,34.0,24.294117,7.5882354,3.1176472,3.4117646,2.4705882,0.029411765,0.4117647,6.6764708,0.39647576212882996,2.735294,0.6881720423698425,2.3529413,arturo dean
Tre-Vaughn Minott,C,PRST,31.0,22.483871,7.580645,7.612903,0.38709676,0.7741935,1.7419355,0.0,4.580645,0.6690140962600708,2.451613,0.5921052694320679,1.0,tre vaughn minott
Flash Burton,PG,RID,33.0,22.545454,7.5757575,2.2727273,2.1515152,0.90909094,0.36363637,0.3939394,6.7272725,0.3963963985443115,2.6969697,0.6853932738304138,1.5151515,flash burton
Jalen Hampton,PG,ARST,28.0,22.535715,7.571429,6.0,0.5714286,1.1785715,0.10714286,0.21428572,5.285714,0.5810810923576355,1.9642857,0.6181818246841431,1.1785715,jalen hampton
Paul Jones III,PG,JMU,34.0,19.411764,7.5588236,2.9705882,0.47058824,0.38235295,0.0882353,1.6470588,6.7352943,0.3842794895172119,1.1764706,0.625,0.64705884,paul jones iii
Christian May,PG,UNCW,29.0,27.51724,7.551724,4.3103447,0.8965517,0.4827586,0.31034482,1.2068965,7.827586,0.3568281829357147,1.2413793,0.6111111044883728,0.82758623,christian may
Robert Vaihola,SF,MINN,31.0,27.290323,7.548387,7.516129,2.0,0.5483871,1.4193548,0.0,5.419355,0.5357142686843872,2.7096775,0.6428571343421936,1.7741935,robert vaihola
Louie Jordan,SF,RAD,31.0,22.32258,7.548387,3.8709676,0.9032258,0.4516129,0.3548387,1.9032258,5.064516,0.48407644033432007,0.9354839,0.7931034564971924,1.3225807,louie jordan
Shane Blakeney,PG,DREX,33.0,24.60606,7.5454545,3.6060605,1.5757576,0.6666667,0.57575756,1.1212121,7.3333335,0.38842976093292236,1.0,0.7272727489471436,1.3333334,shane blakeney
Nas Muhammad,PG,UALB,24.0,25.041666,7.5416665,2.7083333,1.75,0.5416667,0.083333336,1.5416666,7.5,0.31111112236976624,1.7916666,0.7441860437393188,1.25,nas muhammad
Tylen Riley,PG,TLSA,24.0,19.125,7.5416665,2.625,2.0416667,1.0833334,0.33333334,0.5833333,6.25,0.3733333349227905,2.7916667,0.8208954930305481,1.5833334,tylen riley
Jacob Dar,PG,HALL,30.0,19.8,7.5333333,3.7333333,0.5,0.23333333,0.6333333,1.2333333,5.8333335,0.4057142734527588,2.1,0.7460317611694336,0.8,jacob dar
Keaton Norris,PG,SAM,29.0,30.310345,7.5172415,2.8965516,4.3448277,1.1724138,0.03448276,1.4827586,5.827586,0.44378697872161865,1.0689656,0.8064516186714172,1.7931035,keaton norris
Dion Brown,PG,SLU,31.0,25.64516,7.516129,3.903226,1.451613,0.61290324,0.032258064,0.67741936,6.967742,0.4444444477558136,0.87096775,0.7407407164573669,1.0,dion brown
Ben Middlebrooks,SF,NCSU,30.0,21.666666,7.5,4.1666665,0.96666664,0.93333334,1.3,0.16666667,5.133333,0.44805195927619934,3.7333333,0.7321428656578064,1.0,ben middlebrooks
DaMariee Jones,SF,SOU,32.0,17.59375,7.5,4.59375,0.5625,0.84375,0.625,0.0,5.125,0.6219512224197388,2.40625,0.4675324559211731,0.75,damariee jones
Kamden Ross,C,SCHR,2.0,24.5,7.5,3.5,1.0,0.5,2.0,0.0,8.0,0.375,2.0,0.75,2.0,kamden ross
Mason Nicholson,SF,VAN,36.0,25.88889,7.5,7.4444447,0.3888889,0.44444445,1.6666666,0.0,4.9166665,0.6440678238868713,2.1944444,0.5316455960273743,0.5,mason nicholson
Jaden Clayton,PG,PAC,34.0,32.17647,7.5,3.264706,4.4117646,1.7352941,0.11764706,0.61764705,6.882353,0.42307692766189575,1.382353,0.7659574747085571,1.7058823,jaden clayton
Caleb Lesch,PG,PDMT,2.0,19.5,7.5,0.5,0.5,0.0,0.0,2.5,6.5,0.38461539149284363,0.0,0.0,0.0,caleb lesch
Mason Wallace,PG,TXLU,2.0,19.0,7.5,1.0,0.0,0.0,0.0,1.0,3.5,0.5714285969734192,3.0,0.8333333134651184,1.0,mason wallace
Javi Marlowe,PG,PDMT,2.0,25.0,7.5,3.0,3.0,1.0,1.5,0.0,5.0,0.5,4.0,0.625,1.5,javi marlowe
Randy Rosenquist Jr.,PG,DWU,2.0,24.0,7.5,3.5,2.0,1.5,0.0,1.0,7.5,0.4000000059604645,1.0,0.5,2.0,randy rosenquist jr
Luke Lentz,PG,UTSO,2.0,17.5,7.5,1.0,1.0,0.0,0.0,1.5,8.5,0.3529411852359772,0.0,0.0,1.5,luke lentz
Jimmie Williams,PG,DUQ,30.0,18.3,7.5,2.6,1.2333333,1.2,0.033333335,0.93333334,6.1,0.4644808769226074,1.2,0.75,0.7,jimmie williams
Dan Gherezgher,PG,NKU,32.0,20.75,7.5,1.75,1.84375,0.53125,0.03125,1.09375,6.9375,0.4099099040031433,1.0,0.71875,1.53125,dan gherezgher
Caleb Mims,ATH,GCTU,2.0,17.0,7.5,3.0,1.0,2.5,0.0,0.5,6.0,0.5,1.0,1.0,3.0,caleb mims
Dylan Patrick,PG,PDMT,2.0,28.5,7.5,3.5,1.0,0.5,0.0,0.0,6.5,0.5384615659713745,1.5,0.3333333432674408,1.0,dylan patrick
James Jones,ATH,NCW,2.0,13.0,7.5,1.5,0.0,1.0,0.5,1.0,8.0,0.1875,3.5,1.0,0.0,james jones
Kolton Garner,ATH,WCMO,2.0,15.0,7.5,2.0,1.0,0.5,0.0,2.5,8.5,0.29411765933036804,0.0,0.0,3.0,kolton garner
Christian Blair,PG,CHCC,4.0,24.5,7.5,2.0,1.0,0.25,0.0,0.0,10.5,0.2857142984867096,2.0,0.75,1.25,christian blair
Nick Stone,ATH,CMT,2.0,17.5,7.5,1.5,1.0,0.0,0.0,0.5,4.5,0.3333333432674408,4.5,0.8888888955116272,3.0,nick stone
Cooper Smith,PG,LETU,2.0,24.5,7.5,1.0,0.5,0.5,0.0,2.0,4.0,0.5,2.0,0.75,0.0,cooper smith
Alex Bossinakis,PG,UTA,2.0,13.5,7.5,0.5,1.0,0.5,0.0,1.5,4.5,0.4444444477558136,2.5,0.800000011920929,1.0,alex bossinakis
Malachi Hale,SF,TUSC,2.0,20.0,7.5,3.0,0.5,0.5,1.0,2.0,7.0,0.3571428656578064,0.5,1.0,0.5,malachi hale
Cooper Gudell,ATH,RDLL,2.0,17.5,7.5,1.0,0.0,0.0,0.0,2.5,9.0,0.2777777910232544,0.0,0.0,0.5,cooper gudell
Brandon Scott,ATH,CNSU,2.0,22.0,7.5,4.0,1.0,0.5,0.0,1.5,8.5,0.29411765933036804,1.0,1.0,2.5,brandon scott
Peter Dress,ATH,ERAZ,2.0,20.5,7.5,2.0,1.0,0.0,0.0,1.5,7.5,0.4000000059604645,0.0,0.0,1.5,peter dress
Anthony Sierras,ATH,TWES,2.0,17.5,7.5,1.0,1.5,1.5,0.0,0.5,4.5,0.7777777910232544,0.0,0.0,1.0,anthony sierras
Izzy Santiago,PG,PSSH,2.0,26.5,7.5,4.0,2.5,0.0,0.0,1.5,9.0,0.3333333432674408,0.0,0.0,0.5,izzy santiago
Garrett Hien,SF,FUR,35.0,22.514286,7.4857144,4.6,2.4571428,0.8,0.42857143,0.7714286,6.6,0.4502164423465729,1.6571429,0.4655172526836395,1.8285714,garrett hien
Dawson Baker,PG,BYU,36.0,16.694445,7.4722223,2.0,1.3611112,0.44444445,0.0,1.1388888,5.888889,0.4528301954269409,1.2777778,0.782608687877655,0.9166667,dawson baker
Henry Coleman III,SF,TA&M,34.0,21.705883,7.470588,5.529412,0.47058824,0.9411765,0.05882353,0.0,5.2647057,0.5530726313591003,2.3823528,0.6913580298423767,0.7352941,henry coleman iii
Samson Johnson,C,CONN,34.0,19.294117,7.470588,3.5294118,1.0294118,0.6764706,1.4705882,0.0,4.147059,0.7659574747085571,1.4705882,0.7599999904632568,1.0588236,samson johnson
Ben Burnham,SF,VT,32.0,22.0,7.46875,3.9375,0.875,0.53125,0.375,1.1875,6.3125,0.45049506425857544,0.84375,0.7037037014961243,0.875,ben burnham
Samson Aletan,C,YALE,30.0,20.7,7.4666667,3.7666667,0.76666665,0.3,1.6,0.0,4.9666667,0.5906040072441101,2.5333333,0.6315789222717285,0.73333335,samson aletan
Braeden Carrington,PG,WIS,29.0,26.758621,7.448276,4.7586207,1.7241379,1.1034483,0.4827586,1.5172414,5.8965516,0.35087719559669495,2.4482758,0.7323943376541138,1.0344827,braeden carrington
David Fuchs,SF,SF,29.0,20.689655,7.448276,7.5172415,0.8965517,0.62068963,0.37931034,0.1724138,4.3448277,0.5873016119003296,3.6551723,0.5943396091461182,1.4482758,david fuchs
Tyler Rolison,PG,NEV,32.0,23.5625,7.4375,2.875,2.0,0.84375,0.125,0.6875,5.5,0.4488636255264282,2.125,0.8529411554336548,1.1875,tyler rolison
MJ Collins Jr.,PG,USU,32.0,20.28125,7.4375,2.3125,0.5,0.59375,0.0,0.84375,6.25,0.41999998688697815,1.84375,0.7288135886192322,0.9375,mj collins jr
Kylan Blackmon,PG,CLT,32.0,26.40625,7.4375,2.65625,1.0,0.59375,0.09375,1.09375,6.0625,0.3969072103500366,2.03125,0.7538461685180664,0.5,kylan blackmon
Maleek Arington,PG,SEA,32.0,29.15625,7.4375,2.4375,4.53125,2.21875,0.15625,0.3125,6.59375,0.3649289011955261,3.875,0.5967742204666138,1.9375,maleek arington
Cam Amboree,PG,SOU,32.0,19.59375,7.4375,1.40625,2.5625,0.9375,0.09375,1.34375,6.625,0.37264150381088257,1.5,0.7708333134651184,1.34375,cam amboree
Drake Powell,PG,UNC,37.0,25.54054,7.4324327,3.3783784,1.081081,0.7027027,0.6756757,0.972973,5.7027025,0.48341232538223267,1.4594594,0.6481481194496155,0.7297297,drake powell
Keba Keita,SF,BYU,35.0,20.942858,7.428571,7.857143,0.6857143,0.6571429,1.1714286,0.0,4.885714,0.6725146174430847,2.0857143,0.4109589159488678,0.8,keba keita
Sharron Young,PG,AKR,35.0,15.971429,7.428571,1.8571428,1.6857142,1.0,0.0,1.2857143,5.714286,0.46000000834465027,1.0857143,0.8157894611358643,1.2285714,sharron young
Mike Walz,C,RICH,31.0,21.967741,7.419355,5.83871,2.580645,0.38709676,0.58064514,0.6451613,5.645161,0.49714285135269165,1.4193548,0.8181818127632141,1.3548387,mike walz
Rob Lawson,PG,MORG,31.0,26.580645,7.419355,2.3225806,2.419355,0.9032258,0.16129032,0.67741936,6.903226,0.3504672944545746,2.548387,0.746835470199585,2.0,rob lawson
Camian Shell,PG,DSU,31.0,34.451614,7.419355,2.580645,3.6451614,1.1935484,0.032258064,0.7741935,6.032258,0.4331550896167755,1.7741935,0.800000011920929,1.483871,camian shell
Ty Pence,PG,ILST,36.0,23.305555,7.4166665,4.0277777,1.3611112,0.6111111,0.11111111,0.8055556,4.9444447,0.516853928565979,1.8055556,0.8307692408561707,1.1111112,ty pence
Camaron Tongue,SF,SCU,34.0,14.794118,7.4117646,3.764706,0.61764705,0.32352942,0.2647059,0.20588236,5.117647,0.517241358757019,2.735294,0.698924720287323,0.9117647,camaron tongue
Karson Templin,SF,USU,34.0,17.088236,7.4117646,5.0,0.7941176,0.5,0.64705884,0.38235295,5.2647057,0.5251396894454956,2.5588236,0.5862069129943848,0.6764706,karson templin
Caleb Zurliene,PG,CAM,32.0,20.9375,7.40625,3.4375,1.125,0.875,1.0625,0.625,5.46875,0.49714285135269165,1.53125,0.8775510191917419,1.21875,caleb zurliene
Aziz Bandaogo,SF,CIN,35.0,25.657143,7.4,6.0285716,0.74285716,0.5714286,1.4285715,0.0,4.3428574,0.6776315569877625,2.3428571,0.6463414430618286,1.0571429,aziz bandaogo
Ma'Nas Drummond,PG,STAU,5.0,25.8,7.4,2.8,1.6,0.6,0.0,0.6,7.4,0.37837839126586914,1.6,0.75,4.6,ma nas drummond
Bol Dengdit,SF,UCSD,30.0,24.0,7.4,3.9,1.1333333,0.33333334,0.23333333,0.8333333,5.3,0.49056604504585266,1.7333333,0.7884615659713745,1.1333333,bol dengdit
Darius Robinson Jr.,PG,SIUE,30.0,22.366667,7.4,1.6333333,1.3,0.76666665,0.13333334,1.6333333,7.4,0.3558558523654938,0.53333336,0.9375,0.8333333,darius robinson jr
Babacar Diallo,PG,HPU,33.0,23.09091,7.3939395,3.6666667,3.5454545,1.1515151,0.121212125,0.45454547,5.757576,0.5052631497383118,1.4848485,0.7551020383834839,1.7878788,babacar diallo
Moulaye Sissoko,SF,UNT,36.0,25.416666,7.388889,6.6666665,0.6111111,0.6666667,0.44444445,0.0,4.9444447,0.6235954761505127,1.75,0.6984127163887024,1.1388888,moulaye sissoko
Tom Beattie,PG,UCSD,31.0,26.193548,7.387097,2.483871,1.5806452,0.48387095,0.09677419,0.41935483,6.193548,0.4427083432674408,2.064516,0.71875,1.8387097,tom beattie
Jamahri Harvey,PG,PRES,32.0,26.09375,7.375,2.15625,0.78125,0.5,0.1875,1.53125,6.8125,0.3669724762439728,1.0,0.84375,1.15625,jamahri harvey
Zion Bethea,PG,DSU,30.0,21.5,7.366667,2.8666666,0.7,1.1666666,0.06666667,1.5666667,6.8333335,0.356097549200058,1.6666666,0.5600000023841858,0.8,zion bethea
Bryson Wilson,PG,BING,30.0,17.066668,7.366667,3.8666666,0.7,0.6333333,0.53333336,0.43333334,6.0333333,0.3922652006149292,2.7,0.8148148059844971,1.5333333,bryson wilson
Chandler Cuthrell,SF,ELON,31.0,20.290323,7.354839,5.774194,0.516129,0.7419355,0.4516129,0.516129,5.516129,0.46783626079559326,2.419355,0.6933333277702332,0.61290324,chandler cuthrell
Cayden Vasko,PG,WOF,31.0,32.548386,7.354839,4.967742,2.612903,1.0,0.48387095,1.483871,6.387097,0.4040403962135315,0.8064516,0.8799999952316284,1.8387097,cayden vasko
Ben Gold,SF,MARQ,34.0,25.32353,7.352941,4.2647057,0.9117647,0.38235295,0.8235294,1.5588236,5.8235292,0.4343434274196625,0.9705882,0.7575757503509521,0.7941176,ben gold
LJ Wells,SF,NKU,32.0,21.65625,7.34375,5.25,1.09375,0.9375,0.3125,0.21875,5.875,0.478723406791687,2.375,0.6315789222717285,1.28125,lj wells
Izzy Miles,PG,NWST,32.0,27.96875,7.34375,3.09375,1.0,1.5,0.125,0.1875,5.6875,0.45604395866394043,2.65625,0.7411764860153198,1.625,izzy miles
Ryan Agarwal,PG,STAN,35.0,27.028572,7.3428574,4.885714,2.1142857,0.6571429,0.2,1.2,7.2,0.3730158805847168,0.94285715,0.8181818127632141,0.94285715,ryan agarwal
Wayne Bristol Jr.,PG,HAMP,33.0,20.787878,7.3333335,3.7272727,0.75757575,0.6363636,0.21212122,0.93939394,6.181818,0.406862735748291,1.6060606,0.849056601524353,0.93939394,wayne bristol jr
Keeyan Itejere,SF,URI,33.0,26.878788,7.3333335,5.4848485,0.6666667,0.6060606,1.6060606,0.0,5.2727275,0.5919540524482727,1.8787879,0.5806451439857483,1.2424242,keeyan itejere
JB Frankel,PG,NE,30.0,24.7,7.3333335,1.9,1.6666666,0.7,0.0,1.6666666,5.866667,0.40909090638160706,1.0666667,0.8125,0.96666664,jb frankel
Mike Evbagharu,PG,CAN,30.0,26.133333,7.3333335,5.6,1.2666667,1.0,0.033333335,0.43333334,6.8,0.4117647111415863,2.0,0.6499999761581421,1.6333333,mike evbagharu
James Flippin,SF,AAMU,30.0,17.533333,7.3333335,2.4,1.1,0.26666668,0.23333333,0.36666667,6.366667,0.4450261890888214,1.9333333,0.6724137663841248,1.6333333,james flippin
Stewart Clough,SF,MATC,3.0,25.333334,7.3333335,2.6666667,1.0,1.3333334,0.0,0.0,7.0,0.380952388048172,2.3333333,0.8571428656578064,2.6666667,stewart clough
DJ Holthusen,ATH,NWIC,3.0,21.666666,7.3333335,5.6666665,0.6666667,0.33333334,0.0,0.0,10.333333,0.35483869910240173,0.6666667,0.0,2.3333333,dj holthusen
Will Gray-Watson,PG,TOCC,3.0,23.666666,7.3333335,2.3333333,1.6666666,0.33333334,0.0,0.6666667,7.3333335,0.40909090638160706,1.0,0.6666666865348816,1.3333334,will gray watson
Elijah Williams,PG,LNCA,3.0,35.0,7.3333335,3.3333333,1.6666666,1.3333334,0.0,2.0,7.0,0.380952388048172,0.0,0.0,0.6666667,elijah williams
Isaiah Addo-Ankrah,PG,DEN,32.0,22.8125,7.3125,2.40625,0.53125,0.4375,0.0625,1.75,5.28125,0.4201183319091797,1.1875,0.9473684430122375,0.90625,isaiah addo ankrah
Demetrius Davis,SF,UNCG,32.0,19.9375,7.3125,3.5625,1.40625,0.625,0.46875,0.8125,6.40625,0.4097560942173004,1.625,0.7692307829856873,1.1875,demetrius davis
Kamrin Oriol,PG,UNF,32.0,20.84375,7.3125,2.28125,1.40625,0.53125,0.21875,1.78125,6.5625,0.37142857909202576,0.84375,0.7777777910232544,0.8125,kamrin oriol
Kheni Briggs,PG,NHVN,33.0,17.424242,7.3030305,2.3333333,0.8787879,0.90909094,0.121212125,1.3030303,6.3030305,0.375,1.6060606,0.7924528121948242,0.6666667,kheni briggs
Tyson Brown,SF,RAD,33.0,21.60606,7.3030305,6.818182,0.8484849,0.6666667,1.0,0.0,4.878788,0.6335403919219971,2.3939395,0.4683544337749481,1.2121212,tyson brown
Ashton Williamson,PG,FIU,33.0,24.181818,7.3030305,2.5151515,2.6969697,1.5757576,0.18181819,0.8484849,7.3030305,0.39419087767601013,1.030303,0.6764705777168274,1.9090909,ashton williamson
Dante Maddox Jr.,PG,XAV,34.0,18.882353,7.2941175,2.3529413,1.5,0.8235294,0.1764706,1.3529412,5.117647,0.4080459773540497,2.0588236,0.8571428656578064,0.7058824,dante maddox jr
AJ Staton-McCray,PG,HALL,31.0,21.903225,7.290323,2.419355,0.9677419,1.0645162,0.58064514,1.032258,6.387097,0.4040403962135315,1.3225807,0.8292682766914368,0.83870965,aj staton mccray
Marcus Greene,PG,FOR,31.0,20.419355,7.290323,1.7096775,1.548387,0.3548387,0.09677419,0.9354839,6.709677,0.39423078298568726,1.3870968,0.7674418687820435,1.3225807,marcus greene
George Marshall,PG,MORE,31.0,19.387096,7.290323,3.1612904,0.58064514,0.7096774,0.29032257,1.0,6.451613,0.36000001430511475,2.0,0.8225806355476379,0.9032258,george marshall
Kyrese Mullen,SF,NMSU,32.0,21.0,7.28125,6.75,1.0,0.5625,0.1875,0.4375,6.59375,0.40758293867111206,2.6875,0.5465116500854492,1.375,kyrese mullen
AJ Smith,SF,BRAD,32.0,24.15625,7.28125,6.25,0.875,0.875,0.53125,0.5,5.21875,0.42514970898628235,2.90625,0.8064516186714172,1.1875,aj smith
Maximus Nelson,SF,PFW,32.0,23.09375,7.28125,2.1875,0.5,0.25,0.15625,2.21875,5.84375,0.4064171016216278,0.40625,0.7692307829856873,0.46875,maximus nelson
Jared Coleman-Jones,SF,SDSU,29.0,25.51724,7.275862,5.034483,1.0344827,0.62068963,0.6551724,0.62068963,6.172414,0.44134077429771423,2.0344827,0.5932203531265259,1.137931,jared coleman jones
Kobe Newton,PG,WYO,30.0,23.066668,7.266667,1.9333333,1.3333334,0.36666667,0.033333335,1.6,5.6,0.4047619104385376,1.2333333,0.9189189076423645,1.2666667,kobe newton
Bryce Baker,PG,COFC,34.0,19.852942,7.2647057,3.0882354,0.64705884,0.6764706,0.2647059,2.0,6.0588236,0.40776699781417847,0.5588235,0.5789473652839661,0.6764706,bryce baker
Lyndel Erold,PG,BRWN,27.0,22.666666,7.259259,3.925926,0.962963,0.6296296,0.4074074,1.1111112,6.037037,0.4049079716205597,1.8148148,0.6938775777816772,0.6666667,lyndel erold
Mark Butler,PG,LAF,27.0,29.666666,7.259259,3.1851852,2.9629629,0.7777778,0.037037037,0.037037037,5.3703704,0.43448275327682495,3.2592592,0.7840909361839294,1.1481482,mark butler
Kolby Granger,PG,TXSO,31.0,23.0,7.2580647,4.483871,1.516129,0.83870965,0.22580644,0.9032258,5.225806,0.4753086566925049,2.064516,0.671875,1.1612903,kolby granger
Brandon Newman,PG,OKST,35.0,19.971428,7.257143,3.6,0.7714286,0.82857144,0.2857143,1.1142857,5.742857,0.38805970549583435,2.1714287,0.7763158082962036,1.2857143,brandon newman
Matt Mayock,SF,AMER,35.0,24.485714,7.257143,2.2571428,1.3428571,0.4,0.42857143,1.2,5.7714286,0.4108910858631134,1.5428572,0.8518518805503845,0.94285715,matt mayock
Koree Cotton,PG,RGV,36.0,25.555555,7.25,3.1944444,1.6111112,1.1666666,0.3611111,1.0833334,6.1666665,0.37837839126586914,1.8888888,0.7941176295280457,1.1388888,koree cotton
Nigel Quaynor,SF,CTBR,4.0,30.25,7.25,6.75,0.5,1.25,0.25,0.0,8.0,0.4375,1.0,0.25,2.0,nigel quaynor
Troy McKoy Jr.,PG,CHST,24.0,19.541666,7.25,2.5,0.5833333,0.8333333,0.5833333,1.0,6.8333335,0.34756097197532654,1.875,0.800000011920929,1.0416666,troy mckoy jr
Maur Tablada,PG,LSIU,4.0,20.75,7.25,0.75,1.0,0.75,0.0,0.75,7.0,0.4285714328289032,0.75,0.6666666865348816,1.25,maur tablada
Mouhamed Dioubate,SF,UK,37.0,15.972973,7.243243,5.918919,1.1351352,0.9459459,0.6756757,0.3243243,4.3783784,0.6172839403152466,2.4864864,0.6086956262588501,1.081081,mouhamed dioubate
Mike Sharavjamts,PG,SC,33.0,22.363636,7.242424,3.3636363,2.7575758,0.6666667,0.6666667,1.0909091,6.5757575,0.4055299460887909,1.3333334,0.6136363744735718,1.3030303,mike sharavjamts
Quinn Denker,PG,UNCO,33.0,21.666666,7.242424,2.030303,1.8181819,0.7878788,0.121212125,1.060606,5.848485,0.44041451811790466,1.4545455,0.7083333134651184,1.2121212,quinn denker
Tamaury Releford,C,MORE,30.0,15.7,7.233333,4.4666667,0.23333333,0.5,0.6,0.0,5.4333334,0.5705521702766418,1.5666667,0.6595744490623474,0.6333333,tamaury releford
Cian Medley,PG,KENT,35.0,27.085714,7.2285714,2.6285715,4.0285716,0.85714287,0.057142857,0.85714287,7.0857143,0.33467742800712585,2.057143,0.7916666865348816,2.2285714,cian medley
Colin Granger,C,CCU,31.0,17.806452,7.225806,4.419355,0.58064514,0.22580644,0.19354838,0.032258064,5.129032,0.5786163806915283,2.064516,0.609375,1.4193548,colin granger
Marcellus Brigham Jr.,SF,JXST,36.0,25.694445,7.2222223,4.5277777,0.9722222,0.7222222,0.11111111,0.6666667,5.75,0.4492753744125366,1.6944444,0.8196721076965332,1.2777778,marcellus brigham jr
Joshua Hughes,SF,EVAN,32.0,29.78125,7.21875,5.1875,0.6875,0.96875,1.125,0.875,7.125,0.37280702590942383,1.4375,0.717391312122345,1.3125,joshua hughes
Anthony Dell'Orso,PG,ARIZ,37.0,18.243244,7.216216,1.3513514,1.4054054,0.5135135,0.08108108,1.3513514,5.4054055,0.44999998807907104,1.1081082,0.9024389982223511,0.7297297,anthony dell orso
Shemar Rathan-Mayes,PG,MERC,30.0,29.733334,7.2,2.9,3.9666667,0.93333334,0.06666667,0.46666667,5.7,0.35087719559669495,3.4333334,0.7961165308952332,1.8,shemar rathan mayes
Kuluel Mading,C,CLT,35.0,22.22857,7.2,4.1714287,0.5714286,0.114285715,1.2285714,0.2857143,5.1714287,0.5690608024597168,1.9428571,0.529411792755127,1.2571429,kuluel mading
Jonnivius Smith,SF,UTSA,30.0,24.066668,7.2,7.633333,0.76666665,1.1,1.5,0.36666667,5.3333335,0.4937500059604645,2.4,0.6527777910232544,1.5333333,jonnivius smith
Joshua Ingram,PG,LEH,30.0,26.033333,7.2,3.7,1.5,0.96666664,0.5,0.7,5.3,0.4528301954269409,2.4,0.7083333134651184,1.3333334,joshua ingram
Rico Hopping,PG,LPU,5.0,20.6,7.2,1.2,0.2,0.2,0.2,1.2,6.8,0.38235294818878174,0.8,1.0,1.0,rico hopping
Hercy Miller,PG,NOLA,26.0,16.961538,7.1923075,2.8461537,1.0,0.42307693,0.15384616,0.61538464,5.1923075,0.39259257912635803,3.2692308,0.7647058963775635,1.8076923,hercy miller
Tony Toney,PG,UAB,37.0,26.081081,7.189189,3.4324324,1.8378378,0.7567568,0.21621622,1.2432432,6.0540543,0.4196428656578064,0.9459459,0.9142857193946838,0.6486486,tony toney
D'Aundre Samuels,PG,HCU,32.0,16.34375,7.1875,2.75,1.5,0.78125,0.3125,1.1875,6.125,0.4336734712123871,1.09375,0.6285714507102966,1.34375,d aundre samuels
Petar Krivokapic,PG,PAC,33.0,26.545454,7.181818,2.909091,1.1212121,0.33333334,0.121212125,1.5757576,6.5757575,0.3502304255962372,1.3333334,0.75,0.72727275,petar krivokapic
Latrell Jossell,PG,UNT,36.0,21.944445,7.1666665,1.2777778,1.5277778,1.0833334,0.055555556,1.3611112,6.888889,0.35080644488334656,1.2777778,0.760869562625885,0.8611111,latrell jossell
Jeremy Fears Jr.,PG,MSU,36.0,23.694445,7.1666665,2.1388888,5.4444447,1.0555556,0.22222222,0.3611111,4.9722223,0.3966480493545532,3.9166667,0.7304964661598206,2.0,jeremy fears jr
Lorenzo Downey,PG,AAMU,30.0,23.833334,7.1666665,3.8333333,1.2666667,0.8333333,0.36666667,1.3333334,6.4666667,0.36082473397254944,1.5666667,0.7446808218955994,1.6666666,lorenzo downey
Bradley Ezewiro,SF,UAB,37.0,16.297297,7.1621623,4.4594593,0.3243243,0.24324325,0.7027027,0.0,4.5135136,0.5209580659866333,3.2162163,0.7647058963775635,0.7297297,bradley ezewiro
CJ Brown,PG,USF,31.0,22.580645,7.16129,2.2903225,2.516129,1.2258065,0.5483871,0.2580645,5.387097,0.455089807510376,2.6451614,0.7560975551605225,0.9677419,cj brown
Kanon Catchings,SF,UGA,31.0,17.483871,7.16129,2.1612904,0.67741936,0.58064514,0.41935483,1.3870968,5.967742,0.41081079840660095,1.483871,0.5869565010070801,0.7741935,kanon catchings
Jacob Cofie,SF,USC,32.0,20.71875,7.15625,4.625,1.03125,1.09375,0.84375,0.3125,5.6875,0.49450549483299255,1.625,0.75,0.96875,jacob cofie
Denzel Hines,SF,UCR,32.0,23.09375,7.15625,6.1875,1.25,0.21875,0.09375,0.3125,5.59375,0.4301675856113434,2.84375,0.7142857313156128,1.40625,denzel hines
Brandon Huntley-Hatfield,SF,NCSU,26.0,19.653847,7.1538463,4.8461537,1.0769231,0.5,0.3846154,0.07692308,5.0384617,0.5038167834281921,2.5,0.800000011920929,1.3076923,brandon huntley hatfield
Tom House,PG,FUR,34.0,18.529411,7.147059,2.5588236,1.2647059,0.38235295,0.0882353,1.5882353,5.2647057,0.4301675856113434,1.5294118,0.6730769276618958,0.7647059,tom house
Emmanuel Kuac,PG,DETM,29.0,20.689655,7.137931,3.8965516,0.86206895,0.51724136,0.55172414,0.9310345,6.551724,0.37368419766426086,1.6896552,0.7755101919174194,1.5517242,emmanuel kuac
Jalen Quinn,PG,DRKE,37.0,20.594595,7.135135,1.8918918,2.3243244,0.7297297,0.10810811,0.21621622,5.216216,0.47668394446372986,2.5675676,0.75789475440979,1.7837838,jalen quinn
Javier Ezquerra,PG,WAG,30.0,34.433334,7.133333,3.6333334,4.6,1.2333333,0.0,1.3666667,7.6,0.33771929144859314,0.9,0.7037037014961243,1.8666667,javier ezquerra
Isaac Celiscar,SF,YALE,30.0,20.733334,7.133333,5.0,1.5,0.5,0.23333333,0.23333333,4.9666667,0.5302013158798218,2.1333334,0.765625,0.7,isaac celiscar
Felix Okpara,SF,TENN,38.0,25.789474,7.131579,6.4210525,0.31578946,0.23684211,1.6842105,0.02631579,5.0,0.5894736647605896,1.6842105,0.71875,1.0789474,felix okpara
Jalil Bethea,PG,ALA,31.0,19.032259,7.129032,2.096774,1.1612903,0.58064514,0.06451613,0.9677419,6.580645,0.36764705181121826,1.6129032,0.8199999928474426,1.0967742,jalil bethea
Jackson Holt,PG,EKU,32.0,19.65625,7.125,1.6875,0.875,0.8125,0.03125,1.875,6.21875,0.38693466782569885,0.46875,0.9333333373069763,0.5625,jackson holt
Kenyon Goodin,PG,BELL,27.0,22.11111,7.111111,3.4444444,1.7407408,0.8518519,0.074074075,1.074074,4.4814816,0.4793388545513153,2.148148,0.8103448152542114,0.8888889,kenyon goodin
Hank Alvey,SF,LEH,29.0,25.206896,7.1034484,4.8965516,0.9310345,0.62068963,0.62068963,0.03448276,5.793103,0.4702380895614624,2.1724138,0.7460317611694336,0.79310346,hank alvey
Drew Fielder,C,BOIS,31.0,23.483871,7.096774,5.419355,0.9677419,0.3548387,0.41935483,0.58064514,5.709677,0.46327683329582214,1.7096775,0.7169811129570007,0.9354839,drew fielder
Griffin Barrouk,PG,SHU,33.0,23.121212,7.090909,2.969697,0.93939394,0.3939394,0.121212125,1.9090909,6.181818,0.37745097279548645,0.6666667,0.7727272510528564,0.72727275,griffin barrouk
Cameron Matthews,SF,MSST,34.0,29.441177,7.0882354,6.6764708,3.6176472,2.4117646,0.6764706,0.1764706,5.2647057,0.5139665007591248,3.0,0.5,2.4117646,cameron matthews
Amaël L'Etang,SF,DAY,34.0,16.852942,7.0882354,4.3235292,1.2058823,0.47058824,0.9705882,0.64705884,5.029412,0.5087719559669495,2.0588236,0.6428571343421936,1.0294118,amael l etang
Kohen Rowbatham,PG,MRCY,28.0,18.607143,7.071429,1.2142857,1.3214285,0.42857143,0.0,0.5,6.392857,0.3854748606681824,2.142857,0.7666666507720947,1.7857143,kohen rowbatham
Diego Campisano,SF,NAU,30.0,17.166666,7.0666666,2.3333333,0.56666666,0.33333334,0.033333335,1.2666667,5.733333,0.43023255467414856,1.0333333,0.8387096524238586,0.6,diego campisano
Keith Richard,PG,CSUF,30.0,22.333334,7.0666666,2.0,1.4,0.7,0.1,0.73333335,6.9333334,0.3365384638309479,2.2,0.7575757503509521,1.8666667,keith richard
Jalen Celestine,PG,CIN,31.0,25.0,7.064516,3.548387,0.7741935,0.58064514,0.22580644,1.6451613,6.193548,0.3802083432674408,0.9032258,0.7857142686843872,0.6451613,jalen celestine
Kasen Jennings,PG,APP,31.0,24.612904,7.064516,1.9032258,1.8387097,0.58064514,0.032258064,1.1290323,6.2580647,0.3659793734550476,1.8709677,0.7241379022598267,1.0967742,kasen jennings
Vic Searls,SF,OHIO,32.0,18.28125,7.0625,3.90625,0.78125,0.4375,0.34375,0.125,4.75,0.6118420958518982,1.65625,0.6792452931404114,1.375,vic searls
Bryce Ford,PG,ASU,33.0,21.787878,7.060606,2.8484848,0.8181818,0.45454547,0.18181819,1.060606,5.4848485,0.4309392273426056,1.4848485,0.8571428656578064,0.6363636,bryce ford
Randall Pettus II,PG,ELON,33.0,20.242424,7.060606,2.7878788,1.4545455,1.3030303,0.15151516,1.1212121,6.818182,0.36000001430511475,1.4545455,0.7083333134651184,1.3636364,randall pettus ii
Michael Duax,SF,FGCU,34.0,22.794117,7.0588236,4.5,1.5588236,1.0882353,0.2647059,0.20588236,5.647059,0.484375,2.0,0.6911764740943909,0.9411765,michael duax
James Scott,SF,MISS,35.0,23.6,7.0571427,6.0571427,1.4,0.62857145,0.85714287,0.028571429,4.0857143,0.7552447319030762,1.9714285,0.43478259444236755,1.0,james scott
Anthony Finkley,SF,JOES,35.0,24.542856,7.0571427,3.8285713,1.6285714,0.9714286,0.2857143,1.2571429,5.1714287,0.4364641010761261,1.6571429,0.7758620977401733,1.1714286,anthony finkley
Cam Manyawu,SF,IOWA,35.0,18.828571,7.0571427,5.257143,0.9142857,1.2857143,0.6857143,0.0,4.9428573,0.5780346989631653,2.7142856,0.49473685026168823,1.1142857,cam manyawu
Jeremiah Williams,PG,GTWN,31.0,24.32258,7.032258,2.903226,1.967742,1.3225807,0.19354838,0.41935483,5.903226,0.4480874240398407,2.0,0.6612903475761414,1.7419355,jeremiah williams
Rollie Worster,PG,NEB,31.0,25.64516,7.032258,4.096774,2.6451614,0.87096775,0.22580644,0.3548387,5.903226,0.43169400095939636,2.2258065,0.7101449370384216,1.2903225,rollie worster
Ethan Meuser,SF,STO,31.0,21.387096,7.032258,3.8064516,1.7741935,0.9032258,0.87096775,1.483871,5.83871,0.40883979201316833,1.1935484,0.6486486196517944,1.2258065,ethan meuser
Jerry Deng,SF,NCSU,31.0,15.354838,7.032258,1.9032258,0.48387095,0.41935483,0.22580644,1.4193548,5.645161,0.4342857003211975,1.0,0.7096773982048035,0.67741936,jerry deng
Rashaan Mbemba,SF,CSU,32.0,19.21875,7.03125,3.59375,0.90625,0.46875,0.375,0.09375,4.25,0.595588207244873,2.65625,0.7058823704719543,1.375,rashaan mbemba
Trevor Baskin,SF,COLO,35.0,19.428572,7.0285716,4.8,1.8,0.94285715,0.74285716,0.17142858,4.714286,0.5030303001403809,3.2,0.6607142686843872,1.8285714,trevor baskin
Frankie Fidler,SF,MSU,37.0,16.216217,7.027027,3.3243244,0.7567568,0.4864865,0.21621622,0.35135135,5.5405407,0.39024388790130615,2.7297297,0.8613861203193665,0.6216216,frankie fidler
Akeem Odusipe,SF,TUSC,2.0,14.5,7.0,3.0,0.0,0.5,0.5,1.0,6.0,0.5,0.0,0.0,1.0,akeem odusipe
Jason Gallant,PG,WORU,1.0,30.0,7.0,6.0,7.0,1.0,0.0,1.0,12.0,0.25,0.0,0.0,7.0,jason gallant
Mari Jordan,PG,RAD,32.0,19.5625,7.0,3.625,0.71875,0.71875,0.34375,0.9375,6.09375,0.3948718011379242,1.53125,0.8163265585899353,0.875,mari jordan
Steven Lyles,PG,SPRH,1.0,31.0,7.0,6.0,4.0,2.0,0.0,1.0,9.0,0.3333333432674408,0.0,0.0,3.0,steven lyles
Jacob Millhouse,PG,TUTX,2.0,17.5,7.0,1.5,2.0,0.0,0.0,1.5,3.0,0.8333333134651184,0.5,1.0,2.0,jacob millhouse
Ayden Baker,PG,NGU,1.0,10.0,7.0,0.0,0.0,0.0,0.0,1.0,2.0,0.5,4.0,1.0,0.0,ayden baker
Jordan Phillips-McLoyd,PG,RDPH,1.0,17.0,7.0,2.0,3.0,0.0,0.0,0.0,12.0,0.25,3.0,0.3333333432674408,5.0,jordan phillips mcloyd
Rayvon Graham,PG,RDPH,1.0,23.0,7.0,3.0,4.0,1.0,0.0,1.0,4.0,0.5,2.0,1.0,2.0,rayvon graham
Malachi Afework,PG,EOU,1.0,23.0,7.0,3.0,2.0,2.0,0.0,0.0,8.0,0.375,1.0,1.0,0.0,malachi afework
Wesley Fulcher,PG,PCH,1.0,22.0,7.0,2.0,2.0,0.0,0.0,1.0,6.0,0.5,0.0,0.0,0.0,wesley fulcher
Ben McNew,PG,ASB,1.0,30.0,7.0,2.0,2.0,0.0,0.0,2.0,11.0,0.1818181872367859,2.0,0.5,0.0,ben mcnew
Braxton Cousins,SF,CRC,1.0,24.0,7.0,2.0,3.0,1.0,0.0,0.0,9.0,0.2222222238779068,4.0,0.75,3.0,braxton cousins
Bryce Shaw,PG,AVER,1.0,11.0,7.0,2.0,0.0,0.0,1.0,0.0,5.0,0.6000000238418579,2.0,0.5,1.0,bryce shaw
Brandon Rechsteiner,PG,CSU,32.0,22.15625,7.0,1.0,2.84375,0.5625,0.0,1.25,6.9375,0.36486485600471497,0.84375,0.8148148059844971,2.21875,brandon rechsteiner
Drake Allen,PG,USU,32.0,21.15625,7.0,1.875,3.78125,1.15625,0.375,0.65625,5.46875,0.4571428596973419,2.15625,0.6231883764266968,1.5,drake allen
Kody Williams,PG,HAMP,26.0,23.576923,7.0,2.0769231,1.7307693,0.3846154,0.15384616,1.3846154,5.8846154,0.3660130798816681,1.5769231,0.8292682766914368,2.0769231,kody williams
James Weathers,PG,XULA,1.0,24.0,7.0,2.0,3.0,1.0,0.0,1.0,8.0,0.375,0.0,0.0,0.0,james weathers
Cody Pennebaker,PG,LAM,30.0,28.166666,7.0,4.3333335,1.7333333,1.1,0.3,0.46666667,7.0333333,0.4265402853488922,1.1666666,0.4571428596973419,1.1,cody pennebaker
Jacob Bouchard,PG,THMC,1.0,18.0,7.0,1.0,1.0,0.0,0.0,1.0,4.0,0.25,4.0,1.0,0.0,jacob bouchard
Jacob Brown,SF,NGU,1.0,26.0,7.0,4.0,3.0,1.0,0.0,0.0,8.0,0.375,9.0,0.1111111119389534,3.0,jacob brown
Shobby Enakpene,ATH,SWU,1.0,24.0,7.0,0.0,2.0,3.0,0.0,1.0,5.0,0.6000000238418579,0.0,0.0,4.0,shobby enakpene
Bryce Jackson,PG,TUSC,2.0,18.5,7.0,2.5,0.5,0.0,0.5,1.0,6.5,0.4615384638309479,0.0,0.0,2.5,bryce jackson
Sam Rolle Iv,ATH,DVEK,1.0,17.0,7.0,1.0,4.0,1.0,0.0,0.0,9.0,0.2222222238779068,4.0,0.75,0.0,sam rolle iv
Nnadozie Okoroji,ATH,DVEK,1.0,17.0,7.0,1.0,0.0,0.0,0.0,1.0,4.0,0.5,2.0,1.0,0.0,nnadozie okoroji
Tomiwa Sulaiman,SF,TOW,33.0,19.575758,7.0,4.151515,0.8181818,1.060606,0.54545456,0.8484849,6.090909,0.3980099558830261,1.6666666,0.7818182110786438,0.7878788,tomiwa sulaiman
Skyler Schmidt,SF,JSP,1.0,7.0,7.0,0.0,0.0,0.0,0.0,1.0,2.0,0.5,4.0,1.0,0.0,skyler schmidt
Drew Smith,PG,BRE,1.0,14.0,7.0,0.0,0.0,0.0,0.0,1.0,2.0,0.5,5.0,0.800000011920929,0.0,drew smith
Grant Lovette,PG,ERSK,2.0,18.5,7.0,5.5,0.5,0.0,0.0,1.0,4.5,0.5555555820465088,2.0,0.5,1.0,grant lovette
Amarion Wilson,ATH,VWU,1.0,10.0,7.0,2.0,1.0,0.0,0.0,0.0,3.0,1.0,2.0,0.5,0.0,amarion wilson
Tyler Hall,SF,ASB,1.0,26.0,7.0,0.0,0.0,0.0,0.0,1.0,12.0,0.25,0.0,0.0,0.0,tyler hall
Guillermo Narbona,SF,STAM,3.0,20.666666,7.0,3.0,1.3333334,0.33333334,0.0,1.0,7.6666665,0.3913043439388275,0.0,0.0,1.6666666,guillermo narbona
Brandon Behar,ATH,TCFL,1.0,15.0,7.0,2.0,0.0,0.0,0.0,1.0,2.0,1.0,2.0,1.0,6.0,brandon behar
Aiden Wall,PG,WNMU,2.0,15.5,7.0,0.5,0.5,0.0,0.0,0.0,3.5,0.7142857313156128,2.5,0.800000011920929,1.0,aiden wall
Daethan Harris,PG,VRHS,1.0,15.0,7.0,3.0,0.0,0.0,0.0,1.0,6.0,0.3333333432674408,2.0,1.0,7.0,daethan harris
RJ Manginello,PG,MNTT,2.0,22.5,7.0,1.5,2.5,0.5,0.0,1.5,7.0,0.3571428656578064,0.5,1.0,2.0,rj manginello
Jayden Loydd,PG,KCU,3.0,27.333334,7.0,2.6666667,4.0,1.0,0.0,0.33333334,6.6666665,0.30000001192092896,2.6666667,1.0,1.6666666,jayden loydd
Tre Titus,PG,WLWD,1.0,22.0,7.0,5.0,0.0,0.0,0.0,1.0,10.0,0.30000001192092896,0.0,0.0,2.0,tre titus
Kelton Warren,SF,ROSE,1.0,14.0,7.0,1.0,1.0,0.0,0.0,0.0,6.0,0.3333333432674408,3.0,1.0,2.0,kelton warren
Caden Pokorzynski,SF,AQUI,2.0,22.0,7.0,4.5,1.5,0.5,1.0,0.0,4.0,0.375,4.0,1.0,1.0,caden pokorzynski
Andrew Quinn,PG,MWD,1.0,11.0,7.0,0.0,2.0,1.0,0.0,1.0,4.0,0.75,0.0,0.0,0.0,andrew quinn
Nicho Simes,ATH,WCMD,2.0,23.5,7.0,0.5,1.0,0.0,0.0,1.0,7.0,0.2857142984867096,3.0,0.6666666865348816,1.0,nicho simes
Kaleb Brooks,ATH,NCW,2.0,19.5,7.0,3.0,0.5,1.5,0.0,1.0,6.5,0.38461539149284363,2.5,0.4000000059604645,1.0,kaleb brooks
Joseph Holloway,ATH,LCHR,1.0,16.0,7.0,6.0,1.0,0.0,1.0,0.0,2.0,1.0,5.0,0.6000000238418579,0.0,joseph holloway
Devin Carter,ATH,LCHR,1.0,23.0,7.0,2.0,2.0,0.0,0.0,0.0,14.0,0.1428571492433548,3.0,1.0,2.0,devin carter
Jeb Tobin,SF,PQC,1.0,26.0,7.0,1.0,1.0,0.0,0.0,0.0,10.0,0.20000000298023224,5.0,0.6000000238418579,6.0,jeb tobin
Dean Balo,PG,TUTX,2.0,19.5,7.0,1.0,1.5,0.5,0.0,1.0,5.0,0.5,1.0,1.0,3.0,dean balo
Jakemin Abney,ATH,LSUA,1.0,16.0,7.0,4.0,0.0,1.0,0.0,1.0,10.0,0.30000001192092896,0.0,0.0,1.0,jakemin abney
Tj James,ATH,LSUA,1.0,22.0,7.0,4.0,0.0,0.0,0.0,1.0,5.0,0.4000000059604645,3.0,0.6666666865348816,1.0,tj james
Spencer Barr,PG,UJ,1.0,19.0,7.0,2.0,0.0,0.0,0.0,1.0,5.0,0.4000000059604645,2.0,1.0,0.0,spencer barr
Owen Hektner,SF,UJ,1.0,18.0,7.0,0.0,0.0,1.0,0.0,1.0,5.0,0.4000000059604645,2.0,1.0,1.0,owen hektner
Tyasin Burns,PG,NWIC,4.0,27.25,7.0,2.0,3.5,0.75,0.25,1.25,8.75,0.3142857253551483,0.5,0.5,5.25,tyasin burns
Merrick Small,SF,SFIL,2.0,22.0,7.0,2.5,1.0,0.0,0.5,1.0,7.5,0.4000000059604645,0.0,0.0,2.0,merrick small
Kaleim Taylor,ATH,UNTN,1.0,25.0,7.0,5.0,4.0,2.0,0.0,0.0,2.0,0.5,6.0,0.8333333134651184,4.0,kaleim taylor
Caileb Parham,PG,NMHU,1.0,19.0,7.0,3.0,1.0,5.0,1.0,0.0,3.0,0.6666666865348816,4.0,0.75,0.0,caileb parham
Kj Lamonte,ATH,NMHU,1.0,19.0,7.0,3.0,2.0,1.0,0.0,0.0,4.0,0.0,12.0,0.5833333134651184,2.0,kj lamonte
Andre Norris,PG,JSP,1.0,13.0,7.0,2.0,2.0,1.0,1.0,1.0,4.0,0.5,2.0,1.0,1.0,andre norris
Christopher Coleman,ATH,STAU,4.0,20.25,7.0,1.5,1.25,1.25,1.25,0.5,8.0,0.375,0.5,1.0,1.0,christopher coleman
Milan Kennedy,ATH,EARL,1.0,12.0,7.0,0.0,0.0,0.0,0.0,1.0,3.0,0.3333333432674408,4.0,1.0,1.0,milan kennedy
Sean Holzman,ATH,PCH,1.0,11.0,7.0,1.0,0.0,2.0,0.0,1.0,7.0,0.4285714328289032,1.0,0.0,0.0,sean holzman
Austin Page,ATH,UTD,1.0,29.0,7.0,8.0,1.0,0.0,4.0,0.0,3.0,0.3333333432674408,11.0,0.4545454680919647,4.0,austin page
Ray Washington-Battle,ATH,CUAA,1.0,15.0,7.0,3.0,0.0,0.0,1.0,0.0,11.0,0.27272728085517883,1.0,1.0,2.0,ray washington battle
Jarid Vertil,ATH,MANR,1.0,24.0,7.0,1.0,0.0,0.0,0.0,1.0,6.0,0.3333333432674408,2.0,1.0,2.0,jarid vertil
DeAndre Miles,SF,BLU,2.0,20.0,7.0,3.0,0.5,0.0,0.0,0.5,7.5,0.3333333432674408,2.5,0.6000000238418579,0.0,deandre miles
Chaz Harvey,ATH,TLRU,1.0,22.0,7.0,5.0,2.0,0.0,0.0,0.0,6.0,0.3333333432674408,4.0,0.75,4.0,chaz harvey
Cameron Buchanan,ATH,CU,4.0,26.5,7.0,0.75,0.75,0.25,0.0,1.5,5.5,0.40909090638160706,1.0,1.0,3.0,cameron buchanan
Reece Seicdshnaydre,ATH,LNO,2.0,13.5,7.0,3.0,0.5,0.0,0.0,2.0,5.0,0.5,1.0,0.0,0.5,reece seicdshnaydre
Ethan Hanning,PG,OXY,2.0,23.5,7.0,5.5,0.5,0.0,0.0,1.0,10.5,0.2857142984867096,0.0,0.0,2.5,ethan hanning
Taj Kimber,PG,TUSC,2.0,20.0,7.0,1.5,2.5,2.0,0.0,1.0,6.0,0.5,0.0,0.0,1.0,taj kimber
Koby Reed,ATH,RDLL,2.0,17.0,7.0,1.0,0.5,0.5,0.0,1.0,8.0,0.25,2.0,1.0,3.0,koby reed
Marcell Galloway,PG,NOB,2.0,17.5,7.0,1.5,1.0,0.5,0.0,1.5,5.5,0.4545454680919647,0.5,1.0,1.0,marcell galloway
Owen Moriarty,ATH,SEAP,1.0,30.0,7.0,2.0,3.0,0.0,0.0,0.0,7.0,0.4285714328289032,2.0,0.5,2.0,owen moriarty
Henry Sandberg,ATH,SEAP,1.0,21.0,7.0,2.0,0.0,0.0,0.0,1.0,5.0,0.6000000238418579,0.0,0.0,2.0,henry sandberg
Marvin Ruffin,ATH,TBR,1.0,24.0,7.0,0.0,2.0,1.0,0.0,1.0,7.0,0.4285714328289032,0.0,0.0,3.0,marvin ruffin
Khai Branham,ATH,SMMN,1.0,11.0,7.0,0.0,0.0,0.0,0.0,1.0,5.0,0.4000000059604645,3.0,0.6666666865348816,1.0,khai branham
Jaylyn Clardy,ATH,MITC,1.0,28.0,7.0,4.0,0.0,0.0,0.0,1.0,13.0,0.23076923191547394,0.0,0.0,2.0,jaylyn clardy
Matt Boen,ATH,ENDC,1.0,26.0,7.0,2.0,4.0,2.0,0.0,1.0,9.0,0.3333333432674408,0.0,0.0,1.0,matt boen
Tyshan Kelley,ATH,DS,1.0,13.0,7.0,0.0,0.0,0.0,0.0,1.0,6.0,0.5,0.0,0.0,1.0,tyshan kelley
Cee Jay Nwosu,ATH,JUDU,1.0,21.0,7.0,3.0,1.0,1.0,0.0,1.0,4.0,0.5,2.0,1.0,4.0,cee jay nwosu
Trevon Dennis,ATH,OLLU,2.0,13.5,7.0,3.0,0.5,0.5,0.0,2.0,4.0,0.625,0.5,0.0,0.5,trevon dennis
Dalton Gayman,SF,UNF,1.0,13.0,7.0,3.0,0.0,1.0,1.0,0.0,7.0,0.4285714328289032,2.0,0.5,1.0,dalton gayman
Keondre Rodgers,PG,MATC,3.0,21.666666,7.0,2.3333333,2.3333333,3.0,0.0,0.0,4.6666665,0.5,4.0,0.5833333134651184,1.3333334,keondre rodgers
Xander Norris,ATH,PITB,1.0,16.0,7.0,4.0,0.0,2.0,0.0,1.0,8.0,0.375,0.0,0.0,1.0,xander norris
Robert Richards,ATH,PITB,1.0,8.0,7.0,0.0,0.0,2.0,0.0,0.0,4.0,0.5,4.0,0.75,1.0,robert richards
Jaiden Miller,ATH,WRNR,2.0,26.5,7.0,2.0,0.5,1.5,0.0,2.0,10.0,0.25,0.0,0.0,0.5,jaiden miller
Kofi Mends,PG,LHMN,1.0,32.0,7.0,7.0,1.0,2.0,0.0,0.0,13.0,0.23076923191547394,2.0,0.5,2.0,kofi mends
Manny Barkor,SF,LHMN,1.0,17.0,7.0,3.0,1.0,1.0,0.0,0.0,5.0,0.6000000238418579,3.0,0.3333333432674408,0.0,manny barkor
Luke Briggs,ATH,THMC,1.0,25.0,7.0,1.0,1.0,0.0,0.0,1.0,8.0,0.25,2.0,1.0,0.0,luke briggs
Chandler O'Bannon,SF,CCSC,1.0,31.0,7.0,7.0,3.0,1.0,0.0,0.0,6.0,0.5,2.0,0.5,2.0,chandler o bannon
Tarell Joesph,ATH,LESL,1.0,31.0,7.0,5.0,3.0,1.0,0.0,1.0,14.0,0.1428571492433548,2.0,1.0,3.0,tarell joesph
Dylan Jackson,ATH,STTX,1.0,18.0,7.0,6.0,1.0,0.0,0.0,1.0,7.0,0.2857142984867096,2.0,1.0,2.0,dylan jackson
Adam Hobson,ATH,MTU,1.0,12.0,7.0,0.0,0.0,0.0,0.0,2.0,6.0,0.3333333432674408,2.0,0.5,0.0,adam hobson
Charley Reedo,ATH,SCHR,2.0,13.5,7.0,1.0,0.0,0.5,0.0,1.5,6.0,0.3333333432674408,3.0,0.5,2.0,charley reedo
Julio Phipps,ATH,CHAD,1.0,24.0,7.0,4.0,0.0,2.0,0.0,0.0,11.0,0.27272728085517883,2.0,0.5,2.0,julio phipps
Tavarez Lacey,ATH,SMC,1.0,29.0,7.0,4.0,1.0,2.0,1.0,0.0,9.0,0.3333333432674408,2.0,0.5,2.0,tavarez lacey
Orlando Thomas,PG,WINT,1.0,23.0,7.0,4.0,3.0,1.0,0.0,1.0,4.0,0.25,4.0,1.0,6.0,orlando thomas
Jalen Mcafee Marion,ATH,USW,1.0,14.0,7.0,2.0,1.0,0.0,0.0,1.0,7.0,0.2857142984867096,2.0,1.0,1.0,jalen mcafee marion
Keller Boothby,SF,W&M,32.0,26.0625,6.96875,3.15625,1.0625,0.6875,0.09375,1.6875,5.65625,0.4309392273426056,0.53125,0.7647058963775635,0.5625,keller boothby
Peyton Smith,SF,FAIR,32.0,18.125,6.96875,3.90625,0.53125,0.5625,0.84375,0.09375,6.25,0.44999998807907104,1.65625,0.7547169923782349,0.78125,peyton smith
Morez Johnson Jr.,SF,MICH,30.0,17.666666,6.9666667,6.6666665,0.26666668,0.4,1.1,0.0,4.0,0.6416666507720947,2.9666667,0.617977499961853,0.76666665,morez johnson jr
Ethan Potter,SF,UTU,29.0,16.137932,6.965517,4.1034484,0.6896552,0.20689656,0.4827586,0.06896552,4.724138,0.5912408828735352,1.5517242,0.8444444537162781,0.8965517,ethan potter
Cbo Newton,PG,ACU,29.0,19.862068,6.965517,2.3793104,0.86206895,0.44827586,0.2413793,1.2758621,4.413793,0.5234375,1.2413793,0.8611111044883728,0.7586207,cbo newton
Jeremiah Hernandez,PG,BALL,31.0,20.709677,6.935484,2.032258,1.6774193,0.8064516,0.06451613,0.5483871,5.096774,0.4303797483444214,2.7096775,0.738095223903656,1.3225807,jeremiah hernandez
Ray Glasgow,SG,ALCN,29.0,14.413794,6.9310346,3.2413793,1.1724138,0.3448276,0.10344828,0.86206895,6.137931,0.38764044642448425,1.7586207,0.7450980544090271,1.1724138,ray glasgow
Kyle Brown,SF,UAPB,29.0,19.034483,6.9310346,3.1034484,1.0,0.41379312,0.27586207,0.44827586,5.827586,0.4615384638309479,1.5517242,0.7111111283302307,1.2068965,kyle brown
Evan Ipsaro,PG,M-OH,34.0,20.058823,6.9117646,1.8235294,2.9411764,0.9117647,0.14705883,0.5882353,3.8235295,0.5230769515037537,2.8529413,0.8144329786300659,1.0294118,evan ipsaro
Romad Dean,SF,TLSA,33.0,26.484848,6.909091,5.5757575,0.7878788,0.6060606,0.3939394,1.1515151,5.5151515,0.43406593799591064,1.3333334,0.7272727489471436,0.969697,romad dean
Josiah Lake II,PG,ORST,33.0,23.484848,6.909091,3.3333333,2.1818182,1.030303,0.15151516,0.75757575,4.212121,0.48201438784599304,2.3030303,0.9078947305679321,1.0,josiah lake ii
Fred Payne,PG,BC,30.0,18.2,6.9,2.5333333,1.2333333,0.8666667,0.033333335,0.96666664,5.8333335,0.36000001430511475,1.9666667,0.8813559412956238,0.6,fred payne
Kyle Marshall,PG,AF,30.0,25.766666,6.9,4.133333,1.7,1.0333333,0.5,0.4,5.2,0.4423076808452606,2.9666667,0.6404494643211365,2.1666667,kyle marshall
Wes Peterson Jr.,PG,BING,29.0,26.206896,6.8965516,2.8275862,1.4827586,0.7586207,0.10344828,0.55172414,4.551724,0.5151515007019043,2.310345,0.7164179086685181,1.6206896,wes peterson jr
Ari Fulton,PG,NJIT,29.0,28.51724,6.8965516,5.413793,0.86206895,0.51724136,0.62068963,0.5862069,5.965517,0.4161849617958069,2.0689654,0.6499999761581421,0.9655172,ari fulton
Woody Newton,PG,GMU,35.0,22.057142,6.885714,3.7714286,0.7714286,0.74285716,0.82857144,1.1428572,6.0571427,0.38679245114326477,1.4285715,0.7400000095367432,1.0,woody newton
Chase Johnston,PG,HPU,35.0,22.114286,6.885714,1.7714286,0.9714286,1.1428572,0.0,2.0285714,5.6285715,0.4263959527015686,0.114285715,0.5,0.54285717,chase johnston
Jadrian Tracey,PG,VCU,35.0,21.285715,6.885714,2.7714286,1.6571429,0.85714287,0.14285715,0.9142857,5.3714285,0.478723406791687,1.2,0.6904761791229248,1.0857143,jadrian tracey
James Okonkwo,SF,UTAH,35.0,18.2,6.885714,7.2,0.45714286,0.54285717,0.9714286,0.0,4.142857,0.5931034684181213,2.942857,0.6699029207229614,1.2285714,james okonkwo
Marcus Rigsby Jr.,PG,UTA,34.0,21.411764,6.882353,2.735294,1.6764706,0.6764706,0.4117647,1.2647059,6.5,0.36199095845222473,1.382353,0.6595744490623474,1.7058823,marcus rigsby jr
Jonas Aidoo,SF,ARK,33.0,19.0,6.878788,5.0,0.8181818,0.6666667,1.1212121,0.0,4.787879,0.5696202516555786,2.3030303,0.6184210777282715,0.90909094,jonas aidoo
Dylan Andrews,PG,BOIS,32.0,24.84375,6.875,1.5625,3.40625,0.625,0.0625,1.0625,7.0,0.3794642984867096,0.71875,0.695652186870575,1.6875,dylan andrews
Logan Woods,PG,WRST,32.0,23.09375,6.875,2.0625,1.78125,0.5625,0.1875,1.28125,5.34375,0.4795321524143219,0.59375,0.7894737124443054,0.9375,logan woods
Carl Parrish,PG,PRES,32.0,18.25,6.875,2.0625,0.78125,0.4375,0.0625,1.09375,4.90625,0.47770699858665466,1.1875,0.9210526347160339,0.8125,carl parrish
Akira Jacobs,SF,FOR,30.0,18.833334,6.866667,2.5666666,0.56666666,0.13333334,0.16666667,1.0,5.266667,0.4113923907279968,1.9666667,0.7796609997749329,1.1,akira jacobs
Derrick Tezeno,SF,SOU,29.0,20.551723,6.862069,4.37931,0.4827586,0.6896552,0.1724138,0.31034482,4.862069,0.5035461187362671,2.3793104,0.695652186870575,1.1034483,derrick tezeno
Melvyn Ebonkoli,SF,NJIT,33.0,25.878788,6.848485,5.212121,0.72727275,0.3030303,0.6666667,0.0,5.878788,0.5,1.969697,0.4923076927661896,1.1212121,melvyn ebonkoli
Linus Holmstrom,PG,VMI,33.0,21.242424,6.848485,1.3939394,0.93939394,0.6060606,0.15151516,1.5757576,5.787879,0.38743454217910767,1.060606,0.7428571581840515,0.90909094,linus holmstrom
Angelo Brizzi,PG,BUF,32.0,21.53125,6.84375,3.25,1.40625,1.5,0.1875,1.03125,5.4375,0.4367816150188446,1.5625,0.6800000071525574,1.5,angelo brizzi
Jaiden Feroah,SF,SUU,32.0,24.71875,6.84375,5.90625,1.0625,0.75,1.03125,0.78125,5.0625,0.5061728358268738,1.09375,0.8571428656578064,1.03125,jaiden feroah
Ethan Brittain-Watts,PG,BALL,31.0,25.838709,6.83871,1.9032258,1.9354838,0.38709676,0.0,1.3548387,5.645161,0.3942857086658478,1.2580645,0.8205128312110901,0.7096774,ethan brittain watts
Kam Burton,PG,SFA,31.0,17.935484,6.83871,2.2580645,0.09677419,0.48387095,0.09677419,1.6774193,5.870968,0.38461539149284363,0.87096775,0.7407407164573669,0.3548387,kam burton
Darin Smith Jr.,SF,CCSU,31.0,18.032259,6.83871,3.032258,0.38709676,0.5483871,0.16129032,1.1935484,4.806452,0.5167785286903381,0.9032258,0.75,0.67741936,darin smith jr
Mason Madsen,PG,UTAH,30.0,14.233334,6.8333335,2.3333333,1.2333333,0.6,0.13333334,1.5666667,6.0333333,0.3922652006149292,0.76666665,0.695652186870575,0.76666665,mason madsen
Zion Russell,PG,SFPA,30.0,21.866667,6.8333335,2.2333333,1.8666667,0.6666667,0.26666668,0.6333333,5.4,0.4753086566925049,1.3,0.8205128312110901,1.7333333,zion russell
Isaiah Evans,PG,DUKE,36.0,13.722222,6.8333335,1.1388888,0.5,0.19444445,0.083333336,1.7222222,5.0833335,0.43169400095939636,0.8888889,0.8125,0.44444445,isaiah evans
Vince Fier,SF,LPU,6.0,20.333334,6.8333335,3.0,1.6666666,0.16666667,0.16666667,0.6666667,5.8333335,0.4285714328289032,1.3333334,0.875,0.6666667,vince fier
Jinwoo Kim,PG,NAVY,34.0,25.941177,6.8235292,2.1176472,1.0294118,0.38235295,0.0882353,1.0882353,6.0,0.38235294818878174,1.7941177,0.6393442749977112,0.7058824,jinwoo kim
Gabe Dynes,C,USC,34.0,21.794117,6.8235292,5.7647057,0.4117647,0.2647059,3.0588236,0.0,4.2058825,0.6993007063865662,1.9705882,0.4776119291782379,1.2058823,gabe dynes
Isaiah Jones,SF,USF,28.0,25.392857,6.821429,4.5,1.6071428,1.2857143,0.035714287,0.5714286,5.178571,0.4413793087005615,2.5,0.6714285612106323,1.1071428,isaiah jones
Duane Posey,PG,TXSO,28.0,15.714286,6.821429,4.214286,0.6785714,0.5714286,0.32142857,0.0,4.25,0.5546218752861023,3.2142856,0.6555555462837219,1.2142857,duane posey
Jhaylon Martinez,C,NIA,31.0,20.774193,6.806452,5.225806,0.7741935,0.22580644,0.3548387,0.09677419,4.548387,0.5248227119445801,2.548387,0.7594936490058899,1.1935484,jhaylon martinez
Xavier Lipscomb,PG,MSM,36.0,33.5,6.8055553,4.1944447,4.3333335,0.8611111,0.1388889,1.0,5.2777777,0.3526315689086914,2.8055556,0.7425742745399475,2.1666667,xavier lipscomb
Noah Batchelor,PG,BUF,30.0,29.466667,6.8,6.0666666,1.3,0.8333333,0.3,1.2,6.233333,0.3368983864784241,1.9,0.7368420958518982,1.2666667,noah batchelor
Trevon Brazile,SF,ARK,34.0,20.911764,6.7941175,5.4117646,0.7058824,0.7647059,1.117647,0.7058824,4.4117646,0.6000000238418579,1.5,0.529411792755127,1.0294118,trevon brazile
Sadraque NgaNga,SF,SJSU,29.0,15.4827585,6.793103,3.3448277,0.55172414,0.31034482,0.03448276,0.7586207,5.275862,0.516339898109436,1.1724138,0.5,1.0689656,sadraque nganga
Josh Ogundele,SF,HAMP,33.0,14.727273,6.787879,4.181818,0.8181818,0.33333334,0.42424244,0.0,3.909091,0.6511628031730652,3.4848485,0.48695650696754456,1.5454545,josh ogundele
Dallin Hall,PG,UVA,32.0,24.625,6.78125,2.15625,4.15625,0.71875,0.0625,1.125,5.28125,0.40236687660217285,2.09375,0.6716417670249939,1.625,dallin hall
Arlandus Keyes,PG,MSM,32.0,19.21875,6.78125,3.25,1.9375,1.125,0.21875,1.5,5.9375,0.37368419766426086,1.09375,0.7714285850524902,1.65625,arlandus keyes
Malachi Poindexter,PG,ILST,35.0,21.457144,6.7714286,1.8,1.2571429,0.25714287,0.057142857,1.3714286,5.2,0.43406593799591064,1.2,0.738095223903656,0.82857144,malachi poindexter
Drew Steffe,PG,SIU,33.0,26.272728,6.757576,2.6363637,2.3030303,0.72727275,0.33333334,1.3030303,5.6363635,0.39247313141822815,1.7272727,0.5964912176132202,0.75757575,drew steffe
Jamil Miller,SF,KENN,33.0,23.545454,6.757576,4.787879,0.6060606,0.6363636,0.45454547,0.54545456,5.060606,0.473053902387619,2.6969697,0.5280898809432983,0.72727275,jamil miller
Femi Odukale,PG,MINN,32.0,29.53125,6.75,4.40625,3.59375,1.46875,1.15625,0.40625,6.28125,0.42786070704460144,1.875,0.5166666507720947,2.28125,femi odukale
Montavious Myrick,SF,EKU,32.0,24.0625,6.75,8.09375,1.1875,1.1875,1.125,0.0,3.5625,0.6491228342056274,2.9375,0.7234042286872864,0.875,montavious myrick
Jonathan Beagle,SF,RICH,32.0,15.5625,6.75,3.5625,1.65625,0.1875,0.375,0.09375,4.375,0.550000011920929,2.625,0.7023809552192688,1.5,jonathan beagle
Oswin Erhunmwunse,SF,PROV,32.0,19.96875,6.75,5.59375,0.1875,0.375,1.625,0.0,4.0625,0.7230769395828247,1.84375,0.47457626461982727,1.0625,oswin erhunmwunse
Azmar Abdullah,PG,BU,32.0,17.8125,6.75,1.4375,0.78125,0.46875,0.03125,1.1875,5.75,0.3804347813129425,1.53125,0.7755101919174194,1.15625,azmar abdullah
Donovan Stone,PG,DFC,4.0,18.25,6.75,1.5,1.5,0.25,0.25,1.0,6.75,0.3333333432674408,1.75,0.7142857313156128,2.75,donovan stone
Jaret Valencia,SF,WICH,27.0,22.88889,6.740741,4.111111,0.6296296,0.5555556,1.2222222,0.5185185,5.5555553,0.4399999976158142,2.2222223,0.6000000238418579,0.9259259,jaret valencia
Klemen Vuga,SF,UAPB,30.0,16.633333,6.733333,3.3,0.8,0.53333336,0.16666667,0.033333335,6.0333333,0.4475138187408447,2.1,0.6190476417541504,1.4,klemen vuga
Anouar Mellouk,SF,MORE,30.0,20.933332,6.733333,4.133333,0.6,0.36666667,0.4,0.06666667,5.5,0.521212100982666,1.6333333,0.5714285969734192,1.4666667,anouar mellouk
Shaqir O'Neal,SF,SAC,29.0,18.137932,6.724138,3.3793104,0.82758623,0.51724136,0.55172414,0.62068963,4.9310346,0.503496527671814,1.7931035,0.6346153616905212,1.2068965,shaqir o neal
Javonte Johnson,PG,CBU,32.0,25.75,6.71875,2.96875,0.6875,0.75,0.03125,1.59375,5.53125,0.4124293923377991,0.65625,0.8571428656578064,0.96875,javonte johnson
Kareem Rozier,PG,WIN,32.0,26.6875,6.71875,1.90625,3.28125,1.0625,0.03125,1.09375,6.34375,0.33497536182403564,1.9375,0.7096773982048035,1.0625,kareem rozier
Josiah Hammons,PG,UIC,32.0,21.65625,6.71875,1.625,0.8125,0.53125,0.03125,1.65625,5.8125,0.3817204236984253,0.8125,0.7692307829856873,0.65625,josiah hammons
Damarion Dennis,PG,WYO,34.0,17.882353,6.7058825,1.8529412,1.2941177,0.7941176,0.4117647,0.85294116,5.2352943,0.483146071434021,1.0,0.7941176295280457,0.5294118,damarion dennis
Rory Stewart,SF,FGCU,30.0,19.866667,6.7,2.9,0.6666667,0.26666668,0.2,1.6666666,5.6,0.4345238208770752,0.16666667,1.0,0.53333336,rory stewart
Kyrell Shaw,PG,UMES,30.0,19.266666,6.7,2.4666667,1.3666667,0.6,0.033333335,1.4666667,6.2,0.3709677457809448,0.8333333,0.7599999904632568,1.0,kyrell shaw
Justin Bieker,PG,UTU,33.0,25.0,6.6969695,2.6969697,1.7272727,0.75757575,0.24242425,1.1212121,6.0,0.3737373650074005,1.2727273,0.8571428656578064,1.3939394,justin bieker
Michael Pajeaud,PG,ALCN,29.0,28.103449,6.6896553,5.172414,2.4482758,1.0,0.6896552,0.03448276,5.6896553,0.4484848380088806,2.3448277,0.6617646813392639,1.9310344,michael pajeaud
Michael Imariagbe,SF,WRST,32.0,16.3125,6.6875,4.75,0.84375,0.5,0.4375,0.03125,4.21875,0.644444465637207,1.90625,0.6393442749977112,0.71875,michael imariagbe
Solomon Callaghan,PG,WRST,32.0,22.8125,6.6875,1.40625,1.25,0.375,0.0625,1.09375,5.625,0.4055555462837219,1.28125,0.8048780560493469,1.09375,solomon callaghan
Eddie Ricks III,SF,JMU,32.0,25.96875,6.6875,4.65625,0.875,0.65625,0.71875,0.75,5.5,0.4545454680919647,1.3125,0.7142857313156128,0.96875,eddie ricks iii
Caleb Jones,PG,UAPB,28.0,23.535715,6.678571,1.8214285,1.5,0.78571427,0.035714287,1.5,5.714286,0.4124999940395355,0.5,0.9285714030265808,1.6785715,caleb jones
Trent Pierce,PG,MIZ,33.0,16.969696,6.6666665,3.2424242,0.969697,0.6363636,0.18181819,0.969697,4.878788,0.47204968333244324,1.8787879,0.5806451439857483,0.6363636,trent pierce
Raymond Bandzoumouna Jr.,PG,ERKA,3.0,17.666666,6.6666665,2.0,2.0,0.6666667,0.0,1.3333334,6.6666665,0.4000000059604645,0.0,0.0,1.0,raymond bandzoumouna jr
Dylan Cabs,SF,LPU,6.0,27.333334,6.6666665,5.1666665,0.5,0.33333334,0.33333334,1.3333334,8.5,0.29411765933036804,0.6666667,0.5,2.8333333,dylan cabs
Tyler Johnson,PG,VT,32.0,25.5,6.65625,4.84375,1.03125,0.78125,0.1875,0.5,5.25,0.4523809552192688,1.90625,0.7377049326896667,1.40625,tyler johnson
Theo Grant,PG,NOLA,29.0,17.137932,6.6551723,1.7586207,0.37931034,0.44827586,0.20689656,0.4827586,5.448276,0.4177215099334717,2.5517242,0.6351351141929626,0.7241379,theo grant
B. Artis White,PG,RICH,25.0,26.92,6.64,2.64,1.76,1.04,0.04,1.2,6.56,0.35975611209869385,1.04,0.692307710647583,0.92,b artis white
Marques Warrick,PG,MIZ,33.0,13.484848,6.6363635,0.90909094,1.2727273,0.3939394,0.030303031,1.0909091,4.7272725,0.48076921701431274,1.2424242,0.8048780560493469,0.3939394,marques warrick
Xzavier Long,SF,HAMP,33.0,26.333334,6.6363635,4.969697,1.4545455,0.93939394,0.6969697,0.42424244,4.818182,0.4716981053352356,2.6969697,0.617977499961853,1.1818181,xzavier long
Cameron Palesse,PG,ALST,30.0,28.666666,6.633333,4.9666667,1.2666667,0.56666666,0.23333333,0.6666667,5.0666666,0.4802631437778473,1.4666667,0.75,0.56666666,cameron palesse
Justin Rochelin,PG,PAC,35.0,19.314285,6.6285715,3.4857142,0.74285716,0.6857143,0.31428573,1.0285715,5.3714285,0.46276596188545227,0.9142857,0.6875,0.82857144,justin rochelin
Bowen Hardman,PG,AKR,35.0,15.3714285,6.6285715,1.0285715,0.114285715,0.2,0.08571429,1.8857143,5.142857,0.4333333373069763,0.45714286,0.625,0.22857143,bowen hardman
Chase Martin,PG,MOST,32.0,23.0,6.625,2.0,1.03125,0.6875,0.40625,0.3125,6.375,0.37254902720451355,2.25,0.6944444179534912,1.15625,chase martin
Jalen Breath,SF,OHIO,32.0,21.46875,6.625,7.0,0.65625,0.5,0.4375,0.0,4.46875,0.4755244851112366,3.5,0.6785714030265808,0.84375,jalen breath
Louis Bleechmore,PG,FAIR,32.0,25.0,6.625,3.46875,1.0,0.21875,0.21875,1.125,5.65625,0.3922652006149292,1.53125,0.6938775777816772,1.125,louis bleechmore
O'Mar Stanley,SF,BOIS,37.0,17.0,6.6216216,4.6216216,0.6486486,0.4864865,0.7297297,0.16216215,5.3513513,0.4343434274196625,2.7027028,0.6700000166893005,1.2432432,o mar stanley
Jaquan Johnson,PG,BRAD,37.0,18.108109,6.6216216,2.3783784,2.4324324,1.5405406,0.0,0.4054054,4.4324327,0.4573170840740204,3.162162,0.6837607026100159,1.1891892,jaquan johnson
Jaylani Darden,PG,NORF,33.0,24.666666,6.6060605,4.757576,2.4545455,1.3939394,0.21212122,0.45454547,5.4545455,0.4555555582046509,1.5151515,0.7799999713897705,1.5151515,jaylani darden
Alex Archer,PG,LSIU,5.0,21.2,6.6,3.2,1.6,1.6,0.2,0.6,6.4,0.40625,1.8,0.4444444477558136,1.6,alex archer
Darius Ford,PG,AAMU,32.0,18.6875,6.59375,1.75,2.375,1.25,0.0,0.90625,6.3125,0.3366336524486542,1.84375,0.7796609997749329,2.0,darius ford
KyeRon Lindsay-Martin,SF,UAB,32.0,15.21875,6.59375,4.28125,0.53125,0.78125,0.84375,0.0,5.3125,0.5176470875740051,1.53125,0.7142857313156128,1.0,kyeron lindsay martin
Micah Simpson,PG,ALST,36.0,17.194445,6.5833335,1.6111112,1.1944444,0.6944444,0.083333336,1.4166666,6.1666665,0.3513513505458832,1.0277778,0.8108108043670654,0.75,micah simpson
Josh Lee,PG,DEN,31.0,20.67742,6.580645,2.8387096,0.9677419,1.1290323,0.06451613,0.5483871,4.903226,0.4868420958518982,1.7096775,0.7358490824699402,1.2258065,josh lee
Obadiah Curtis,PG,HCU,26.0,17.923077,6.576923,2.8076923,0.7307692,0.65384614,0.34615386,0.3846154,5.576923,0.46206897497177124,1.8461539,0.5625,1.2692307,obadiah curtis
Chris Manon,PG,VAN,33.0,18.242424,6.5757575,3.6969697,1.2727273,1.6969697,1.0,0.24242425,4.090909,0.5333333611488342,2.5151515,0.7831325531005859,0.8484849,chris manon
Ernest Udeh Jr.,C,MIA,30.0,26.566668,6.5666666,7.5333333,1.1666666,1.4333333,1.2666667,0.0,3.7333333,0.6339285969734192,3.0666666,0.5978260636329651,1.1,ernest udeh jr
Davonte Sweatman,PG,CCSU,31.0,23.193548,6.548387,2.0,2.3225806,0.83870965,0.0,0.67741936,5.903226,0.40437158942222595,1.3870968,0.7906976938247681,1.1935484,davonte sweatman
Ben Fox,PG,CARK,33.0,21.90909,6.5454545,2.1818182,0.5151515,0.6969697,0.121212125,1.6060606,5.6969695,0.3617021143436432,1.1515151,0.7105262875556946,0.57575756,ben fox
Chisom Okpara,SF,STAN,35.0,16.257143,6.542857,2.0285714,1.0285715,0.85714287,0.25714287,0.51428574,4.6,0.5031055808067322,2.0285714,0.6901408433914185,1.3428571,chisom okpara
Carter Bryant,SF,ARIZ,37.0,19.27027,6.5405407,4.108108,0.972973,0.9459459,1.0,1.054054,4.756757,0.46022728085517883,1.5945946,0.694915235042572,1.0,carter bryant
Zachary Visentin,C,CSUF,30.0,16.1,6.5333333,2.6333334,0.53333336,0.2,0.3,0.0,4.1,0.5284552574157715,2.7333333,0.8048780560493469,1.0666667,zachary visentin
Sam Godwin,SF,OU,30.0,19.1,6.5333333,5.1666665,0.8,0.8666667,0.6333333,0.0,4.5,0.5925925970077515,2.1333334,0.5625,1.1666666,sam godwin
Reece Potter,SF,UK,30.0,17.1,6.5333333,3.6666667,1.1666666,0.4,0.7,0.73333335,5.366667,0.4658385217189789,1.3333334,0.6000000238418579,1.0333333,reece potter
Dionte Bostick,PG,NMSU,32.0,22.4375,6.53125,3.21875,1.6875,1.125,0.125,0.5,5.875,0.39361703395843506,2.53125,0.5555555820465088,1.28125,dionte bostick
Floyd Rideau Jr.,PG,NCCU,32.0,15.5625,6.53125,1.59375,0.625,0.625,0.15625,1.625,4.90625,0.42675158381462097,0.9375,0.7666666507720947,0.59375,floyd rideau jr
David Punch,SF,TCU,32.0,20.40625,6.53125,4.375,0.5625,0.53125,0.875,0.25,5.375,0.4767441749572754,2.1875,0.5285714268684387,1.1875,david punch
Caleb Walker,SF,AF,32.0,16.375,6.53125,3.09375,1.28125,0.46875,0.40625,0.0625,4.78125,0.5490196347236633,2.6875,0.45348837971687317,1.46875,caleb walker
Manny Obaseki,PG,TA&M,34.0,16.352942,6.529412,1.5882353,1.2058823,0.2647059,0.32352942,0.44117647,5.9117646,0.3681592047214508,2.3235295,0.746835470199585,1.1470588,manny obaseki
Kalu Anya,SF,SLU,34.0,27.705883,6.529412,7.529412,2.5,1.1470588,0.9705882,0.05882353,4.7647057,0.604938268661499,2.235294,0.31578946113586426,1.5,kalu anya
Isaiah Richards,SF,GWEB,31.0,21.935484,6.516129,7.16129,1.2580645,0.58064514,0.83870965,0.32258064,4.322581,0.5223880410194397,2.548387,0.6582278609275818,1.2903225,isaiah richards
Harry Rouhliadeff,SF,HAW,31.0,18.451612,6.516129,3.6774194,0.6451613,0.19354838,0.09677419,0.58064514,4.806452,0.463087260723114,1.967742,0.7540983557701111,0.9354839,harry rouhliadeff
Cole Farrell,PG,LBSU,31.0,18.548388,6.516129,1.967742,0.9032258,0.7096774,0.16129032,0.7419355,5.806452,0.4277777671813965,1.451613,0.5555555820465088,0.5483871,cole farrell
Davide Poser,SF,UNH,31.0,29.935484,6.516129,2.2258065,1.6129032,0.4516129,0.12903225,1.6774193,5.580645,0.4046242833137512,0.38709676,0.8333333134651184,1.4193548,davide poser
Joey Chammaa,PG,ARST,31.0,15.580646,6.516129,0.87096775,1.7419355,0.7096774,0.0,0.61290324,4.709677,0.4109589159488678,2.419355,0.8399999737739563,1.1290323,joey chammaa
Jeffrey Langston Jr.,SF,SUU,31.0,15.83871,6.516129,3.8064516,0.58064514,0.41935483,0.3548387,0.06451613,5.064516,0.4522292912006378,2.6451614,0.707317054271698,1.3548387,jeffrey langston jr
Schafer Reichart,PG,COCU,2.0,20.5,6.5,2.0,2.0,0.5,0.0,0.0,4.0,0.5,3.5,0.7142857313156128,0.0,schafer reichart
Zach Murphy,PG,LPU,6.0,19.333334,6.5,2.8333333,1.1666666,1.0,0.16666667,0.16666667,6.3333335,0.4736842215061188,0.33333334,1.0,0.8333333,zach murphy
Doug Smith,SF,PFEI,2.0,22.5,6.5,4.0,0.0,0.5,0.5,0.5,5.5,0.5454545617103577,2.0,0.0,1.5,doug smith
Jacob Armant,PG,EMRS,2.0,25.5,6.5,1.5,1.0,1.0,0.0,0.5,9.0,0.2777777910232544,2.0,0.5,2.0,jacob armant
James Davis,PG,CIU,4.0,23.75,6.5,2.75,1.75,1.0,0.25,1.0,4.5,0.5555555820465088,1.0,0.5,3.25,james davis
Henry Wilson,PG,OXY,2.0,26.5,6.5,6.5,2.0,1.5,0.0,1.5,7.0,0.2857142984867096,2.0,0.5,4.5,henry wilson
Michael Ajayi,SF,BTLR,34.0,18.941177,6.5,5.4117646,0.7941176,0.7352941,0.3529412,0.23529412,5.147059,0.4457142949104309,2.4117646,0.6951219439506531,0.7058824,michael ajayi
Jaylen Searles,PG,NICH,30.0,21.366667,6.5,4.4666667,1.2333333,1.0,0.6,1.1,6.6,0.33838382363319397,1.7333333,0.5384615659713745,1.4,jaylen searles
Jaywill Thornton,SF,OAKW,2.0,17.5,6.5,1.5,1.0,3.5,0.0,0.5,6.0,0.4166666567325592,3.0,0.3333333432674408,1.5,jaywill thornton
James McCallum,PG,WNMU,2.0,18.5,6.5,3.5,0.0,0.5,0.0,0.5,5.0,0.5,1.0,1.0,2.0,james mccallum
Ben Phillip,PG,HWPU,2.0,27.5,6.5,2.0,0.0,2.5,0.5,1.0,10.0,0.15000000596046448,3.0,0.8333333134651184,1.0,ben phillip
Davion Allen,PG,ABU,2.0,20.5,6.5,1.0,0.0,1.0,0.0,1.5,8.0,0.3125,0.0,0.0,1.5,davion allen
Isaiah Melvo,SF,ABU,2.0,27.5,6.5,3.5,1.5,2.0,0.5,0.0,6.5,0.38461539149284363,2.0,0.75,1.5,isaiah melvo
Jadon Yeh,PG,TMCN,2.0,29.5,6.5,2.5,3.5,2.5,0.5,1.5,6.0,0.4166666567325592,0.5,0.0,4.5,jadon yeh
Lonzo Rand,PG,OLLU,2.0,19.5,6.5,1.0,2.0,1.0,0.5,0.5,6.5,0.1538461595773697,4.0,1.0,1.5,lonzo rand
Alfred Worrell Jr.,PG,MORG,32.0,13.53125,6.5,1.5625,0.34375,0.5,0.09375,1.21875,5.5625,0.3820224702358246,1.1875,0.8684210777282715,0.78125,alfred worrell jr
Elijah Dias,SF,MATC,4.0,16.75,6.5,3.0,1.25,0.5,0.5,0.0,6.25,0.4399999976158142,1.5,0.6666666865348816,2.25,elijah dias
Trevor Pittman,PG,BOBJ,2.0,21.5,6.5,1.5,1.5,2.0,0.0,1.5,6.0,0.4166666567325592,0.0,0.0,2.5,trevor pittman
Lukas Sward,PG,MITC,2.0,26.5,6.5,2.0,3.0,0.5,0.0,0.5,5.5,0.5454545617103577,0.0,0.0,2.0,lukas sward
Tampa Scott Iv,ATH,DWU,2.0,23.5,6.5,1.0,2.5,0.5,0.0,0.5,5.5,0.4545454680919647,1.0,1.0,0.5,tampa scott iv
Kamari McGee,PG,WIS,37.0,21.972973,6.4864864,2.7027028,1.8378378,0.8918919,0.054054055,1.054054,4.972973,0.45652174949645996,1.1081082,0.8048780560493469,0.6756757,kamari mcgee
Terrance Arceneaux,PG,NCSU,40.0,20.3,6.475,2.725,0.725,0.925,0.3,0.7,5.525,0.44343891739845276,1.2,0.7291666865348816,0.65,terrance arceneaux
Bailey Nunn,PG,CSUF,30.0,29.1,6.4666667,2.4333334,3.6333334,0.6333333,0.033333335,1.1333333,7.2,0.27314814925193787,2.0666666,0.6774193644523621,1.9,bailey nunn
Jae'Lyn Withers,SF,UNC,37.0,17.486486,6.4594593,4.4594593,0.7027027,0.43243244,0.35135135,1.054054,4.4324327,0.4878048896789551,1.5135136,0.7142857313156128,0.8648649,jae lyn withers
Jacoi Hutchinson,PG,LONG,33.0,23.454546,6.4545455,2.2121212,2.3636363,1.3030303,0.18181819,0.72727275,5.848485,0.33678755164146423,2.3030303,0.7763158082962036,1.939394,jacoi hutchinson
Joseph Yesufu,PG,WVU,29.0,19.137932,6.448276,1.9655173,0.41379312,0.5862069,0.06896552,1.0689656,5.7586207,0.38323354721069336,1.2758621,0.7567567825317383,0.4827586,joseph yesufu
Markus Harding,C,INST,29.0,18.137932,6.448276,4.0689654,1.6896552,0.51724136,0.31034482,0.6551724,5.137931,0.48322147130966187,1.3793104,0.6000000238418579,1.7586207,markus harding
Tyren Moore,PG,GASO,37.0,16.864864,6.4324327,1.2162162,1.8648648,0.5945946,0.027027028,1.5405406,6.0,0.3468468487262726,0.8918919,0.8181818127632141,0.8378378,tyren moore
Michael O'Connell,PG,NCSU,31.0,29.419355,6.419355,2.8709676,3.580645,1.032258,0.032258064,0.9354839,6.096774,0.3492063581943512,1.8387097,0.6666666865348816,1.0,michael o connell
Rickey Ballard,SF,GRAM,31.0,23.032259,6.419355,3.096774,1.1290323,1.032258,0.22580644,1.2258065,5.483871,0.42352941632270813,0.7419355,0.739130437374115,1.2903225,rickey ballard
Ryan Mela,PG,PROV,29.0,19.551723,6.413793,5.206897,1.862069,0.7586207,0.13793103,0.31034482,5.3448277,0.4580645263195038,2.1034484,0.5737704634666443,1.3793104,ryan mela
Joe Manning,PG,SOU,32.0,15.59375,6.40625,1.28125,1.875,0.78125,0.21875,0.96875,5.1875,0.42168673872947693,1.3125,0.8095238208770752,1.5,joe manning
AJ Burgin,PG,IDST,30.0,15.966666,6.4,2.4,1.1333333,0.4,0.0,1.6333333,6.366667,0.3403141498565674,0.5,0.8666666746139526,0.7,aj burgin
Antwan Robinson,PG,CSUF,30.0,23.333334,6.4,3.2333333,0.5,0.53333336,0.1,1.2333333,7.3333335,0.30000001192092896,0.96666664,0.7931034564971924,1.2333333,antwan robinson
Kahlil Singleton,PG,CAN,25.0,18.6,6.4,1.68,0.64,0.24,0.0,1.52,5.4,0.40740740299224854,0.6,0.800000011920929,0.48,kahlil singleton
Dian Wright-Forde,PG,NORF,30.0,15.966666,6.4,1.2666667,1.5,0.8,0.06666667,0.3,4.9,0.45578232407569885,2.5,0.653333306312561,1.0333333,dian wright forde
Aubin Gateretse,C,USU,33.0,17.69697,6.3939395,4.212121,0.5151515,0.3030303,0.6969697,0.030303031,3.5454545,0.7435897588729858,1.9090909,0.5714285969734192,1.060606,aubin gateretse
Aday Mara,C,MICH,33.0,13.030303,6.3939395,4.030303,1.030303,0.18181819,1.6060606,0.0,4.3636365,0.5902777910232544,2.1515152,0.577464759349823,0.8484849,aday mara
Wayne McKinney III,PG,SDSU,31.0,18.516129,6.387097,1.451613,0.6451613,0.41935483,0.22580644,0.7419355,6.064516,0.39361703395843506,1.3870968,0.6279069781303406,0.5483871,wayne mckinney iii
R.J. Blakney,SF,ODU,34.0,23.647058,6.382353,4.5588236,0.9705882,1.0294118,0.5294118,0.44117647,6.147059,0.3732057511806488,2.235294,0.6052631735801697,0.85294116,r j blakney
Brendan Wenzel,PG,TCU,29.0,21.655172,6.37931,2.4482758,0.7586207,0.6551724,0.10344828,1.3448275,6.1034484,0.3446327745914459,1.1724138,0.7058823704719543,0.55172414,brendan wenzel
Kamryn Thomas,SF,OMA,35.0,24.2,6.3714285,3.8285713,1.2285714,0.5714286,0.4857143,0.9714286,5.114286,0.44134077429771423,1.2285714,0.7209302186965942,0.94285715,kamryn thomas
Jefferson Koulibaly,PG,GASO,33.0,25.969696,6.3636365,2.1515152,1.3333334,0.8787879,0.0,1.1212121,5.4848485,0.38121548295021057,1.6060606,0.6603773832321167,1.3939394,jefferson koulibaly
RJ Godfrey,SF,CLEM,33.0,19.484848,6.3636365,3.8484848,1.0,0.6060606,0.57575756,0.0,4.7272725,0.5320512652397156,2.1818182,0.6111111044883728,1.5454545,rj godfrey
Tyler Doyle,PG,BELL,31.0,23.806452,6.354839,3.1612904,2.032258,0.7741935,0.16129032,0.2580645,4.7419353,0.5510203838348389,1.1612903,0.75,1.0967742,tyler doyle
Niccolo Moretti,PG,FAU,34.0,22.17647,6.352941,2.6470587,3.3823528,0.9117647,0.11764706,0.7058824,5.0882354,0.42774567008018494,1.7058823,0.7586206793785095,1.2941177,niccolo moretti
Will Tschetter,SF,MICH,37.0,16.0,6.3513513,2.4054055,0.5945946,0.1891892,0.08108108,0.9189189,4.6486487,0.4767441749572754,1.1621622,0.8604651093482971,0.5405405,will tschetter
Jan Vide,PG,LMU,32.0,19.34375,6.34375,2.875,2.375,0.6875,0.34375,0.0625,5.03125,0.47204968333244324,2.09375,0.7313432693481445,1.8125,jan vide
Garrison Keeslar,SF,UTC,38.0,28.789474,6.3421054,4.736842,3.1052632,1.2368422,0.34210527,0.84210527,4.736842,0.4555555582046509,1.6578947,0.7142857313156128,0.55263156,garrison keeslar
Landon Wolf,PG,ILST,36.0,20.86111,6.3333335,2.9444444,0.7222222,0.6666667,0.11111111,1.0833334,5.138889,0.4486486613750458,0.9166667,0.6969696879386902,0.3888889,landon wolf
Jake Wahlin,SF,CLEM,33.0,23.424242,6.3333335,4.878788,1.4545455,0.6969697,0.6666667,0.8181818,5.060606,0.46706587076187134,1.1818181,0.6666666865348816,0.75757575,jake wahlin
Chris Arias,PG,JAX,33.0,21.90909,6.3333335,2.2121212,0.3939394,0.54545456,0.24242425,1.4545455,5.5757575,0.39673912525177,0.75757575,0.6000000238418579,0.8787879,chris arias
Keith Shakes Jr.,ATH,MATC,3.0,19.333334,6.3333335,4.0,1.0,0.6666667,1.0,0.0,7.3333335,0.40909090638160706,0.6666667,0.5,1.0,keith shakes jr
Erroll Smith,PG,SUNO,3.0,9.0,6.3333335,1.6666666,0.0,1.3333334,0.33333334,0.33333334,5.0,0.6000000238418579,0.0,0.0,0.6666667,erroll smith
Chandler Jackson,PG,ARST,29.0,24.206896,6.3103447,2.0689654,1.9655173,1.3103448,0.20689656,0.20689656,5.62069,0.42331287264823914,1.862069,0.7222222089767456,0.86206895,chandler jackson
Brennan Watkins,PG,UTC,29.0,27.37931,6.3103447,3.0689654,2.8965516,0.51724136,0.0,1.3448275,5.37931,0.3589743673801422,1.3103448,0.8421052694320679,1.5172414,brennan watkins
Tyler Perkins,PG,VILL,36.0,25.75,6.3055553,4.2777777,1.0,1.0555556,0.25,1.25,5.6944447,0.4000000059604645,0.6944444,0.7200000286102295,0.5277778,tyler perkins
Rylan Griffen,PG,TA&M,33.0,20.212122,6.3030305,2.090909,1.3939394,0.27272728,0.27272728,1.2424242,5.6969695,0.3723404109477997,1.2121212,0.675000011920929,0.90909094,rylan griffen
Jack Daugherty,SF,ILST,33.0,12.030303,6.3030305,1.7272727,0.27272728,0.18181819,0.030303031,1.7878788,4.5454545,0.47333332896232605,0.3939394,0.5384615659713745,0.27272728,jack daugherty
Pedro Lopez-Sanvicente,SF,DEN,30.0,20.333334,6.3,3.4333334,1.2666667,0.76666665,0.53333336,0.36666667,5.133333,0.5129870176315308,1.2,0.5555555820465088,1.2333333,pedro lopez sanvicente
Cole Henry,SF,WYO,31.0,18.903225,6.290323,3.7419355,1.3548387,0.29032257,0.32258064,0.0,4.774194,0.5675675868988037,1.8387097,0.4736842215061188,1.3225807,cole henry
Brandin Cummings,PG,PITT,31.0,16.225807,6.290323,1.5806452,0.83870965,0.38709676,0.12903225,0.9354839,4.516129,0.4285714328289032,1.8064516,0.8214285969734192,0.4516129,brandin cummings
Nick Jourdain,SF,MEM,35.0,26.057142,6.285714,5.571429,1.8571428,0.71428573,1.0857143,0.34285715,4.6285715,0.5,1.8571428,0.7076923251152039,1.0285715,nick jourdain
Yusef Salih,PG,ETAM,28.0,15.714286,6.285714,1.3214285,1.2857143,0.64285713,0.0,1.5357143,5.642857,0.3544303774833679,0.9285714,0.807692289352417,1.2857143,yusef salih
Victor Panov,SF,DREX,32.0,22.59375,6.28125,4.125,1.21875,0.3125,0.4375,0.5,5.34375,0.46783626079559326,1.09375,0.7142857313156128,1.15625,victor panov
Dylan Fasoyiro,PG,USA,32.0,18.34375,6.28125,2.1875,0.53125,1.15625,0.34375,1.0,5.3125,0.39411765336990356,1.4375,0.760869562625885,0.5,dylan fasoyiro
Jasir Tremble,PG,FRES,32.0,16.3125,6.28125,0.9375,0.875,0.90625,0.03125,1.3125,6.28125,0.3731343150138855,0.53125,0.529411792755127,1.0625,jasir tremble
Malcolm Noel,PG,WGA,25.0,22.64,6.28,1.56,3.44,0.76,0.0,0.76,5.56,0.3956834673881531,1.44,0.7777777910232544,1.2,malcolm noel
Deng Mayar,SF,OMA,29.0,20.241379,6.275862,4.0,0.5862069,0.6896552,0.13793103,0.4827586,5.1034484,0.4797297418117523,1.2758621,0.7027027010917664,0.9310345,deng mayar
Fidelis Okereke,SF,CSUB,33.0,23.454546,6.2727275,4.4545455,0.6666667,0.8787879,1.1818181,0.0,4.4545455,0.49659863114356995,2.8484848,0.6489361524581909,1.3030303,fidelis okereke
Seth Wilson,PG,AKR,34.0,18.705883,6.2647057,1.9117647,1.0882353,0.64705884,0.029411765,1.6470588,5.5882354,0.4000000059604645,0.1764706,0.8333333134651184,0.5,seth wilson
Amir Nesbitt,PG,STO,31.0,21.870968,6.2580647,1.967742,2.580645,1.0,0.09677419,1.0645162,6.290323,0.3692307770252228,0.9354839,0.5862069129943848,1.451613,amir nesbitt
Stoney Hadnot,SF,UTA,32.0,17.5,6.25,4.125,0.6875,0.34375,0.46875,0.21875,4.125,0.5454545617103577,2.375,0.6447368264198303,1.28125,stoney hadnot
Jesus Mendoza,PG,NNMC,4.0,12.25,6.25,1.5,0.5,0.75,0.0,1.75,3.0,0.5833333134651184,1.0,1.0,1.5,jesus mendoza
Grady Lewis,SF,CSUN,33.0,13.363636,6.242424,3.8484848,0.54545456,0.21212122,0.15151516,0.0,4.5151515,0.5838926434516907,1.7272727,0.5614035129547119,0.75757575,grady lewis
Junjie Wang,SF,SF,33.0,20.060606,6.242424,3.2727273,0.6060606,0.18181819,0.21212122,0.969697,5.4242425,0.4078212380409241,1.4848485,0.5714285969734192,1.0,junjie wang
Willie Williams,SF,NWST,33.0,27.848484,6.242424,7.5757575,1.5151515,0.6060606,0.57575756,0.0,4.848485,0.543749988079071,2.2424242,0.4324324429035187,1.4545455,willie williams
Khalil Brantley,PG,OKST,34.0,20.235294,6.2352943,2.6470587,2.3529413,0.9411765,0.14705883,0.38235295,4.7352943,0.40993788838386536,2.6470587,0.7444444298744202,1.7647059,khalil brantley
Torey Alston,SF,MTSU,34.0,20.117647,6.2352943,5.2058825,0.85294116,0.4117647,0.9705882,0.05882353,3.9411764,0.5746268630027771,3.0,0.5490196347236633,1.2352941,torey alston
Giovanni Emejuru,C,ECU,36.0,16.222221,6.2222223,3.9722223,0.16666667,0.44444445,0.5,0.0,3.5833333,0.6744186282157898,2.5,0.5555555820465088,0.7777778,giovanni emejuru
Jaden Alexander,PG,CSUB,27.0,17.777779,6.2222223,2.7037036,0.6666667,0.4074074,0.074074075,0.6296296,4.5925927,0.4032258093357086,2.4074075,0.7846153974533081,0.6666667,jaden alexander
Guillermo Diaz Graham,SF,SF,32.0,23.25,6.21875,5.0,1.5,0.5,0.6875,1.125,5.09375,0.42331287264823914,1.15625,0.6756756901741028,0.9375,guillermo diaz graham
Kaleb Brown,PG,RMU,29.0,21.068966,6.206897,3.137931,1.6896552,0.62068963,0.13793103,0.6896552,5.448276,0.3670886158943176,2.0344827,0.7457627058029175,2.137931,kaleb brown
Desmond Polk,PG,SIUE,34.0,29.588236,6.2058825,3.264706,1.0588236,0.85294116,0.32352942,0.9705882,6.7941175,0.35930734872817993,0.8235294,0.4285714328289032,1.0294118,desmond polk
Ken Evans Jr.,PG,FAU,34.0,26.470589,6.2058825,2.7058823,1.9117647,1.0882353,0.0882353,1.2058823,6.147059,0.3349282443523407,1.1764706,0.75,1.0294118,ken evans jr
Terrance Jones,PG,MAN,34.0,19.235294,6.2058825,2.8235295,1.0294118,0.8235294,0.0882353,0.6764706,5.2058825,0.395480215549469,1.5882353,0.8888888955116272,0.85294116,terrance jones
Zach Bloch,PG,UNCO,35.0,25.885714,6.2,1.7142857,1.1142857,0.71428573,0.14285715,1.6285714,5.0285716,0.3693181872367859,1.1142857,0.7692307829856873,0.2857143,zach bloch
Kwo Agwa,SF,RGV,30.0,17.633333,6.2,4.266667,0.8333333,0.3,1.1333333,0.2,4.4333334,0.5639097690582275,1.4333333,0.6976743936538696,0.9,kwo agwa
Erik Gallardo,C,BTHS,5.0,20.6,6.2,2.2,0.6,0.4,0.2,0.6,4.6,0.52173912525177,0.8,1.0,0.2,erik gallardo
Logan Allen,ATH,FIT,5.0,18.8,6.2,1.0,0.2,0.0,0.4,0.4,5.8,0.37931033968925476,2.0,0.699999988079071,0.4,logan allen
Grant Newell,SF,WKU,36.0,21.75,6.1944447,3.5833333,0.44444445,0.5,0.16666667,0.5555556,4.7222223,0.4058823585510254,2.5,0.7222222089767456,0.6944444,grant newell
Jason Roche,PG,RICH,31.0,22.709677,6.193548,1.8387097,0.2580645,0.5483871,0.12903225,1.7096775,4.645161,0.4097222089767456,0.9032258,0.75,0.32258064,jason roche
Dominic Pangonis,PG,WRST,31.0,21.35484,6.193548,1.8387097,1.483871,0.61290324,0.2580645,0.5483871,4.870968,0.4503311216831207,2.0,0.6290322542190552,1.1935484,dominic pangonis
Nigel Burris,SF,WEB,33.0,23.484848,6.181818,5.3333335,0.6969697,0.45454547,0.3030303,0.8181818,5.5151515,0.3956044018268585,1.3030303,0.7674418687820435,0.8787879,nigel burris
Danquez Dawsey,PG,LAM,33.0,18.30303,6.181818,1.7878788,2.2121212,0.4848485,0.09090909,1.0,5.878788,0.3865979313850403,0.8484849,0.75,1.6363636,danquez dawsey
RJ Smith,PG,DEP,34.0,21.764706,6.1764708,2.4705882,1.7352941,0.7058824,0.3529412,1.1470588,5.0588236,0.447674423456192,0.64705884,0.7727272510528564,1.2352941,rj smith
Marcus Overstreet,SF,SJSU,29.0,12.862069,6.172414,5.3103447,0.2413793,0.44827586,0.6896552,0.0,5.0,0.517241358757019,2.4827585,0.4027777910232544,0.7241379,marcus overstreet
Shane Nowell,PG,PRST,30.0,16.033333,6.1666665,3.2333333,0.73333335,0.8333333,0.3,0.6333333,5.133333,0.40909090638160706,1.8666667,0.7142857313156128,0.9,shane nowell
Kobe Johnson,PG,SLU,31.0,30.612904,6.16129,3.3225806,1.7741935,0.7096774,0.38709676,0.7741935,4.419355,0.5474452376365662,0.67741936,0.8095238208770752,1.0967742,kobe johnson
Quincy Ademokoya,PG,USF,32.0,20.8125,6.15625,2.34375,0.71875,0.375,0.34375,1.21875,5.53125,0.38983049988746643,0.8125,0.7692307829856873,0.78125,quincy ademokoya
Chris Moncrief,PG,SFPA,32.0,17.78125,6.15625,2.75,1.28125,0.6875,0.25,0.28125,4.625,0.5202702879905701,1.78125,0.5964912176132202,1.0625,chris moncrief
Jaquan Carlos,PG,SYR,33.0,28.727272,6.151515,2.2424242,4.060606,1.0909091,0.15151516,0.5151515,5.4848485,0.4033149182796478,1.7272727,0.7017543911933899,1.8181819,jaquan carlos
Brigham Rogers,SF,BEL,33.0,20.90909,6.151515,3.939394,1.2727273,1.030303,0.8181818,0.030303031,4.4545455,0.5918367505073547,2.060606,0.4117647111415863,1.2727273,brigham rogers
Mike Nwoko,SF,LSU,34.0,15.441176,6.147059,4.5882354,0.7058824,0.38235295,0.7941176,0.029411765,4.647059,0.5253164768218994,2.0294118,0.6086956262588501,0.6764706,mike nwoko
Noah Waterman,SF,LOU,31.0,20.35484,6.129032,3.6774194,0.38709676,0.22580644,0.41935483,1.2580645,6.032258,0.3689839541912079,1.0,0.4193548262119293,0.7419355,noah waterman
German Plotnikov,PG,HOF,31.0,24.838709,6.129032,2.7096775,1.0,1.0,0.58064514,1.1290323,4.967742,0.4220779240131378,0.9032258,0.8928571343421936,0.7096774,german plotnikov
Juke Harris,PG,WAKE,31.0,19.0,6.129032,2.8387096,0.29032257,0.516129,0.22580644,0.6451613,4.774194,0.4256756901741028,2.387097,0.5945945978164673,0.6451613,juke harris
Yohan Traore,SF,BTLR,32.0,15.53125,6.125,3.21875,0.40625,0.15625,0.1875,0.34375,4.09375,0.5038167834281921,2.4375,0.6794871687889099,0.5,yohan traore
Troy D'Amico,SF,DEP,32.0,26.5,6.125,2.6875,1.65625,0.34375,0.375,1.21875,4.375,0.41428571939468384,1.46875,0.8723404407501221,0.96875,troy d amico
Caleb Shaw,PG,GCU,32.0,16.90625,6.125,2.46875,0.875,0.5,0.0625,0.8125,4.375,0.47857141494750977,1.65625,0.6792452931404114,0.96875,caleb shaw
Jaden Jackson,PG,SDST,32.0,16.71875,6.125,2.25,1.15625,0.59375,0.125,1.28125,5.28125,0.3786982297897339,1.09375,0.7714285850524902,0.4375,jaden jackson
Trae English,PG,NICH,33.0,21.0,6.121212,1.969697,2.5757575,1.1212121,0.0,0.5151515,5.5757575,0.385869562625885,1.6666666,0.7818182110786438,1.3939394,trae english
Christian Turner,SF,TXST,25.0,26.44,6.12,4.24,2.08,1.32,0.56,0.12,5.0,0.5120000243186951,1.92,0.4583333432674408,1.12,christian turner
Kwame Evans Jr.,SF,ORE,35.0,16.342857,6.114286,4.6,0.6571429,0.4,0.5714286,0.4,4.0571427,0.4647887349128723,2.6857142,0.7234042286872864,1.0857143,kwame evans jr
Ty-Laur Johnson,PG,USD,29.0,23.586206,6.1034484,1.8965517,2.724138,1.4827586,0.27586207,0.4827586,5.62069,0.349693238735199,2.0344827,0.8305084705352783,2.275862,ty laur johnson
Myles Watkins,PG,BELL,30.0,14.233334,6.1,1.6666666,0.9,0.6333333,0.06666667,0.5,5.233333,0.47770699858665466,1.0,0.6000000238418579,1.3666667,myles watkins
Ricardo Wright,PG,KENN,31.0,16.806452,6.096774,1.6451613,1.1290323,0.38709676,0.12903225,1.0967742,6.483871,0.3333333432674408,0.9677419,0.699999988079071,1.3225807,ricardo wright
Kebba Njie,SF,ND,31.0,23.580645,6.096774,5.870968,0.4516129,0.41935483,0.58064514,0.22580644,4.129032,0.5546875,1.8387097,0.7017543911933899,1.3225807,kebba njie
Dionjahe Thomas,SF,JKST,32.0,15.6875,6.09375,4.71875,0.25,0.375,0.4375,0.03125,3.875,0.5322580933570862,2.71875,0.7126436829566956,1.09375,dionjahe thomas
Mac Wrecke,PG,GB,32.0,20.0,6.09375,2.59375,0.75,0.4375,0.40625,0.625,4.5,0.4097222089767456,2.3125,0.7702702879905701,0.9375,mac wrecke
Jaylen Peterson,SF,PRES,33.0,21.30303,6.090909,5.6363635,0.7878788,0.7878788,1.5757576,0.0,4.3333335,0.559440553188324,2.1818182,0.5694444179534912,0.7878788,jaylen peterson
Bijan Cortes,PG,WICH,34.0,22.705883,6.0882354,2.0882354,3.2941177,0.64705884,0.14705883,0.7058824,5.9411764,0.39603960514068604,0.85294116,0.7931034564971924,2.264706,bijan cortes
Andersson Garcia,SF,TA&M,34.0,24.411764,6.0882354,6.2352943,1.617647,1.0,0.64705884,0.64705884,3.9117646,0.4887218177318573,2.3235295,0.6962025165557861,1.0882353,andersson garcia
AJ Storr,PG,MISS,34.0,15.705882,6.0882354,1.6764706,0.7058824,0.29411766,0.14705883,0.6764706,5.8235292,0.38383838534355164,1.382353,0.6808510422706604,0.88235295,aj storr
Myles Jenkins,PG,SFA,24.0,20.416666,6.0833335,2.375,0.7916667,0.45833334,0.375,0.6666667,5.5416665,0.4285714328289032,1.0,0.6666666865348816,0.9166667,myles jenkins
Corey Chest,SF,MISS,26.0,20.0,6.076923,6.576923,0.7307692,0.5769231,1.2307693,0.0,4.3076925,0.6071428656578064,1.8846154,0.44897958636283875,1.1923077,corey chest
Tauris Watson,PG,WGA,28.0,16.214285,6.071429,1.1785715,0.75,0.39285713,0.035714287,0.71428573,4.75,0.45864662528038025,1.6071428,0.6222222447395325,0.6785714,tauris watson
Foster Wonders,PG,CLE,29.0,22.689655,6.0689654,2.0689654,0.6896552,0.3448276,0.06896552,1.3793104,6.551724,0.3210526406764984,0.5862069,0.8235294222831726,0.82758623,foster wonders
Josh Taylor,SF,ETAM,31.0,22.0,6.064516,4.354839,0.9677419,0.58064514,1.3225807,0.29032257,4.516129,0.5,2.0,0.6290322542190552,1.1290323,josh taylor
TJ Thomas,PG,ETAM,31.0,20.161291,6.064516,2.2580645,2.7096775,1.0645162,0.19354838,1.032258,4.451613,0.47826087474823,1.2258065,0.6315789222717285,1.7096775,tj thomas
Orlando Horton Jr.,PG,MWSU,25.0,19.36,6.04,2.08,2.68,1.4,0.08,0.56,4.8,0.3916666805744171,2.16,0.7962962985038757,1.6,orlando horton jr
Drue Drinnon,PG,TXST,26.0,22.692308,6.0384617,1.4230769,2.1538463,0.42307693,0.07692308,1.1153846,4.3461537,0.4247787594795227,1.6153846,0.761904776096344,1.2307693,drue drinnon
Berke Buyuktuncel,SF,NEB,31.0,22.64516,6.032258,5.451613,1.3870968,0.8064516,0.6451613,0.7419355,5.548387,0.4011628031730652,1.2903225,0.6499999761581421,1.2258065,berke buyuktuncel
Amir Lindsey,PG,UALB,31.0,19.32258,6.032258,1.8709677,1.3225807,0.9032258,0.12903225,1.032258,5.2580647,0.42331287264823914,0.6451613,0.8500000238418579,0.516129,amir lindsey
Matt Van Komen,C,MRSH,32.0,23.03125,6.03125,7.9375,0.59375,0.28125,2.34375,0.0,3.6875,0.7203390002250671,1.34375,0.5348837375640869,1.34375,matt van komen
Joe Ostrowsky,PG,CCSU,32.0,27.6875,6.03125,3.3125,2.40625,1.4375,0.0625,1.125,5.46875,0.3942857086658478,0.71875,0.8260869383811951,0.84375,joe ostrowsky
Vasilije Vucinic,C,WEB,32.0,16.8125,6.03125,3.59375,0.71875,0.25,0.46875,0.0,3.78125,0.6363636255264282,1.96875,0.6190476417541504,1.15625,vasilije vucinic
Jerry Ngopot,SF,CCU,32.0,19.09375,6.03125,4.25,0.28125,0.28125,0.34375,0.40625,5.71875,0.43169400095939636,0.96875,0.7096773982048035,0.5,jerry ngopot
Benny Gealer,PG,STAN,32.0,20.375,6.03125,1.71875,2.03125,0.84375,0.03125,1.40625,5.3125,0.34117648005485535,1.125,0.8888888955116272,0.5625,benny gealer
Jaqai Murray,SF,AGSU,32.0,16.625,6.03125,4.46875,0.8125,0.6875,0.1875,0.03125,4.625,0.5135135054588318,2.25,0.5555555820465088,1.0625,jaqai murray
Lucas Taylor,PG,SYR,33.0,21.60606,6.030303,2.3636363,0.72727275,0.4848485,0.15151516,0.969697,4.7272725,0.44871795177459717,0.969697,0.84375,0.72727275,lucas taylor
Kerwin Walton,PG,TTU,37.0,18.567568,6.027027,1.2702702,0.5135135,0.16216215,0.16216215,1.7027028,5.027027,0.3870967626571655,0.5675676,0.761904776096344,0.3783784,kerwin walton
Jalen DeLoach,SF,LUC,37.0,13.945946,6.0,4.108108,1.1621622,0.5135135,0.9459459,0.0,4.0540543,0.5933333039283752,2.162162,0.550000011920929,1.3783784,jalen deloach
Tyler Beard,PG,CSUN,33.0,20.727272,6.0,2.8484848,3.2727273,0.72727275,0.09090909,0.8484849,5.4848485,0.3922652006149292,1.1515151,0.7368420958518982,1.8484849,tyler beard
Jahmai Mashack,PG,TENN,38.0,28.157894,6.0,4.236842,1.5,1.6842105,0.5263158,0.5263158,4.2894735,0.453987717628479,2.1842105,0.7228915691375732,0.92105263,jahmai mashack
Khalid Chavis-Hinds,ATH,NCW,2.0,19.5,6.0,2.5,3.5,1.0,0.0,0.5,9.0,0.2222222238779068,2.0,0.75,2.0,khalid chavis hinds
John Evans,PG,DSSU,1.0,20.0,6.0,0.0,0.0,1.0,0.0,0.0,7.0,0.4285714328289032,0.0,0.0,1.0,john evans
Abdoulaye Thiam,PG,HPU,35.0,13.771428,6.0,1.2857143,0.37142858,0.31428573,0.028571429,0.71428573,4.4857144,0.4968152940273285,1.0,0.8285714387893677,0.5714286,abdoulaye thiam
RJ Noord,PG,EDW,1.0,16.0,6.0,3.0,0.0,0.0,1.0,0.0,5.0,0.4000000059604645,2.0,1.0,0.0,rj noord
Ian Kanady,PG,TCJ,3.0,12.666667,6.0,2.3333333,0.6666667,0.0,0.0,0.33333334,4.6666665,0.4285714328289032,1.6666666,1.0,2.3333333,ian kanady
John Bakke,SF,SFST,1.0,28.0,6.0,6.0,3.0,2.0,0.0,0.0,10.0,0.30000001192092896,0.0,0.0,3.0,john bakke
Josh Glesil,ATH,WRNR,2.0,25.5,6.0,3.5,0.0,0.0,1.5,1.0,6.0,0.4166666567325592,0.0,0.0,0.5,josh glesil
Aiden Grady,ATH,UMFK,1.0,21.0,6.0,6.0,2.0,1.0,1.0,0.0,8.0,0.25,4.0,0.5,2.0,aiden grady
Jordan Guerrero,ATH,UMFK,1.0,17.0,6.0,1.0,1.0,1.0,0.0,2.0,8.0,0.25,0.0,0.0,1.0,jordan guerrero
Isaac Vencel,PG,MMA,1.0,35.0,6.0,10.0,3.0,0.0,1.0,1.0,11.0,0.1818181872367859,2.0,0.5,3.0,isaac vencel
Justin Warren,PG,DLRD,2.0,26.5,6.0,2.0,1.5,1.0,0.0,0.5,7.5,0.20000000298023224,3.0,0.8333333134651184,3.0,justin warren
Jaden Daughtry,SF,MRST,30.0,25.466667,6.0,6.266667,1.9333333,1.4333333,1.0333333,0.5,5.4666667,0.43292683362960815,1.6,0.4791666567325592,1.5,jaden daughtry
Dionte Johnson,PG,NCCU,32.0,19.21875,6.0,2.40625,3.75,1.1875,0.03125,0.3125,5.3125,0.4058823585510254,1.84375,0.7457627058029175,2.0,dionte johnson
Franck Yetna,SF,AMCC,1.0,22.0,6.0,4.0,0.0,3.0,0.0,0.0,5.0,0.6000000238418579,1.0,0.0,1.0,franck yetna
Peter Fathi,PG,SLC,1.0,14.0,6.0,1.0,0.0,1.0,0.0,2.0,6.0,0.3333333432674408,0.0,0.0,0.0,peter fathi
CJ Bellamy,PG,SFST,1.0,13.0,6.0,0.0,0.0,0.0,0.0,2.0,4.0,0.5,0.0,0.0,1.0,cj bellamy
Blakeley Stoughton,PG,CHAP,1.0,22.0,6.0,5.0,0.0,0.0,3.0,1.0,6.0,0.3333333432674408,2.0,0.5,2.0,blakeley stoughton
Devin Philio,SF,COLC,1.0,27.0,6.0,3.0,0.0,2.0,1.0,0.0,6.0,0.3333333432674408,6.0,0.3333333432674408,2.0,devin philio
Donte Forrester-Jhagroo,PG,PFEI,2.0,16.5,6.0,2.0,0.5,0.0,0.0,1.0,7.0,0.2857142984867096,2.0,0.5,1.5,donte forrester jhagroo
Will Little,PG,SWES,1.0,26.0,6.0,3.0,1.0,1.0,0.0,0.0,11.0,0.27272728085517883,0.0,0.0,0.0,will little
Samer Sawan,PG,GLDT,1.0,5.0,6.0,0.0,0.0,0.0,0.0,2.0,3.0,0.6666666865348816,0.0,0.0,0.0,samer sawan
Clark Castleberry,C,MMA,1.0,35.0,6.0,3.0,4.0,1.0,1.0,0.0,7.0,0.2857142984867096,3.0,0.6666666865348816,2.0,clark castleberry
Gabriel Gutierrez,PG,NNMC,4.0,17.25,6.0,2.0,0.75,0.75,0.0,0.5,7.0,0.3214285671710968,1.75,0.5714285969734192,1.5,gabriel gutierrez
Kenney Troutman,PG,ANIN,1.0,23.0,6.0,1.0,2.0,0.0,0.0,2.0,5.0,0.4000000059604645,0.0,0.0,1.0,kenney troutman
T'e Stone,PG,BOYC,1.0,26.0,6.0,4.0,3.0,0.0,0.0,0.0,8.0,0.25,2.0,1.0,2.0,t e stone
Brennon Marsh,SF,BTTN,1.0,18.0,6.0,4.0,0.0,0.0,1.0,0.0,8.0,0.375,0.0,0.0,3.0,brennon marsh
Dom Thomas,SF,GWYD,1.0,16.0,6.0,4.0,0.0,0.0,0.0,1.0,5.0,0.4000000059604645,2.0,0.5,0.0,dom thomas
Trey Skeete,PG,PCH,1.0,27.0,6.0,5.0,2.0,2.0,0.0,1.0,7.0,0.2857142984867096,2.0,0.5,4.0,trey skeete
Jakub Necas,SF,DUQ,29.0,23.862068,6.0,4.413793,1.4482758,0.79310346,0.6896552,0.62068963,5.3448277,0.3935483992099762,1.6551725,0.7083333134651184,1.0,jakub necas
C.J. Cox,PG,PUR,36.0,18.61111,6.0,2.8333333,0.7222222,0.7222222,0.027777778,0.9166667,4.2222223,0.46052631735801697,1.5277778,0.7818182110786438,0.5277778,c j cox
Roderick Coffee III,SF,GRAM,31.0,24.419355,6.0,3.935484,3.387097,1.0967742,0.19354838,0.516129,4.83871,0.3933333456516266,2.032258,0.8253968358039856,1.8064516,roderick coffee iii
Kaden McArthur,PG,COGA,1.0,22.0,6.0,1.0,3.0,1.0,0.0,0.0,4.0,0.5,3.0,0.6666666865348816,5.0,kaden mcarthur
Zavier Measmer,PG,FC,1.0,17.0,6.0,3.0,0.0,0.0,0.0,1.0,3.0,0.3333333432674408,3.0,1.0,2.0,zavier measmer
Sterling Charles,PG,FC,1.0,24.0,6.0,3.0,1.0,2.0,0.0,1.0,9.0,0.2222222238779068,3.0,0.3333333432674408,0.0,sterling charles
Gonzalo Luque,SF,BRES,3.0,20.666666,6.0,5.0,2.3333333,0.0,0.0,0.33333334,9.666667,0.24137930572032928,2.3333333,0.4285714328289032,0.6666667,gonzalo luque
Kaleb Huggins,SF,XULA,1.0,10.0,6.0,2.0,0.0,0.0,0.0,0.0,2.0,0.0,6.0,1.0,0.0,kaleb huggins
Mitch Seay,SF,FISK,2.0,13.5,6.0,2.0,1.0,0.5,0.0,0.5,5.5,0.27272728085517883,4.5,0.5555555820465088,0.5,mitch seay
Eren Erten,ATH,STTX,1.0,33.0,6.0,7.0,0.0,2.0,1.0,0.0,13.0,0.23076923191547394,1.0,0.0,2.0,eren erten
Porter Abrams,SF,EOU,1.0,22.0,6.0,2.0,1.0,0.0,1.0,0.0,6.0,0.5,2.0,0.0,1.0,porter abrams
Nash Wobrock,SF,NWWA,2.0,16.5,6.0,4.0,0.5,1.0,0.0,0.0,4.5,0.4444444477558136,5.5,0.3636363744735718,1.5,nash wobrock
Trent Williams,PG,NWWA,2.0,21.0,6.0,1.0,0.5,1.5,0.5,1.0,4.5,0.4444444477558136,3.0,0.3333333432674408,1.0,trent williams
Steele Twiford,SF,WLWL,2.0,22.0,6.0,2.0,2.0,1.0,0.0,0.0,7.5,0.4000000059604645,0.0,0.0,3.5,steele twiford
Rahkiem Petterson,PG,USW,1.0,22.0,6.0,2.0,2.0,0.0,0.0,0.0,7.0,0.2857142984867096,2.0,1.0,3.0,rahkiem petterson
Khalil Dukes,PG,CPC,2.0,20.5,6.0,2.5,0.0,0.5,0.0,0.0,4.5,0.3333333432674408,4.0,0.75,2.0,khalil dukes
Asher Fleming,SF,HSU,1.0,12.0,6.0,5.0,1.0,0.0,0.0,1.0,6.0,0.3333333432674408,2.0,0.5,0.0,asher fleming
Phil Brown Jr.,SF,KEAN,1.0,24.0,6.0,4.0,0.0,0.0,3.0,0.0,8.0,0.375,0.0,0.0,0.0,phil brown jr
Nichaune Jones,PG,TWU,1.0,18.0,6.0,3.0,1.0,0.0,0.0,0.0,2.0,0.5,7.0,0.5714285969734192,0.0,nichaune jones
Terrance Jones,PG,AQUI,2.0,15.5,6.0,1.5,0.5,0.0,0.0,0.0,6.5,0.4615384638309479,0.5,0.0,1.5,terrance jones
Nolan Waldon,PG,WCMD,2.0,22.0,6.0,1.5,1.0,1.0,0.0,1.0,8.5,0.23529411852359772,1.0,1.0,4.0,nolan waldon
Connor Bush,ATH,DFC,4.0,18.75,6.0,2.75,0.0,0.0,0.75,0.75,8.0,0.28125,1.0,0.75,2.0,connor bush
Drake Downs,ATH,NBRY,2.0,13.5,6.0,4.0,0.5,0.5,0.0,0.0,7.0,0.4285714328289032,1.0,0.0,2.0,drake downs
Emmanuel Oladeru,ATH,DVEK,1.0,17.0,6.0,4.0,0.0,0.0,2.0,0.0,7.0,0.4285714328289032,0.0,0.0,0.0,emmanuel oladeru
Braylon Diggs,SF,HLGU,1.0,17.0,6.0,6.0,1.0,0.0,1.0,0.0,4.0,0.5,2.0,1.0,3.0,braylon diggs
Corey Lombard Jr.,SF,LCHR,1.0,20.0,6.0,5.0,0.0,0.0,1.0,0.0,7.0,0.4285714328289032,0.0,0.0,1.0,corey lombard jr
Julian Spotser,ATH,PQC,1.0,32.0,6.0,8.0,2.0,2.0,0.0,0.0,10.0,0.30000001192092896,1.0,0.0,4.0,julian spotser
Mark Cooper,PG,FISK,2.0,31.0,6.0,1.5,5.0,0.5,0.0,0.5,5.0,0.5,2.5,0.20000000298023224,2.5,mark cooper
Michael Ansley,ATH,FISK,2.0,22.5,6.0,6.0,1.5,1.0,0.0,0.5,8.0,0.3125,2.0,0.25,0.5,michael ansley
Randarius Hughes,SF,WILC,2.0,17.0,6.0,6.5,0.5,0.5,1.0,0.0,3.5,0.5714285969734192,3.0,0.6666666865348816,0.5,randarius hughes
Filip Mugosa,ATH,NWWA,2.0,18.5,6.0,3.5,0.5,1.0,0.0,1.0,5.0,0.5,0.0,0.0,2.0,filip mugosa
Kobe Jones,ATH,WCMO,2.0,16.5,6.0,1.5,1.5,0.5,0.0,0.0,6.5,0.23076923191547394,3.0,1.0,1.5,kobe jones
C.J. Jackson,ATH,UNTN,1.0,24.0,6.0,6.0,1.0,0.0,0.0,0.0,9.0,0.2222222238779068,6.0,0.3333333432674408,2.0,c j jackson
Murphy Caffo,ATH,CHAP,1.0,18.0,6.0,4.0,1.0,0.0,0.0,0.0,8.0,0.375,1.0,0.0,2.0,murphy caffo
Daniel Rosenber,ATH,NMHU,1.0,17.0,6.0,6.0,1.0,2.0,0.0,2.0,13.0,0.1538461595773697,0.0,0.0,2.0,daniel rosenber
Blessin Kimble,ATH,NMHU,1.0,22.0,6.0,2.0,1.0,1.0,1.0,0.0,6.0,0.3333333432674408,9.0,0.2222222238779068,4.0,blessin kimble
Colby Cross,ATH,OHCU,1.0,13.0,6.0,2.0,0.0,0.0,0.0,1.0,7.0,0.2857142984867096,2.0,0.5,1.0,colby cross
Landen Hale,SF,ONU,1.0,24.0,6.0,3.0,0.0,1.0,1.0,0.0,7.0,0.2857142984867096,2.0,1.0,0.0,landen hale
Damon Fann,SG,OAKW,2.0,18.5,6.0,1.0,0.0,0.0,0.5,1.0,6.5,0.3076923191547394,2.0,0.5,3.0,damon fann
Matthew Soto,PG,UTD,1.0,20.0,6.0,0.0,1.0,1.0,1.0,0.0,4.0,0.25,4.0,1.0,5.0,matthew soto
Keshaun Bell,ATH,SWU,1.0,17.0,6.0,0.0,0.0,1.0,0.0,2.0,5.0,0.4000000059604645,0.0,0.0,2.0,keshaun bell
Gio Gutierrez,ATH,SWU,1.0,19.0,6.0,1.0,1.0,2.0,0.0,0.0,5.0,0.6000000238418579,1.0,0.0,3.0,gio gutierrez
D'Ontaye Strawter,ATH,COGA,1.0,21.0,6.0,5.0,0.0,2.0,0.0,0.0,3.0,1.0,0.0,0.0,2.0,d ontaye strawter
Julian Wilson,ATH,MCM,2.0,17.5,6.0,3.0,0.5,0.0,0.5,1.0,5.5,0.3636363744735718,1.0,1.0,1.5,julian wilson
Ace Bibbs,ATH,PRAT,1.0,20.0,6.0,4.0,0.0,0.0,0.0,0.0,4.0,0.5,2.0,1.0,0.0,ace bibbs
Brandon Nunez,ATH,PRAT,1.0,5.0,6.0,1.0,0.0,0.0,0.0,2.0,2.0,1.0,0.0,0.0,2.0,brandon nunez
Namir Simmons,PG,MANR,1.0,30.0,6.0,0.0,3.0,2.0,0.0,0.0,4.0,0.5,4.0,0.5,7.0,namir simmons
Angel Otero,ATH,MANR,1.0,10.0,6.0,0.0,0.0,0.0,0.0,2.0,5.0,0.4000000059604645,0.0,0.0,1.0,angel otero
Wayne Randall-Bashay,PG,XULA,1.0,31.0,6.0,9.0,1.0,0.0,0.0,0.0,6.0,0.1666666716337204,4.0,1.0,2.0,wayne randall bashay
Ben Fort,ATH,DLRD,2.0,30.5,6.0,5.0,0.0,2.0,0.0,0.0,8.0,0.3125,2.5,0.4000000059604645,1.0,ben fort
Aiden Fishell,ATH,DSSU,1.0,16.0,6.0,1.0,3.0,1.0,0.0,0.0,6.0,0.5,0.0,0.0,0.0,aiden fishell
TJ Holloway,PG,MRCY,1.0,33.0,6.0,5.0,3.0,0.0,2.0,2.0,8.0,0.25,0.0,0.0,1.0,tj holloway
James Connolly,PG,MRCY,1.0,12.0,6.0,2.0,3.0,1.0,1.0,1.0,2.0,1.0,2.0,0.5,1.0,james connolly
Alex Matthews,ATH,UTPB,1.0,31.0,6.0,1.0,0.0,1.0,0.0,0.0,7.0,0.2857142984867096,2.0,1.0,6.0,alex matthews
DJ Armstrong Jr.,PG,UMBC,1.0,36.0,6.0,2.0,3.0,1.0,0.0,2.0,12.0,0.1666666716337204,0.0,0.0,1.0,dj armstrong jr
Jared Franklin,ATH,CORB,1.0,28.0,6.0,5.0,1.0,0.0,0.0,0.0,8.0,0.375,2.0,0.0,2.0,jared franklin
Zak Brown,ATH,CRC,1.0,27.0,6.0,6.0,2.0,3.0,0.0,0.0,10.0,0.30000001192092896,0.0,0.0,3.0,zak brown
Tommy Ball,PG,WUUT,1.0,19.0,6.0,1.0,0.0,0.0,0.0,2.0,4.0,0.5,0.0,0.0,2.0,tommy ball
Jack Jamele,SF,WUUT,1.0,18.0,6.0,0.0,2.0,0.0,0.0,2.0,6.0,0.3333333432674408,0.0,0.0,1.0,jack jamele
Maksim Aliakseyeu,C,NOB,2.0,15.0,6.0,2.0,0.0,0.5,0.0,0.0,5.0,0.4000000059604645,2.0,1.0,1.0,maksim aliakseyeu
Gary Adams,PG,FNU,1.0,26.0,6.0,3.0,5.0,2.0,0.0,0.0,5.0,0.20000000298023224,6.0,0.6666666865348816,5.0,gary adams
Caelum Ethridge,ATH,FNU,1.0,31.0,6.0,2.0,1.0,1.0,1.0,1.0,7.0,0.2857142984867096,2.0,0.5,7.0,caelum ethridge
Anthony Riggans,SG,DWU,2.0,15.5,6.0,2.5,0.0,0.5,0.0,1.0,4.5,0.4444444477558136,1.0,1.0,2.0,anthony riggans
Romeo Postell,ATH,TXCL,1.0,21.0,6.0,1.0,2.0,0.0,1.0,0.0,4.0,0.5,3.0,0.6666666865348816,0.0,romeo postell
Colby Williams,SF,AUM,1.0,9.0,6.0,3.0,0.0,0.0,0.0,0.0,7.0,0.4285714328289032,0.0,0.0,0.0,colby williams
Christopher Osobaye,ATH,SWES,1.0,15.0,6.0,4.0,0.0,1.0,0.0,0.0,5.0,0.6000000238418579,1.0,0.0,1.0,christopher osobaye
Jr. Joseph Womack,ATH,EDW,1.0,19.0,6.0,3.0,0.0,0.0,1.0,0.0,3.0,1.0,2.0,0.0,0.0,jr joseph womack
Myron Dew,ATH,VTSR,1.0,19.0,6.0,5.0,0.0,0.0,0.0,2.0,10.0,0.20000000298023224,0.0,0.0,2.0,myron dew
Clayton Bubash,ATH,PNW,1.0,16.0,6.0,3.0,0.0,0.0,0.0,0.0,4.0,0.5,2.0,1.0,0.0,clayton bubash
Brennan Wansley,ATH,BRE,1.0,21.0,6.0,5.0,1.0,0.0,0.0,0.0,9.0,0.3333333432674408,1.0,0.0,0.0,brennan wansley
Jamal Norris,ATH,WRNR,2.0,20.0,6.0,2.0,2.0,1.5,0.0,1.0,7.5,0.20000000298023224,2.5,0.800000011920929,2.0,jamal norris
Kahleem Jennings,ATH,LHMN,1.0,29.0,6.0,5.0,3.0,1.0,0.0,0.0,4.0,0.5,2.0,1.0,4.0,kahleem jennings
Kunal Bagga,ATH,LHMN,1.0,9.0,6.0,0.0,0.0,0.0,0.0,1.0,3.0,0.3333333432674408,4.0,0.75,3.0,kunal bagga
Colin Hart,PG,MMA,1.0,22.0,6.0,1.0,0.0,2.0,2.0,2.0,6.0,0.3333333432674408,0.0,0.0,1.0,colin hart
Lemar Fulmore,ATH,SLC,1.0,17.0,6.0,1.0,2.0,1.0,1.0,0.0,6.0,0.3333333432674408,3.0,0.6666666865348816,0.0,lemar fulmore
Gavin Wright,PG,SLC,1.0,17.0,6.0,1.0,0.0,2.0,0.0,2.0,5.0,0.4000000059604645,0.0,0.0,0.0,gavin wright
Santiago Ochoa,PG,OLLU,1.0,18.0,6.0,2.0,0.0,1.0,0.0,2.0,4.0,0.5,0.0,0.0,0.0,santiago ochoa
Austin Hamilton,ATH,LESL,1.0,12.0,6.0,0.0,0.0,0.0,2.0,2.0,4.0,0.5,0.0,0.0,0.0,austin hamilton
Cooper Peterson,ATH,HSU,1.0,18.0,6.0,3.0,2.0,0.0,0.0,2.0,6.0,0.3333333432674408,0.0,0.0,1.0,cooper peterson
Alex Mirhosseini,PG,UAPB,1.0,27.0,6.0,2.0,5.0,1.0,0.0,2.0,11.0,0.1818181872367859,0.0,0.0,4.0,alex mirhosseini
Alex Gray,SF,CAT,1.0,31.0,6.0,6.0,2.0,1.0,0.0,1.0,3.0,0.6666666865348816,1.0,1.0,0.0,alex gray
Stephen Ovia,SF,WVWC,1.0,24.0,6.0,5.0,0.0,1.0,0.0,0.0,6.0,0.5,0.0,0.0,2.0,stephen ovia
Omar Gayle,PG,STTX,1.0,32.0,6.0,4.0,2.0,3.0,0.0,1.0,8.0,0.25,4.0,0.25,1.0,omar gayle
Gabe Smith,ATH,MTU,1.0,23.0,6.0,2.0,1.0,2.0,0.0,0.0,5.0,0.6000000238418579,0.0,0.0,1.0,gabe smith
Dalton Peterson,ATH,CHAD,1.0,31.0,6.0,4.0,0.0,0.0,0.0,2.0,4.0,0.5,0.0,0.0,1.0,dalton peterson
Calen Lightford,ATH,UVAW,1.0,32.0,6.0,1.0,4.0,0.0,0.0,1.0,6.0,0.1666666716337204,3.0,1.0,1.0,calen lightford
Max Lidman,ATH,UVAW,1.0,18.0,6.0,4.0,0.0,0.0,0.0,2.0,6.0,0.3333333432674408,0.0,0.0,1.0,max lidman
Evan Ramsey,ATH,UVAW,1.0,28.0,6.0,3.0,0.0,1.0,2.0,0.0,5.0,0.20000000298023224,6.0,0.6666666865348816,0.0,evan ramsey
Demeir Pollard,ATH,VWU,1.0,20.0,6.0,2.0,0.0,1.0,0.0,2.0,8.0,0.25,0.0,0.0,1.0,demeir pollard
Adarius Oliver,ATH,MOBL,1.0,22.0,6.0,3.0,0.0,0.0,0.0,0.0,5.0,0.6000000238418579,0.0,0.0,3.0,adarius oliver
Trent Rogers,PG,EOU,1.0,12.0,6.0,4.0,0.0,1.0,0.0,0.0,7.0,0.4285714328289032,0.0,0.0,2.0,trent rogers
Emmanuel Adarkwa,ATH,CSC,1.0,13.0,6.0,1.0,0.0,1.0,0.0,0.0,6.0,0.5,0.0,0.0,3.0,emmanuel adarkwa
Dondre Watson,ATH,MRHO,1.0,14.0,6.0,2.0,0.0,0.0,0.0,0.0,5.0,0.6000000238418579,0.0,0.0,0.0,dondre watson
Collin Mulholland,SF,UTC,36.0,12.361111,5.9722223,2.0555556,1.4166666,0.11111111,0.22222222,0.8611111,4.388889,0.4810126721858978,1.1666666,0.761904776096344,0.75,collin mulholland
Andrew Akuchie,SF,RICE,32.0,19.75,5.96875,4.875,0.65625,0.375,0.5,0.09375,4.125,0.5303030014038086,2.46875,0.607594907283783,0.65625,andrew akuchie
Lachlan Brewer,PG,IDST,31.0,27.064516,5.967742,3.1935484,1.0645162,0.87096775,0.09677419,1.1935484,4.580645,0.47887325286865234,0.9032258,0.4285714328289032,1.2903225,lachlan brewer
Colby McAllister,PG,CIT,30.0,16.033333,5.9666667,2.8,0.53333336,0.33333334,0.06666667,1.3,5.0666666,0.3684210479259491,1.1,0.8484848737716675,0.6666667,colby mcallister
Shahar Lazar,PG,GWEB,30.0,17.3,5.9666667,1.9666667,0.9,0.3,0.06666667,0.8333333,4.0333333,0.5041322112083435,1.2333333,0.8648648858070374,1.1,shahar lazar
Antonio Sisk,PG,MVSU,28.0,25.821428,5.964286,1.8214285,1.8928572,1.1428572,0.17857143,0.75,5.321429,0.4161073863506317,1.3214285,0.5945945978164673,2.6785715,antonio sisk
Andrija Bukumirovic,SF,UTM,26.0,19.153847,5.9615383,5.0,0.115384616,0.3846154,0.3846154,0.42307693,4.1538463,0.5185185074806213,2.1923077,0.5614035129547119,0.6923077,andrija bukumirovic
Rueben Chinyelu,C,FLA,40.0,19.025,5.95,6.55,0.65,0.5,0.85,0.0,4.3,0.5988371968269348,1.375,0.581818163394928,0.95,rueben chinyelu
Dra Gibbs-Lawhorn,PG,UNLV,35.0,14.885715,5.9428573,1.5714285,0.4857143,0.31428573,0.057142857,0.71428573,4.9714284,0.44252872467041016,1.0285715,0.8055555820465088,0.6571429,dra gibbs lawhorn
Ibu Yamazaki,SF,UNCO,33.0,20.969696,5.939394,2.3939395,0.42424244,0.3030303,0.24242425,0.75757575,4.4848485,0.4797297418117523,1.060606,0.8285714387893677,0.45454547,ibu yamazaki
Tunde Vahlberg Fasasi,SF,W&M,33.0,20.90909,5.939394,2.6969697,0.72727275,0.6060606,0.3939394,0.93939394,4.5757575,0.4370861053466797,1.3939394,0.717391312122345,0.6060606,tunde vahlberg fasasi
PJ Eason,SF,AAMU,33.0,23.39394,5.939394,5.939394,0.7878788,0.969697,1.4545455,0.0,4.6666665,0.4935064911842346,2.090909,0.6376811861991882,1.3030303,pj eason
Joshua Beadle,PG,CCU,31.0,18.161291,5.935484,1.8064516,1.967742,0.58064514,0.09677419,0.5483871,4.7419353,0.4897959232330322,1.0645162,0.6969696879386902,1.548387,joshua beadle
Edouard Benoit,SF,LEH,30.0,17.233334,5.9333334,2.4333334,0.6,0.2,0.13333334,0.96666664,4.5666666,0.45985400676727295,1.3333334,0.574999988079071,0.96666664,edouard benoit
Stephen Giwa,C,RICE,27.0,20.925926,5.9259257,5.148148,0.7407407,0.5925926,0.6296296,0.0,3.9629629,0.6355140209197998,1.7037038,0.52173912525177,0.8518519,stephen giwa
Chaundre Bratcher,ATH,VUL,12.0,32.416668,5.9166665,3.8333333,1.6666666,1.3333334,0.25,0.25,8.5,0.27450981736183167,1.5,0.6666666865348816,4.5,chaundre bratcher
Jaxon Olvera,PG,UL,35.0,16.314285,5.9142857,1.6,0.6,0.37142858,0.08571429,0.6,5.285714,0.44324323534965515,1.0,0.6285714507102966,0.62857145,jaxon olvera
Sebastian Rancik,SF,COLO,33.0,17.454546,5.909091,2.8181818,0.6363636,0.3939394,0.21212122,0.4848485,4.6363635,0.4248366057872772,2.1515152,0.6901408433914185,0.8181818,sebastian rancik
Max Weisbrod,PG,UNI,33.0,24.666666,5.909091,1.9090909,1.5757576,0.5151515,0.121212125,1.3939394,4.909091,0.4197530746459961,0.4848485,0.8125,0.8787879,max weisbrod
Brandyn Talbot,PG,UTA,31.0,19.870968,5.903226,1.6451613,1.2580645,0.48387095,0.0,1.2258065,5.096774,0.3987341821193695,0.7096774,0.8636363744735718,0.7419355,brandyn talbot
Alexis Reyes,SF,QUIN,30.0,26.266666,5.9,4.5333333,2.0666666,0.96666664,0.8,0.73333335,5.766667,0.35260117053985596,1.3333334,0.824999988079071,1.7,alexis reyes
Tennessee Rainwater,PG,LEM,30.0,16.033333,5.9,2.9333334,1.0666667,0.53333336,0.3,0.23333333,4.133333,0.5161290168762207,2.5,0.5600000023841858,1.4333333,tennessee rainwater
Michael Thomas,PG,UL,29.0,21.551723,5.8965516,1.8275862,2.0344827,0.82758623,0.20689656,0.9655172,5.6551723,0.37195122241973877,0.79310346,0.9130434989929199,1.6206896,michael thomas
Zion Walker,PG,RAD,27.0,11.333333,5.888889,1.1481482,1.0,0.33333334,0.0,0.33333334,4.259259,0.47826087474823,1.7407408,0.8510638475418091,0.7407407,zion walker
Raphael Dumont,PG,UAPB,27.0,16.74074,5.888889,2.925926,1.7037038,0.2962963,0.037037037,0.6666667,4.962963,0.3955223858356476,2.0,0.6481481194496155,1.7407408,raphael dumont
Flory Bidunga,SF,KU,34.0,16.294117,5.882353,5.352941,0.32352942,0.5588235,1.5882353,0.0,3.7058823,0.6984127163887024,1.3235294,0.5333333611488342,0.7647059,flory bidunga
Josh Cohen,SF,USC,33.0,12.575758,5.878788,2.4848485,1.060606,0.33333334,0.24242425,0.030303031,3.8181818,0.60317462682724,1.6969697,0.7321428656578064,0.6969697,josh cohen
Brenton Knapper,PG,SCU,33.0,15.090909,5.878788,1.3030303,1.969697,0.6969697,0.030303031,0.90909094,4.3333335,0.5314685106277466,0.54545456,0.6666666865348816,0.90909094,brenton knapper
Maki Johnson,PG,ETSU,32.0,17.5625,5.875,2.125,0.6875,0.78125,0.21875,1.40625,5.1875,0.35542169213294983,1.03125,0.7575757503509521,0.5,maki johnson
Sencire Harris,PG,CIN,32.0,26.875,5.875,4.25,1.59375,1.6875,0.71875,0.1875,5.75,0.39673912525177,1.5,0.75,1.21875,sencire harris
Matthew Robinson,PG,CHST,32.0,29.59375,5.875,2.09375,1.3125,1.46875,0.4375,1.375,5.90625,0.34391534328460693,0.71875,0.6086956262588501,0.9375,matthew robinson
Morris Ugusuk,PG,WVU,32.0,22.21875,5.875,1.40625,0.875,0.46875,0.03125,1.4375,4.96875,0.3836477994918823,0.8125,0.7692307829856873,0.875,morris ugusuk
JJ Wheat,PG,USA,32.0,19.65625,5.875,2.0,2.0625,1.46875,0.0625,0.21875,3.4375,0.5272727012634277,3.0,0.6770833134651184,1.0625,jj wheat
Jaren Johnson,PG,HOW,31.0,23.709677,5.870968,3.7419355,2.1935484,0.7096774,0.19354838,0.67741936,4.2580647,0.39393940567970276,2.1290324,0.8636363744735718,1.548387,jaren johnson
Kiran Oliver,PG,ARTE,31.0,17.064516,5.870968,3.3225806,0.67741936,0.38709676,0.32258064,0.5483871,4.483871,0.49640288949012756,1.1612903,0.75,0.8064516,kiran oliver
Davian Williams,PG,ALCN,31.0,21.419355,5.870968,2.2903225,1.7096775,1.451613,0.12903225,0.7741935,6.16129,0.33507853746414185,1.3548387,0.7142857313156128,1.2580645,davian williams
Paxton Davidson,PG,CIT,30.0,25.066668,5.866667,3.0666666,2.5333333,1.0,0.06666667,1.2333333,5.766667,0.35260117053985596,0.8333333,0.6800000071525574,2.3,paxton davidson
Austin Swartz,PG,CREI,29.0,18.655172,5.862069,1.0344827,0.86206895,0.62068963,0.20689656,1.1724138,5.586207,0.37654322385787964,0.55172414,0.875,0.6896552,austin swartz
Brandon Garrison,SF,UK,35.0,17.285715,5.857143,3.857143,1.8571428,0.85714287,0.5714286,0.34285715,4.7714286,0.5089820623397827,1.2285714,0.5348837375640869,1.1714286,brandon garrison
Filip Borovicanin,SF,XAV,35.0,22.714285,5.857143,4.6,1.1428572,0.6571429,0.22857143,0.74285716,5.114286,0.4134078323841095,1.3714286,0.6458333134651184,1.0,filip borovicanin
Mawot Mag,SF,BYU,34.0,19.294117,5.852941,2.1176472,0.7058824,0.6764706,0.20588236,0.85294116,4.0588236,0.4855072498321533,1.4117647,0.75,0.6764706,mawot mag
Seydou Traore,SF,UTAH,27.0,16.555555,5.851852,3.0370371,1.3703704,0.4814815,0.6666667,0.33333334,5.185185,0.4357142746448517,1.5555556,0.6428571343421936,0.9259259,seydou traore
Joel Armotrading,C,NEV,33.0,21.848484,5.848485,6.5151515,0.5151515,0.3939394,1.2121212,0.0,3.878788,0.6015625,1.6060606,0.7358490824699402,0.93939394,joel armotrading
Jayshayne Woodard,PG,ECU,33.0,21.424242,5.848485,4.060606,1.9090909,1.1818181,0.90909094,0.27272728,4.7272725,0.43589743971824646,2.2424242,0.6486486196517944,1.4242424,jayshayne woodard
Max Burton,SF,WMU,32.0,21.5,5.84375,5.15625,0.75,0.5625,0.71875,0.0,4.78125,0.5098039507865906,1.40625,0.6888889074325562,1.0,max burton
Jaden Walker,PG,AMCC,30.0,20.733334,5.8333335,3.6333334,2.1,1.0,0.53333336,0.5,4.633333,0.48201438784599304,1.4666667,0.5909090638160706,1.5333333,jaden walker
Tucker Anderson,SF,USU,34.0,16.911764,5.8235292,2.0,0.6764706,0.4117647,0.3529412,1.117647,5.3235292,0.37569060921669006,0.85294116,0.8275862336158752,0.3529412,tucker anderson
Jakai Robinson,PG,BRY,33.0,20.575758,5.818182,3.3939395,0.8484849,0.6363636,0.21212122,0.121212125,4.121212,0.4779411852359772,2.4545455,0.7160493731498718,0.75757575,jakai robinson
Alden Applewhite,SF,GASO,33.0,18.454546,5.818182,3.2121212,0.75757575,0.6666667,0.15151516,0.8181818,4.3030305,0.38732394576072693,2.3030303,0.7236841917037964,0.75757575,alden applewhite
Troy Cole Jr.,PG,SEMO,33.0,18.545454,5.818182,3.030303,0.3030303,0.8181818,0.27272728,0.57575756,4.787879,0.4430379867553711,1.3939394,0.717391312122345,0.75757575,troy cole jr
Brady Shoulders,PG,MER,33.0,25.242424,5.818182,5.909091,1.1515151,1.2424242,0.15151516,0.93939394,4.969697,0.42073169350624084,1.030303,0.6764705777168274,1.0,brady shoulders
Marqui Worthy Jr.,PG,UCR,31.0,18.225807,5.806452,1.516129,1.8709677,0.7096774,0.19354838,0.16129032,5.516129,0.4093567132949829,1.6129032,0.699999988079071,1.6774193,marqui worthy jr
Brock Felder,SF,SEA,31.0,23.193548,5.806452,6.193548,1.032258,0.58064514,2.1290324,0.0,4.129032,0.59375,1.3870968,0.6511628031730652,1.1612903,brock felder
Trent Johnson,SF,HCU,30.0,27.533333,5.8,4.1,1.5666667,1.2333333,0.8666667,0.8666667,4.733333,0.44366195797920227,0.93333334,0.7857142686843872,0.9,trent johnson
Trevan Leonhardt,PG,UVU,34.0,27.67647,5.7941175,4.352941,5.2352943,1.617647,0.2647059,0.7647059,4.529412,0.4610389471054077,1.0588236,0.8055555820465088,1.5588236,trevan leonhardt
Posh Alexander,PG,DAY,29.0,19.034483,5.793103,2.2068965,2.2413793,1.0689656,0.06896552,0.5862069,5.137931,0.3758389353752136,1.5172414,0.8863636255264282,1.0,posh alexander
Scotty Middleton,SF,TULN,29.0,20.965517,5.793103,2.275862,0.82758623,0.86206895,0.51724136,0.9655172,5.0,0.43448275327682495,0.62068963,0.7777777910232544,1.0689656,scotty middleton
Alonzo Dodd,PG,APP,29.0,24.655172,5.793103,3.275862,2.6551723,0.8965517,0.27586207,0.62068963,5.0689654,0.3945578336715698,1.7931035,0.6538461446762085,1.5862069,alonzo dodd
Parker Fox,SF,MINN,32.0,18.8125,5.78125,2.5625,1.0,0.71875,1.0625,0.03125,3.84375,0.5934959053993225,2.0625,0.5757575631141663,0.9375,parker fox
Matthew Sells,PG,TNTC,31.0,19.193548,5.774194,1.3870968,1.2903225,0.3548387,0.032258064,1.5806452,3.967742,0.43089431524276733,0.87096775,0.8888888955116272,0.7741935,matthew sells
Shadrak Lasu,SF,LIU,31.0,28.935484,5.774194,7.290323,0.516129,0.8064516,1.3548387,0.06451613,3.967742,0.5365853905677795,2.3225806,0.625,0.9354839,shadrak lasu
Colin McKenzie,PG,SCST,30.0,14.233334,5.766667,0.8666667,0.6,0.6333333,0.1,1.2,4.4333334,0.4436090290546417,0.76666665,0.8260869383811951,0.4,colin mckenzie
Jerome Hunter,SF,XAV,34.0,18.911764,5.7647057,3.2058823,0.8235294,0.5294118,0.47058824,0.5,4.0588236,0.5,1.5882353,0.7592592835426331,1.1764706,jerome hunter
Mekhi Cooper,PG,LIN,34.0,23.67647,5.7647057,2.4705882,2.735294,1.2352941,0.0,0.8235294,5.029412,0.3742690086364746,1.6470588,0.7142857313156128,1.7352941,mekhi cooper
Kehlin Farooq,PG,TXSO,25.0,21.04,5.76,4.48,1.2,1.08,0.4,0.64,4.84,0.4545454680919647,1.0,0.7200000286102295,1.04,kehlin farooq
Lukas Walls,PG,RAD,33.0,21.727272,5.757576,3.3333333,1.3333334,1.2121212,0.060606062,0.90909094,4.3030305,0.4507042169570923,1.3636364,0.7111111283302307,0.72727275,lukas walls
Kymany Houinsou,PG,LUC,28.0,21.857143,5.75,4.642857,3.142857,0.6785714,0.21428572,0.10714286,4.321429,0.5289255976676941,1.75,0.6122449040412903,1.75,kymany houinsou
Linkin Lockhart,PG,BRES,4.0,22.75,5.75,2.25,0.25,0.5,0.0,0.75,7.25,0.2068965584039688,2.5,0.800000011920929,1.75,linkin lockhart
Danilo Dožic,C,PEPP,28.0,22.428572,5.75,2.642857,0.60714287,0.39285713,0.53571427,0.96428573,5.5,0.37662336230278015,0.85714287,0.75,0.39285713,danilo dozic
Dontrez Williams,PG,LIN,32.0,15.5,5.75,2.5,0.5,1.21875,0.3125,0.25,4.875,0.4423076808452606,1.875,0.6333333253860474,1.21875,dontrez williams
Zahyem Bradwell,ATH,DFC,4.0,16.5,5.75,3.25,0.5,0.25,0.5,0.5,3.75,0.5333333611488342,1.5,0.8333333134651184,2.5,zahyem bradwell
Terrance Williams,ATH,MATC,4.0,21.5,5.75,1.75,1.0,0.25,0.0,0.5,6.25,0.2800000011920929,2.0,0.875,1.5,terrance williams
Jamal Sumlin,PG,KENT,35.0,20.37143,5.742857,3.1714287,1.9142857,0.82857144,0.17142858,0.37142858,4.542857,0.4716981053352356,1.4,0.7755101919174194,1.2285714,jamal sumlin
Tyson Commander,PG,L-MD,31.0,27.161291,5.7419353,2.8064516,1.3548387,1.2580645,0.22580644,0.87096775,4.967742,0.4740259647369385,0.2580645,0.625,0.8064516,tyson commander
Abdou Tsimbila,SF,FOR,33.0,19.545454,5.7272725,5.6363635,0.42424244,0.33333334,1.5151515,0.0,4.5757575,0.5430463552474976,1.030303,0.7352941036224365,1.5151515,abdou tsimbila
Brandon McCreesh,PG,BUCK,33.0,22.09091,5.7272725,2.1515152,0.90909094,0.6666667,0.060606062,1.030303,4.060606,0.48507463932037354,1.3030303,0.5813953280448914,0.8181818,brandon mccreesh
Sam Wright,SF,COLG,33.0,14.121212,5.7272725,2.5151515,0.6969697,0.3030303,0.030303031,0.75757575,4.3333335,0.4965035021305084,0.90909094,0.7333333492279053,0.6666667,sam wright
Tyler Tanner,PG,VAN,33.0,20.484848,5.7272725,2.2424242,1.9090909,1.6666666,0.15151516,0.5151515,4.818182,0.4654088020324707,0.969697,0.75,0.45454547,tyler tanner
Quan Lax,PG,APSU,33.0,26.09091,5.7272725,2.4848485,1.7878788,1.030303,0.3030303,0.6363636,5.121212,0.40236687660217285,1.1212121,0.8648648858070374,1.2121212,quan lax
Jalen Washington,C,VAN,36.0,15.888889,5.7222223,4.1944447,0.5277778,0.2777778,0.8333333,0.1388889,3.8333333,0.5942028760910034,1.6111112,0.6379310488700867,1.0277778,jalen washington
Joryam Saizonou,PG,UNCG,32.0,22.28125,5.71875,2.40625,2.21875,0.625,0.125,0.625,5.375,0.4011628031730652,1.21875,0.6410256624221802,1.34375,joryam saizonou
Chudi Dioramma,SF,ARST,32.0,12.53125,5.71875,3.65625,0.375,0.34375,0.71875,0.0,3.8125,0.6147540807723999,1.59375,0.6470588445663452,1.125,chudi dioramma
Brandon Muntu,PG,TNTC,32.0,18.125,5.71875,1.71875,0.53125,0.40625,0.03125,1.25,5.375,0.3604651093482971,0.6875,0.8636363744735718,0.21875,brandon muntu
Brian Goracke,SF,MTST,31.0,15.870968,5.709677,2.387097,0.58064514,0.22580644,0.19354838,1.1612903,5.2580647,0.3619631826877594,0.87096775,0.8518518805503845,0.7741935,brian goracke
Jordan Burks,SF,UCF,34.0,18.647058,5.7058825,3.4411764,0.61764705,0.7647059,0.5,0.47058824,4.2941175,0.5205479264259338,1.117647,0.6842105388641357,0.61764705,jordan burks
Ben Vander Wal,SF,FUR,34.0,23.67647,5.7058825,5.529412,2.0588236,0.7058824,0.4117647,0.11764706,3.5294118,0.5416666865348816,3.3529413,0.5263158082962036,0.64705884,ben vander wal
Kyran Ratliff,SF,UL,33.0,19.515152,5.6969695,3.878788,0.6060606,0.6363636,0.4848485,0.4848485,4.848485,0.4625000059604645,1.2121212,0.6000000238418579,0.4848485,kyran ratliff
C.J. Jones,PG,KSU,33.0,18.878788,5.6969695,1.6969697,1.4545455,0.54545456,0.15151516,0.5151515,5.212121,0.40697672963142395,1.3939394,0.6739130616188049,0.969697,c j jones
Billy Richmond III,PG,ARK,36.0,17.5,5.6944447,2.9722223,1.3611112,0.5277778,0.41666666,0.055555556,4.3055553,0.522580623626709,1.5555556,0.7321428656578064,1.25,billy richmond iii
David Dixon,SF,DUQ,32.0,18.34375,5.6875,5.125,0.6875,0.90625,1.40625,0.1875,4.0625,0.5384615659713745,1.75,0.6428571343421936,1.53125,david dixon
Bruno Alocen,PG,INST,32.0,22.9375,5.6875,2.8125,1.65625,0.6875,0.0625,1.25,4.46875,0.3636363744735718,1.4375,0.8260869383811951,1.1875,bruno alocen
Isaiah Mbeng,PG,ECU,32.0,19.9375,5.6875,1.75,3.4375,1.5,0.03125,0.96875,4.875,0.39743590354919434,1.1875,0.7105262875556946,1.6875,isaiah mbeng
Moussa Cisse,C,MEM,35.0,18.22857,5.6857142,6.5142856,0.45714286,0.6857143,1.5714285,0.0,3.6,0.5476190447807312,3.5714285,0.4880000054836273,1.0285715,moussa cisse
Dasear Haskins,PG,JOES,35.0,18.085714,5.6857142,3.3428571,0.6,0.4857143,0.34285715,0.51428574,4.428571,0.49677419662475586,1.3142858,0.5869565010070801,0.94285715,dasear haskins
Jordan Derkack,PG,DAY,31.0,17.064516,5.677419,2.7741935,1.548387,0.7419355,0.16129032,0.3548387,4.0,0.3629032373428345,3.2903225,0.7352941036224365,1.3548387,jordan derkack
Ryan Dufault,PG,STMN,34.0,14.676471,5.6764708,2.1176472,1.5882353,0.88235295,0.029411765,0.0882353,4.0,0.5588235259056091,1.5588236,0.7169811129570007,0.8235294,ryan dufault
Ryan Wade,PG,GB,24.0,19.166666,5.6666665,1.125,1.7916666,0.29166666,0.0,1.1666666,4.375,0.4761904776096344,0.5,0.6666666865348816,0.5833333,ryan wade
Isaiah Lewis,PG,SUNO,3.0,20.333334,5.6666665,2.6666667,2.0,1.0,0.0,0.33333334,4.6666665,0.2857142984867096,4.0,0.6666666865348816,0.33333334,isaiah lewis
Sean Stewart,SF,ORE,30.0,18.4,5.6666665,5.766667,0.6,0.7,0.93333334,0.033333335,4.366667,0.5419847369194031,1.8,0.5,1.0666667,sean stewart
KiJan Robinson,PG,UNH,30.0,15.666667,5.6666665,1.5666667,0.96666664,0.36666667,0.033333335,1.0666667,5.4333334,0.3680981695652008,0.73333335,0.8181818127632141,0.9,kijan robinson
Almar Atlason,SF,M-OH,36.0,18.472221,5.6666665,2.0277777,0.8611111,0.30555555,0.44444445,1.2777778,4.7777777,0.40697672963142395,0.7777778,0.6428571343421936,1.0,almar atlason
Bilal Abdur-Rahman,PG,AAMU,30.0,14.466666,5.6666665,1.8333334,2.2666667,0.96666664,0.06666667,0.33333334,4.2,0.3492063581943512,3.0,0.800000011920929,1.5,bilal abdur rahman
Carlos Raven,PG,MATC,3.0,25.333334,5.6666665,0.6666667,2.0,1.0,0.0,1.0,6.0,0.3333333432674408,1.3333334,0.5,2.0,carlos raven
Isaiah Sy,SF,ORST,33.0,18.424242,5.6666665,1.939394,0.93939394,0.3030303,0.18181819,1.2121212,4.4848485,0.4121621549129486,0.93939394,0.8064516186714172,0.6060606,isaiah sy
Isaiah Alston,PG,CHEY,3.0,12.666667,5.6666665,3.0,0.0,0.33333334,0.33333334,0.6666667,5.6666665,0.4117647111415863,1.0,0.3333333432674408,2.3333333,isaiah alston
Odis Carter,ATH,MSC,3.0,18.0,5.6666665,1.0,0.6666667,1.3333334,0.0,0.6666667,8.0,0.25,1.3333334,0.75,2.6666667,odis carter
Jaden Bates,ATH,ECCL,3.0,39.333332,5.6666665,3.3333333,1.0,1.6666666,0.0,0.33333334,11.666667,0.20000000298023224,1.6666666,0.4000000059604645,2.0,jaden bates
Solomon Garrison,PG,STAM,3.0,12.333333,5.6666665,0.33333334,0.6666667,0.6666667,0.0,1.0,5.3333335,0.4375,0.0,0.0,1.3333334,solomon garrison
Jamai Felt,SF,TEM,32.0,20.5,5.65625,6.25,0.34375,0.4375,1.4375,0.0625,3.40625,0.642201840877533,2.125,0.5735294222831726,1.09375,jamai felt
Kendrick De Luna,SF,CSUF,32.0,23.9375,5.65625,2.375,0.5,0.5625,0.53125,0.0,5.03125,0.4906832277774811,1.40625,0.5111111402511597,1.625,kendrick de luna
Saxby Sunderland,PG,CHST,29.0,20.758621,5.6551723,2.1034484,1.4482758,0.6896552,0.13793103,0.5862069,4.6551723,0.3629629611968994,2.1034484,0.8032786846160889,1.3793104,saxby sunderland
Knute Wood,PG,TNST,26.0,22.0,5.6538463,1.6923077,1.6538461,0.46153846,0.03846154,1.4230769,4.3076925,0.4017857015132904,1.0,0.7692307829856873,0.88461536,knute wood
Myles Thompson,SF,SIUE,34.0,18.558823,5.647059,3.9411764,0.8235294,0.5588235,0.3529412,0.11764706,5.352941,0.4615384638309479,2.1176472,0.2777777910232544,0.9411765,myles thompson
Carlos Paez,PG,SELA,31.0,18.193548,5.645161,1.967742,1.7419355,0.61290324,0.06451613,1.0967742,3.8709676,0.4416666626930237,1.2580645,0.8974359035491943,0.83870965,carlos paez
Sam Alamutu,PG,WRST,33.0,24.272728,5.6363635,6.5454545,2.2121212,0.6969697,0.4848485,0.09090909,5.4242425,0.46927374601364136,0.93939394,0.4838709533214569,1.6969697,sam alamutu
Jayson Kent,SF,TEX,27.0,17.074074,5.6296296,3.2962964,0.44444445,0.4814815,0.25925925,0.37037036,4.0740743,0.5090909004211426,2.0370371,0.5454545617103577,0.962963,jayson kent
Chris Howell,PG,UNM,35.0,28.942858,5.6285715,3.8285713,2.9714286,2.1714287,0.25714287,0.6,4.0857143,0.4475524425506592,1.8285714,0.75,1.0857143,chris howell
Sincere Malone,SF,NICH,32.0,20.0,5.625,3.96875,1.0625,1.40625,0.21875,0.125,4.4375,0.48591548204421997,1.53125,0.7755101919174194,0.9375,sincere malone
Ahmet Jonovic,C,BRAD,34.0,16.088236,5.617647,4.529412,0.88235295,0.23529412,0.7647059,0.0,3.5882354,0.5819672346115112,2.0,0.720588207244873,1.1470588,ahmet jonovic
Evan Ashe,PG,BING,31.0,21.451612,5.612903,2.419355,1.0645162,0.48387095,0.516129,0.38709676,5.064516,0.4458598792552948,1.032258,0.6875,1.3548387,evan ashe
Touko Tainamo,SF,WYO,28.0,15.571428,5.607143,2.892857,0.6785714,0.42857143,0.25,0.2857143,5.321429,0.3959731459617615,1.6785715,0.6595744490623474,0.53571427,touko tainamo
Brandon Morgan,PG,HOF,28.0,22.75,5.607143,2.7857144,2.392857,0.60714287,0.10714286,0.96428573,5.785714,0.3333333432674408,1.1428572,0.6875,1.4642857,brandon morgan
Jesus Carralero Martin,SF,BCU,33.0,29.030304,5.6060605,5.060606,2.7575758,1.3030303,1.6060606,0.54545456,5.030303,0.3674698770046234,1.8181819,0.75,1.7575758,jesus carralero martin
Jalen Lee,PG,SUU,33.0,17.575758,5.6060605,2.4242425,0.6060606,0.6060606,0.21212122,0.6363636,5.909091,0.3692307770252228,0.8787879,0.6896551847457886,0.8787879,jalen lee
Mylik Wilson,PG,HOU,40.0,17.45,5.6,4.025,1.375,1.225,0.275,0.35,5.4,0.43518519401550293,0.775,0.7096773982048035,0.825,mylik wilson
Eddrin Bronson,PG,FUR,35.0,19.885714,5.6,1.6285714,1.3142858,0.4857143,0.08571429,1.0571429,5.7714286,0.32673266530036926,1.0571429,0.7297297120094299,0.9714286,eddrin bronson
Taeo Thomas,SG,BTHS,5.0,21.6,5.6,1.8,0.8,0.6,0.4,0.4,9.4,0.25531914830207825,0.6,0.6666666865348816,1.8,taeo thomas
David Odinigwe,ATH,LSIU,5.0,25.2,5.6,2.8,0.8,0.6,0.4,0.0,6.6,0.39393940567970276,2.2,0.1818181872367859,1.2,david odinigwe
Osiris Grady,SF,UCR,32.0,18.0625,5.59375,2.6875,0.8125,0.09375,0.4375,0.28125,4.875,0.46794870495796204,1.28125,0.5853658318519592,1.03125,osiris grady
Eugene Brown III,SF,GASO,29.0,24.172413,5.586207,3.7931035,0.7241379,0.62068963,0.27586207,1.0344827,5.586207,0.35185185074806213,0.86206895,0.7200000286102295,0.9655172,eugene brown iii
Keyontae Lewis,SF,NORF,29.0,21.448277,5.586207,5.0,0.37931034,0.4827586,0.3448276,0.06896552,4.2413793,0.5284552574157715,1.4827586,0.6976743936538696,0.79310346,keyontae lewis
Joshua Strong,PG,HOW,24.0,21.958334,5.5833335,1.9583334,1.75,0.8333333,0.0,1.5,5.1666665,0.3467741906642914,0.6666667,0.75,0.9166667,joshua strong
Jacob Crews,PG,MIZ,33.0,12.939394,5.5757575,2.090909,0.33333334,0.3030303,0.09090909,1.2121212,5.212121,0.3779069781303406,0.57575756,0.7368420958518982,0.24242425,jacob crews
Javon Ruffin,PG,BGSU,33.0,20.333334,5.5757575,2.0,2.060606,0.54545456,0.21212122,0.8484849,5.3030305,0.37142857909202576,1.0,0.7878788113594055,1.6060606,javon ruffin
Mekhi Lowery,PG,UIC,33.0,21.575758,5.5757575,5.151515,1.7272727,0.72727275,0.8181818,0.030303031,4.2727275,0.5177304744720459,2.121212,0.5285714268684387,1.060606,mekhi lowery
Iverson King,PG,PRES,33.0,18.969696,5.5757575,3.4242425,0.72727275,0.969697,0.27272728,0.33333334,3.6969697,0.5245901346206665,1.8484849,0.7377049326896667,0.75757575,iverson king
Austin Patterson,PG,MONT,35.0,19.6,5.571429,2.2285714,0.71428573,0.62857145,0.4,1.0857143,3.8285713,0.49253731966018677,0.8857143,0.8064516186714172,0.9142857,austin patterson
JJ Traynor,SF,MUR,32.0,17.46875,5.5625,3.3125,0.59375,0.34375,0.65625,0.375,4.03125,0.5581395626068115,1.0,0.6875,0.5625,jj traynor
ND Okafor,SF,WSU,32.0,13.78125,5.5625,2.65625,0.25,0.125,1.25,0.0,3.5625,0.6228070259094238,1.90625,0.5901639461517334,0.96875,nd okafor
Isaac Asuma,PG,MINN,32.0,24.6875,5.5625,2.875,2.09375,0.8125,0.3125,0.78125,4.71875,0.4370861053466797,1.03125,0.6363636255264282,1.1875,isaac asuma
Kolby King,PG,USU,34.0,18.882353,5.5588236,3.8823528,1.6764706,0.61764705,0.11764706,0.7647059,4.2647057,0.4413793087005615,1.4705882,0.699999988079071,1.4411764,kolby king
Ben Hammond,PG,VT,29.0,19.51724,5.551724,1.6896552,2.137931,1.2068965,0.0,0.62068963,4.448276,0.41860464215278625,1.6206896,0.7446808218955994,1.7241379,ben hammond
K.J. Windham,PG,NU,29.0,16.724138,5.551724,1.137931,2.0344827,0.6896552,0.13793103,0.86206895,5.1034484,0.37837839126586914,1.0344827,0.800000011920929,0.9310345,k j windham
Charlie Williams,C,LIP,35.0,16.37143,5.542857,1.9428571,1.6285714,0.4,0.51428574,0.94285715,4.885714,0.4385964870452881,0.37142858,0.8461538553237915,0.85714287,charlie williams
Savion Lewis,PG,QUIN,26.0,28.576923,5.5384617,3.4230769,6.269231,1.5769231,0.115384616,0.0,5.1538463,0.4701492488384247,1.3461539,0.5142857432365417,2.6538463,savion lewis
Jason Schofield,C,MRST,28.0,12.642858,5.535714,3.2142856,1.25,0.35714287,0.39285713,0.0,5.0,0.5071428418159485,0.64285713,0.7222222089767456,1.0,jason schofield
Jeffrey Mills,PG,AF,32.0,29.53125,5.53125,3.15625,2.4375,0.84375,0.03125,0.84375,5.09375,0.3987730145454407,1.25,0.5,1.09375,jeffrey mills
Ben Nau,PG,STMN,34.0,15.382353,5.529412,1.7941177,1.117647,0.5294118,0.05882353,1.3529412,3.764706,0.4375,1.0,0.8823529481887817,0.8235294,ben nau
Max Murrell,SF,UCSB,31.0,18.967741,5.516129,2.064516,1.032258,0.3548387,0.7419355,1.2258065,4.967742,0.3896103799343109,0.48387095,0.8666666746139526,0.7419355,max murrell
Darrick Jones Jr.,PG,LEM,31.0,21.387096,5.516129,2.032258,0.516129,0.38709676,0.16129032,1.1935484,4.7419353,0.36734694242477417,1.1290323,0.7428571581840515,0.58064514,darrick jones jr
Luke Jungers,SF,IONA,31.0,18.35484,5.516129,1.3870968,0.7419355,0.67741936,0.41935483,1.516129,4.935484,0.379084974527359,0.41935483,0.6153846383094788,0.7419355,luke jungers
Justin Menard,PG,MRST,31.0,22.129032,5.516129,1.032258,2.612903,0.67741936,0.12903225,1.2258065,4.935484,0.3464052379131317,1.0,0.8709677457809448,0.7419355,justin menard
Brayden Reynolds,PG,FDU,33.0,22.030304,5.5151515,2.5151515,1.8181819,0.4848485,0.24242425,0.15151516,3.6363637,0.5083333253860474,2.2727273,0.7333333492279053,1.2424242,brayden reynolds
Canin Jefferson,PG,UNA,35.0,15.542857,5.5142856,1.1714286,1.1142857,0.7714286,0.114285715,0.7714286,4.5142856,0.3987341821193695,1.5428572,0.7407407164573669,0.6571429,canin jefferson
Malachi Ndur,SF,W&M,32.0,15.75,5.5,3.4375,1.5625,0.375,0.25,0.6875,4.65625,0.3557046949863434,2.125,0.7058823704719543,1.6875,malachi ndur
Kyndall Davis,PG,TXST,28.0,20.285715,5.5,2.9285715,1.1428572,1.0,0.42857143,0.75,5.678571,0.37735849618911743,0.75,0.6190476417541504,0.78571427,kyndall davis
Amier Ali,PG,MSST,32.0,19.0625,5.5,3.0625,0.75,0.46875,0.03125,0.9375,4.53125,0.3724137842655182,1.65625,0.7169811129570007,0.625,amier ali
Michael Dulin,PG,WPEA,2.0,26.0,5.5,1.5,1.0,0.0,0.0,1.5,8.0,0.25,1.0,0.0,2.0,michael dulin
Finn McClure,PG,MILG,2.0,26.5,5.5,4.5,4.5,3.0,0.0,1.0,4.5,0.4444444477558136,0.5,1.0,2.5,finn mcclure
Andrew Vaughan,PG,WLWL,2.0,22.5,5.5,0.0,1.5,1.0,0.5,1.5,10.5,0.190476194024086,0.0,0.0,2.0,andrew vaughan
Almonds Sebirokwa,SF,WLWL,2.0,21.0,5.5,3.5,1.0,1.0,0.5,0.0,8.5,0.29411765933036804,1.0,0.5,1.0,almonds sebirokwa
Paul Djobet,PG,OMA,28.0,16.428572,5.5,2.607143,0.89285713,0.53571427,0.25,0.4642857,4.321429,0.4710743725299835,1.25,0.7714285850524902,1.0357143,paul djobet
Caelum Swanton-Rodger,SF,ODU,34.0,20.647058,5.5,4.9117646,1.0882353,0.32352942,1.7941177,0.0,4.2352943,0.5694444179534912,1.3235294,0.5111111402511597,1.5294118,caelum swanton rodger
Reis Jones,SF,CHSO,32.0,20.875,5.5,5.625,0.3125,0.28125,1.28125,0.0,3.5,0.6160714030265808,2.4375,0.4871794879436493,1.1875,reis jones
Ty Williams,ATH,TUTX,2.0,12.0,5.5,3.0,0.5,0.5,0.0,0.5,4.5,0.4444444477558136,1.0,1.0,2.0,ty williams
Jace Herrell,PG,LGC,2.0,10.5,5.5,1.0,0.5,0.0,0.0,1.5,4.0,0.375,1.0,1.0,1.0,jace herrell
Ahmad Kennedy,PG,SWCU,2.0,26.5,5.5,2.0,2.5,2.0,0.0,1.5,5.5,0.3636363744735718,0.0,0.0,1.5,ahmad kennedy
Jackson Hicke,PG,PRIN,30.0,17.133333,5.5,2.7333333,1.1,0.6,0.3,0.46666667,4.4,0.469696968793869,1.1,0.8181818127632141,0.8333333,jackson hicke
Carson Badgett,SF,OAKW,2.0,14.5,5.5,1.0,0.5,1.0,0.0,0.0,3.0,0.5,3.5,0.7142857313156128,0.5,carson badgett
Nick Niego,PG,SFIL,2.0,15.0,5.5,1.0,0.0,0.0,0.0,1.5,4.0,0.5,0.0,0.0,0.0,nick niego
Teigan Edwards,PG,LETU,2.0,26.5,5.5,1.0,3.0,2.0,0.0,0.5,5.5,0.3636363744735718,2.5,0.4000000059604645,5.5,teigan edwards
Thomas Mestrov,PG,WLWL,2.0,21.0,5.5,0.5,1.5,0.5,0.5,0.5,4.5,0.4444444477558136,1.0,1.0,5.0,thomas mestrov
Kameron Johnson,PG,LNO,2.0,24.0,5.5,2.0,4.0,0.5,0.0,0.0,5.5,0.27272728085517883,3.0,0.8333333134651184,1.5,kameron johnson
Brandon Wilkins,PG,BOBJ,2.0,18.0,5.5,0.5,0.5,1.0,0.0,1.5,6.0,0.3333333432674408,0.0,0.0,0.5,brandon wilkins
Josiah Morris,PG,TUSC,2.0,14.0,5.5,3.0,1.5,0.0,0.0,1.0,5.5,0.27272728085517883,1.5,1.0,0.0,josiah morris
Micah McAllister,PG,LGC,2.0,20.0,5.5,4.5,1.5,2.5,0.0,0.5,6.0,0.25,2.0,1.0,0.5,micah mcallister
Justin Agyare-Nkansah,PG,GCTU,2.0,16.0,5.5,0.5,0.0,0.0,0.0,1.0,4.5,0.4444444477558136,1.0,0.5,0.5,justin agyare nkansah
Rashid Potter,SF,NWWA,2.0,19.0,5.5,1.5,0.5,0.0,1.0,0.5,4.5,0.4444444477558136,2.0,0.5,3.0,rashid potter
Trey Jackson,PG,HWPU,2.0,18.0,5.5,1.0,0.0,2.5,0.5,0.5,7.0,0.1428571492433548,4.0,0.75,3.0,trey jackson
Jeray Randle,ATH,OAKW,2.0,15.5,5.5,2.5,1.5,0.5,0.0,1.5,5.5,0.3636363744735718,0.0,0.0,1.0,jeray randle
Nick Gutierrez,ATH,ESC,2.0,17.0,5.5,1.0,0.0,0.0,0.0,1.5,2.5,0.6000000238418579,2.0,0.5,1.5,nick gutierrez
Sunny Parker,ATH,MCM,2.0,18.5,5.5,5.5,0.0,0.5,0.0,0.0,7.5,0.20000000298023224,2.5,1.0,2.5,sunny parker
Gervai Maeweathers,PG,MCM,2.0,12.5,5.5,1.0,0.0,0.0,0.0,1.5,5.0,0.4000000059604645,0.0,0.0,0.0,gervai maeweathers
Tyler Suber,PG,BLU,2.0,7.5,5.5,0.5,0.0,0.0,0.0,1.0,3.5,0.2857142984867096,3.0,0.8333333134651184,1.5,tyler suber
Quentin Thompson,PG,MNLO,2.0,16.0,5.5,3.5,1.0,0.5,0.5,0.0,7.0,0.3571428656578064,0.5,1.0,0.5,quentin thompson
Jaylen Peters,ATH,LNO,2.0,14.0,5.5,1.5,0.0,1.5,0.5,0.0,5.5,0.3636363744735718,1.5,1.0,2.0,jaylen peters
Shawn Walker,PG,TMCN,2.0,22.0,5.5,4.0,0.5,0.0,0.5,0.5,5.0,0.4000000059604645,2.5,0.4000000059604645,1.0,shawn walker
Ognjen Petkovic,PG,TRCC,2.0,28.0,5.5,1.0,2.5,1.5,0.0,0.0,5.0,0.4000000059604645,3.0,0.5,0.5,ognjen petkovic
Caden Windle,ATH,JSU,2.0,25.5,5.5,2.0,1.5,0.0,0.0,1.5,4.0,0.5,0.0,0.0,1.0,caden windle
Trey Blackmore,ATH,TXLU,2.0,21.0,5.5,1.0,0.5,1.0,0.5,0.5,6.5,0.3076923191547394,1.0,1.0,3.0,trey blackmore
Gary Gray,PG,ABU,2.0,18.5,5.5,4.0,0.5,0.5,1.5,0.0,4.0,0.5,2.5,0.6000000238418579,1.5,gary gray
Ian Smikle,SF,TLSA,33.0,20.454546,5.4848485,5.5454545,0.6060606,0.42424244,0.45454547,0.0,4.121212,0.5441176295280457,2.030303,0.49253731966018677,0.90909094,ian smikle
Malik Henry,SF,UNCG,31.0,15.83871,5.483871,4.387097,0.3548387,0.41935483,0.9354839,0.0,3.1290324,0.6494845151901245,2.096774,0.6769230961799622,0.58064514,malik henry
Drew Scharnowski,SF,BEL,25.0,12.68,5.48,2.96,1.08,0.32,0.64,0.0,3.32,0.6385542154312134,2.16,0.5740740895271301,0.64,drew scharnowski
Jaylen Jones,PG,JAX,32.0,21.96875,5.46875,2.8125,3.0625,1.15625,0.03125,0.4375,4.78125,0.37254902720451355,1.75,0.8392857313156128,1.59375,jaylen jones
Trent Middleton Jr.,PG,NCAT,32.0,17.40625,5.46875,2.65625,1.71875,0.71875,0.15625,0.4375,4.40625,0.41843971610069275,1.5625,0.8600000143051147,1.125,trent middleton jr
Frankquon Sherman,SF,KENN,32.0,16.4375,5.46875,4.8125,0.6875,0.75,0.375,0.34375,3.65625,0.45299145579338074,2.3125,0.7837837934494019,0.84375,frankquon sherman
Landyn Jumawan,PG,NWST,32.0,20.0625,5.46875,1.9375,1.0,0.75,0.09375,1.4375,4.5625,0.3835616409778595,0.8125,0.6538461446762085,0.6875,landyn jumawan
Landin Hacker,PG,BELL,30.0,17.833334,5.4666667,1.3666667,0.9,0.36666667,0.16666667,1.2333333,3.8666666,0.48275861144065857,0.6666667,0.75,0.56666666,landin hacker
Clarence Rupert,SF,IONA,30.0,21.8,5.4666667,4.866667,1.7333333,0.8,0.6,0.23333333,4.7,0.43971630930900574,1.9,0.5789473652839661,1.6333333,clarence rupert
Reece Robinson,SF,UNT,28.0,15.857142,5.464286,4.464286,0.5714286,0.71428573,0.35714287,0.32142857,4.392857,0.49593496322631836,1.1785715,0.6666666865348816,1.3214285,reece robinson
Jamyron Keller,PG,UL,35.0,21.0,5.457143,2.4571428,1.3714286,0.8,0.14285715,1.0,5.2,0.35164836049079895,1.1428572,0.699999988079071,0.94285715,jamyron keller
Greedy Williams,PG,UNCW,35.0,21.685715,5.457143,2.8,2.5714285,0.62857145,0.028571429,0.25714287,4.0,0.41428571939468384,2.4857142,0.7586206793785095,1.2,greedy williams
Joseph Tugler,SF,HOU,40.0,21.625,5.45,5.875,0.925,0.95,1.925,0.075,4.3,0.5232558250427246,1.625,0.5384615659713745,0.95,joseph tugler
Bryan Ndjonga,SF,CAN,29.0,19.413794,5.448276,3.4827585,0.79310346,0.4827586,0.5862069,0.27586207,3.9655173,0.539130449295044,1.5172414,0.5909090638160706,1.3793104,bryan ndjonga
Doug Young,PG,PV,29.0,13.379311,5.448276,1.3103448,0.7586207,0.6551724,0.06896552,0.82758623,5.0689654,0.3945578336715698,0.7586207,0.8181818127632141,1.1034483,doug young
Adam Moussa,PG,CBU,25.0,24.2,5.44,2.4,4.0,1.28,0.28,0.84,5.04,0.3968254029750824,0.8,0.75,2.0,adam moussa
Evan Otten,SF,IDST,30.0,22.466667,5.4333334,5.4333334,0.33333334,0.6,2.2,0.033333335,3.9,0.5641025900840759,1.6333333,0.6122449040412903,0.93333334,evan otten
Jake Lemelman,PG,MERC,30.0,15.466666,5.4333334,1.4666667,1.2,0.6333333,0.033333335,1.0,5.0,0.40666666626930237,0.46666667,0.7857142686843872,0.8,jake lemelman
Francis Nwaokorie,SF,LUC,37.0,22.594595,5.4324327,4.918919,0.5945946,0.5675676,0.3783784,0.8108108,3.837838,0.42957746982574463,1.8648648,0.7101449370384216,0.45945945,francis nwaokorie
PJ Carter,PG,LSU,35.0,14.428572,5.428571,1.5142857,0.34285715,0.31428573,0.0,1.3142858,4.142857,0.4000000059604645,0.85714287,0.9333333373069763,0.54285717,pj carter
Kailon Nicholls,PG,AGSU,31.0,22.387096,5.419355,1.6774193,1.548387,0.6451613,0.09677419,0.83870965,5.612903,0.36781609058380127,0.67741936,0.6666666865348816,1.6129032,kailon nicholls
Myles Colvin,PG,WAKE,36.0,17.833334,5.4166665,2.5833333,0.4722222,0.6111111,0.16666667,1.1388888,5.1944447,0.3743315637111664,0.5833333,0.6666666865348816,0.6111111,myles colvin
Brennan Rigsby Jr.,PG,RAD,29.0,16.827587,5.413793,1.8965517,0.62068963,0.31034482,0.20689656,0.82758623,5.034483,0.3767123222351074,1.0,0.7931034564971924,0.51724136,brennan rigsby jr
Blake Buchanan,SF,ISU,32.0,22.0,5.40625,5.3125,1.40625,0.53125,1.125,0.0,4.09375,0.5343511700630188,1.90625,0.5409836173057556,0.84375,blake buchanan
Josh Pickett,PG,PRES,32.0,19.0,5.40625,2.1875,0.46875,0.4375,0.03125,0.5625,3.3125,0.46226415038108826,2.21875,0.8028169274330139,0.75,josh pickett
Jarin Stevenson,SF,UNC,37.0,18.702703,5.4054055,3.4054055,0.7837838,0.45945945,0.5675676,0.8378378,4.1621623,0.4285714328289032,1.6756756,0.5967742204666138,0.8108108,jarin stevenson
Dillon Hunter,PG,CLEM,30.0,22.533333,5.4,2.5333333,1.9333333,0.9,0.13333334,0.8,4.7,0.40425533056259155,1.3,0.6153846383094788,0.46666667,dillon hunter
Apostolos Roumoglou,SF,RICH,25.0,26.52,5.4,5.16,1.32,0.68,0.72,1.12,6.12,0.3333333432674408,0.48,0.4166666567325592,0.84,apostolos roumoglou
Mark Boland,ATH,LSIU,5.0,17.6,5.4,1.6,0.8,0.2,0.4,1.2,5.4,0.29629629850387573,1.0,1.0,0.8,mark boland
Cam Bryant,SF,MER,33.0,24.878788,5.3939395,2.030303,1.060606,0.8484849,0.4848485,1.0,5.4848485,0.3922652006149292,0.3030303,0.30000001192092896,0.93939394,cam bryant
Shawn Phillips Jr.,C,MIZ,31.0,17.870968,5.387097,5.193548,0.58064514,0.19354838,1.0967742,0.0,3.7741935,0.5726495981216431,1.7741935,0.6000000238418579,1.3548387,shawn phillips jr
JR Jacobs,PG,NOLA,29.0,28.172413,5.37931,2.2068965,3.9655173,1.1724138,0.10344828,0.7241379,6.3448277,0.30434781312942505,1.0,0.7931034564971924,2.413793,jr jacobs
Niko Rocak,SF,UCD,32.0,24.90625,5.375,6.75,1.34375,0.84375,1.8125,0.34375,3.40625,0.5137614607810974,2.15625,0.7101449370384216,1.375,niko rocak
Luke Skaljac,PG,M-OH,32.0,13.90625,5.375,1.3125,1.46875,0.59375,0.125,0.96875,3.96875,0.4960629940032959,0.6875,0.6818181872367859,0.875,luke skaljac
Marvin McGhee IV,PG,UCSB,32.0,15.96875,5.375,2.84375,0.25,0.4375,0.125,1.25,4.34375,0.4316546618938446,0.5,0.75,0.625,marvin mcghee iv
Jaylin Stewart,SF,CONN,35.0,17.828571,5.3714285,2.3714285,0.94285715,0.14285715,0.34285715,0.6857143,3.8285713,0.5447761416435242,0.71428573,0.7200000286102295,0.71428573,jaylin stewart
Robert Jennings II,SF,OKST,35.0,16.542856,5.3714285,3.4,0.31428573,0.37142858,0.31428573,0.17142858,3.3142858,0.47413793206214905,2.6285715,0.782608687877655,1.2,robert jennings ii
Tsvet Sotirov,SF,GASO,27.0,20.88889,5.3703704,2.4444444,0.5925926,0.4074074,0.44444445,1.4444444,5.0,0.37037035822868347,0.4074074,0.5454545617103577,0.44444445,tsvet sotirov
Malcolm Wrisby-Jefferson,PG,BRWN,27.0,18.222221,5.3703704,3.3703704,2.2222223,0.7777778,0.33333334,0.18518518,4.5185184,0.5327869057655334,0.8518519,0.43478259444236755,1.2962962,malcolm wrisby jefferson
Pharaoh Compton,SF,SDSU,30.0,13.233334,5.366667,2.4,0.43333334,0.6,0.5,0.0,3.6666667,0.6454545259475708,1.6666666,0.3799999952316284,0.9,pharaoh compton
Garwey Dual,PG,MCN,30.0,25.533333,5.366667,1.6333333,2.9666667,1.6666666,0.6666667,0.36666667,4.5,0.42222222685813904,1.9,0.6315789222717285,1.5,garwey dual
Matt Zona,SF,FOR,33.0,16.69697,5.3636365,3.3333333,0.8181818,0.72727275,0.4848485,0.6363636,4.030303,0.4285714328289032,1.9090909,0.6666666865348816,0.6666667,matt zona
Deven Dahlke,PG,USD,33.0,19.424242,5.3636365,1.2727273,1.2424242,1.030303,0.09090909,0.8484849,3.8484848,0.4488188922405243,1.3333334,0.7954545617103577,1.1212121,deven dahlke
Sin'Cere McMahon,PG,NORF,34.0,17.117647,5.352941,0.88235295,1.1470588,0.5,0.0,1.0,4.4117646,0.3400000035762787,1.5882353,0.8518518805503845,0.7647059,sin cere mcmahon
Bryce Zephir,PG,SYR,29.0,19.62069,5.3448277,2.0,2.1034484,0.62068963,0.06896552,0.37931034,4.413793,0.46875,1.3448275,0.6153846383094788,1.5172414,bryce zephir
Tyje Kelton,SF,WAG,29.0,24.137932,5.3448277,3.8965516,0.62068963,0.62068963,0.03448276,1.5172414,5.448276,0.33544304966926575,0.20689656,0.8333333134651184,0.44827586,tyje kelton
Tyson Acuff,PG,RUTG,32.0,15.5625,5.34375,1.625,1.0625,0.25,0.03125,1.1875,4.59375,0.380952388048172,0.90625,0.7241379022598267,0.40625,tyson acuff
Micah Robinson,SF,TCU,32.0,14.0,5.34375,1.8125,0.53125,0.375,0.09375,0.6875,4.34375,0.3956834673881531,1.59375,0.7647058963775635,0.625,micah robinson
Vice Zanki,SF,NIA,32.0,16.625,5.34375,2.28125,0.59375,0.625,0.28125,1.15625,5.4375,0.3735632300376892,0.34375,0.3636363744735718,0.90625,vice zanki
Ben Tweedy,PG,COLG,32.0,19.1875,5.34375,2.59375,2.21875,0.375,0.0,0.1875,4.09375,0.4198473393917084,2.09375,0.8208954930305481,1.625,ben tweedy
Juslin Bodo Bodo,C,BAY,35.0,21.657143,5.3428574,8.3714285,0.17142858,0.5714286,1.4285715,0.0,3.2857144,0.643478274345398,2.0857143,0.534246563911438,0.6857143,juslin bodo bodo
Tay Mosher,SF,ETAM,30.0,16.833334,5.3333335,2.7333333,0.6,0.56666666,0.16666667,0.8666667,5.133333,0.3896103799343109,0.73333335,0.6363636255264282,1.3333334,tay mosher
Tyriq Brown,PG,TOCC,3.0,19.666666,5.3333335,1.3333334,0.6666667,0.6666667,0.0,0.6666667,6.3333335,0.31578946113586426,0.6666667,1.0,2.0,tyriq brown
Andrew Sepp,PG,PSUS,3.0,23.0,5.3333335,1.3333334,1.0,0.33333334,0.0,0.33333334,4.3333335,0.38461539149284363,2.6666667,0.625,1.0,andrew sepp
Tony White,ATH,SUNO,3.0,20.333334,5.3333335,3.3333333,1.0,1.6666666,0.33333334,0.0,6.3333335,0.3684210479259491,0.6666667,1.0,1.6666666,tony white
Monty Bowser,PG,CBU,34.0,18.352942,5.3235292,2.4411764,0.7941176,0.38235295,0.0,1.0,4.529412,0.4220779240131378,0.6764706,0.739130437374115,0.88235295,monty bowser
Jackson Holcombe,PG,UVU,31.0,14.67742,5.322581,3.516129,1.0645162,0.6451613,0.67741936,0.09677419,3.7096775,0.582608699798584,1.8387097,0.4912280738353729,0.7419355,jackson holcombe
Jordan Mizell,PG,TAR,31.0,23.32258,5.322581,3.3225806,1.967742,1.3548387,0.09677419,0.032258064,4.032258,0.42399999499320984,2.3548386,0.7945205569267273,1.8064516,jordan mizell
Andrew McConnell,PG,CMBS,32.0,16.03125,5.3125,1.53125,1.03125,0.46875,0.03125,1.21875,4.40625,0.368794322013855,1.0,0.84375,1.28125,andrew mcconnell
John Broom,PG,USA,32.0,28.34375,5.3125,5.71875,1.15625,1.5625,0.65625,0.96875,4.15625,0.4436090290546417,0.96875,0.6774193644523621,0.34375,john broom
Keenan Garner,SF,CMU,32.0,19.5,5.3125,4.78125,0.9375,1.0,0.15625,0.15625,3.90625,0.46399998664855957,2.5,0.612500011920929,0.90625,keenan garner
JaSteven Walker,SF,ALST,36.0,18.88889,5.3055553,3.4722223,0.44444445,0.44444445,0.7777778,0.5833333,4.9722223,0.4134078323841095,1.0,0.6111111044883728,0.3611111,jasteven walker
Miro Little,PG,UCSB,33.0,17.666666,5.3030305,3.1818182,2.909091,0.90909094,0.15151516,0.7878788,5.030303,0.33734938502311707,1.4848485,0.7551020383834839,1.4545455,miro little
Justin Page,PG,NIA,30.0,28.0,5.3,1.8,1.5666667,0.43333334,0.26666668,0.96666664,5.133333,0.4025973975658417,0.46666667,0.4285714328289032,1.0333333,justin page
Dallan Coleman,PG,UCF,37.0,23.378378,5.2972975,4.1621623,1.0,1.1081082,0.10810811,0.8108108,4.7297297,0.33714285492897034,1.7837838,0.7272727489471436,0.7027027,dallan coleman
George Smith,PG,PENN,27.0,23.037037,5.296296,2.5555556,1.4074074,0.5185185,0.0,0.8888889,4.3333335,0.4273504316806793,1.1111112,0.6333333253860474,0.5555556,george smith
Jayson Woodrich,PG,OAK,34.0,18.735294,5.2941175,2.5588236,0.7647059,0.6764706,0.0,1.0882353,5.470588,0.3172042965888977,1.0294118,0.7142857313156128,0.5588235,jayson woodrich
Joe Munden Jr.,NA,,24.0,20.083334,5.2916665,2.9166667,0.75,0.8333333,0.29166666,0.75,5.3333335,0.3515625,1.25,0.6333333253860474,1.0,joe munden jr
Ametri Moss,PG,LEM,31.0,13.419354,5.290323,1.6774193,2.3225806,0.6451613,0.06451613,0.22580644,4.451613,0.4492753744125366,1.6774193,0.6346153616905212,1.3870968,ametri moss
Charles Johnston,SF,FUR,31.0,12.096774,5.290323,3.1290324,0.67741936,0.32258064,0.22580644,1.0645162,4.0,0.42741936445236206,1.1935484,0.6756756901741028,0.5483871,charles johnston
Isaac Ondekane,C,OMA,35.0,16.657143,5.285714,3.8,0.45714286,0.34285715,0.37142858,0.0,3.5428572,0.5806451439857483,2.1142857,0.5540540814399719,1.2571429,isaac ondekane
Killian Gribben,SF,ME,32.0,17.8125,5.28125,3.03125,0.46875,0.375,1.0625,0.0,3.375,0.6944444179534912,1.1875,0.5,0.59375,killian gribben
Jaden Harris,PG,KENN,32.0,17.625,5.28125,2.21875,0.5,0.53125,0.0,0.90625,4.78125,0.3660130798816681,1.03125,0.8484848737716675,0.65625,jaden harris
Ansley Almonor,SF,UK,36.0,14.222222,5.2777777,1.5833334,0.4722222,0.19444445,0.083333336,1.0833334,3.3611112,0.5041322112083435,0.8888889,0.90625,0.19444445,ansley almonor
Theo Seng,SF,TROY,30.0,14.333333,5.266667,3.1333334,0.53333336,0.43333334,0.4,0.8333333,4.1666665,0.42399999499320984,1.1666666,0.7714285850524902,0.6,theo seng
Harry Wessels,C,SMC,34.0,13.058824,5.2647057,3.4411764,0.32352942,0.20588236,0.9705882,0.0,3.1764705,0.5462962985038757,2.1764705,0.8243243098258972,1.0588236,harry wessels
Zach Anderson,SF,GMU,36.0,21.694445,5.25,3.5277777,0.8888889,0.44444445,0.2777778,1.2222222,4.3333335,0.39743590354919434,0.8333333,0.699999988079071,0.6666667,zach anderson
John Saenz,PG,BRES,4.0,19.5,5.25,3.5,0.5,1.25,0.0,0.75,5.25,0.4285714328289032,0.0,0.0,1.25,john saenz
Divine Ugochukwu,PG,MSU,28.0,20.142857,5.25,1.8571428,2.2857144,1.0357143,0.10714286,0.21428572,4.142857,0.48275861144065857,1.6428572,0.6304348111152649,1.6071428,divine ugochukwu
Jaylen Benard,PG,LONG,32.0,16.34375,5.25,2.96875,0.4375,0.34375,0.0625,0.75,4.375,0.4214285612106323,1.0625,0.7647058963775635,0.8125,jaylen benard
Vincent Delano,PG,UNCO,32.0,23.09375,5.25,2.28125,2.03125,0.9375,0.1875,0.53125,5.5625,0.35393258929252625,1.15625,0.6756756901741028,1.625,vincent delano
Jameel Morris,PG,ALCN,32.0,18.21875,5.25,1.75,0.875,1.0625,0.03125,0.875,4.25,0.4117647111415863,1.15625,0.7567567825317383,1.0,jameel morris
Lavion Morales,PG,CHEY,4.0,19.75,5.25,2.0,0.5,1.0,0.0,1.0,5.75,0.3478260934352875,2.25,0.1111111119389534,1.25,lavion morales
Michael Teal,PG,UMES,33.0,17.242424,5.242424,1.5151515,2.121212,0.7878788,0.030303031,0.57575756,4.969697,0.353658527135849,1.9090909,0.60317462682724,1.0909091,michael teal
Jared Billups,PG,GMU,34.0,27.32353,5.2352943,5.8235292,1.5,1.5882353,0.47058824,0.3529412,3.9117646,0.39849624037742615,2.2058823,0.800000011920929,1.0294118,jared billups
Elijah Moore,PG,UTAH,26.0,15.653846,5.230769,1.5,0.96153843,0.30769232,0.0,0.88461536,5.1153846,0.3909774422645569,0.46153846,0.75,0.8076923,elijah moore
Rich Smith,PG,ACU,31.0,21.580645,5.225806,2.6774194,3.1935484,1.3870968,0.3548387,0.0,3.2580645,0.5049505233764648,3.032258,0.6382978558540344,1.7096775,rich smith
Matúš Hronský,SF,PORT,32.0,16.90625,5.21875,1.90625,0.90625,0.625,0.09375,1.125,4.90625,0.36942675709724426,0.625,0.75,0.8125,matus hronsky
Kade Ruegsegger,PG,MORE,32.0,19.8125,5.21875,3.15625,0.8125,0.40625,0.0625,1.125,4.625,0.3445945978164673,1.125,0.8055555820465088,0.4375,kade ruegsegger
London Riley,PG,AAMU,28.0,17.214285,5.214286,1.1428572,0.4642857,0.35714287,0.0,1.5,4.75,0.3458646535873413,0.42857143,1.0,0.32142857,london riley
Sean Hansen,SF,GW,33.0,19.878788,5.212121,2.7575758,1.8787879,1.0909091,0.57575756,0.54545456,4.3636365,0.4722222089767456,0.8181818,0.6666666865348816,1.5757576,sean hansen
Mac Etienne,SF,LAS,33.0,18.545454,5.212121,5.3030305,0.72727275,0.4848485,0.8181818,0.0,4.3030305,0.51408451795578,1.3636364,0.5777778029441833,0.90909094,mac etienne
Derrick Michael Xzavierro,SF,LBSU,29.0,22.310345,5.206897,6.7586207,0.62068963,0.51724136,1.2413793,0.1724138,4.586207,0.43609023094177246,1.4827586,0.6976743936538696,1.0,derrick michael xzavierro
Will Amica,PG,LEM,25.0,16.68,5.2,1.92,1.08,0.6,0.12,0.36,4.72,0.38983049988746643,1.44,0.8055555820465088,1.16,will amica
TJ NeSmith,SF,RAD,31.0,14.451612,5.193548,3.1290324,0.2580645,0.19354838,0.19354838,0.0,3.1935484,0.6262626051902771,1.3870968,0.8604651093482971,0.61290324,tj nesmith
Leland Coleman,SF,COLU,26.0,16.923077,5.1923075,2.8076923,0.3846154,0.65384614,0.5769231,0.1923077,4.1538463,0.5462962985038757,0.9230769,0.5,0.6923077,leland coleman
Rich Barron,SF,PROV,27.0,19.0,5.185185,2.2592592,0.6296296,0.5925926,0.037037037,1.2592592,5.296296,0.3496503531932831,0.4074074,0.5454545617103577,0.4814815,rich barron
Matthew Nicholson,C,NU,33.0,24.515152,5.181818,5.5151515,1.3939394,0.6666667,1.3636364,0.0,3.3636363,0.5855855941772461,2.3030303,0.5394737124443054,0.6969697,matthew nicholson
Cooper Campbell,PG,TROY,34.0,16.617647,5.1764708,1.5882353,1.2941177,0.5882353,0.0,0.9411765,4.3235292,0.40816327929496765,0.9411765,0.75,0.61764705,cooper campbell
Roger McFarlane,PG,BC,29.0,24.965517,5.172414,4.9310346,0.79310346,0.79310346,0.27586207,0.6551724,5.206897,0.3576158881187439,1.2413793,0.6388888955116272,0.6896552,roger mcfarlane
KC Ugwuakazi,SF,MRMK,29.0,15.413794,5.172414,3.689655,0.6896552,0.4827586,0.6896552,0.0,4.172414,0.4958677589893341,1.6206896,0.6382978558540344,0.82758623,kc ugwuakazi
Guzman Vasilic,PG,CP,30.0,17.5,5.1666665,2.3,0.7,0.2,0.13333334,1.0333333,4.2,0.4365079402923584,0.6333333,0.7368420958518982,1.1333333,guzman vasilic
Ben Oosterbaan,SF,STMN,34.0,16.058823,5.147059,3.1176472,0.88235295,0.7941176,0.2647059,0.7058824,3.3235295,0.5398229956626892,1.2058823,0.707317054271698,0.7058824,ben oosterbaan
Federiko Federiko,SF,TA&M,35.0,18.885714,5.142857,4.4857144,0.6857143,0.42857143,0.7714286,0.0,2.8857143,0.7425742745399475,1.7428571,0.49180328845977783,0.6857143,federiko federiko
Bendji Pierre,SF,MER,29.0,18.310345,5.137931,2.724138,0.79310346,0.51724136,0.27586207,1.0689656,6.3448277,0.27173912525177,0.79310346,0.782608687877655,0.9655172,bendji pierre
Micah Octave,PG,FAMU,29.0,25.241379,5.137931,5.3448277,0.6896552,1.5172414,0.27586207,0.82758623,5.413793,0.36305731534957886,1.0,0.37931033968925476,0.62068963,micah octave
Ja'Vier Francis,SF,HOU,38.0,15.736842,5.131579,4.368421,0.15789473,0.42105263,0.9736842,0.0,3.1578948,0.6083333492279053,1.7894737,0.720588207244873,0.8947368,ja vier francis
Taj DeGourville,PG,SDSU,31.0,18.967741,5.129032,2.903226,1.8387097,0.61290324,0.32258064,0.67741936,4.7419353,0.36734694242477417,1.3548387,0.7142857313156128,1.1935484,taj degourville
Julian Brown,PG,SAM,33.0,14.69697,5.121212,1.7878788,0.6666667,0.57575756,0.030303031,1.1818181,4.3333335,0.35664334893226624,1.060606,0.800000011920929,0.57575756,julian brown
Mike Loughnane,PG,NE,33.0,23.757576,5.121212,2.2424242,2.3333333,0.6363636,0.18181819,1.030303,4.212121,0.43884891271591187,0.54545456,0.7222222089767456,0.90909094,mike loughnane
Royce Parham,SF,MARQ,34.0,14.823529,5.117647,2.235294,0.3529412,0.61764705,0.38235295,0.7647059,4.7647057,0.40740740299224854,0.7352941,0.6399999856948853,0.38235295,royce parham
Jawarie Hamelin,PG,UNH,26.0,25.0,5.1153846,2.7307692,2.9230769,1.3076923,0.34615386,0.61538464,5.576923,0.35172414779663086,0.7692308,0.75,2.6538463,jawarie hamelin
Nate Heise,PG,ISU,35.0,21.657143,5.114286,3.2285714,0.9714286,1.2571429,0.08571429,0.7714286,3.7142856,0.5307692289352417,0.6571429,0.6086956262588501,0.8,nate heise
Jaxon Ellingsworth,SF,ARST,28.0,12.535714,5.107143,2.75,0.25,0.21428572,0.2857143,0.39285713,3.5,0.4897959232330322,1.6785715,0.7659574747085571,0.5714286,jaxon ellingsworth
Dontae Horne,PG,PV,28.0,14.785714,5.107143,2.2142856,1.6428572,0.64285713,0.035714287,0.60714287,5.214286,0.34246575832366943,1.4285715,0.6499999761581421,1.6785715,dontae horne
Jair Horton,SF,SAR,29.0,19.48276,5.1034484,2.724138,0.79310346,0.55172414,0.06896552,0.51724136,5.0,0.3448275923728943,1.7241379,0.6600000262260437,1.2413793,jair horton
Kyle Cuffe Jr.,PG,MER,30.0,12.366667,5.1,1.1,0.53333336,0.43333334,0.06666667,0.6333333,4.3333335,0.33076924085617065,2.0333333,0.7868852615356445,0.8333333,kyle cuffe jr
Anthony Benard,PG,CAN,31.0,29.870968,5.096774,2.516129,3.7741935,1.9032258,0.12903225,0.6451613,4.7419353,0.4285714328289032,0.58064514,0.6666666865348816,2.516129,anthony benard
Justin Bufford,PG,MTSU,34.0,24.5,5.0882354,3.0588236,0.88235295,0.7647059,0.5,0.7058824,4.617647,0.3439490497112274,1.9705882,0.611940324306488,1.1470588,justin bufford
David Coit,PG,MD,34.0,15.5,5.0882354,1.5,1.2941177,0.47058824,0.029411765,1.3529412,4.5882354,0.3782051205635071,0.3529412,0.75,0.47058824,david coit
DaSean Stevens,PG,SEA,25.0,14.76,5.08,1.88,1.04,0.36,0.16,0.92,5.12,0.3359375,0.76,0.9473684430122375,0.2,dasean stevens
Kasheem Grady II,PG,KC,29.0,13.103448,5.0689654,1.862069,0.8965517,0.55172414,0.03448276,0.7586207,4.2413793,0.43089431524276733,0.9310345,0.7037037014961243,0.4827586,kasheem grady ii
Elijah Elliott,PG,OHIO,30.0,16.466667,5.0666666,3.2,1.4333333,0.4,0.23333333,0.36666667,4.1,0.4390243887901306,1.8,0.6111111044883728,0.8333333,elijah elliott
Carlos Cortijo,PG,UTM,31.0,21.741936,5.064516,1.1612903,3.032258,0.83870965,0.12903225,0.32258064,5.645161,0.34285715222358704,1.548387,0.5625,1.548387,carlos cortijo
Yann Farell,SF,SHU,32.0,18.46875,5.0625,2.4375,0.71875,0.5,0.1875,1.28125,4.65625,0.3758389353752136,0.40625,0.692307710647583,0.40625,yann farell
Javon Ervin,PG,MSM,34.0,15.441176,5.0588236,2.2058823,1.0294118,0.32352942,0.11764706,0.4117647,4.970588,0.3550295829772949,1.617647,0.6909090876579285,1.4705882,javon ervin
Keshawn Williams,PG,IONA,36.0,13.5,5.0555553,1.5833334,0.6666667,0.19444445,0.027777778,0.5277778,4.0,0.5,0.7777778,0.6785714030265808,0.6388889,keshawn williams
Keith Lamar,SF,SOU,28.0,16.285715,5.035714,1.9642857,0.85714287,0.32142857,0.17857143,0.85714287,5.464286,0.3464052379131317,1.0714285,0.36666667461395264,0.8214286,keith lamar
Saliou Seye,SF,GRAM,28.0,17.464285,5.035714,3.9642856,0.75,0.71428573,1.0,0.35714287,4.107143,0.4521739184856415,1.7857143,0.5400000214576721,1.3214285,saliou seye
Evan Phelps,PG,ETAM,29.0,25.689655,5.034483,1.6896552,2.275862,1.3793104,0.27586207,0.9655172,4.793103,0.3381294906139374,1.2758621,0.6486486196517944,1.6551725,evan phelps
Justas Stonkus,PG,COFC,33.0,16.060606,5.030303,1.7272727,0.5151515,0.42424244,0.0,0.7878788,4.181818,0.39855071902275085,1.030303,0.8823529481887817,0.8787879,justas stonkus
Carson Cooper,C,MSU,37.0,17.135136,5.027027,5.216216,0.5945946,0.1891892,0.6486486,0.0,2.891892,0.5981308221817017,2.108108,0.7435897588729858,0.7567568,carson cooper
Dylan Cardwell,C,AUB,38.0,20.31579,5.0263157,5.0526314,1.6052631,0.84210527,1.3947369,0.02631579,3.1578948,0.699999988079071,1.7894737,0.3235294222831726,0.55263156,dylan cardwell
Adetokunbo Bakare,PG,SPU,26.0,14.807693,5.0,2.4615386,0.5769231,0.61538464,0.03846154,1.0,4.3846154,0.37719297409057617,0.7692308,0.8999999761581421,0.34615386,adetokunbo bakare
Charlie Weber,SF,HIPU,1.0,26.0,5.0,2.0,0.0,0.0,1.0,0.0,9.0,0.1111111119389534,3.0,1.0,1.0,charlie weber
Bowen Born,PG,CSU,36.0,14.75,5.0,1.3055556,1.4444444,0.5277778,0.0,0.8611111,4.25,0.3921568691730499,0.8888889,0.90625,0.7222222,bowen born
Treylan Smith,PG,MOBL,1.0,23.0,5.0,6.0,1.0,0.0,0.0,1.0,6.0,0.3333333432674408,0.0,0.0,1.0,treylan smith
Will Bartoszek,SF,HSU,1.0,18.0,5.0,3.0,3.0,0.0,0.0,0.0,2.0,0.0,5.0,1.0,2.0,will bartoszek
TJ Hilliard,SF,MCM,2.0,18.0,5.0,2.0,0.0,0.0,0.0,0.0,3.5,0.5714285969734192,1.0,1.0,0.5,tj hilliard
Tristan Gross,PG,MER,24.0,23.333334,5.0,2.375,0.75,0.75,0.20833333,1.0416666,5.0,0.3499999940395355,0.625,0.7333333492279053,1.1666666,tristan gross
Hassan Perkins,PG,COPP,27.0,19.62963,5.0,1.4074074,1.7037038,0.5555556,0.0,0.7777778,3.9629629,0.4112149477005005,1.1481482,0.8387096524238586,1.5555556,hassan perkins
Jon'Quarius McGhee,PG,LCHR,1.0,14.0,5.0,2.0,1.0,1.0,0.0,1.0,1.0,1.0,2.0,1.0,0.0,jon quarius mcghee
Davon Barnes,PG,MISS,36.0,20.444445,5.0,3.2222223,0.8055556,0.6944444,0.2777778,0.3888889,4.5,0.3827160596847534,1.5833334,0.7368420958518982,0.4722222,davon barnes
Trevor Arico,PG,EMRS,2.0,17.0,5.0,1.0,1.0,0.5,0.0,0.0,8.0,0.25,1.0,1.0,2.0,trevor arico
Easton Allen,SF,TXLU,2.0,20.5,5.0,3.5,1.0,0.5,0.5,0.0,8.0,0.25,1.0,1.0,0.5,easton allen
Corey Dunning,SF,PV,1.0,21.0,5.0,2.0,0.0,2.0,2.0,0.0,3.0,0.6666666865348816,6.0,0.1666666716337204,0.0,corey dunning
Nathan Hasberry,PG,NMHU,1.0,16.0,5.0,2.0,1.0,1.0,0.0,1.0,1.0,1.0,2.0,1.0,2.0,nathan hasberry
Keyshaun Fleetion,SF,VRHS,1.0,24.0,5.0,2.0,3.0,1.0,0.0,0.0,7.0,0.2857142984867096,4.0,0.25,1.0,keyshaun fleetion
Salle Wilson,PG,COGA,1.0,29.0,5.0,4.0,0.0,1.0,1.0,1.0,11.0,0.1818181872367859,0.0,0.0,4.0,salle wilson
Zhaelin Callahan,PG,TWU,1.0,12.0,5.0,1.0,2.0,1.0,0.0,1.0,4.0,0.25,2.0,1.0,0.0,zhaelin callahan
Marion Williams,PG,STTX,1.0,23.0,5.0,4.0,1.0,1.0,0.0,1.0,7.0,0.2857142984867096,0.0,0.0,3.0,marion williams
Jonathon Desir,PG,CAIR,2.0,24.5,5.0,3.0,2.0,0.5,0.5,1.0,8.0,0.25,0.0,0.0,0.5,jonathon desir
RJ Bryant,PG,TMCN,2.0,17.0,5.0,2.5,1.0,0.5,0.0,1.0,4.0,0.5,0.0,0.0,2.0,rj bryant
D'Shun Edwards,SF,EDW,1.0,6.0,5.0,1.0,0.0,0.0,0.0,0.0,2.0,1.0,3.0,0.3333333432674408,2.0,d shun edwards
David Witcher,PG,SWES,3.0,10.0,5.0,1.0,0.33333334,0.6666667,0.0,1.0,3.6666667,0.4545454680919647,1.3333334,0.5,0.6666667,david witcher
Eamon Kelly,PG,SLC,1.0,17.0,5.0,1.0,2.0,1.0,0.0,1.0,9.0,0.2222222238779068,0.0,0.0,1.0,eamon kelly
Silas Mulligan,PG,PDMT,2.0,14.5,5.0,1.5,0.0,1.0,0.0,0.0,3.0,0.0,6.0,0.8333333134651184,0.5,silas mulligan
Alex Maze,PG,CMT,2.0,21.5,5.0,3.0,0.0,0.5,0.0,1.0,6.0,0.3333333432674408,0.5,0.0,2.0,alex maze
Corey Shively,PG,COLC,1.0,7.0,5.0,1.0,0.0,0.0,0.0,1.0,4.0,0.5,0.0,0.0,0.0,corey shively
Damian Bohlman,PG,CHCC,4.0,19.5,5.0,2.0,1.25,1.0,1.0,1.25,5.75,0.260869562625885,1.0,0.75,1.0,damian bohlman
Aziel Blackwell,PG,KYSU,1.0,28.0,5.0,5.0,1.0,2.0,0.0,0.0,11.0,0.1818181872367859,2.0,0.5,4.0,aziel blackwell
Evan Block,SF,NYMT,1.0,27.0,5.0,6.0,2.0,2.0,0.0,0.0,7.0,0.2857142984867096,1.0,1.0,2.0,evan block
Daniel Ameyaw,SF,CSUS,3.0,22.333334,5.0,3.0,1.6666666,1.0,0.33333334,0.6666667,5.3333335,0.3125,1.3333334,0.75,1.6666666,daniel ameyaw
Connor Guthrie,PG,BTTN,1.0,9.0,5.0,1.0,0.0,1.0,0.0,0.0,6.0,0.3333333432674408,2.0,0.5,2.0,connor guthrie
Zach Moore,PG,WORU,1.0,21.0,5.0,3.0,0.0,1.0,0.0,1.0,4.0,0.5,0.0,0.0,0.0,zach moore
Jamar McCray,PG,ABU,2.0,13.0,5.0,2.5,0.0,0.0,0.0,0.0,4.5,0.5555555820465088,0.0,0.0,1.0,jamar mccray
Cayden McDaniel,PG,JSP,1.0,22.0,5.0,2.0,1.0,1.0,0.0,0.0,7.0,0.0,6.0,0.8333333134651184,1.0,cayden mcdaniel
Alec Smith,SF,SFST,1.0,21.0,5.0,5.0,0.0,1.0,0.0,0.0,4.0,0.5,1.0,1.0,2.0,alec smith
Justin Edmondson,PG,KYSU,1.0,15.0,5.0,2.0,0.0,0.0,0.0,1.0,2.0,0.5,2.0,1.0,2.0,justin edmondson
Max Topham,PG,NGU,1.0,27.0,5.0,5.0,0.0,0.0,0.0,1.0,7.0,0.2857142984867096,0.0,0.0,0.0,max topham
Elijah Gardner,PG,VWU,1.0,14.0,5.0,2.0,1.0,0.0,0.0,1.0,5.0,0.4000000059604645,0.0,0.0,0.0,elijah gardner
Kawasiki Ricks,PG,DS,1.0,24.0,5.0,2.0,2.0,0.0,0.0,0.0,6.0,0.3333333432674408,2.0,0.5,0.0,kawasiki ricks
Myles Amason,C,SRST,1.0,19.0,5.0,1.0,0.0,0.0,1.0,0.0,5.0,0.4000000059604645,2.0,0.5,2.0,myles amason
Josh Coulanges,PG,MTTC,1.0,17.0,5.0,1.0,1.0,0.0,0.0,1.0,5.0,0.4000000059604645,0.0,0.0,1.0,josh coulanges
Jayden Byrd,PG,ERSK,2.0,14.5,5.0,2.0,0.5,0.0,0.0,0.5,5.0,0.30000001192092896,2.0,0.75,1.5,jayden byrd
Kennard Davis,ATH,UMO,3.0,19.666666,5.0,2.6666667,1.6666666,1.6666666,0.0,0.6666667,5.3333335,0.375,0.6666667,0.5,0.6666667,kennard davis
Anthony Snow,PG,NWIC,4.0,24.25,5.0,2.25,0.25,0.25,0.25,0.0,5.75,0.3913043439388275,1.0,0.5,1.5,anthony snow
Logen Howard,ATH,ULV,2.0,30.0,5.0,3.0,1.0,0.0,0.0,1.5,7.0,0.2142857164144516,1.0,0.5,3.0,logen howard
Cayden Lancaster,PG,ASB,1.0,18.0,5.0,3.0,0.0,0.0,1.0,1.0,6.0,0.3333333432674408,0.0,0.0,1.0,cayden lancaster
Justin Gooden,PG,SCHR,2.0,17.5,5.0,1.0,1.0,1.5,0.0,0.5,5.5,0.27272728085517883,1.5,1.0,2.5,justin gooden
Dominic Wilson,SF,NWWA,2.0,18.5,5.0,3.5,2.5,0.0,0.0,0.5,4.5,0.3333333432674408,2.0,0.75,0.5,dominic wilson
Antwuan Byrd,SF,PSUS,3.0,26.666666,5.0,1.3333334,3.0,2.0,0.0,0.33333334,7.6666665,0.30434781312942505,0.0,0.0,3.6666667,antwuan byrd
James Evans,PG,USW,1.0,19.0,5.0,4.0,0.0,0.0,0.0,0.0,5.0,0.20000000298023224,3.0,1.0,2.0,james evans
Julius Alcantara,SF,MNLO,2.0,21.0,5.0,3.5,1.0,0.5,0.5,0.0,2.5,0.800000011920929,1.0,1.0,0.5,julius alcantara
Ryder Johnson,PG,HSU,1.0,10.0,5.0,3.0,0.0,1.0,1.0,1.0,2.0,1.0,0.0,0.0,1.0,ryder johnson
Makaio Morphy,PG,WORU,1.0,15.0,5.0,2.0,1.0,0.0,0.0,1.0,6.0,0.3333333432674408,0.0,0.0,1.0,makaio morphy
Jayden Webley,C,SPRH,1.0,22.0,5.0,5.0,0.0,0.0,1.0,0.0,8.0,0.25,1.0,1.0,0.0,jayden webley
Kreeland Avery,PG,TBR,1.0,29.0,5.0,1.0,2.0,1.0,0.0,1.0,8.0,0.25,0.0,0.0,5.0,kreeland avery
Kaleb Ramer,SF,KCU,3.0,26.0,5.0,3.3333333,1.3333334,0.0,0.0,1.3333334,4.6666665,0.2857142984867096,1.0,1.0,1.3333334,kaleb ramer
Ahmad Webster,PG,ABU,2.0,26.5,5.0,1.5,3.5,1.0,0.0,0.5,8.5,0.23529411852359772,2.0,0.25,5.5,ahmad webster
Larry Lane,SF,ROSE,1.0,19.0,5.0,2.0,0.0,0.0,0.0,0.0,4.0,0.5,1.0,1.0,1.0,larry lane
Che Smith,PG,SWES,1.0,26.0,5.0,1.0,2.0,1.0,0.0,0.0,11.0,0.1818181872367859,2.0,0.5,0.0,che smith
Eric Hackett,PG,SWES,1.0,20.0,5.0,3.0,1.0,1.0,0.0,0.0,6.0,0.3333333432674408,1.0,1.0,1.0,eric hackett
Mason Mendygral,PG,MWD,1.0,18.0,5.0,1.0,3.0,0.0,0.0,0.0,4.0,0.5,4.0,0.25,0.0,mason mendygral
Brendan Franko,PG,MWD,1.0,17.0,5.0,4.0,1.0,1.0,0.0,1.0,6.0,0.3333333432674408,0.0,0.0,1.0,brendan franko
Will Hornseth,SF,UNI,33.0,14.424242,5.0,2.3030303,0.8484849,0.33333334,0.27272728,0.0,3.1515152,0.682692289352417,1.2727273,0.5476190447807312,0.6060606,will hornseth
Antoine Lorick III,SF,TNST,32.0,10.59375,5.0,3.375,0.3125,0.53125,0.28125,0.09375,3.28125,0.6095238327980042,1.65625,0.5471698045730591,0.875,antoine lorick iii
Khalil Baker,SF,ROW,2.0,9.5,5.0,2.5,1.0,0.5,0.5,0.0,5.0,0.5,0.0,0.0,2.0,khalil baker
Anthony Seoage,PG,WCMD,2.0,12.0,5.0,1.0,1.0,1.5,0.0,1.0,3.5,0.4285714328289032,1.0,1.0,2.5,anthony seoage
Carter Sudhoff,C,DFC,4.0,18.75,5.0,2.75,0.5,0.0,0.5,0.0,4.25,0.5882353186607361,0.25,0.0,1.75,carter sudhoff
Devario Sheppard,ATH,NBRY,2.0,13.0,5.0,1.0,0.0,0.0,0.0,0.5,5.0,0.4000000059604645,1.0,0.5,1.5,devario sheppard
Dontrell Jenkins,ATH,DVEK,1.0,18.0,5.0,2.0,0.0,0.0,0.0,1.0,6.0,0.1666666716337204,2.0,1.0,3.0,dontrell jenkins
Isaiah Buckley,PG,SHAW,1.0,6.0,5.0,0.0,0.0,1.0,0.0,0.0,4.0,0.5,2.0,0.5,0.0,isaiah buckley
Ignacio Diaz,SF,HLGU,1.0,18.0,5.0,3.0,5.0,0.0,0.0,1.0,4.0,0.5,0.0,0.0,1.0,ignacio diaz
Bryce Weinmunson,PG,LCHR,1.0,26.0,5.0,0.0,0.0,0.0,2.0,1.0,9.0,0.2222222238779068,0.0,0.0,3.0,bryce weinmunson
Malcolm King,PG,PQC,1.0,27.0,5.0,1.0,1.0,1.0,1.0,0.0,8.0,0.25,2.0,0.5,8.0,malcolm king
Gavin Harris,ATH,SUNO,3.0,14.333333,5.0,1.3333334,1.0,1.0,0.0,0.33333334,5.3333335,0.4375,0.0,0.0,2.0,gavin harris
Daveonne Warfield,ATH,BTTN,1.0,14.0,5.0,0.0,0.0,0.0,0.0,1.0,10.0,0.20000000298023224,0.0,0.0,1.0,daveonne warfield
Jack Fessenden,ATH,WCMO,2.0,18.5,5.0,1.5,0.0,0.5,0.0,1.0,6.5,0.3076923191547394,0.0,0.0,2.5,jack fessenden
Jack Shackelford,ATH,UNTN,1.0,10.0,5.0,1.0,2.0,0.0,0.0,1.0,2.0,1.0,0.0,0.0,0.0,jack shackelford
Christian Bood,ATH,CHAP,1.0,14.0,5.0,6.0,0.0,1.0,0.0,1.0,5.0,0.4000000059604645,2.0,0.0,3.0,christian bood
Ethan Yancy,ATH,SRST,1.0,24.0,5.0,7.0,2.0,0.0,0.0,0.0,2.0,0.5,4.0,0.75,5.0,ethan yancy
Louie Yebra,PG,CUST,1.0,22.0,5.0,1.0,1.0,0.0,2.0,1.0,3.0,0.3333333432674408,2.0,1.0,0.0,louie yebra
Carl Thorpe,SF,YUNE,1.0,19.0,5.0,5.0,0.0,0.0,0.0,0.0,6.0,0.1666666716337204,3.0,1.0,3.0,carl thorpe
John Davis III,PG,HAWH,1.0,18.0,5.0,0.0,0.0,0.0,0.0,0.0,5.0,0.4000000059604645,2.0,0.5,1.0,john davis iii
Dylan Joy,PG,OHCU,1.0,24.0,5.0,0.0,0.0,0.0,0.0,1.0,6.0,0.3333333432674408,0.0,0.0,0.0,dylan joy
Ben Cox,SF,BOYC,1.0,15.0,5.0,0.0,0.0,0.0,0.0,1.0,6.0,0.3333333432674408,0.0,0.0,1.0,ben cox
Andrew Thomas,SF,BOYC,1.0,26.0,5.0,8.0,0.0,1.0,0.0,1.0,9.0,0.2222222238779068,0.0,0.0,1.0,andrew thomas
Aj Carter,ATH,UTD,1.0,19.0,5.0,5.0,0.0,0.0,0.0,1.0,4.0,0.5,0.0,0.0,2.0,aj carter
Kabina Kaba,ATH,WYBU,1.0,19.0,5.0,4.0,1.0,0.0,1.0,1.0,4.0,0.5,0.0,0.0,0.0,kabina kaba
Julian Perez,ATH,WYBU,1.0,27.0,5.0,4.0,3.0,1.0,0.0,0.0,5.0,0.20000000298023224,6.0,0.5,6.0,julian perez
Garret Long,ATH,ESC,2.0,26.0,5.0,2.0,0.5,0.0,0.0,1.0,4.5,0.3333333432674408,1.0,1.0,1.0,garret long
Mark Devries,ATH,CUAA,1.0,18.0,5.0,4.0,2.0,1.0,2.0,0.0,8.0,0.25,2.0,0.5,2.0,mark devries
Jalen Cherry,PG,MCM,2.0,20.5,5.0,3.5,0.5,0.0,0.5,0.5,2.5,0.4000000059604645,3.0,0.8333333134651184,1.0,jalen cherry
Quinn McCormick,ATH,PRAT,1.0,21.0,5.0,2.0,1.0,0.0,0.0,0.0,5.0,0.4000000059604645,2.0,0.5,2.0,quinn mccormick
Matias Alkemade,ATH,PRAT,1.0,14.0,5.0,5.0,1.0,0.0,0.0,0.0,2.0,0.5,4.0,0.75,0.0,matias alkemade
Jordan Lineberger,ATH,BLU,2.0,21.0,5.0,4.0,1.0,2.0,0.5,0.5,5.0,0.30000001192092896,3.0,0.5,2.0,jordan lineberger
Nate Paarlberg,ATH,TLRU,1.0,20.0,5.0,3.0,0.0,0.0,1.0,1.0,7.0,0.2857142984867096,0.0,0.0,1.0,nate paarlberg
Kobe Funderbunk,ATH,TLRU,1.0,17.0,5.0,0.0,0.0,0.0,0.0,1.0,5.0,0.4000000059604645,0.0,0.0,1.0,kobe funderbunk
Kose Egbule,PG,JMU,1.0,21.0,5.0,3.0,1.0,0.0,0.0,0.0,5.0,0.4000000059604645,2.0,0.5,3.0,kose egbule
Trey Stevens,ATH,DSSU,1.0,20.0,5.0,4.0,0.0,1.0,2.0,1.0,12.0,0.1666666716337204,0.0,0.0,1.0,trey stevens
Will Beckstead,ATH,DSSU,1.0,5.0,5.0,1.0,0.0,0.0,0.0,1.0,2.0,1.0,0.0,0.0,0.0,will beckstead
Griffyn Doughty,ATH,DSSU,1.0,14.0,5.0,3.0,1.0,0.0,0.0,1.0,8.0,0.25,0.0,0.0,1.0,griffyn doughty
Immanuel Lewis,PG,LBSU,2.0,15.0,5.0,0.0,0.5,1.5,0.0,0.0,7.5,0.3333333432674408,1.5,0.0,1.5,immanuel lewis
Jonas La Tour,ATH,SEAP,1.0,19.0,5.0,0.0,0.0,0.0,0.0,1.0,4.0,0.25,2.0,1.0,0.0,jonas la tour
Domonique Perry,ATH,TXCL,1.0,26.0,5.0,3.0,6.0,4.0,1.0,1.0,4.0,0.5,1.0,0.0,1.0,domonique perry
Marcus Jones,ATH,TXCL,1.0,9.0,5.0,0.0,0.0,0.0,0.0,1.0,4.0,0.25,2.0,1.0,1.0,marcus jones
Jemari Moore,ATH,SMMN,1.0,20.0,5.0,2.0,0.0,0.0,0.0,0.0,5.0,0.4000000059604645,2.0,0.5,2.0,jemari moore
Chris Grubbs,ATH,CNSU,2.0,19.0,5.0,3.0,1.0,1.5,0.5,0.0,6.5,0.1538461595773697,5.5,0.5454545617103577,0.0,chris grubbs
Jacey Canalin,ATH,ERAZ,2.0,19.0,5.0,0.5,2.5,1.5,0.0,1.0,6.0,0.25,2.0,0.5,2.0,jacey canalin
Conner Ivy,ATH,ERAZ,2.0,18.5,5.0,1.0,0.5,0.0,0.0,1.0,3.0,0.6666666865348816,0.0,0.0,0.5,conner ivy
Brandon Lee,SF,MITC,1.0,24.0,5.0,3.0,0.0,1.0,0.0,0.0,4.0,0.5,2.0,0.5,4.0,brandon lee
Aj Forte,ATH,ENDC,1.0,15.0,5.0,0.0,0.0,1.0,0.0,0.0,3.0,0.3333333432674408,4.0,0.75,0.0,aj forte
Richard Amaefule,SF,GRAM,2.0,26.0,5.0,7.5,1.0,0.5,2.0,0.0,5.5,0.4545454680919647,1.0,0.0,2.0,richard amaefule
Will Jenkins,ATH,VTSR,1.0,21.0,5.0,3.0,2.0,0.0,0.0,1.0,7.0,0.2857142984867096,0.0,0.0,4.0,will jenkins
Jaden Clark,ATH,VTSR,1.0,18.0,5.0,0.0,0.0,0.0,0.0,1.0,5.0,0.4000000059604645,0.0,0.0,2.0,jaden clark
Marcus Willis Jr.,ATH,FC,1.0,22.0,5.0,1.0,3.0,0.0,0.0,1.0,6.0,0.3333333432674408,0.0,0.0,1.0,marcus willis jr
Pavle Kuzmanovic,ATH,HIPU,1.0,20.0,5.0,4.0,0.0,1.0,0.0,1.0,5.0,0.4000000059604645,0.0,0.0,1.0,pavle kuzmanovic
Kyoya Sasaki,ATH,DS,1.0,22.0,5.0,2.0,0.0,1.0,0.0,1.0,5.0,0.4000000059604645,0.0,0.0,2.0,kyoya sasaki
Brian Gordon,ATH,TAMK,1.0,16.0,5.0,0.0,2.0,1.0,0.0,1.0,4.0,0.5,0.0,0.0,1.0,brian gordon
Amard Pagan,ATH,CPC,2.0,13.5,5.0,4.0,0.5,1.5,0.0,1.0,4.5,0.4444444477558136,1.0,0.0,2.5,amard pagan
Ashton Henderson,ATH,PNW,1.0,14.0,5.0,1.0,0.0,1.0,0.0,0.0,7.0,0.2857142984867096,2.0,0.5,1.0,ashton henderson
Jesse Laster,ATH,PITB,1.0,15.0,5.0,5.0,2.0,1.0,0.0,1.0,8.0,0.25,0.0,0.0,2.0,jesse laster
Justen Goudelock,ATH,BRE,1.0,12.0,5.0,2.0,0.0,0.0,0.0,1.0,5.0,0.4000000059604645,0.0,0.0,1.0,justen goudelock
Twain Wilson,PG,BRE,1.0,12.0,5.0,2.0,0.0,1.0,0.0,1.0,7.0,0.2857142984867096,0.0,0.0,3.0,twain wilson
Abdul Seck,ATH,YUNY,1.0,18.0,5.0,0.0,0.0,0.0,0.0,0.0,5.0,0.4000000059604645,1.0,1.0,1.0,abdul seck
Loki Anda,ATH,THMC,1.0,21.0,5.0,1.0,1.0,1.0,0.0,1.0,4.0,0.5,2.0,0.0,1.0,loki anda
Jaylon Simpson,ATH,CAIR,2.0,34.0,5.0,6.5,2.0,1.5,0.0,0.5,11.0,0.1818181872367859,1.0,0.5,4.5,jaylon simpson
Keondre Brown,ATH,HSSU,1.0,25.0,5.0,3.0,1.0,0.0,3.0,1.0,4.0,0.25,2.0,1.0,3.0,keondre brown
Jermarco Burse,ATH,HSSU,1.0,17.0,5.0,2.0,0.0,0.0,0.0,1.0,2.0,0.5,3.0,0.6666666865348816,1.0,jermarco burse
Pj Neal,ATH,OBU,1.0,27.0,5.0,2.0,3.0,0.0,0.0,1.0,2.0,1.0,0.0,0.0,2.0,pj neal
Xavier Martinez,PG,UCCS,1.0,34.0,5.0,2.0,8.0,0.0,0.0,1.0,9.0,0.2222222238779068,0.0,0.0,4.0,xavier martinez
Tre Lucia,PG,UCCS,1.0,6.0,5.0,1.0,0.0,0.0,0.0,1.0,3.0,0.6666666865348816,0.0,0.0,0.0,tre lucia
Alvaro Mendez,ATH,CCSC,1.0,12.0,5.0,0.0,2.0,2.0,0.0,1.0,4.0,0.5,0.0,0.0,0.0,alvaro mendez
Malcolm Davis,ATH,LNMO,1.0,16.0,5.0,0.0,0.0,2.0,0.0,1.0,3.0,0.6666666865348816,0.0,0.0,0.0,malcolm davis
Jr. Jesselawson,ATH,PSF,1.0,33.0,5.0,3.0,0.0,1.0,0.0,1.0,9.0,0.2222222238779068,0.0,0.0,2.0,jr jesselawson
Drayton Belton,ATH,PSSC,1.0,18.0,5.0,1.0,0.0,0.0,0.0,0.0,2.0,1.0,2.0,0.5,2.0,drayton belton
Kenny Burns Iii,PG,NWOK,1.0,24.0,5.0,1.0,0.0,1.0,0.0,0.0,16.0,0.125,1.0,1.0,2.0,kenny burns iii
Seth Wilkins,PG,SWCU,2.0,16.0,5.0,3.0,1.5,1.5,0.0,0.5,6.0,0.25,1.5,1.0,1.0,seth wilkins
Aj Richard,ATH,USW,1.0,18.0,5.0,5.0,2.0,0.0,0.0,1.0,5.0,0.4000000059604645,0.0,0.0,0.0,aj richard
D'Mari Wiltz,PG,SOU,1.0,26.0,5.0,3.0,5.0,2.0,0.0,0.0,4.0,0.5,2.0,0.5,4.0,d mari wiltz
Bryce Williams,ATH,ANIN,1.0,32.0,5.0,5.0,3.0,1.0,0.0,0.0,9.0,0.2222222238779068,1.0,1.0,3.0,bryce williams
Andrew Turco,ATH,KEAN,1.0,26.0,5.0,2.0,2.0,2.0,0.0,1.0,6.0,0.3333333432674408,0.0,0.0,0.0,andrew turco
Nolan Bessire,ATH,BOW,1.0,14.0,5.0,4.0,2.0,0.0,1.0,0.0,3.0,0.6666666865348816,5.0,0.20000000298023224,0.0,nolan bessire
Jack Kostel,PG,UTC,38.0,16.342106,4.9736843,2.4736843,1.1842105,0.6052632,0.078947365,0.92105263,3.8157895,0.4689655303955078,0.6052632,0.782608687877655,0.6052632,jack kostel
Carl Daughtery Jr.,PG,UCD,32.0,17.53125,4.96875,1.78125,0.40625,0.46875,0.03125,0.8125,5.1875,0.3253012001514435,1.125,0.6944444179534912,0.53125,carl daughtery jr
Eduardo Andre,C,WVU,31.0,17.096775,4.967742,3.8387096,1.0,0.67741936,1.4193548,0.0,3.096774,0.6979166865348816,1.1935484,0.5405405163764954,1.0967742,eduardo andre
Wyatt Fricks,SF,MRSH,31.0,12.612904,4.967742,2.387097,0.4516129,0.516129,0.6451613,0.58064514,3.903226,0.4793388545513153,1.1935484,0.5405405163764954,0.7419355,wyatt fricks
Damien Mayo Jr.,PG,SIU,31.0,23.903225,4.967742,3.032258,2.032258,0.6451613,0.29032257,0.41935483,4.516129,0.4000000059604645,1.1935484,0.7837837934494019,1.3548387,damien mayo jr
Nick Woodard,SF,ALCN,31.0,17.580645,4.967742,2.8387096,0.9032258,0.2580645,0.22580644,0.58064514,5.387097,0.3652694523334503,0.6451613,0.699999988079071,0.9032258,nick woodard
Greg Moore Jr.,PG,SAR,29.0,11.413794,4.965517,1.2068965,0.6551724,0.51724136,0.06896552,0.5862069,3.862069,0.4285714328289032,1.4137931,0.7560975551605225,0.9655172,greg moore jr
Max Jusianiec,PG,CAN,29.0,22.241379,4.965517,3.1724138,1.3103448,0.44827586,0.3448276,0.7241379,4.551724,0.3863636255264282,0.9655172,0.75,0.86206895,max jusianiec
Eli Wilborn,SF,JMU,28.0,12.75,4.964286,3.4642856,0.35714287,0.42857143,0.85714287,0.0,3.4285715,0.59375,1.7142857,0.5208333134651184,0.78571427,eli wilborn
CJ Happy,SF,PRIN,25.0,10.68,4.96,2.04,0.56,0.44,0.16,0.8,4.16,0.4326923191547394,0.96,0.5833333134651184,1.0,cj happy
Frank Mitchell,SF,SBU,29.0,15.620689,4.9310346,4.6896553,0.7241379,0.27586207,0.62068963,0.0,3.3793104,0.6632652878761292,1.1034483,0.40625,0.9655172,frank mitchell
Jackson Skipper,SF,UVM,26.0,16.23077,4.923077,2.2692308,0.46153846,0.26923078,0.15384616,1.0,3.9615386,0.3883495032787323,1.2692307,0.6666666865348816,0.65384614,jackson skipper
Caleb Foster,PG,DUKE,38.0,13.973684,4.9210525,1.7105263,1.4210526,0.6052632,0.078947365,0.65789473,4.4210525,0.4166666567325592,0.92105263,0.6285714507102966,0.84210527,caleb foster
Jayden Williams,C,UIW,36.0,16.555555,4.9166665,4.388889,0.2777778,0.75,1.4166666,0.0,3.2222223,0.6206896305084229,1.5833334,0.5789473652839661,0.5,jayden williams
Zaakir Williamson,SF,SPU,24.0,14.833333,4.9166665,3.25,0.33333334,0.20833333,0.6666667,0.083333336,4.1666665,0.4000000059604645,2.125,0.7058823704719543,0.5833333,zaakir williamson
Jasen Green,SF,CREI,36.0,20.305555,4.9166665,3.2222223,1.0277778,0.33333334,0.44444445,0.33333334,3.3888888,0.5573770403862,1.2222222,0.6590909361839294,0.9166667,jasen green
Noah Robledo,SF,COLU,22.0,13.772727,4.909091,2.5454545,0.54545456,0.27272728,0.13636364,1.0909091,4.090909,0.3777777850627899,0.8181818,0.8888888955116272,0.45454547,noah robledo
Dyondre Dominguez,SF,ARST,33.0,12.060606,4.909091,2.5454545,0.6666667,0.33333334,0.45454547,0.72727275,3.5454545,0.4188034236431122,1.5454545,0.7843137383460999,0.6363636,dyondre dominguez
Ryan Abelman,PG,NAU,33.0,18.30303,4.909091,2.1818182,0.8787879,0.72727275,0.09090909,1.0,4.090909,0.42222222685813904,0.57575756,0.7894737124443054,0.3030303,ryan abelman
Ben Defty,SF,BU,32.0,11.71875,4.90625,2.59375,0.5,0.15625,0.53125,0.0,2.96875,0.6421052813529968,1.65625,0.6603773832321167,0.96875,ben defty
Jordan Davis,PG,ILST,31.0,23.129032,4.903226,3.935484,0.8064516,0.38709676,0.22580644,1.0645162,4.645161,0.3819444477558136,0.3548387,0.8181818127632141,0.6451613,jordan davis
Mikah Ballew,PG,PORT,31.0,16.0,4.903226,1.3870968,0.8064516,0.32258064,0.06451613,0.58064514,4.387097,0.3897058963775635,1.1290323,0.800000011920929,0.87096775,mikah ballew
Camaren Sparrow,PG,COPP,30.0,19.2,4.9,2.7666667,1.0333333,1.1666666,0.16666667,0.4,4.1,0.3658536672592163,2.2333333,0.6716417670249939,1.2,camaren sparrow
Jaylin Jackson-Posey,PG,TXSO,29.0,18.758621,4.8965516,2.3793104,1.3103448,0.9310345,0.20689656,0.8965517,5.62069,0.3251533806324005,0.44827586,0.7692307829856873,0.7586207,jaylin jackson posey
Jacob Beccles,PG,COR,29.0,17.103449,4.8965516,1.3793104,2.0,0.6896552,0.06896552,0.51724136,3.689655,0.47663551568984985,1.2413793,0.6944444179534912,0.8965517,jacob beccles
Damon Wilkinson,C,SDST,27.0,10.037037,4.888889,2.4444444,0.6666667,0.074074075,0.25925925,0.0,3.4814816,0.585106372833252,1.2592592,0.6470588445663452,1.037037,damon wilkinson
Chico Johnson,PG,UPST,32.0,19.15625,4.875,1.5625,0.6875,0.40625,0.40625,0.6875,5.0,0.3375000059604645,1.34375,0.604651153087616,1.09375,chico johnson
Tasos Cook,PG,CAM,32.0,18.46875,4.875,1.96875,1.21875,0.5625,0.15625,0.40625,3.9375,0.4365079402923584,1.40625,0.7333333492279053,0.6875,tasos cook
AJ Clark,PG,VMI,32.0,21.40625,4.875,4.4375,1.25,1.875,0.9375,0.15625,3.1875,0.5490196347236633,1.90625,0.6393442749977112,0.8125,aj clark
Seneca Willoughby,PG,BCU,32.0,26.28125,4.875,3.34375,2.96875,0.96875,0.3125,0.875,3.96875,0.3858267664909363,1.4375,0.6521739363670349,1.21875,seneca willoughby
Jayden Johnson,PG,SCST,32.0,15.875,4.875,2.15625,2.28125,1.09375,0.03125,0.40625,4.375,0.4214285612106323,1.0,0.78125,1.53125,jayden johnson
Jace Roquemore,PG,UVM,27.0,22.74074,4.851852,2.5555556,1.3703704,0.4074074,0.22222222,0.7777778,4.037037,0.3761467933654785,1.2962962,0.800000011920929,0.7037037,jace roquemore
Brandon Love,SF,NEV,32.0,15.78125,4.84375,2.71875,0.34375,0.6875,0.6875,0.0,2.875,0.6304348111152649,2.0,0.609375,0.96875,brandon love
Shawn Jones Jr.,PG,MSST,34.0,19.264706,4.8235292,2.5588236,0.88235295,0.88235295,0.5882353,0.5294118,3.9705882,0.43703705072402954,1.0882353,0.7567567825317383,0.3529412,shawn jones jr
Josh Reed,SF,PSU,33.0,17.60606,4.818182,2.5151515,0.75757575,0.6969697,0.21212122,0.6060606,4.060606,0.41044774651527405,1.030303,0.8529411554336548,0.33333334,josh reed
Isaiah Shaw,PG,NAU,33.0,13.242424,4.818182,1.5151515,0.33333334,0.24242425,0.09090909,0.75757575,4.030303,0.4135338366031647,1.030303,0.7058823704719543,0.3939394,isaiah shaw
Ja'Derryus Eatmon,SF,FAMU,31.0,18.709677,4.806452,3.387097,0.61290324,0.29032257,0.8064516,0.0,2.8387096,0.6704545617103577,2.1612904,0.46268656849861145,1.1935484,ja derryus eatmon
Nassim Mashhour,PG,OAK,31.0,13.806452,4.806452,1.2580645,0.87096775,0.41935483,0.032258064,0.9354839,3.096774,0.4583333432674408,1.2580645,0.8205128312110901,0.83870965,nassim mashhour
Caden Boser,SF,ILST,35.0,12.4,4.8,1.6285714,0.9714286,0.14285715,0.2857143,0.85714287,3.6,0.4920634925365448,0.6,0.6666666865348816,1.0,caden boser
A.J. Wills,PG,HOF,30.0,18.366667,4.8,0.9,1.6333333,0.26666668,0.06666667,0.8,4.0333333,0.39669421315193176,1.1333333,0.7058823704719543,1.1333333,a j wills
Niyi Olabode,PG,UCR,34.0,21.941177,4.7941175,4.2647057,0.9117647,0.5882353,0.20588236,0.88235295,4.5,0.38562092185020447,0.64705884,0.6818181872367859,0.7058824,niyi olabode
Alex Tew,C,WEB,34.0,17.882353,4.7941175,3.2941177,0.7941176,1.0,0.7352941,0.0,3.3529413,0.5614035129547119,1.7058823,0.6034482717514038,1.2058823,alex tew
Ashton Smith,SF,SDAK,33.0,14.787879,4.787879,3.3939395,0.18181819,0.09090909,0.72727275,0.0,2.6969697,0.5617977380752563,2.6363637,0.6666666865348816,0.3939394,ashton smith
Curtis Givens III,PG,MEM,32.0,18.25,4.78125,1.71875,1.59375,0.5,0.0,0.90625,5.6875,0.26923078298568726,1.375,0.5909090638160706,1.125,curtis givens iii
Justin Thomas,PG,BGSU,32.0,22.0625,4.78125,2.28125,1.71875,1.03125,0.40625,0.75,4.21875,0.42222222685813904,0.84375,0.5555555820465088,1.03125,justin thomas
Devon Ellis,SF,NORF,27.0,12.222222,4.7777777,2.5555556,0.18518518,0.22222222,0.2962963,0.11111111,3.9629629,0.42990654706954956,1.8518518,0.6800000071525574,0.7037037,devon ellis
Aiden Tobiason,PG,TEM,27.0,20.518518,4.7777777,2.148148,0.962963,0.7777778,0.2962963,0.7777778,3.148148,0.4588235318660736,1.4444444,0.7692307829856873,0.25925925,aiden tobiason
Tey Barbour,PG,HARV,27.0,15.851851,4.7777777,1.8148148,0.5555556,0.37037036,0.0,1.037037,3.9629629,0.38317757844924927,0.7407407,0.949999988079071,0.5185185,tey barbour
Zaakir Sawyer,PG,PV,31.0,15.709678,4.774194,2.032258,0.67741936,0.9354839,0.38709676,0.032258064,3.8387096,0.5378151535987854,1.1935484,0.5135135054588318,0.5483871,zaakir sawyer
Davion Sykes,PG,SIU,31.0,17.290323,4.774194,3.2903225,0.87096775,0.516129,0.3548387,0.12903225,3.7096775,0.530434787273407,1.451613,0.4888888895511627,1.0,davion sykes
Cam Denson,SF,BALL,30.0,18.6,4.766667,3.2,0.8333333,0.3,0.3,0.4,3.9,0.470085471868515,1.8333334,0.38181817531585693,1.2,cam denson
Ismael Plet,SF,RMU,34.0,16.205883,4.7647057,3.6764705,0.61764705,0.20588236,0.32352942,0.029411765,3.6764705,0.5120000243186951,1.7647059,0.550000011920929,0.7352941,ismael plet
Timmy Adedire,SF,NCCU,33.0,24.727272,4.757576,3.4545455,1.5757576,0.8484849,0.121212125,0.90909094,4.5151515,0.3221476376056671,1.3939394,0.6739130616188049,0.8181818,timmy adedire
Malek Malual,SF,NNMC,4.0,21.25,4.75,5.5,1.25,0.75,0.0,0.0,5.0,0.3499999940395355,2.25,0.5555555820465088,2.0,malek malual
Quinn Collins,ATH,LSIU,4.0,16.75,4.75,4.0,0.5,0.75,0.0,0.75,7.5,0.2666666805744171,0.25,0.0,0.25,quinn collins
Rashaud Marshall,SF,APSU,35.0,17.37143,4.742857,5.257143,0.2857143,0.22857143,0.6571429,0.0,2.9714286,0.567307710647583,2.0857143,0.6575342416763306,0.5714286,rashaud marshall
CJ Hyland,PG,WCU,27.0,21.074074,4.740741,2.0370371,2.0,0.7407407,0.037037037,0.5555556,5.0740743,0.32846716046333313,1.1111112,0.7666666507720947,1.3703704,cj hyland
Grant Slatten,PG,TNTC,30.0,15.2,4.733333,1.8666667,0.8333333,0.5,0.13333334,0.6,3.3333333,0.44999998807907104,1.4333333,0.7906976938247681,0.46666667,grant slatten
Vernon Collins,SF,WCU,30.0,18.0,4.733333,5.0,0.7,0.2,0.76666665,0.0,3.4666667,0.5096153616905212,1.7666667,0.6792452931404114,1.1666666,vernon collins
Curtis Williams Jr.,PG,TULN,33.0,15.393939,4.7272725,1.8484849,0.54545456,0.36363637,0.060606062,0.75757575,4.181818,0.4057970941066742,0.7878788,0.7307692170143127,0.8787879,curtis williams jr
Kylin Green,PG,HCU,33.0,15.515152,4.7272725,2.060606,1.6666666,0.45454547,0.0,0.45454547,3.3030303,0.4678899049758911,1.7272727,0.6842105388641357,0.8484849,kylin green
Trey Moss,PG,GW,29.0,15.896552,4.724138,1.8965517,0.79310346,0.41379312,0.03448276,0.62068963,4.3103447,0.37599998712539673,1.1034483,0.78125,0.62068963,trey moss
Kam Parker,PG,AMCC,29.0,15.896552,4.724138,1.5517242,1.7586207,1.0,0.03448276,0.82758623,3.5172415,0.4215686321258545,1.2068965,0.7714285850524902,0.9310345,kam parker
Ajay Sheldon,PG,OHIO,32.0,19.40625,4.71875,1.53125,1.3125,1.0625,0.09375,0.90625,4.40625,0.368794322013855,0.78125,0.7200000286102295,0.40625,ajay sheldon
Kyle Frazier,PG,W&M,32.0,14.8125,4.71875,1.28125,0.6875,0.40625,0.03125,1.0625,3.90625,0.36800000071525574,0.90625,0.8620689511299133,0.28125,kyle frazier
Aaron Price Jr.,PF,CP,31.0,10.709678,4.709677,1.9354838,0.2580645,0.2580645,0.06451613,0.32258064,3.612903,0.5267857313156128,0.8064516,0.7200000286102295,0.61290324,aaron price jr
Jerald Colonel,SF,SFA,31.0,20.096775,4.709677,5.548387,1.032258,0.61290324,2.1935484,0.0,3.612903,0.5803571343421936,1.1612903,0.4444444477558136,0.58064514,jerald colonel
Xavier Booker,SF,UCLA,33.0,12.787879,4.6969695,2.2121212,0.24242425,0.060606062,0.6666667,0.5151515,4.212121,0.41726619005203247,0.8484849,0.7857142686843872,0.8787879,xavier booker
Drew King,PG,YSU,33.0,26.515152,4.6969695,4.212121,3.3636363,0.6666667,0.060606062,0.6060606,4.3636365,0.375,1.2424242,0.6585366129875183,1.7878788,drew king
Corey Perkins,PG,DSU,29.0,16.827587,4.6896553,1.4827586,2.689655,0.79310346,0.0,0.4827586,3.9310346,0.3333333432674408,2.0344827,0.7796609997749329,1.3448275,corey perkins
Josh Jones,C,UND,29.0,18.413794,4.6896553,3.3448277,0.6551724,0.27586207,0.27586207,0.13793103,3.137931,0.6043956279754639,1.2068965,0.6285714507102966,1.6206896,josh jones
Trey Lewis,PG,WMU,32.0,10.5,4.6875,1.21875,0.375,0.40625,0.3125,0.84375,3.65625,0.4615384638309479,0.65625,0.7142857313156128,0.5,trey lewis
Jayden Ndjigue,PG,MASS,31.0,25.419355,4.677419,4.709677,1.7096775,1.0645162,0.61290324,0.2580645,4.032258,0.3840000033378601,2.096774,0.6307692527770996,1.0645162,jayden ndjigue
Lazar Stefanovic,PG,UCLA,34.0,16.441177,4.6764708,1.9117647,0.9411765,0.5294118,0.0,0.7058824,4.147059,0.40425533056259155,0.64705884,0.9545454382896423,0.5294118,lazar stefanovic
Austin Cook,PG,LPU,6.0,28.0,4.6666665,2.1666667,1.5,0.33333334,0.0,1.3333334,7.6666665,0.19565217196941376,0.5,0.6666666865348816,2.5,austin cook
Camden Heide,SF,TEX,36.0,19.666666,4.6666665,3.6111112,0.41666666,0.3611111,0.22222222,0.8611111,3.0555556,0.4909090995788574,1.0,0.8055555820465088,0.33333334,camden heide
Gianni Thompson,SF,CAN,27.0,14.740741,4.6666665,2.1851852,0.44444445,0.33333334,0.5185185,0.4814815,3.925926,0.4433962404727936,1.1481482,0.6129032373428345,1.1851852,gianni thompson
Brandon Hill,C,TCJ,3.0,21.0,4.6666665,4.0,0.33333334,0.0,0.0,0.0,9.0,0.2222222238779068,0.6666667,1.0,1.0,brandon hill
Ignacio Dacunda,PG,STAM,3.0,17.333334,4.6666665,4.3333335,1.0,0.33333334,0.0,0.33333334,5.6666665,0.1764705926179886,3.0,0.7777777910232544,1.3333334,ignacio dacunda
Nick Lancit,PG,DCC,3.0,19.666666,4.6666665,1.0,0.33333334,1.0,0.33333334,0.6666667,6.3333335,0.2631579041481018,0.6666667,1.0,3.0,nick lancit
Chop Paljor,PG,UAPB,24.0,12.5,4.6666665,0.7916667,0.5,0.25,0.125,1.25,3.75,0.4333333373069763,0.25,0.6666666865348816,0.5,chop paljor
Jaxson Provost,PG,ERKA,3.0,11.333333,4.6666665,0.0,0.0,0.33333334,0.0,1.3333334,5.0,0.3333333432674408,0.0,0.0,2.3333333,jaxson provost
Max Hemphill,ATH,CU,3.0,17.666666,4.6666665,1.6666666,0.33333334,0.0,0.0,0.33333334,5.3333335,0.375,0.6666667,0.5,2.0,max hemphill
Zivko Damjanovic,SF,MILG,3.0,23.666666,4.6666665,5.0,0.6666667,0.0,0.6666667,0.0,7.0,0.3333333432674408,0.0,0.0,3.0,zivko damjanovic
Nolan Sexton,PG,STAM,3.0,5.6666665,4.6666665,0.6666667,0.0,0.0,0.0,1.3333334,1.3333334,1.0,0.6666667,1.0,0.0,nolan sexton
Justice Ajogbor,C,JOES,35.0,21.142857,4.6571426,4.428571,0.5714286,0.37142858,2.4571428,0.0,3.4285715,0.574999988079071,1.8285714,0.390625,1.0571429,justice ajogbor
Supreme Cook,SF,ORE,32.0,11.09375,4.65625,2.625,0.1875,0.3125,0.09375,0.0,3.15625,0.5445544719696045,2.09375,0.5820895433425903,0.75,supreme cook
Solomon Washington,SF,MD,32.0,22.15625,4.65625,5.0625,0.84375,0.84375,1.1875,0.3125,4.28125,0.35766422748565674,1.84375,0.694915235042572,0.90625,solomon washington
Babatunde Durodola,SF,TEM,32.0,16.28125,4.65625,4.21875,0.59375,0.34375,0.34375,0.0,3.40625,0.4862385392189026,1.96875,0.682539701461792,0.59375,babatunde durodola
Justin Amadi,SF,MSM,28.0,16.571428,4.642857,3.2142856,0.17857143,0.4642857,0.2857143,0.0,3.0714285,0.5813953280448914,2.0,0.5357142686843872,0.60714287,justin amadi
Philip Byriel,SF,PRIN,28.0,16.428572,4.642857,2.0714285,0.89285713,0.39285713,0.10714286,1.1785715,4.321429,0.3719008266925812,0.4642857,0.5384615659713745,0.64285713,philip byriel
Reid Ducharme,PG,SIE,25.0,13.32,4.64,1.76,0.2,0.48,0.24,0.88,3.8,0.38947367668151855,0.92,0.8695651888847351,0.64,reid ducharme
Rongie Gordon,SF,KENN,33.0,23.69697,4.6363635,6.181818,1.939394,0.6969697,0.90909094,0.33333334,4.090909,0.4296296238899231,0.969697,0.8125,1.1515151,rongie gordon
Hayden Welling,SF,UVU,33.0,12.424242,4.6363635,2.060606,0.5151515,0.3939394,0.6666667,0.3939394,4.242424,0.41428571939468384,1.0,0.7272727489471436,0.45454547,hayden welling
Somtochukwu Cyril,C,UGA,33.0,14.060606,4.6363635,3.8181818,0.5151515,0.18181819,1.5454545,0.0,2.7575758,0.6263736486434937,2.4242425,0.48750001192092896,1.0909091,somtochukwu cyril
Cade Phillips,SF,TENN,38.0,14.947369,4.631579,3.5263157,0.6052632,0.21052632,0.8684211,0.0,2.8421052,0.6296296119689941,1.9473684,0.5405405163764954,0.4473684,cade phillips
Tarik Watson,C,MRST,27.0,11.333333,4.6296296,2.0,0.5185185,0.25925925,0.44444445,0.0,3.6296296,0.5714285969734192,1.074074,0.4482758641242981,0.7037037,tarik watson
Malek Abdelgowad,SF,SOU,27.0,13.777778,4.6296296,4.962963,0.6296296,0.5555556,0.25925925,0.11111111,3.7037036,0.46000000834465027,1.4814814,0.75,1.074074,malek abdelgowad
Trey Parker,PG,HALL,27.0,11.925926,4.6296296,1.4074074,1.1111112,0.5185185,0.14814815,0.7407407,4.3333335,0.41025641560554504,0.44444445,0.75,0.962963,trey parker
Jorn Everson,SF,ARMY,32.0,9.25,4.625,1.0625,0.59375,0.21875,0.03125,0.625,4.0,0.46875,0.5,0.5,0.625,jorn everson
AJ Bates,PG,LT,29.0,17.48276,4.62069,1.9655173,1.6896552,0.7586207,0.10344828,0.44827586,3.4827585,0.4356435537338257,1.6896552,0.6734693646430969,1.0,aj bates
Tyreck Morris,PG,SPU,21.0,14.523809,4.6190476,1.5714285,1.3333334,0.3809524,0.23809524,0.1904762,5.3333335,0.3482142984867096,1.0476191,0.6818181872367859,1.2380953,tyreck morris
Travis Gray,PG,WAG,26.0,11.961538,4.6153846,2.6153846,0.6923077,0.65384614,0.30769232,0.7307692,4.4615383,0.37068966031074524,0.96153843,0.6000000238418579,0.65384614,travis gray
Tyler Mack,PG,ALST,31.0,13.709678,4.612903,1.6129032,0.3548387,0.2580645,0.09677419,1.3870968,4.096774,0.3858267664909363,0.09677419,0.6666666865348816,0.29032257,tyler mack
Amari McCottry,PG,SLU,31.0,14.4838705,4.612903,3.1290324,1.032258,1.032258,0.16129032,0.32258064,3.2258065,0.5299999713897705,1.483871,0.5869565010070801,1.3548387,amari mccottry
Etienne Strothers,PG,HAMP,28.0,18.107143,4.607143,2.0357144,1.2857143,1.0714285,0.35714287,0.64285713,3.75,0.41904762387275696,1.1428572,0.71875,0.78571427,etienne strothers
Julian Larry,PG,TEX,35.0,19.857143,4.6,1.4571428,2.9142857,0.71428573,0.057142857,0.42857143,3.4,0.43697479367256165,1.5142857,0.7924528121948242,1.5428572,julian larry
Mykolas Ivanauskas,SF,MERC,27.0,15.148149,4.5925927,3.7037036,0.37037036,0.2962963,0.5925926,0.18518518,3.6666667,0.4747474789619446,1.2962962,0.7142857313156128,1.0,mykolas ivanauskas
Keelan Steele,SF,ME,34.0,14.441176,4.5882354,2.9117646,0.47058824,0.44117647,0.5588235,0.0,3.3235295,0.5398229956626892,1.8235294,0.5483871102333069,0.7941176,keelan steele
Zachary Reinhart,PG,ABSU,29.0,21.51724,4.586207,2.0689654,1.4827586,0.51724136,0.20689656,1.2758621,4.275862,0.33870968222618103,0.55172414,0.75,1.1034483,zachary reinhart
D'Ante Bass,SF,ALST,36.0,13.444445,4.5833335,3.3055556,0.44444445,0.5555556,0.3611111,0.7777778,4.0,0.4027777910232544,0.9166667,0.6363636255264282,0.6388889,d ante bass
David Brown III,PG,L-MD,31.0,20.161291,4.580645,2.1612904,1.1290323,0.3548387,0.22580644,0.83870965,4.0,0.3790322542190552,0.7096774,1.0,0.4516129,david brown iii
Jazz Gardner,C,SMC,33.0,17.666666,4.5757575,3.7575758,0.36363637,0.21212122,0.57575756,0.030303031,3.5757575,0.6016949415206909,0.54545456,0.4444444477558136,0.6060606,jazz gardner
Jamichael Davis,PG,RUTG,32.0,17.90625,4.5625,1.53125,1.71875,0.90625,0.28125,0.4375,4.375,0.37142857909202576,1.34375,0.6511628031730652,0.5,jamichael davis
Jerrell Bellamy,C,TROY,32.0,10.03125,4.5625,2.15625,0.09375,0.3125,0.71875,0.09375,3.15625,0.5445544719696045,1.5,0.6875,0.375,jerrell bellamy
Christian Fermin,SF,VCU,34.0,19.411764,4.5588236,3.1176472,0.61764705,0.2647059,1.382353,0.0,3.6764705,0.5440000295639038,1.0294118,0.5428571701049805,0.7058824,christian fermin
Isaac Traudt,SF,CREI,36.0,15.833333,4.5555553,2.1666667,0.44444445,0.16666667,0.055555556,1.0555556,3.5277777,0.4330708682537079,0.4722222,0.9411764740943909,0.2777778,isaac traudt
P.J. Edwards,PG,GRAM,29.0,18.724138,4.551724,2.1724138,0.51724136,0.51724136,0.1724138,0.7241379,4.586207,0.33834585547447205,1.1034483,0.65625,0.82758623,p j edwards
TJ Gadsden,PG,HOF,29.0,21.931034,4.551724,3.2413793,0.6896552,0.4827586,0.20689656,0.82758623,4.448276,0.3643410801887512,0.6896552,0.699999988079071,1.0689656,tj gadsden
Cam Estevez,PG,FAIR,31.0,15.806452,4.548387,1.0967742,0.7096774,0.38709676,0.19354838,1.032258,4.225806,0.35877862572669983,0.6451613,0.75,0.7741935,cam estevez
Tomas Thrastarson,PG,WSU,31.0,20.67742,4.548387,3.096774,0.5483871,0.32258064,0.61290324,0.38709676,2.7741935,0.569767415523529,1.8064516,0.5535714030265808,0.516129,tomas thrastarson
Sean Cusano,PG,UTC,35.0,13.6285715,4.542857,3.7142856,0.7714286,0.37142858,0.4857143,0.5714286,3.6857142,0.44961240887641907,0.9714286,0.6764705777168274,0.62857145,sean cusano
Arnas Sakenis,C,SIUE,26.0,16.615385,4.5384617,3.8461537,0.6923077,0.30769232,1.8461539,0.0,3.3076923,0.5465116500854492,1.8461539,0.5,0.65384614,arnas sakenis
Glenn Taylor Jr.,SF,OU,34.0,19.058823,4.529412,2.5294118,1.0,0.64705884,0.23529412,0.5882353,3.735294,0.4094488322734833,1.1764706,0.75,0.5882353,glenn taylor jr
Tre Green,PG,MTSU,31.0,13.258064,4.516129,1.6451613,0.29032257,0.19354838,0.032258064,0.9354839,3.1612904,0.4693877696990967,0.7741935,0.7916666865348816,0.6451613,tre green
Jordan Rogers,SF,NJIT,31.0,23.064516,4.516129,4.193548,1.516129,0.7741935,0.4516129,0.516129,3.1290324,0.47422680258750916,1.3870968,0.7441860437393188,1.2903225,jordan rogers
Puoch Dobuol,SF,SOU,31.0,12.580646,4.516129,3.2580645,0.4516129,0.6451613,0.7419355,0.2580645,4.548387,0.39007091522216797,1.032258,0.6875,0.7096774,puoch dobuol
Wilhelm Breidenbach,SF,GCU,30.0,16.866667,4.5,2.3666666,0.4,0.43333334,0.13333334,0.6666667,3.2333333,0.5051546096801758,0.8,0.7083333134651184,0.6333333,wilhelm breidenbach
Booker Cusaac,SF,NBRY,2.0,12.0,4.5,4.0,0.5,0.0,1.0,0.0,3.0,0.5,2.0,0.75,0.0,booker cusaac
Breon Pass,PG,NCSU,30.0,13.933333,4.5,1.3333334,1.1333333,0.43333334,0.1,0.8,3.7333333,0.4017857015132904,0.8,0.875,0.7,breon pass
Kyron Kelly,SF,NCW,2.0,16.0,4.5,3.5,0.5,0.0,0.0,0.0,2.5,0.800000011920929,1.0,0.5,0.0,kyron kelly
Ethan Schwantes,SF,WCMD,2.0,18.0,4.5,7.0,0.0,0.5,0.5,0.0,5.0,0.4000000059604645,1.0,0.5,0.5,ethan schwantes
Devine Conley,PG,EAWE,4.0,13.5,4.5,2.25,0.0,0.25,0.0,0.25,5.75,0.260869562625885,1.5,0.8333333134651184,1.5,devine conley
Daymon Beckwith,PG,PFEI,2.0,19.5,4.5,2.5,1.0,0.0,0.0,0.5,6.0,0.3333333432674408,0.0,0.0,2.5,daymon beckwith
John Lovelace Jr.,PG,MILW,32.0,14.375,4.5,2.1875,0.5625,0.53125,0.4375,0.4375,3.53125,0.40707963705062866,1.5625,0.7599999904632568,0.625,john lovelace jr
Ankerion Gross,SF,WILC,2.0,23.0,4.5,6.0,0.5,0.0,0.0,0.5,5.5,0.27272728085517883,1.0,1.0,1.5,ankerion gross
Sam Gold,SF,MILG,2.0,24.5,4.5,5.0,1.0,0.5,0.0,1.5,6.0,0.25,0.0,0.0,1.5,sam gold
Ryan Lang,PG,WCMD,2.0,18.0,4.5,1.5,0.0,0.0,0.0,0.5,3.0,0.6666666865348816,0.0,0.0,0.5,ryan lang
Asher Gardiner,SF,EMRS,2.0,16.5,4.5,0.5,1.5,0.5,0.0,0.0,3.0,0.6666666865348816,1.0,0.5,1.0,asher gardiner
Jacob Curry,PG,AL,2.0,15.0,4.5,1.5,1.5,0.0,0.0,1.5,3.5,0.4285714328289032,0.0,0.0,0.5,jacob curry
Kareem Rowe,SF,MNLO,2.0,19.5,4.5,1.5,0.5,0.5,0.0,0.5,4.5,0.4444444477558136,0.0,0.0,0.5,kareem rowe
Matt Nero,PG,TWES,2.0,15.0,4.5,0.0,2.5,0.5,0.0,0.5,5.5,0.27272728085517883,1.0,1.0,1.5,matt nero
Carlas Canady,PG,DCC,4.0,17.0,4.5,3.0,1.25,2.0,0.0,0.75,5.5,0.3181818127632141,1.25,0.20000000298023224,3.0,carlas canady
Ethan Determan,SG,DWU,2.0,16.0,4.5,3.5,0.5,0.0,0.0,0.0,7.0,0.2142857164144516,1.5,1.0,1.0,ethan determan
Jason Young,PG,CHEY,4.0,12.25,4.5,1.5,0.0,0.25,0.0,0.5,5.5,0.3181818127632141,1.75,0.2857142984867096,0.75,jason young
Micah Breaux,PG,OXY,2.0,22.0,4.5,2.5,2.5,0.0,0.0,0.0,4.0,0.5,1.5,0.3333333432674408,3.5,micah breaux
Ryan Lominack,PG,WPEA,2.0,15.5,4.5,1.0,0.0,0.0,0.0,1.5,6.5,0.23076923191547394,0.0,0.0,1.5,ryan lominack
Micah Wills,C,AL,2.0,10.5,4.5,1.0,0.0,0.5,0.0,0.5,3.0,0.5,1.0,1.0,0.5,micah wills
Chris Jarrett,PG,TXLU,2.0,11.5,4.5,2.0,0.5,0.5,0.0,0.5,4.5,0.4444444477558136,1.0,0.0,2.0,chris jarrett
Matthew Gonzalez,PG,OLLU,2.0,9.0,4.5,0.5,0.0,0.0,0.0,1.5,3.5,0.4285714328289032,0.0,0.0,0.0,matthew gonzalez
Isaia Howard,PG,IOWA,30.0,15.166667,4.5,2.5,0.8333333,1.1,0.3,0.46666667,4.133333,0.4354838728904724,0.96666664,0.4482758641242981,0.6333333,isaia howard
Ben Costello,SF,WCMD,2.0,17.0,4.5,3.0,2.0,1.0,0.0,0.0,5.0,0.20000000298023224,4.0,0.625,2.0,ben costello
Ty Woodland,SF,WCMD,2.0,18.5,4.5,2.0,0.0,0.0,1.5,0.5,6.0,0.3333333432674408,0.0,0.0,0.5,ty woodland
Evan Angstmann,SF,DFC,4.0,17.5,4.5,2.0,0.25,0.0,0.0,1.0,4.5,0.3888888955116272,0.0,0.0,0.0,evan angstmann
Marcus Portis,ATH,NCW,2.0,6.5,4.5,2.5,0.0,0.5,0.0,0.0,1.5,0.3333333432674408,5.5,0.6363636255264282,1.0,marcus portis
Chuks Ezeonu,SF,WPEA,2.0,20.0,4.5,3.5,0.5,0.0,2.0,0.0,2.5,0.800000011920929,1.0,0.5,1.0,chuks ezeonu
Janyle Pittman,ATH,NBRY,2.0,20.0,4.5,2.0,2.5,2.0,0.0,0.0,4.5,0.3333333432674408,3.0,0.5,2.0,janyle pittman
Clyde Frasier,PG,CHEY,4.0,24.25,4.5,2.0,2.75,1.0,0.0,0.0,4.5,0.2222222238779068,4.0,0.625,3.0,clyde frasier
Devin Dean,ATH,BOBJ,2.0,20.0,4.5,3.0,2.0,1.5,0.0,0.0,6.5,0.23076923191547394,3.0,0.5,1.0,devin dean
Nathan Jones,PG,WNMU,2.0,17.0,4.5,2.5,1.0,0.5,0.0,0.0,4.5,0.4444444477558136,1.0,0.5,0.5,nathan jones
Tay Aubry-Thomas,ATH,NWWA,2.0,14.0,4.5,2.5,0.5,0.5,0.5,0.0,6.0,0.25,3.5,0.4285714328289032,1.5,tay aubry thomas
Luke Abeln,ATH,WCMO,2.0,11.5,4.5,1.5,0.0,0.0,0.0,0.5,4.5,0.4444444477558136,0.0,0.0,1.5,luke abeln
Aden Mendez,PG,MCM,2.0,11.0,4.5,0.5,1.5,0.0,0.0,1.5,4.0,0.375,0.0,0.0,0.0,aden mendez
Justin Wiggins,ATH,BLU,2.0,20.0,4.5,2.0,3.0,1.0,0.0,0.5,7.5,0.13333334028720856,2.5,0.800000011920929,2.0,justin wiggins
Greg Fitzgerald,PG,VTSJ,2.0,5.5,4.5,0.5,0.0,0.0,0.0,1.5,2.5,0.6000000238418579,0.0,0.0,0.5,greg fitzgerald
Connor Miller,PG,LETU,2.0,28.5,4.5,2.5,1.0,0.0,0.0,0.5,6.0,0.3333333432674408,0.0,0.0,1.0,connor miller
Javantae Randle,SF,CNSU,2.0,17.5,4.5,4.0,1.0,0.0,0.5,0.5,4.5,0.4444444477558136,0.0,0.0,2.5,javantae randle
Kaden Eirhart,ATH,TRCC,2.0,12.5,4.5,0.0,0.0,0.0,0.0,0.5,3.5,0.4285714328289032,1.0,1.0,0.0,kaden eirhart
Jake Klinger,ATH,ERAZ,2.0,22.5,4.5,2.0,0.5,0.5,0.0,1.0,4.5,0.2222222238779068,2.5,0.6000000238418579,0.5,jake klinger
Ben Rice,ATH,JSU,2.0,17.5,4.5,6.5,0.5,1.0,0.5,0.5,3.0,0.6666666865348816,1.0,0.0,2.0,ben rice
Kenyon Elliott,PG,OLLU,2.0,17.5,4.5,2.0,1.0,2.5,0.0,0.5,7.0,0.2142857164144516,1.0,1.0,2.0,kenyon elliott
Bryan Castillo,ATH,WRNR,2.0,16.0,4.5,2.0,1.0,1.0,0.0,0.0,4.5,0.4444444477558136,1.5,0.3333333432674408,1.5,bryan castillo
Rob Gambill,C,SWCU,2.0,18.5,4.5,1.0,0.5,0.0,0.5,1.5,5.0,0.30000001192092896,0.0,0.0,1.0,rob gambill
David Onanina,C,BCU,31.0,12.32258,4.483871,2.516129,0.19354838,0.09677419,0.4516129,0.0,3.451613,0.5514018535614014,1.3225807,0.5121951103210449,0.7096774,david onanina
Aidan Mahaney,PG,UCSB,34.0,12.323529,4.470588,0.7941176,1.2941177,0.20588236,0.0,0.6764706,4.0588236,0.37681159377098083,0.9705882,0.7575757503509521,0.5882353,aidan mahaney
Justus McNair,PG,VAL,34.0,11.176471,4.470588,1.2647059,0.29411766,0.5294118,0.20588236,0.61764705,3.9411764,0.38805970549583435,1.0882353,0.7297297120094299,0.4117647,justus mcnair
Robert Miller III,SF,LSU,32.0,15.65625,4.46875,3.09375,0.6875,0.40625,0.90625,0.125,3.0,0.6145833134651184,1.03125,0.6363636255264282,0.5625,robert miller iii
Derick Hamilton,SF,UTEP,32.0,9.28125,4.46875,2.09375,0.21875,0.34375,0.28125,0.0,3.21875,0.5728155374526978,1.3125,0.5952380895614624,0.875,derick hamilton
JT Warren,SF,NWST,32.0,14.1875,4.46875,2.625,0.40625,0.5,0.21875,0.375,3.90625,0.42399999499320984,1.03125,0.7575757503509521,0.53125,jt warren
Connor Dubsky,PG,UNCA,28.0,9.678572,4.464286,0.53571427,0.39285713,0.32142857,0.10714286,1.0357143,3.0357144,0.3764705955982208,1.3214285,0.8648648858070374,0.2857143,connor dubsky
Randy Brady,SF,USA,26.0,18.26923,4.4615383,3.5,2.1538463,0.6923077,0.1923077,0.5769231,3.1538463,0.4268292784690857,1.5769231,0.7560975551605225,1.0769231,randy brady
Sheridan Sharp,PG,USI,26.0,17.692308,4.4615383,1.4615384,2.2692308,0.53846157,0.07692308,0.23076923,3.8846154,0.4455445408821106,0.96153843,0.800000011920929,1.1923077,sheridan sharp
Ladji Dembele,SF,UNLV,33.0,16.757576,4.4545455,3.5454545,0.57575756,0.3030303,0.21212122,0.3939394,3.6969697,0.46721312403678894,0.8484849,0.7142857313156128,0.6060606,ladji dembele
Elijah Johnson,ATH,VUL,11.0,28.727272,4.4545455,2.8181818,0.72727275,0.90909094,0.09090909,0.0,5.909091,0.2769230902194977,1.7272727,0.6842105388641357,2.3636363,elijah johnson
Shey Eberwein,PG,SDAK,31.0,16.774193,4.451613,1.6451613,1.0,0.41935483,0.32258064,0.3548387,3.548387,0.3909091055393219,2.0,0.6612903475761414,0.61290324,shey eberwein
Akrum Ahemed,PG,UNCG,27.0,11.703704,4.4444447,1.4444444,0.33333334,0.4814815,0.0,0.7777778,3.4444444,0.4301075339317322,0.9259259,0.7599999904632568,0.4814815,akrum ahemed
Enoch Boakye,SF,VILL,36.0,22.86111,4.4444447,6.4444447,0.30555555,0.33333334,0.7222222,0.0,2.4444444,0.6590909361839294,1.6388888,0.7457627058029175,0.7222222,enoch boakye
Nico Nobili,SF,BU,27.0,22.11111,4.4444447,4.9259257,0.962963,0.33333334,0.4074074,0.4814815,3.4074075,0.44565218687057495,1.4074074,0.6578947305679321,1.1481482,nico nobili
Lysander Rehnstrom,PG,NAVY,34.0,13.029411,4.4411764,1.117647,0.2647059,0.23529412,0.029411765,1.2647059,4.0882354,0.3741007149219513,0.1764706,0.6666666865348816,0.5588235,lysander rehnstrom
Hayden Hefner,PG,TA&M,32.0,15.3125,4.4375,1.65625,0.5625,0.59375,0.28125,0.71875,4.125,0.3787878751754761,0.8125,0.7307692170143127,0.625,hayden hefner
Davontae Hall,PG,KC,32.0,14.71875,4.4375,1.25,2.59375,0.75,0.125,0.40625,4.15625,0.35338345170021057,1.34375,0.8139534592628479,1.53125,davontae hall
Dezmond McKinney,PG,BELL,28.0,12.25,4.428571,1.8571428,1.2142857,0.64285713,0.071428575,0.10714286,3.0714285,0.5,1.4285715,0.875,0.9285714,dezmond mckinney
Isaiah Gaines,SF,SELA,33.0,20.757576,4.4242425,4.969697,0.969697,0.3939394,0.6666667,0.060606062,3.121212,0.4757281541824341,1.969697,0.7076923251152039,0.93939394,isaiah gaines
Pip Ajayi,SF,BUCK,33.0,12.848485,4.4242425,3.3636363,0.3939394,0.54545456,0.6363636,0.0,2.5454545,0.6547619104385376,2.2727273,0.47999998927116394,0.57575756,pip ajayi
Josh Farmer,SF,TXSO,26.0,13.384615,4.423077,3.1153846,0.5,0.53846157,0.42307693,0.07692308,3.7307692,0.4329896867275238,1.5384616,0.7250000238418579,1.1153846,josh farmer
Ques Glover,PG,OSU,24.0,16.041666,4.4166665,1.4166666,1.2083334,0.375,0.083333336,0.45833334,4.7083335,0.3451327383518219,1.0,0.7083333134651184,0.7916667,ques glover
Victor Valdes,SF,TROY,34.0,16.764706,4.4117646,2.1764705,1.882353,0.9117647,0.32352942,0.6764706,3.9705882,0.3333333432674408,1.4705882,0.7400000095367432,1.2058823,victor valdes
Michael Wilson,PG,DMCA,27.0,19.296297,4.4074073,3.2962964,0.8888889,0.7777778,0.11111111,0.8148148,3.5555556,0.3854166567325592,1.074074,0.7931034564971924,0.9259259,michael wilson
Peyton Rogers,SF,HCU,32.0,29.40625,4.40625,5.78125,1.25,1.21875,0.875,0.59375,3.46875,0.4324324429035187,1.21875,0.6666666865348816,0.71875,peyton rogers
John Adams,SF,CIT,30.0,23.233334,4.4,4.8,1.1333333,0.46666667,0.3,0.0,3.4,0.5098039507865906,1.9333333,0.48275861144065857,0.93333334,john adams
Caleb Brown,PG,CCSC,5.0,21.0,4.4,2.6,1.2,0.6,0.0,0.4,5.8,0.27586206793785095,1.4,0.5714285969734192,1.0,caleb brown
Marco Brown,PG,EAWE,5.0,19.8,4.4,1.0,1.0,1.6,0.0,0.8,7.8,0.20512820780277252,0.8,0.5,2.0,marco brown
Zavier Fitch,SF,WAG,30.0,20.766666,4.4,4.1,0.76666665,0.8666667,0.53333336,0.033333335,3.1333334,0.5106382966041565,1.8666667,0.625,0.7,zavier fitch
Mayuom Buom,SF,SDAK,28.0,11.5,4.392857,2.0714285,0.25,0.17857143,0.39285713,0.035714287,2.642857,0.6486486196517944,1.2857143,0.7222222089767456,0.21428572,mayuom buom
Corey Thomas,SF,BRAD,36.0,11.777778,4.388889,3.1388888,0.5555556,0.083333336,0.44444445,0.4722222,2.7777777,0.5299999713897705,1.25,0.7777777910232544,0.7222222,corey thomas
Tyrel Bladen,SF,NORF,31.0,17.387096,4.387097,3.387097,0.48387095,0.2580645,0.38709676,0.0,3.2580645,0.5544554591178894,1.451613,0.5333333611488342,1.0645162,tyrel bladen
Kyle Evans,SF,UCI,39.0,12.051282,4.3846154,3.4358974,0.33333334,0.23076923,1.2307693,0.0,2.7179487,0.6698113083839417,0.8717949,0.8529411554336548,0.6666667,kyle evans
Darius DeAveiro,PG,VAL,34.0,25.82353,4.382353,2.7941177,2.8529413,1.0,0.0882353,0.7647059,4.117647,0.33571428060531616,1.0882353,0.7837837934494019,1.0588236,darius deaveiro
Jermaine Washington,PG,SJSU,34.0,19.970589,4.382353,1.5882353,0.9705882,0.5294118,0.029411765,0.7352941,3.764706,0.40625,0.7941176,0.7407407164573669,0.9705882,jermaine washington
Comeh Emuobor,PG,UNH,29.0,13.448276,4.37931,2.3793104,0.62068963,0.4827586,0.03448276,0.31034482,3.8275862,0.4234234094619751,1.1034483,0.75,1.137931,comeh emuobor
Justin Mullins,PG,NU,32.0,22.25,4.375,3.25,1.40625,1.0,0.21875,0.5,3.6875,0.4661017060279846,0.78125,0.5600000023841858,0.71875,justin mullins
Aquan Smart,PG,NCCU,30.0,11.966666,4.366667,1.9666667,1.3333334,0.5,0.26666668,0.6333333,3.2666667,0.4693877696990967,1.0666667,0.625,0.73333335,aquan smart
Dylan Williams,PG,PENN,25.0,17.04,4.36,1.16,1.24,0.36,0.04,0.88,4.36,0.3211009204387665,1.0,0.6800000071525574,1.08,dylan williams
Brayden Crump,SF,ETSU,31.0,15.580646,4.354839,3.096774,0.29032257,0.3548387,0.09677419,0.2580645,3.483871,0.45370370149612427,1.3225807,0.707317054271698,0.29032257,brayden crump
Chas Kelley III,PG,GT,31.0,18.838709,4.354839,1.2258065,2.032258,0.41935483,0.2580645,0.67741936,4.0,0.3790322542190552,1.0,0.6451612710952759,1.3548387,chas kelley iii
Ethan Pickett,PG,SELA,31.0,17.838709,4.354839,2.7419355,0.7419355,0.38709676,0.19354838,0.32258064,3.612903,0.4732142984867096,1.1290323,0.5428571701049805,0.516129,ethan pickett
Oakland Fort,PG,NAU,29.0,16.310345,4.3448277,1.6896552,1.8275862,0.7241379,0.10344828,0.55172414,4.2413793,0.4146341383457184,0.3448276,0.800000011920929,0.6896552,oakland fort
Caleb Williams,SF,GTWN,29.0,20.413794,4.3448277,3.7586207,0.86206895,0.5862069,0.31034482,0.4827586,3.724138,0.4444444477558136,0.8965517,0.6153846383094788,0.6896552,caleb williams
Ola Ajiboye,SF,USI,32.0,17.15625,4.34375,3.40625,1.3125,0.71875,0.96875,0.0,3.28125,0.5333333611488342,1.78125,0.4736842215061188,0.9375,ola ajiboye
Will Spriggs,PG,STAM,3.0,19.333334,4.3333335,2.3333333,1.6666666,1.6666666,0.0,0.0,7.0,0.2380952388048172,1.3333334,0.75,3.0,will spriggs
Khalil Farmer,PG,UML,30.0,18.033333,4.3333335,1.4,0.6666667,0.2,0.13333334,0.8,3.7333333,0.375,0.9,0.8148148059844971,0.36666667,khalil farmer
Atem Agot,SF,STAM,3.0,17.666666,4.3333335,3.3333333,0.33333334,0.0,0.33333334,0.33333334,5.0,0.3333333432674408,0.6666667,1.0,1.0,atem agot
Hadir Boswell,PF,PSUS,3.0,12.333333,4.3333335,1.6666666,0.6666667,0.33333334,0.0,0.0,3.0,0.5555555820465088,1.6666666,0.6000000238418579,0.0,hadir boswell
L.J. Cason,PG,MICH,30.0,11.8,4.3333335,1.3666667,0.96666664,0.36666667,0.033333335,0.5,3.8,0.3684210479259491,1.2666667,0.8157894611358643,0.93333334,l j cason
Tremaine Dixon,ATH,MSC,3.0,22.333334,4.3333335,1.0,2.0,0.33333334,0.0,0.33333334,6.6666665,0.25,1.3333334,0.5,1.6666666,tremaine dixon
Emmanuel Hughes,ATH,TOCC,3.0,16.333334,4.3333335,3.0,0.6666667,1.0,0.33333334,0.0,4.0,0.4166666567325592,2.0,0.5,1.3333334,emmanuel hughes
CJ Wilcher,PG,TA&M,34.0,10.382353,4.3235292,0.7647059,0.32352942,0.1764706,0.05882353,1.2647059,3.3823528,0.40869563817977905,0.3529412,0.8333333134651184,0.3529412,cj wilcher
Roberts Blums,PG,DAV,31.0,15.354838,4.322581,1.6774193,0.7419355,0.2580645,0.0,1.032258,4.516129,0.34285715222358704,0.32258064,0.6000000238418579,0.8064516,roberts blums
Aidan Noyes,SF,BEL,28.0,15.5,4.321429,2.6785715,0.5,0.42857143,0.25,0.8214286,3.357143,0.478723406791687,0.5,0.5714285969734192,0.2857143,aidan noyes
J.R. Konieczny,SF,FGCU,32.0,16.25,4.3125,2.75,0.84375,0.34375,0.28125,0.53125,4.09375,0.39694657921791077,0.6875,0.7727272510528564,0.625,j r konieczny
Ryan Mabrey,PG,ME,32.0,14.25,4.3125,1.09375,0.9375,0.375,0.0,0.96875,4.15625,0.3308270573616028,0.84375,0.7037037014961243,0.5625,ryan mabrey
Jermaine Ballisager Webb,C,PORT,29.0,10.344828,4.3103447,1.7931035,0.7586207,0.13793103,0.13793103,0.31034482,2.586207,0.6399999856948853,1.137931,0.6060606241226196,0.4827586,jermaine ballisager webb
Tekao Carpenter,PG,NCCU,29.0,19.310345,4.3103447,1.6206896,0.6551724,0.6551724,0.06896552,1.2068965,4.3103447,0.3199999928474426,0.4827586,0.7142857313156128,0.5862069,tekao carpenter
Gianni Cobb,PG,NIU,23.0,12.73913,4.304348,1.0434783,1.6956521,1.1304348,0.08695652,0.2173913,4.130435,0.378947377204895,1.4782609,0.6470588445663452,1.0,gianni cobb
Kyle Carlesimo,PG,COLG,33.0,13.787879,4.3030305,1.2121212,0.5151515,0.21212122,0.09090909,1.0909091,3.6666667,0.42975205183029175,0.15151516,0.4000000059604645,0.3939394,kyle carlesimo
Malik Abdullahi,SF,PRIN,27.0,14.37037,4.296296,2.7407408,0.37037036,0.44444445,0.44444445,0.0,3.4444444,0.5698924660682678,0.6296296,0.5882353186607361,0.5555556,malik abdullahi
Dusty Stromer,PG,GCU,34.0,17.5,4.2941175,2.0882354,0.6764706,0.5882353,0.23529412,0.7941176,3.6764705,0.4000000059604645,0.7058824,0.7916666865348816,0.61764705,dusty stromer
Dayton Forsythe,PG,OU,31.0,12.129032,4.290323,1.0967742,1.032258,0.41935483,0.0,0.67741936,2.580645,0.44999998807907104,1.4193548,0.9090909361839294,0.516129,dayton forsythe
Demetrus Johnson II,PG,WGA,31.0,20.64516,4.290323,1.8064516,2.2258065,0.9354839,0.06451613,0.516129,5.225806,0.2777777910232544,1.451613,0.6000000238418579,1.7741935,demetrus johnson ii
Jackson Threadgill,PG,APP,28.0,22.857143,4.285714,2.1785715,1.1785715,0.6785714,0.21428572,0.5714286,4.464286,0.36000001430511475,0.5714286,0.875,0.8214286,jackson threadgill
Adam Hinton,PG,COR,28.0,11.25,4.285714,1.6428572,0.53571427,0.35714287,0.10714286,0.8214286,3.25,0.4285714328289032,0.89285713,0.7599999904632568,0.5,adam hinton
Kade Douglas,PG,TAR,28.0,13.964286,4.285714,1.7142857,1.1428572,0.25,0.035714287,0.78571427,3.75,0.380952388048172,0.6785714,0.9473684430122375,0.6785714,kade douglas
Yusuf Jihad,SF,EMU,32.0,10.53125,4.28125,1.21875,0.1875,0.1875,0.09375,0.46875,3.40625,0.4403669834136963,0.96875,0.8387096524238586,0.625,yusuf jihad
Sam Lecholat,SF,MTST,32.0,18.5,4.28125,3.125,1.0,0.46875,0.6875,0.5,3.1875,0.4215686321258545,1.4375,0.760869562625885,0.84375,sam lecholat
Brett Decker Jr.,PG,LIB,27.0,6.851852,4.259259,0.5555556,0.4074074,0.0,0.037037037,0.8518519,2.8148148,0.46052631735801697,0.8888889,0.9166666865348816,0.37037036,brett decker jr
Jace Posey,PG,TCU,31.0,12.806452,4.2580647,2.3225806,0.3548387,0.516129,0.22580644,0.32258064,3.6774194,0.42105263471603394,1.5806452,0.5306122303009033,0.6451613,jace posey
Szymon Zapala,C,MSU,36.0,14.194445,4.25,3.9722223,0.6388889,0.25,0.5833333,0.0,2.6388888,0.6526315808296204,1.2222222,0.6590909361839294,0.8611111,szymon zapala
Brentay Noel,SF,ULM,32.0,13.375,4.25,3.78125,0.65625,0.78125,0.875,0.09375,2.65625,0.5764706134796143,2.09375,0.5223880410194397,0.875,brentay noel
Niklas Polonowski,SF,PENN,24.0,13.833333,4.25,1.5833334,0.41666666,0.0,0.0,1.0,4.6666665,0.3125,0.45833334,0.7272727489471436,0.41666666,niklas polonowski
Nika Metskhvarishvili,SF,CLT,26.0,18.384615,4.230769,2.4615386,0.5,0.46153846,0.1923077,0.61538464,3.7307692,0.3711340129375458,0.9230769,0.9166666865348816,0.61538464,nika metskhvarishvili
Mason Ritter,SF,COLU,26.0,11.538462,4.230769,2.0384614,0.8076923,0.3846154,0.53846157,0.0,2.4615386,0.703125,1.1153846,0.6896551847457886,0.5769231,mason ritter
Kayden Carter,SF,WIU,28.0,16.321428,4.214286,2.607143,0.78571427,0.35714287,0.35714287,0.0,3.142857,0.5681818127632141,0.96428573,0.6666666865348816,0.6785714,kayden carter
Max Burchill,PG,SDAK,33.0,21.212122,4.212121,3.060606,1.6666666,0.8484849,0.21212122,0.5151515,3.1818182,0.3619047701358795,1.6060606,0.8679245114326477,0.6666667,max burchill
Errol White,SF,LAM,33.0,22.30303,4.212121,5.3939395,1.2727273,0.6666667,0.33333334,0.0,4.212121,0.42446044087409973,1.060606,0.6000000238418579,1.2727273,errol white
Paul McNeil Jr.,PG,NCSU,24.0,8.625,4.2083335,1.3333334,0.7916667,0.25,0.083333336,0.6666667,3.125,0.4399999976158142,1.0416666,0.7599999904632568,0.29166666,paul mcneil jr
Treyton Thompson,SF,STET,30.0,13.533334,4.2,3.5333333,0.6333333,0.1,0.56666666,0.23333333,3.0666666,0.5,1.4666667,0.6136363744735718,1.0333333,treyton thompson
Trae Benham,PG,HPU,35.0,15.285714,4.2,2.4571428,0.25714287,0.31428573,0.057142857,1.0571429,3.2571428,0.41228070855140686,0.5714286,0.800000011920929,0.31428573,trae benham
Cade Gibbs,SF,MRSH,30.0,13.2,4.2,2.6,0.46666667,0.76666665,0.2,0.33333334,3.6,0.4444444477558136,0.9,0.7407407164573669,0.6,cade gibbs
Tamarion Hoover,PG,JKST,30.0,13.333333,4.2,2.4,0.33333334,0.26666668,0.033333335,0.6666667,3.3,0.4747474789619446,0.43333334,0.9230769276618958,0.36666667,tamarion hoover
Miles Sulka,SG,BTHS,5.0,21.6,4.2,1.8,2.2,0.6,0.0,0.2,5.8,0.3448275923728943,0.0,0.0,1.8,miles sulka
Brooklyn Hicks,PG,MONT,33.0,19.787878,4.181818,2.969697,1.0,0.6969697,0.060606062,0.27272728,4.090909,0.4000000059604645,1.1818181,0.5384615659713745,1.1212121,brooklyn hicks
Ponce James,PG,DSU,23.0,12.478261,4.173913,1.173913,1.826087,0.6086956,0.0,0.65217394,2.9565217,0.44117647409439087,1.173913,0.7777777910232544,0.9130435,ponce james
Ryan Pettit,PG,LAF,32.0,20.03125,4.15625,2.9375,1.5,1.53125,0.03125,0.5625,4.28125,0.36496350169181824,0.78125,0.6000000238418579,1.03125,ryan pettit
Shawn Fulcher,PG,NMHU,32.0,10.375,4.15625,1.0,1.3125,0.59375,0.03125,0.34375,3.46875,0.44144144654273987,1.09375,0.6857143044471741,0.75,shawn fulcher
Shilo Jackson,SF,LEM,26.0,10.423077,4.1538463,2.5,0.30769232,0.23076923,0.5,0.03846154,2.6923077,0.6000000238418579,1.3076923,0.6764705777168274,0.65384614,shilo jackson
Sean Blake,PG,UVM,33.0,15.090909,4.151515,2.3636363,1.6363636,0.4848485,0.27272728,0.27272728,3.8181818,0.4047619104385376,1.3939394,0.5652173757553101,1.5151515,sean blake
Boden Kapke,SF,BC,34.0,13.382353,4.147059,2.8235295,0.64705884,0.29411766,0.11764706,0.5294118,3.735294,0.4015747904777527,1.117647,0.5526315569877625,0.32352942,boden kapke
Zach Martini,C,RUTG,30.0,17.333334,4.133333,1.9666667,0.53333336,0.4,0.06666667,0.96666664,3.1333334,0.42553192377090454,0.76666665,0.6521739363670349,0.43333334,zach martini
Torian Lee,PG,UCI,39.0,15.358974,4.1282053,1.051282,0.5897436,0.64102566,0.051282052,0.8974359,3.2820513,0.4296875,0.51282054,0.800000011920929,0.35897437,torian lee
Greg Gantt Jr.,SF,UNCA,32.0,27.40625,4.125,6.125,3.3125,1.1875,0.625,0.0,2.5,0.6000000238418579,1.625,0.692307710647583,1.625,greg gantt jr
Jake Heidbreder,PG,FRES,32.0,14.0,4.125,1.1875,0.78125,0.5625,0.0,0.875,3.40625,0.40366971492767334,0.5,1.0,0.4375,jake heidbreder
Isaac Harrell,SF,ELON,32.0,21.0625,4.125,4.0,0.5,0.625,0.21875,0.875,3.25,0.42307692766189575,0.8125,0.6153846383094788,0.6875,isaac harrell
AJ Barnes,SF,SOU,32.0,10.15625,4.125,3.25,0.375,0.5,0.15625,0.03125,3.53125,0.4601770043373108,1.1875,0.7105262875556946,0.5,aj barnes
Isaiah Brickner,PG,IDHO,33.0,11.393939,4.121212,2.2121212,0.969697,0.45454547,0.18181819,0.42424244,2.909091,0.4583333432674408,1.4242424,0.7234042286872864,1.0909091,isaiah brickner
Trevor Smith,PG,ECSU,33.0,11.818182,4.121212,0.969697,1.0909091,0.42424244,0.0,0.6060606,3.939394,0.3076923191547394,1.5151515,0.7200000286102295,0.7878788,trevor smith
Luke Flynn,PG,WOF,34.0,20.147058,4.117647,2.9117646,1.1764706,0.4117647,0.0882353,1.0588236,3.5882354,0.3688524663448334,0.5882353,0.699999988079071,0.5294118,luke flynn
Caleb McCarty,SF,CSUB,26.0,18.038462,4.1153846,3.2692308,0.5769231,0.6923077,1.0769231,0.03846154,2.8076923,0.5890411138534546,1.1923077,0.6451612710952759,1.0,caleb mccarty
Aidan Burke,PG,UCSD,35.0,13.0,4.114286,1.2571429,0.54285717,0.37142858,0.028571429,1.0857143,3.3142858,0.4396551847457886,0.2,0.5714285969734192,0.25714287,aidan burke
Jacob Hudson,PG,GWEB,27.0,13.37037,4.111111,1.4444444,0.7777778,0.6666667,0.037037037,0.037037037,3.8148148,0.43689319491386414,1.4444444,0.5128205418586731,0.9259259,jacob hudson
Mason Gillis,SF,DUKE,37.0,14.756757,4.108108,2.5945945,0.8108108,0.4864865,0.0,0.8918919,3.2702703,0.41322314739227295,0.6216216,0.8260869383811951,0.4054054,mason gillis
Kahmare Holmes,PG,WOF,28.0,14.535714,4.107143,2.0357144,0.75,0.53571427,0.17857143,0.35714287,3.4285715,0.4375,1.2142857,0.6176470518112183,0.4642857,kahmare holmes
Mike Woods,SF,NAVY,30.0,14.566667,4.1,2.5666666,0.93333334,1.1333333,0.16666667,0.06666667,3.1666667,0.4736842215061188,1.2333333,0.837837815284729,0.6,mike woods
Miles Heide,SF,SDSU,30.0,16.566668,4.1,3.7,0.53333336,0.33333334,0.26666668,0.06666667,2.5333333,0.7368420958518982,0.96666664,0.3103448152542114,0.8,miles heide
Timaris Brown,SF,IUIN,30.0,12.866667,4.1,3.0,0.6333333,0.43333334,0.3,0.4,3.6,0.37962964177131653,1.8,0.5370370149612427,0.9,timaris brown
Taine Murray,PG,UVA,31.0,18.64516,4.096774,1.516129,1.5806452,0.2580645,0.19354838,0.58064514,3.6774194,0.429824560880661,0.48387095,0.7333333492279053,0.7741935,taine murray
Zaide Lowery,PG,MARQ,31.0,15.774194,4.096774,3.032258,0.22580644,0.67741936,0.06451613,0.67741936,3.2903225,0.47058823704719543,0.4516129,0.7142857313156128,0.32258064,zaide lowery
Curt Hopf,SF,BELL,31.0,20.096775,4.096774,4.322581,0.83870965,0.58064514,0.29032257,0.2580645,3.8387096,0.4117647111415863,1.2903225,0.5249999761581421,0.67741936,curt hopf
Caleb Furst,SF,PUR,36.0,18.36111,4.0833335,3.5277777,0.44444445,0.6111111,0.22222222,0.0,2.4444444,0.5454545617103577,2.1944444,0.6455696225166321,0.8333333,caleb furst
Juan Reyna,PG,SCU,27.0,15.185185,4.0740743,1.8888888,0.8888889,0.37037036,0.0,0.8148148,4.7777777,0.23255814611911774,1.1851852,0.875,0.5555556,juan reyna
Mikeal Brown-Jones,SF,MISS,28.0,10.142858,4.071429,1.6428572,0.39285713,0.32142857,0.53571427,0.071428575,2.5357144,0.47887325286865234,2.0714285,0.7586206793785095,0.60714287,mikeal brown jones
Ben Knostman,PG,LEH,28.0,19.964285,4.071429,2.642857,2.892857,0.85714287,0.071428575,0.64285713,3.142857,0.47727271914482117,0.78571427,0.5454545617103577,1.25,ben knostman
Devin Ree,SF,JKST,29.0,16.37931,4.0689654,2.862069,0.37931034,0.20689656,0.1724138,0.7241379,3.8965516,0.3451327383518219,0.79310346,0.8260869383811951,0.62068963,devin ree
Daniel Helterhoff,SF,RID,29.0,13.551724,4.0689654,2.4482758,0.4827586,0.20689656,0.2413793,0.44827586,3.137931,0.4615384638309479,1.0689656,0.6774193644523621,0.62068963,daniel helterhoff
Kavon Bradford,PG,NAU,29.0,10.827586,4.0689654,1.6896552,1.1724138,0.4827586,0.27586207,0.1724138,2.8275862,0.45121949911117554,2.1724138,0.6190476417541504,1.3793104,kavon bradford
Marshal Destremau,SF,RGV,30.0,13.333333,4.0666666,3.7666667,0.93333334,0.36666667,0.6333333,0.5,3.0,0.5,0.96666664,0.5862069129943848,0.96666664,marshal destremau
Porter Bazil,SF,COCU,31.0,14.612904,4.064516,1.8064516,0.32258064,0.3548387,0.67741936,0.61290324,3.548387,0.40909090638160706,0.7741935,0.7083333134651184,0.38709676,porter bazil
Wilguens Jr. Exacte,SF,DRKE,32.0,17.875,4.0625,4.1875,0.65625,0.34375,0.25,0.46875,3.71875,0.36974790692329407,1.0625,0.7941176295280457,0.65625,wilguens jr exacte
Kanaan Carlyle,PG,FAU,25.0,16.2,4.04,1.64,1.2,0.52,0.2,0.68,5.4,0.2888889014720917,0.56,0.4285714328289032,0.68,kanaan carlyle
Ife West-Ingram,SF,UALB,26.0,12.692307,4.0384617,2.6153846,0.9230769,0.115384616,0.23076923,0.0,3.0384614,0.5822784900665283,0.84615386,0.5909090638160706,0.84615386,ife west ingram
Dailliss Cox,SF,CHST,27.0,15.185185,4.037037,2.851852,0.4074074,0.5555556,0.074074075,0.14814815,3.851852,0.4326923191547394,0.7777778,0.7142857313156128,0.4074074,dailliss cox
Chase McKey,SF,WCU,28.0,16.785715,4.035714,3.7857144,0.78571427,0.39285713,0.14285715,0.0,3.25,0.5054945349693298,1.0357143,0.7241379022598267,1.0357143,chase mckey
Gabe Sisk,PG,ETSU,29.0,13.0,4.034483,2.7586207,0.6896552,0.82758623,0.10344828,0.3448276,3.6551723,0.3962264060974121,1.1034483,0.71875,0.6551724,gabe sisk
Anthony Arrington,PG,MSM,29.0,15.448276,4.034483,2.275862,1.0344827,0.55172414,0.06896552,0.79310346,4.551724,0.32575756311416626,0.41379312,0.6666666865348816,0.6551724,anthony arrington
Jackson Greene,SF,IDST,30.0,17.333334,4.0333333,3.1666667,0.56666666,0.73333335,0.43333334,0.033333335,2.4666667,0.5405405163764954,1.7,0.7843137383460999,0.53333336,jackson greene
C.J. O'Hara,PG,GB,31.0,12.5161295,4.032258,2.1612904,0.58064514,0.41935483,0.16129032,0.06451613,2.612903,0.5185185074806213,1.8064516,0.6964285969734192,0.516129,c j o hara
Collin Metcalf,C,MD,32.0,21.8125,4.03125,5.03125,0.65625,0.625,2.4375,0.0,2.875,0.5869565010070801,1.28125,0.5121951103210449,1.53125,collin metcalf
Rich Byhre,SF,STMN,34.0,14.823529,4.029412,2.4117646,0.61764705,0.32352942,0.4117647,0.44117647,3.3823528,0.417391300201416,1.2058823,0.6341463327407837,0.47058824,rich byhre
Kyle Jorgensen,SF,CSU,34.0,13.029411,4.029412,1.882353,0.85294116,0.2647059,0.29411766,0.4117647,3.3235295,0.4247787594795227,0.9411765,0.84375,0.6764706,kyle jorgensen
Luke Kasubke,PG,NDSU,32.0,14.3125,4.0,2.375,0.46875,0.4375,0.0,0.78125,3.0625,0.40816327929496765,0.90625,0.7931034564971924,0.4375,luke kasubke
Anthony McClinton,PG,CPC,2.0,10.0,4.0,2.0,0.0,0.0,0.0,0.0,3.0,0.5,1.0,1.0,2.0,anthony mcclinton
Kalib Jones,PG,GLDT,1.0,16.0,4.0,3.0,0.0,0.0,0.0,0.0,7.0,0.1428571492433548,2.0,1.0,4.0,kalib jones
Sam Silverstein,PG,UIC,32.0,25.75,4.0,5.84375,1.3125,1.15625,0.625,0.25,3.625,0.3965517282485962,1.28125,0.6829268336296082,1.1875,sam silverstein
Malik Edmead,PG,MRMK,30.0,12.666667,4.0,1.3,1.1666666,1.0,0.13333334,0.26666668,4.1,0.39024388790130615,1.1,0.4848484992980957,0.8333333,malik edmead
Keeley Bake,PG,MTTC,1.0,28.0,4.0,4.0,3.0,0.0,0.0,0.0,5.0,0.4000000059604645,0.0,0.0,2.0,keeley bake
Caleb Oden,SF,SFST,1.0,19.0,4.0,2.0,0.0,1.0,0.0,0.0,8.0,0.25,0.0,0.0,0.0,caleb oden
Mike Caswell,PG,BRES,4.0,27.5,4.0,2.25,1.25,0.5,0.25,0.0,5.75,0.30434781312942505,0.5,1.0,1.5,mike caswell
Charles Reed,PG,BRE,1.0,22.0,4.0,4.0,5.0,4.0,0.0,0.0,4.0,0.5,0.0,0.0,2.0,charles reed
Jaylon Jeter,PG,CIU,4.0,14.5,4.0,2.25,0.0,0.5,0.25,0.0,3.75,0.4000000059604645,1.25,0.800000011920929,0.5,jaylon jeter
Michael Ure,SF,MTTC,1.0,25.0,4.0,4.0,1.0,3.0,0.0,0.0,7.0,0.2857142984867096,0.0,0.0,0.0,michael ure
Dylan Mackey,PG,SCHR,2.0,16.0,4.0,3.0,1.5,0.5,0.0,0.0,5.5,0.27272728085517883,1.0,1.0,4.0,dylan mackey
Stephen Smith,SF,SWU,1.0,2.0,4.0,1.0,0.0,0.0,0.0,0.0,0.0,0.0,4.0,1.0,0.0,stephen smith
Jason Sellars II,SF,AVER,1.0,20.0,4.0,2.0,0.0,0.0,0.0,0.0,5.0,0.20000000298023224,2.0,1.0,0.0,jason sellars ii
Lou Hutchinson,PG,AAMU,30.0,13.8,4.0,1.7666667,0.33333334,0.2,0.16666667,0.7,4.133333,0.35483869910240173,0.46666667,0.7857142686843872,0.4,lou hutchinson
KK Horton,PG,BRE,1.0,22.0,4.0,1.0,0.0,1.0,1.0,0.0,4.0,0.5,0.0,0.0,5.0,kk horton
John Kairouz,SF,SLC,1.0,11.0,4.0,0.0,0.0,0.0,0.0,0.0,3.0,0.6666666865348816,0.0,0.0,1.0,john kairouz
Judah Land,SF,MSC,3.0,21.666666,4.0,5.6666665,1.0,0.33333334,1.3333334,0.0,2.6666667,0.5,1.3333334,1.0,1.3333334,judah land
Ezra McKenna,SF,BUF,1.0,34.0,4.0,2.0,2.0,1.0,0.0,0.0,4.0,0.25,4.0,0.5,1.0,ezra mckenna
Cailean Ables,PG,SRST,1.0,10.0,4.0,2.0,2.0,0.0,0.0,0.0,3.0,0.6666666865348816,0.0,0.0,2.0,cailean ables
Jaden Hansen,PG,EOU,1.0,23.0,4.0,3.0,4.0,0.0,0.0,0.0,4.0,0.5,0.0,0.0,3.0,jaden hansen
Amari Floyd,SF,EDW,1.0,28.0,4.0,7.0,1.0,0.0,2.0,0.0,3.0,0.6666666865348816,0.0,0.0,3.0,amari floyd
Kolby Vestal,PG,SWCU,2.0,16.0,4.0,2.5,0.5,0.5,0.0,1.0,4.0,0.375,0.0,0.0,0.0,kolby vestal
Sam DeJesus,SF,ERKA,3.0,13.333333,4.0,0.6666667,0.33333334,0.6666667,0.0,0.6666667,4.3333335,0.38461539149284363,0.0,0.0,1.3333334,sam dejesus
Mike Williams,PG,HALL,24.0,11.208333,4.0,1.4166666,0.6666667,0.5,0.125,0.7083333,4.125,0.31313130259513855,0.9166667,0.7727272510528564,0.75,mike williams
Jalal McKie,PG,NCAT,32.0,17.40625,4.0,2.125,0.1875,0.15625,0.28125,0.46875,4.3125,0.32608696818351746,1.125,0.6388888955116272,0.3125,jalal mckie
David Thomas,PG,RICH,27.0,15.148149,4.0,1.4444444,1.4444444,0.4814815,0.22222222,0.4074074,3.4444444,0.44086021184921265,0.7777778,0.7142857313156128,1.4444444,david thomas
Anthony Enoh,SF,GAST,1.0,25.0,4.0,6.0,2.0,0.0,1.0,0.0,9.0,0.1111111119389534,4.0,0.5,1.0,anthony enoh
Charles Tart III,PG,FC,1.0,21.0,4.0,2.0,1.0,0.0,0.0,0.0,5.0,0.0,4.0,1.0,2.0,charles tart iii
Israel Hall,PG,PDMT,2.0,12.0,4.0,2.0,0.5,2.0,0.0,0.0,7.0,0.2857142984867096,0.5,0.0,2.0,israel hall
Steele Morgan,SF,DWU,2.0,8.5,4.0,1.0,0.0,0.0,0.0,1.0,4.5,0.3333333432674408,0.5,0.0,0.5,steele morgan
Dajer Muldrow,SF,CHEY,4.0,21.25,4.0,3.25,1.0,1.0,0.25,0.25,4.75,0.3684210479259491,0.75,0.3333333432674408,1.25,dajer muldrow
Josiah Watkins,ATH,UMO,3.0,15.0,4.0,1.3333334,1.3333334,1.3333334,0.0,0.0,6.0,0.2222222238779068,1.6666666,0.800000011920929,2.3333333,josiah watkins
Dahmaj Warren,ATH,ULV,2.0,28.5,4.0,3.5,1.5,1.5,0.0,0.5,11.0,0.04545454680919647,4.5,0.5555555820465088,3.5,dahmaj warren
Donovan Black,SF,WNMU,2.0,19.5,4.0,2.0,1.0,0.0,0.0,0.0,5.0,0.4000000059604645,0.0,0.0,1.0,donovan black
Daniel Thomas,PG,ESC,2.0,12.5,4.0,1.0,0.5,0.0,0.0,1.0,2.0,0.75,0.0,0.0,1.0,daniel thomas
Daniel Penubothula,PG,SNYO,2.0,14.0,4.0,2.5,0.5,0.0,1.0,0.0,4.0,0.5,0.5,0.0,0.5,daniel penubothula
Miciah Hagan,SF,NWWA,2.0,11.0,4.0,1.0,0.0,0.0,0.0,0.0,4.5,0.3333333432674408,2.0,0.5,3.5,miciah hagan
Garrett Poelman,SF,COCU,2.0,11.5,4.0,2.5,0.5,0.5,0.0,0.0,2.0,0.5,3.0,0.6666666865348816,2.0,garrett poelman
Tyler Wiley,PG,DLRD,2.0,12.0,4.0,1.0,0.0,0.0,0.5,1.0,3.5,0.4285714328289032,0.0,0.0,0.0,tyler wiley
Garrett Johnson,SF,YUNE,1.0,5.0,4.0,1.0,0.0,0.0,0.0,0.0,3.0,0.6666666865348816,0.0,0.0,0.0,garrett johnson
Dylan McBride,PG,WPEA,2.0,13.5,4.0,0.5,0.5,0.0,0.0,1.0,3.0,0.5,0.0,0.0,0.5,dylan mcbride
Riley Young,SF,CPC,2.0,16.5,4.0,0.5,0.5,0.0,0.0,1.0,5.0,0.30000001192092896,0.0,0.0,0.5,riley young
Carter May,SF,HWPU,2.0,9.5,4.0,2.5,0.0,1.0,0.5,0.5,2.0,0.75,1.0,0.5,0.0,carter may
Trevor Chatman,PG,BTTN,1.0,18.0,4.0,1.0,0.0,0.0,0.0,0.0,4.0,0.5,0.0,0.0,0.0,trevor chatman
Chauncey Hughes III,PG,BTTN,1.0,13.0,4.0,1.0,0.0,0.0,1.0,0.0,4.0,0.5,0.0,0.0,3.0,chauncey hughes iii
Ethan Turner,SF,BTTN,1.0,17.0,4.0,4.0,0.0,0.0,0.0,0.0,4.0,0.5,0.0,0.0,3.0,ethan turner
Jalen Jackson,PG,BRYA,1.0,13.0,4.0,1.0,4.0,1.0,0.0,0.0,3.0,0.6666666865348816,0.0,0.0,1.0,jalen jackson
Michael Richerson,PG,TUSC,2.0,18.0,4.0,4.0,0.5,0.0,0.5,0.5,5.5,0.27272728085517883,0.5,1.0,1.0,michael richerson
Kevin Juarez,SF,TXLU,2.0,10.5,4.0,3.5,1.0,0.0,0.0,0.0,4.0,0.375,1.0,1.0,0.0,kevin juarez
Ty'Shon Pannell,PG,WLWD,1.0,18.0,4.0,0.0,0.0,1.0,0.0,0.0,7.0,0.2857142984867096,0.0,0.0,2.0,ty shon pannell
Tyler Spencer,SF,KEAN,1.0,15.0,4.0,5.0,0.0,1.0,1.0,0.0,5.0,0.4000000059604645,0.0,0.0,2.0,tyler spencer
Trey Harts,SF,KEAN,1.0,21.0,4.0,0.0,4.0,3.0,1.0,0.0,4.0,0.5,0.0,0.0,4.0,trey harts
Sam Faraday-Bensley,SF,SAOK,2.0,20.0,4.0,3.0,0.5,0.0,0.5,0.5,4.0,0.375,1.5,0.3333333432674408,3.5,sam faraday bensley
DeAndre Minor,SF,CMT,2.0,16.5,4.0,2.0,0.0,0.5,0.0,0.0,6.0,0.3333333432674408,0.0,0.0,2.5,deandre minor
Rob Gil,PG,OLLU,2.0,19.5,4.0,1.5,4.0,1.5,0.0,1.0,4.5,0.3333333432674408,0.0,0.0,2.0,rob gil
Caden Zurek,SF,EMRS,2.0,10.0,4.0,1.5,0.0,0.5,0.0,0.0,3.0,0.5,1.5,0.6666666865348816,1.0,caden zurek
AJ Levine,PG,PENN,24.0,21.375,4.0,2.5833333,2.0833333,1.0833334,0.083333336,0.45833334,4.5416665,0.31192660331726074,1.0833334,0.6538461446762085,1.3333334,aj levine
LaRenzo Hopkins,PG,IUC,1.0,12.0,4.0,3.0,0.0,1.0,0.0,0.0,4.0,0.25,2.0,1.0,1.0,larenzo hopkins
Bobby Wonnell,PG,IUC,1.0,19.0,4.0,0.0,0.0,0.0,1.0,0.0,5.0,0.4000000059604645,0.0,0.0,2.0,bobby wonnell
Christian Sage,ATH,HOUG,2.0,28.0,4.0,1.0,1.0,1.0,0.0,0.5,4.5,0.3333333432674408,1.0,0.5,1.5,christian sage
Elijah Thomas,SF,LYBG,1.0,13.0,4.0,5.0,1.0,1.0,0.0,0.0,2.0,0.5,2.0,1.0,2.0,elijah thomas
Drew Robinson,ATH,NBRY,2.0,19.5,4.0,2.0,0.5,0.0,0.0,1.0,4.0,0.375,1.0,0.0,3.0,drew robinson
Max Kocha,SF,VTSL,1.0,5.0,4.0,0.0,0.0,0.0,0.0,1.0,1.0,1.0,2.0,0.5,1.0,max kocha
Nicolas Silva,ATH,DVEK,1.0,17.0,4.0,2.0,1.0,0.0,0.0,0.0,5.0,0.4000000059604645,4.0,0.0,3.0,nicolas silva
Ja'Kobe Strozier,ATH,DVEK,1.0,22.0,4.0,3.0,0.0,3.0,0.0,0.0,3.0,0.6666666865348816,1.0,0.0,3.0,ja kobe strozier
Conner Barfield,PG,BOBJ,2.0,4.5,4.0,0.0,0.0,0.0,0.0,1.0,2.0,0.75,0.0,0.0,0.5,conner barfield
Amari Gorham,ATH,RDPH,1.0,28.0,4.0,2.0,1.0,0.0,1.0,0.0,4.0,0.5,0.0,0.0,3.0,amari gorham
Bryce Watlington,ATH,RDPH,1.0,11.0,4.0,1.0,0.0,0.0,0.0,0.0,2.0,1.0,2.0,0.0,0.0,bryce watlington
Carter Ruck,PG,TUTX,2.0,14.0,4.0,0.0,3.0,0.5,0.5,0.5,3.5,0.4285714328289032,1.5,0.3333333432674408,2.0,carter ruck
Stephen Cruz,ATH,PQC,1.0,23.0,4.0,4.0,0.0,1.0,0.0,0.0,5.0,0.20000000298023224,2.0,1.0,2.0,stephen cruz
Jordan Decuir,ATH,LSUA,1.0,15.0,4.0,2.0,0.0,0.0,0.0,1.0,3.0,0.3333333432674408,2.0,0.5,1.0,jordan decuir
Ty Jackson,ATH,FISK,2.0,10.0,4.0,2.0,0.5,0.0,0.0,0.5,5.0,0.30000001192092896,1.0,0.5,0.5,ty jackson
Makeem Roberts,PG,WILC,2.0,28.0,4.0,2.5,1.5,3.0,0.0,0.0,7.5,0.20000000298023224,1.0,1.0,1.0,makeem roberts
Tyler Dutto,ATH,CHAP,1.0,17.0,4.0,5.0,1.0,0.0,0.0,0.0,4.0,0.5,0.0,0.0,1.0,tyler dutto
Carter Eddy,PG,HWPU,2.0,8.5,4.0,0.0,0.0,0.5,0.0,1.0,3.0,0.3333333432674408,1.0,1.0,1.5,carter eddy
Deon Brown,ATH,SRST,1.0,17.0,4.0,2.0,1.0,0.0,0.0,1.0,3.0,0.3333333432674408,2.0,0.5,3.0,deon brown
Brody Davis,SF,HAWH,1.0,18.0,4.0,0.0,1.0,0.0,0.0,0.0,7.0,0.1428571492433548,2.0,1.0,0.0,brody davis
Luka Novakovic,SF,UMFK,1.0,13.0,4.0,3.0,0.0,0.0,0.0,1.0,4.0,0.25,2.0,0.5,0.0,luka novakovic
Boston Boike,SF,BOYC,1.0,22.0,4.0,3.0,1.0,0.0,0.0,1.0,4.0,0.25,3.0,0.3333333432674408,3.0,boston boike
Tavian Tatum,ATH,EARL,1.0,24.0,4.0,5.0,1.0,0.0,5.0,0.0,8.0,0.25,0.0,0.0,2.0,tavian tatum
Aidan Temple,ATH,EARL,1.0,15.0,4.0,3.0,2.0,0.0,0.0,0.0,3.0,0.6666666865348816,0.0,0.0,2.0,aidan temple
Jasiah Rainey,PG,SHTU,1.0,25.0,4.0,1.0,0.0,0.0,0.0,0.0,6.0,0.1666666716337204,2.0,1.0,1.0,jasiah rainey
Colby Chapman,PG,NCF,1.0,21.0,4.0,3.0,1.0,0.0,0.0,0.0,8.0,0.125,2.0,1.0,1.0,colby chapman
Kino Thompson,ATH,MCM,2.0,18.5,4.0,2.0,2.5,1.5,0.0,0.0,6.0,0.3333333432674408,0.0,0.0,2.5,kino thompson
Gavin Dean,ATH,MCM,2.0,13.5,4.0,1.5,1.5,1.0,0.0,0.0,5.0,0.30000001192092896,1.5,0.6666666865348816,0.5,gavin dean
Hursh Mehta,ATH,PRAT,1.0,16.0,4.0,2.0,0.0,1.0,0.0,1.0,4.0,0.25,2.0,0.5,4.0,hursh mehta
Lenair Young,PG,BLU,2.0,11.0,4.0,1.5,0.0,0.0,0.0,1.0,2.5,0.4000000059604645,1.0,1.0,0.5,lenair young
Mohammed Semega,SF,VTSJ,2.0,18.5,4.0,3.0,2.5,0.0,0.0,0.0,3.0,0.3333333432674408,2.0,1.0,0.5,mohammed semega
Ben Michel,ATH,TLRU,1.0,15.0,4.0,3.0,0.0,0.0,0.0,0.0,4.0,0.25,2.0,1.0,0.0,ben michel
Kaden Fuhrmann,PG,MERC,1.0,19.0,4.0,1.0,1.0,0.0,0.0,0.0,6.0,0.3333333432674408,0.0,0.0,1.0,kaden fuhrmann
Kj Banks,ATH,CBVU,1.0,17.0,4.0,6.0,0.0,0.0,0.0,0.0,2.0,0.5,2.0,1.0,3.0,kj banks
Tony Salinas,ATH,WORU,1.0,18.0,4.0,1.0,1.0,2.0,0.0,0.0,3.0,0.6666666865348816,0.0,0.0,0.0,tony salinas
Eli Riley,ATH,RDLL,2.0,22.5,4.0,2.0,0.5,0.0,0.0,1.0,4.0,0.375,0.0,0.0,1.0,eli riley
Patrick Perry,ATH,RDLL,2.0,20.5,4.0,4.0,0.5,0.0,0.0,0.0,4.5,0.3333333432674408,1.0,1.0,0.5,patrick perry
Jordan Jones,ATH,RDLL,2.0,20.5,4.0,3.5,0.5,1.5,0.0,1.0,5.5,0.27272728085517883,0.0,0.0,3.0,jordan jones
Seven Furgeson,ATH,NOB,2.0,20.0,4.0,3.0,0.0,0.0,0.0,1.0,6.5,0.23076923191547394,0.0,0.0,1.0,seven furgeson
Ryan Djoussa,SF,NGU,1.0,12.0,4.0,3.0,0.0,1.0,0.0,0.0,4.0,0.5,0.0,0.0,1.0,ryan djoussa
Vejas Matekonis,ATH,FNU,1.0,15.0,4.0,3.0,0.0,1.0,0.0,0.0,2.0,1.0,0.0,0.0,0.0,vejas matekonis
Tyson Stevenson,PG,DWU,2.0,12.5,4.0,0.5,0.5,0.0,0.5,1.0,3.5,0.4285714328289032,0.0,0.0,0.0,tyson stevenson
Emir Carter,ATH,ECCL,3.0,39.333332,4.0,3.3333333,1.3333334,0.33333334,0.0,0.33333334,4.6666665,0.2142857164144516,4.3333335,0.38461539149284363,2.3333333,emir carter
Batosse Gado,ATH,TBR,1.0,26.0,4.0,4.0,0.0,1.0,2.0,0.0,3.0,0.6666666865348816,0.0,0.0,1.0,batosse gado
Ashten Mitchell,ATH,TXCL,1.0,6.0,4.0,0.0,1.0,2.0,0.0,0.0,3.0,0.3333333432674408,2.0,1.0,0.0,ashten mitchell
Justin Gladney,PG,NMHU,2.0,20.5,4.0,0.0,0.5,0.5,0.0,1.0,4.5,0.3333333432674408,0.0,0.0,0.5,justin gladney
Jared Huseby,ATH,GLDT,1.0,5.0,4.0,1.0,0.0,0.0,0.0,0.0,2.0,1.0,0.0,0.0,0.0,jared huseby
Arion Lewis,ATH,AUM,1.0,17.0,4.0,5.0,3.0,1.0,0.0,0.0,7.0,0.2857142984867096,0.0,0.0,4.0,arion lewis
Talib Ferrette,ATH,AUM,1.0,17.0,4.0,1.0,2.0,0.0,0.0,0.0,4.0,0.25,2.0,1.0,1.0,talib ferrette
Christian Wells,ATH,ERAZ,2.0,18.5,4.0,3.0,0.0,1.0,0.0,1.0,7.5,0.20000000298023224,0.0,0.0,1.5,christian wells
Je'Hvonni Hogan,ATH,SWES,1.0,5.0,4.0,3.0,0.0,0.0,0.0,0.0,1.0,1.0,5.0,0.4000000059604645,1.0,je hvonni hogan
Tyrek Simmons,ATH,FISH,1.0,24.0,4.0,6.0,0.0,0.0,0.0,0.0,6.0,0.3333333432674408,0.0,0.0,0.0,tyrek simmons
Adrian Alicea,PG,MITC,1.0,12.0,4.0,0.0,0.0,1.0,0.0,1.0,2.0,0.5,3.0,0.3333333432674408,3.0,adrian alicea
Tae Allen,ATH,FC,1.0,27.0,4.0,3.0,3.0,0.0,1.0,0.0,6.0,0.3333333432674408,0.0,0.0,2.0,tae allen
Chris Taylor,PG,ROSE,1.0,11.0,4.0,0.0,2.0,0.0,0.0,0.0,3.0,0.6666666865348816,0.0,0.0,0.0,chris taylor
Omarion Smith,ATH,DS,1.0,23.0,4.0,3.0,1.0,1.0,1.0,0.0,4.0,0.5,0.0,0.0,3.0,omarion smith
Jamison Graves,ATH,AVER,1.0,12.0,4.0,0.0,1.0,0.0,0.0,0.0,3.0,0.6666666865348816,1.0,0.0,4.0,jamison graves
Kaevon Anderson,ATH,JUDU,1.0,13.0,4.0,2.0,2.0,0.0,0.0,0.0,4.0,0.5,0.0,0.0,3.0,kaevon anderson
Tyray Cooper,PG,MANR,2.0,22.0,4.0,3.0,1.0,1.0,0.0,0.0,6.0,0.3333333432674408,0.5,0.0,2.0,tyray cooper
Rodd Yarbrough,ATH,PITB,1.0,17.0,4.0,2.0,1.0,3.0,0.0,0.0,8.0,0.25,0.0,0.0,0.0,rodd yarbrough
Dre'Shaun Brown,PG,BRE,1.0,13.0,4.0,0.0,0.0,1.0,0.0,0.0,5.0,0.4000000059604645,0.0,0.0,1.0,dre shaun brown
Trey Walters,PG,ABU,2.0,11.0,4.0,0.5,0.0,0.0,0.0,1.0,2.5,0.4000000059604645,1.0,1.0,3.5,trey walters
Lasana Camara,ATH,LHMN,1.0,20.0,4.0,2.0,1.0,0.0,0.0,0.0,4.0,0.5,0.0,0.0,3.0,lasana camara
Amar Ndiaye,SF,LHMN,1.0,10.0,4.0,1.0,0.0,0.0,0.0,0.0,1.0,1.0,3.0,0.6666666865348816,2.0,amar ndiaye
Isiah Corson,SF,THMC,1.0,13.0,4.0,4.0,2.0,0.0,0.0,0.0,4.0,0.5,0.0,0.0,1.0,isiah corson
Devyn Franklin,PG,GRAM,1.0,25.0,4.0,3.0,2.0,2.0,1.0,0.0,6.0,0.3333333432674408,0.0,0.0,2.0,devyn franklin
Gavin Carter,PG,UCCS,1.0,10.0,4.0,2.0,0.0,0.0,0.0,0.0,2.0,1.0,0.0,0.0,2.0,gavin carter
James Munlyn,C,CCSC,1.0,17.0,4.0,3.0,0.0,0.0,0.0,0.0,4.0,0.5,0.0,0.0,0.0,james munlyn
Nakia Johnson,SF,CCSC,1.0,23.0,4.0,7.0,0.0,1.0,2.0,0.0,5.0,0.4000000059604645,0.0,0.0,2.0,nakia johnson
Tavon Rhodes,ATH,LESL,1.0,11.0,4.0,0.0,0.0,1.0,0.0,0.0,3.0,0.3333333432674408,2.0,1.0,2.0,tavon rhodes
Bryce Turner,ATH,MGA,1.0,18.0,4.0,3.0,0.0,3.0,0.0,0.0,5.0,0.4000000059604645,0.0,0.0,2.0,bryce turner
Matthew Alexander,ATH,HSU,1.0,13.0,4.0,1.0,0.0,0.0,0.0,1.0,2.0,0.5,2.0,0.5,3.0,matthew alexander
Anthony Crosby,ATH,WVWC,1.0,20.0,4.0,1.0,1.0,1.0,1.0,0.0,6.0,0.1666666716337204,2.0,1.0,2.0,anthony crosby
Ege Akbay,PG,WVWC,1.0,7.0,4.0,1.0,1.0,0.0,0.0,0.0,4.0,0.5,0.0,0.0,0.0,ege akbay
Tanner Overby,PG,WLMT,1.0,7.0,4.0,1.0,0.0,1.0,0.0,0.0,4.0,0.25,2.0,1.0,0.0,tanner overby
Pete Calcaterra,ATH,MTU,1.0,18.0,4.0,5.0,1.0,1.0,1.0,0.0,4.0,0.5,0.0,0.0,0.0,pete calcaterra
Yousouf Timera,ATH,LNMO,1.0,5.0,4.0,2.0,0.0,0.0,0.0,0.0,2.0,1.0,0.0,0.0,1.0,yousouf timera
Kolier Pruett,ATH,UVAW,1.0,13.0,4.0,0.0,0.0,0.0,0.0,0.0,2.0,0.5,2.0,1.0,1.0,kolier pruett
Quadir Hines,ATH,PSSC,1.0,34.0,4.0,2.0,1.0,0.0,0.0,0.0,8.0,0.25,0.0,0.0,12.0,quadir hines
Kelton Teasley,ATH,SMC,1.0,29.0,4.0,2.0,2.0,2.0,0.0,0.0,8.0,0.0,4.0,1.0,1.0,kelton teasley
Zenai Davis,ATH,SMC,1.0,22.0,4.0,1.0,1.0,2.0,0.0,0.0,4.0,0.5,0.0,0.0,2.0,zenai davis
Miles Hancock,ATH,VWU,1.0,10.0,4.0,1.0,0.0,0.0,0.0,0.0,3.0,0.3333333432674408,3.0,0.6666666865348816,0.0,miles hancock
Jacob Koontz,ATH,USW,1.0,23.0,4.0,5.0,0.0,0.0,0.0,0.0,6.0,0.3333333432674408,1.0,0.0,3.0,jacob koontz
Foley Omar,ATH,WLDF,1.0,9.0,4.0,1.0,1.0,0.0,0.0,0.0,4.0,0.5,0.0,0.0,0.0,foley omar
Tj Doman,ATH,EOU,1.0,27.0,4.0,5.0,1.0,1.0,1.0,0.0,6.0,0.3333333432674408,0.0,0.0,3.0,tj doman
Elisha Moore,ATH,ANIN,1.0,16.0,4.0,2.0,1.0,1.0,0.0,0.0,4.0,0.25,3.0,0.6666666865348816,1.0,elisha moore
Allen Mutiganzi Jr,ATH,CSC,1.0,16.0,4.0,1.0,0.0,0.0,0.0,0.0,4.0,0.5,0.0,0.0,2.0,allen mutiganzi jr
James Quinn,PG,WAU,1.0,23.0,4.0,4.0,3.0,0.0,0.0,1.0,2.0,0.5,2.0,0.5,3.0,james quinn
Keon Ambrose-Hylton,SF,SMU,35.0,12.057143,3.9714286,2.4571428,0.45714286,0.114285715,0.31428573,0.114285715,2.8857143,0.5643564462661743,0.9142857,0.65625,0.4857143,keon ambrose hylton
Chris Loofe,SF,MTSU,34.0,13.470589,3.9705882,3.4117646,0.23529412,0.11764706,1.0294118,0.14705883,2.9117646,0.5252525210380554,1.4705882,0.5199999809265137,0.9705882,chris loofe
Mekhi Collins,SF,NICH,33.0,16.454546,3.969697,4.6969695,0.24242425,0.3939394,0.6363636,0.0,2.5151515,0.6867470145225525,1.3636364,0.3777777850627899,0.6363636,mekhi collins
Florian Tenebay,PG,SCST,33.0,16.575758,3.969697,2.7575758,1.5757576,0.969697,0.0,0.27272728,3.1515152,0.36538460850715637,2.090909,0.6666666865348816,1.3030303,florian tenebay
Jayden Hastings,SF,BC,31.0,15.0,3.967742,3.096774,0.32258064,0.41935483,1.2580645,0.0,2.8387096,0.6136363744735718,1.1612903,0.4166666567325592,0.9032258,jayden hastings
Clark Slajchert,PG,USC,27.0,11.185185,3.9629629,0.8148148,0.7777778,0.2962963,0.037037037,0.5555556,3.1851852,0.41860464215278625,1.037037,0.7142857313156128,0.5925926,clark slajchert
Carter Gilmore,SF,WIS,37.0,19.081081,3.945946,2.6486487,1.2972972,0.3243243,0.45945945,0.5675676,3.0,0.46846845746040344,0.7837838,0.7241379022598267,0.45945945,carter gilmore
Ruben Rodriguez Jr.,PG,WCHT,32.0,24.03125,3.9375,2.59375,3.25,0.78125,0.09375,0.46875,5.03125,0.29192546010017395,0.875,0.6071428656578064,1.25,ruben rodriguez jr
Ben Hendriks,C,BALL,31.0,13.064516,3.935484,2.3548386,0.29032257,0.29032257,0.29032257,0.0,2.451613,0.6578947305679321,0.9354839,0.7586206793785095,0.87096775,ben hendriks
Luke Davis,SF,ECU,30.0,15.733334,3.9333334,4.0,0.3,0.36666667,0.16666667,0.23333333,3.7,0.36936935782432556,1.6,0.6041666865348816,0.6666667,luke davis
Efstratios Kalliontzis,C,NCAT,29.0,19.689655,3.9310346,3.3448277,0.44827586,0.44827586,0.44827586,0.0,2.3793104,0.5652173757553101,1.7931035,0.692307710647583,0.62068963,efstratios kalliontzis
Stephon Roberts,SF,SPU,27.0,21.851852,3.925926,6.2222223,0.8888889,0.5555556,1.0,0.0,2.4444444,0.469696968793869,2.7407408,0.5945945978164673,1.1481482,stephon roberts
Tre'shawn Sheppard,PG,LIU,25.0,10.36,3.92,2.64,0.32,0.16,0.32,0.12,2.4,0.6333333253860474,0.96,0.7916666865348816,0.44,tre shawn sheppard
Lincoln Ball,PG,AMER,35.0,25.828571,3.9142857,5.742857,1.9714285,0.8,0.31428573,0.17142858,3.7428572,0.40458014607429504,1.4,0.5102040767669678,0.71428573,lincoln ball
Jace Carter,PG,TA&M,33.0,17.30303,3.909091,3.3333333,0.45454547,0.6969697,0.21212122,0.54545456,3.5757575,0.3813559412956238,1.6060606,0.3962264060974121,0.5151515,jace carter
Brennen Burns,PG,SHSU,32.0,19.75,3.90625,1.625,2.5625,1.0,0.03125,0.25,3.59375,0.417391300201416,0.8125,0.807692289352417,1.5625,brennen burns
Patrick Wessler,SF,UNCW,31.0,10.67742,3.903226,2.903226,0.16129032,0.16129032,0.3548387,0.032258064,2.580645,0.625,1.0,0.6451612710952759,0.38709676,patrick wessler
Zach Kraft,PG,UND,30.0,11.266666,3.9,0.73333335,0.4,0.2,0.033333335,1.0333333,3.0666666,0.44565218687057495,0.2,0.6666666865348816,0.4,zach kraft
Sam Hoiberg,PG,NEB,35.0,23.171429,3.8857143,2.2571428,1.8571428,1.3714286,0.14285715,0.5714286,3.0285714,0.43396225571632385,0.8,0.8571428656578064,0.9714286,sam hoiberg
Julian Bowie,PG,BOIS,35.0,13.2,3.8857143,1.5142857,0.85714287,0.2,0.028571429,0.82857144,3.6285715,0.3779527544975281,0.34285715,0.9166666865348816,0.74285716,julian bowie
Mohamed Wague,SF,OU,33.0,11.515152,3.878788,3.121212,0.6666667,0.8181818,0.33333334,0.0,1.969697,0.7230769395828247,1.5757576,0.6538461446762085,0.93939394,mohamed wague
Hamed Olayinka,SF,FIU,33.0,10.787879,3.878788,2.4545455,0.3030303,0.8181818,1.2424242,0.0,2.6060605,0.6511628031730652,0.8787879,0.5517241358757019,0.6969697,hamed olayinka
Devan Sapp,PG,UMBC,31.0,11.935484,3.8709676,1.1935484,0.516129,0.2580645,0.0,0.7419355,3.7096775,0.38260868191719055,0.3548387,0.8181818127632141,0.5483871,devan sapp
Patrick Ngongba II,C,DUKE,30.0,10.6,3.8666666,2.6666667,0.76666665,0.36666667,0.53333336,0.0,2.1333334,0.71875,1.1,0.7272727489471436,0.23333333,patrick ngongba ii
Nils Cooper,PG,UCD,30.0,17.733334,3.8666666,3.5,0.6,0.6,0.13333334,0.033333335,2.7,0.48148149251937866,1.6666666,0.7400000095367432,0.43333334,nils cooper
Tim Oboh,C,BUF,30.0,12.333333,3.8666666,2.2666667,0.26666668,0.33333334,0.3,0.1,3.0666666,0.45652174949645996,1.5333333,0.6304348111152649,0.93333334,tim oboh
Yacine Toumi,SF,HAW,29.0,16.48276,3.862069,2.7586207,0.6896552,0.51724136,0.44827586,0.31034482,3.724138,0.37962964177131653,1.5172414,0.47727271914482117,0.8965517,yacine toumi
Ademide Badmus,SF,GWEB,29.0,18.034483,3.862069,4.275862,0.86206895,0.44827586,0.13793103,0.03448276,2.724138,0.5822784900665283,1.2413793,0.5277777910232544,1.1724138,ademide badmus
Ben Shtolzberg,PG,MUR,33.0,13.484848,3.8484848,1.8181819,1.5454545,0.33333334,0.09090909,0.09090909,2.5454545,0.5,1.2727273,0.9523809552192688,0.6060606,ben shtolzberg
Anthony Blunt,PG,UML,32.0,19.46875,3.84375,3.09375,1.84375,0.5625,0.0,0.3125,3.15625,0.39603960514068604,1.34375,0.7674418687820435,0.78125,anthony blunt
Del Jones,PG,RAD,32.0,11.8125,3.84375,1.46875,1.0,0.1875,0.0625,0.4375,3.71875,0.40336135029792786,0.53125,0.7647058963775635,0.78125,del jones
Emmanuel Okpomo,SF,UNH,31.0,19.258064,3.8387096,5.225806,0.29032257,0.516129,0.516129,0.0,3.1612904,0.4897959232330322,1.516129,0.4893617033958435,1.032258,emmanuel okpomo
Kael Combs,PG,IOWA,31.0,12.903226,3.8387096,1.967742,0.9032258,0.3548387,0.06451613,0.09677419,2.903226,0.5111111402511597,0.9677419,0.800000011920929,0.87096775,kael combs
Tommy Kamarad,SF,WIN,31.0,13.612904,3.8387096,2.6451614,0.516129,0.58064514,0.3548387,0.516129,3.2580645,0.4356435537338257,0.9354839,0.517241358757019,0.38709676,tommy kamarad
Emory Lanier,PG,RICE,30.0,17.5,3.8333333,2.1666667,1.0,0.73333335,0.16666667,0.46666667,3.7,0.29729729890823364,1.5666667,0.7446808218955994,1.0,emory lanier
Rich Rolf,SF,YSU,30.0,17.2,3.8333333,2.7666667,0.5,0.3,0.2,0.5,4.1,0.3333333432674408,0.8333333,0.7200000286102295,0.3,rich rolf
Brandton Chatfield,SF,ISU,35.0,14.3714285,3.8285713,3.142857,0.2857143,0.25714287,0.51428574,0.0,2.5428572,0.617977499961853,0.9714286,0.7058823704719543,0.45714286,brandton chatfield
Luke Bamgboye,SF,TTU,35.0,16.8,3.8285713,3.3142858,0.45714286,0.54285717,2.142857,0.0,2.7714286,0.5979381203651428,1.0571429,0.4864864945411682,0.71428573,luke bamgboye
Aaron Hunkin-Claytor,PG,HAW,29.0,17.965517,3.8275862,2.1724138,2.4827585,0.7241379,0.13793103,0.31034482,3.2068965,0.3978494703769684,1.3793104,0.699999988079071,1.0344827,aaron hunkin claytor
Jovan Milicevic,SF,XAV,34.0,11.911765,3.8235295,2.0,0.44117647,0.32352942,0.14705883,0.7941176,2.7941177,0.4842105209827423,0.5588235,0.5789473652839661,0.38235295,jovan milicevic
Isaiah Jackson,PG,DRKE,34.0,20.147058,3.8235295,3.3823528,1.9117647,0.9117647,0.05882353,0.1764706,3.1764705,0.4166666567325592,1.5882353,0.6296296119689941,1.2058823,isaiah jackson
Varick Lewis,PG,JSP,28.0,12.071428,3.8214285,0.60714287,0.2857143,0.5714286,0.035714287,0.78571427,3.4285715,0.3645833432674408,0.75,0.7142857313156128,0.60714287,varick lewis
Rikus Schulte,SF,FOR,33.0,15.212121,3.8181818,3.3333333,0.45454547,0.3030303,0.18181819,0.15151516,3.090909,0.5490196347236633,0.4848485,0.5625,0.5151515,rikus schulte
Jayden Cooper,PG,USA,27.0,13.259259,3.8148148,1.037037,0.7037037,0.5925926,0.037037037,0.7407407,4.4814816,0.3140496015548706,0.5925926,0.4375,0.2962963,jayden cooper
Aaron McBride,SF,LMU,32.0,16.875,3.8125,2.875,1.03125,0.5,0.8125,0.0,2.3125,0.6756756901741028,0.9375,0.7333333492279053,0.34375,aaron mcbride
Oscar Berry,PG,UNF,32.0,22.03125,3.8125,2.15625,1.125,0.78125,0.1875,0.875,3.21875,0.43689319491386414,0.34375,0.3636363744735718,0.5,oscar berry
Ring Nyeri,SF,UNCO,32.0,13.3125,3.8125,2.25,0.375,0.4375,0.65625,0.65625,2.75,0.4545454680919647,0.84375,0.7777777910232544,0.34375,ring nyeri
Malik Rasul,SF,LAF,26.0,10.692307,3.8076923,1.8846154,0.5769231,0.34615386,0.23076923,0.23076923,3.5769231,0.4516128897666931,0.6923077,0.5,0.53846157,malik rasul
Trent Edwards,SF,MORG,26.0,13.076923,3.8076923,2.3076923,0.15384616,0.34615386,1.0384616,0.0,2.6538463,0.5797101259231567,1.1153846,0.6551724076271057,0.53846157,trent edwards
Caleb Middleton,C,ELON,31.0,11.741936,3.8064516,3.451613,0.2580645,0.2580645,0.4516129,0.0,2.580645,0.612500011920929,1.0,0.6451612710952759,0.6451613,caleb middleton
Gicarri Harris,PG,PUR,36.0,15.027778,3.8055556,1.8888888,0.7777778,0.41666666,0.1388889,0.6111111,3.1944444,0.3913043439388275,0.75,0.9259259104728699,0.41666666,gicarri harris
EJ Anderson,PG,CHCC,5.0,19.0,3.8,1.2,1.0,1.2,0.0,0.2,6.6,0.21212121844291687,1.8,0.4444444477558136,2.8,ej anderson
Edward Spencer,SF,BTHS,5.0,15.2,3.8,1.4,0.6,0.2,0.0,0.2,5.2,0.3076923191547394,0.6,0.6666666865348816,0.8,edward spencer
Xavier Ford-Belton,ATH,FIT,5.0,16.0,3.8,3.8,0.2,0.6,0.8,0.0,3.4,0.29411765933036804,2.6,0.692307710647583,1.6,xavier ford belton
AJ McGinnis,PG,WICH,34.0,14.264706,3.7941177,0.5,0.29411766,0.23529412,0.0882353,0.9411765,3.3529413,0.38596490025520325,0.32352942,0.8181818127632141,0.44117647,aj mcginnis
Carlos Rosario,SF,ORU,23.0,14.0,3.7826087,1.8695652,0.4347826,0.47826087,0.13043478,0.39130434,2.9130435,0.43283581733703613,1.2173913,0.7142857313156128,0.9130435,carlos rosario
Xzavier Lino,SF,UML,32.0,12.21875,3.78125,1.625,0.46875,0.25,0.03125,0.5,3.15625,0.4455445408821106,0.71875,0.6521739363670349,0.375,xzavier lino
Jamine Charles,SF,FAMU,31.0,15.193548,3.7741935,3.2903225,0.7419355,0.19354838,0.61290324,0.0,2.451613,0.6052631735801697,1.3225807,0.6097561120986938,0.67741936,jamine charles
Assane Diop,SF,USD,35.0,15.171429,3.7714286,3.7428572,0.82857144,0.34285715,0.08571429,0.14285715,2.7142856,0.38947367668151855,1.9142857,0.7910447716712952,1.1142857,assane diop
Cameron Tweedy,SF,SFPA,26.0,11.153846,3.7692308,3.0769231,0.53846157,0.3846154,0.115384616,0.0,3.2307692,0.4523809552192688,1.4615384,0.5789473652839661,0.65384614,cameron tweedy
Luka Savicevic,PG,LAF,30.0,18.133333,3.7666667,1.5666667,1.9666667,0.46666667,0.0,0.76666665,3.8,0.34210526943206787,0.73333335,0.5454545617103577,0.8333333,luka savicevic
Hunter Erickson,PG,HAW,33.0,17.848484,3.7575758,1.5757576,1.5454545,0.54545456,0.27272728,0.75757575,2.878788,0.4000000059604645,0.8484849,0.8214285969734192,0.7878788,hunter erickson
Makai Richards,C,UTC,37.0,9.540541,3.7567568,1.7567568,0.5675676,0.21621622,0.3783784,0.054054055,2.5405405,0.6382978558540344,0.5675676,0.8095238208770752,0.4054054,makai richards
Tyler Rice,PG,HAMP,28.0,12.321428,3.75,0.96428573,1.25,0.4642857,0.0,0.4642857,3.142857,0.3863636255264282,0.96428573,0.8888888955116272,0.75,tyler rice
Joshua Walpole,SF,CHCC,4.0,17.0,3.75,3.0,0.5,0.75,0.25,0.25,4.0,0.4375,0.0,0.0,2.0,joshua walpole
Stephen Byard,SF,CHST,28.0,11.035714,3.75,2.5357144,0.53571427,0.32142857,0.32142857,0.0,2.857143,0.5375000238418579,0.89285713,0.7599999904632568,0.5714286,stephen byard
Kanoa Ashley,PG,CU,4.0,20.25,3.75,2.25,1.0,0.5,0.0,0.75,2.25,0.6666666865348816,0.0,0.0,0.75,kanoa ashley
Jaden Martin,SF,MORG,24.0,15.458333,3.75,3.125,1.2083334,0.41666666,0.45833334,0.083333336,3.2916667,0.39240506291389465,1.5416666,0.7027027010917664,1.1666666,jaden martin
Bryant Selebangue,SF,WKU,35.0,14.571428,3.7428572,4.285714,0.4857143,0.54285717,0.14285715,0.0,2.5142858,0.6363636255264282,1.2,0.4523809552192688,0.31428573,bryant selebangue
TJ Biel,SF,ME,31.0,14.0,3.7419355,2.612903,0.3548387,0.38709676,0.3548387,0.41935483,2.8709676,0.4606741666793823,1.0645162,0.6363636255264282,0.4516129,tj biel
Isaac Lindsey,PG,SDST,27.0,13.777778,3.7407408,1.037037,0.6296296,0.33333334,0.0,0.9259259,3.2962964,0.37078651785850525,0.5555556,0.6666666865348816,0.7407407,isaac lindsey
Messiah Jones,SF,TOW,33.0,17.575758,3.7272727,3.939394,1.060606,0.75757575,0.3030303,0.09090909,3.121212,0.446601927280426,1.2727273,0.6666666865348816,0.7878788,messiah jones
Jed Miller,PG,MTST,33.0,17.757576,3.7272727,2.7878788,2.2424242,1.3030303,0.15151516,0.6363636,2.6363637,0.40229883790016174,1.060606,0.9142857193946838,0.6969697,jed miller
N'famara Dabo,SF,BRWN,25.0,17.52,3.72,4.44,0.6,0.4,1.8,0.0,2.52,0.5714285969734192,1.8,0.46666666865348816,0.72,n famara dabo
Isaiah Skinner,PG,UPST,32.0,16.125,3.71875,2.84375,0.84375,0.875,0.1875,0.59375,3.90625,0.31200000643730164,0.875,0.7857142686843872,0.71875,isaiah skinner
Jah Quinones,PG,MER,31.0,14.967742,3.7096775,2.032258,1.3870968,0.61290324,0.09677419,0.5483871,4.225806,0.3358778655529022,0.7741935,0.4166666567325592,0.5483871,jah quinones
Nic Book,SF,UPST,31.0,15.419354,3.7096775,4.0,0.7419355,0.29032257,0.29032257,0.0,3.1290324,0.5360824465751648,0.8064516,0.4399999976158142,0.8064516,nic book
Macon Emory,SF,DEL,34.0,15.529411,3.7058823,2.735294,0.5882353,0.5588235,0.61764705,0.7058824,3.0882354,0.4095238149166107,0.61764705,0.761904776096344,0.5882353,macon emory
Blake Barker,PG,ARMY,33.0,20.818182,3.6969697,2.909091,1.060606,0.57575756,0.060606062,0.6666667,3.8181818,0.3174603283405304,0.8484849,0.7142857313156128,0.42424244,blake barker
Miles Webb,SF,DSU,29.0,10.689655,3.689655,2.8275862,0.9655172,0.20689656,0.31034482,0.06896552,2.4827585,0.5833333134651184,0.9655172,0.75,0.7586207,miles webb
Trent Perry,PG,UCLA,32.0,11.375,3.6875,1.65625,0.6875,0.59375,0.09375,0.375,2.625,0.369047611951828,1.59375,0.8627451062202454,0.5,trent perry
Ethan Morton,PG,CSU,35.0,23.485714,3.6857142,3.2,2.2,0.9142857,0.2857143,0.057142857,2.7428572,0.5208333134651184,1.3142858,0.5869565010070801,0.6571429,ethan morton
Rondel Walker,PG,UNT,35.0,22.914286,3.6857142,3.6571429,0.8857143,1.0285715,0.42857143,0.6571429,3.2285714,0.4159291982650757,0.6,0.5714285969734192,0.6,rondel walker
Dok Muordar,C,MONM,31.0,14.935484,3.6774194,3.451613,0.3548387,0.29032257,1.3870968,0.0,2.483871,0.5454545617103577,1.2258065,0.7894737124443054,0.5483871,dok muordar
Nils Machowski,PG,WOF,31.0,12.290322,3.6774194,2.1935484,0.8064516,0.61290324,0.09677419,0.58064514,2.7419355,0.43529412150382996,0.87096775,0.8148148059844971,0.516129,nils machowski
Isaac Johnson,C,HAW,30.0,8.833333,3.6666667,1.6666666,0.26666668,0.4,0.23333333,0.56666666,3.0666666,0.43478259444236755,0.6,0.7222222089767456,0.43333334,isaac johnson
Shane Peterson,PG,UMO,3.0,17.333334,3.6666667,1.6666666,0.33333334,0.0,0.33333334,1.0,5.3333335,0.25,0.0,0.0,1.0,shane peterson
Dashawn Dixon,C,PSUS,3.0,25.333334,3.6666667,6.6666665,0.33333334,0.33333334,0.0,0.0,3.3333333,0.5,0.6666667,0.5,1.0,dashawn dixon
Christopher Brown,PG,UMO,3.0,10.333333,3.6666667,2.6666667,0.33333334,0.33333334,0.33333334,0.33333334,4.6666665,0.2857142984867096,0.6666667,1.0,0.6666667,christopher brown
Matt Kirby,PG,UMO,3.0,16.0,3.6666667,3.6666667,0.6666667,0.33333334,0.0,0.0,4.3333335,0.38461539149284363,0.33333334,1.0,1.0,matt kirby
Ethan Bray,ATH,TCJ,3.0,11.0,3.6666667,2.0,0.0,0.6666667,0.0,0.33333334,3.3333333,0.4000000059604645,1.0,0.6666666865348816,1.6666666,ethan bray
Grayson Bell,SF,DCC,3.0,19.666666,3.6666667,2.0,0.33333334,0.0,0.0,0.6666667,3.6666667,0.1818181872367859,2.6666667,0.625,2.6666667,grayson bell
Jacob Gonzalez,PG,ERKA,3.0,17.666666,3.6666667,1.6666666,0.6666667,1.0,0.33333334,0.0,3.6666667,0.3636363744735718,1.3333334,0.75,2.0,jacob gonzalez
Nasir DeGruy,PG,ACU,32.0,18.125,3.65625,1.59375,1.3125,1.34375,0.09375,0.15625,3.96875,0.36220473051071167,0.84375,0.7407407164573669,1.53125,nasir degruy
Houran Dan,C,SEA,32.0,11.15625,3.65625,2.21875,0.125,0.09375,0.46875,0.0,2.375,0.5131579041481018,1.71875,0.7090908885002136,0.65625,houran dan
Tyler Powell,PG,EWU,29.0,17.965517,3.6551723,2.0,0.86206895,0.6551724,0.10344828,0.55172414,3.6551723,0.38679245114326477,0.4827586,0.5714285969734192,0.51724136,tyler powell
Austin Green,SF,UML,29.0,12.620689,3.6551723,2.7931035,0.31034482,0.27586207,0.20689656,0.0,2.689655,0.4871794879436493,1.7241379,0.6000000238418579,0.31034482,austin green
Leo Torbor,PG,AMCC,26.0,15.423077,3.6538463,2.3076923,1.5,0.84615386,0.15384616,0.03846154,3.0,0.5,1.2307693,0.5,1.1923077,leo torbor
Will Shortt,SF,NIA,31.0,13.580646,3.6451614,3.0,0.29032257,0.38709676,0.5483871,0.06451613,2.612903,0.5802469253540039,1.0,0.5483871102333069,0.67741936,will shortt
Antoni Siewruk,PG,UNH,28.0,9.892858,3.642857,0.71428573,0.21428572,0.035714287,0.21428572,0.78571427,3.0357144,0.42352941632270813,0.42857143,0.6666666865348816,0.35714287,antoni siewruk
Laurynas Vaistaras,SF,MER,25.0,14.76,3.64,2.2,0.64,0.72,0.16,0.44,3.56,0.3595505654811859,0.88,0.7272727489471436,0.96,laurynas vaistaras
Lee Dort,SF,CAL,33.0,14.272727,3.6363637,4.6363635,0.5151515,0.27272728,0.6969697,0.0,2.3030303,0.5921052694320679,1.5151515,0.6000000238418579,1.060606,lee dort
Silas Sunday,SF,HOF,33.0,13.757576,3.6363637,4.0,0.45454547,0.3030303,1.0,0.0,2.6060605,0.6162790656089783,0.72727275,0.5833333134651184,1.0909091,silas sunday
Blake Daberkow,SF,IDST,30.0,11.3,3.6333334,1.8333334,0.43333334,0.3,0.46666667,0.2,3.7,0.4324324429035187,0.43333334,0.5384615659713745,0.4,blake daberkow
Benny Williams,SF,UCF,35.0,13.028571,3.6285715,2.057143,0.8,0.37142858,0.54285717,0.14285715,3.5142858,0.4390243887901306,0.85714287,0.46666666865348816,0.6,benny williams
Justyn Fernandez,PG,DEL,24.0,10.083333,3.625,1.375,0.375,0.25,0.16666667,0.8333333,3.2083333,0.4025973975658417,0.25,0.8333333134651184,0.45833334,justyn fernandez
Jemal Davis,SF,UNCA,31.0,13.193548,3.612903,2.3225806,0.61290324,0.58064514,0.38709676,0.09677419,2.935484,0.47252747416496277,1.3548387,0.5476190447807312,0.7741935,jemal davis
Triston Broughton,PG,LSIU,5.0,20.6,3.6,2.2,1.4,0.2,0.0,0.2,5.4,0.25925925374031067,1.0,0.6000000238418579,2.4,triston broughton
Alston Andrews,SF,DSU,30.0,23.466667,3.6,4.3,0.6,1.1333333,0.53333336,0.0,3.3333333,0.4399999976158142,1.1,0.6060606241226196,0.76666665,alston andrews
Tyler Andrews,PG,BCU,25.0,11.0,3.6,1.88,0.44,0.36,0.12,0.72,3.4,0.3294117748737335,0.84,0.761904776096344,0.4,tyler andrews
Zack Patterson,PG,EAWE,5.0,18.8,3.6,2.2,1.2,0.8,0.0,0.0,5.4,0.29629629850387573,0.8,0.5,1.6,zack patterson
Vasean Daniels,PG,EAWE,5.0,14.6,3.6,1.6,0.2,0.2,0.6,0.6,5.6,0.2142857164144516,0.8,0.75,0.2,vasean daniels
Chad Milne,SF,CHCC,5.0,21.0,3.6,2.8,1.4,0.4,0.2,0.4,4.4,0.3636363744735718,0.0,0.0,0.6,chad milne
Andrés Marrero,PG,MRMK,29.0,14.310345,3.586207,1.7931035,1.2068965,0.62068963,0.10344828,0.55172414,3.862069,0.3035714328289032,0.82758623,0.8333333134651184,0.4827586,andres marrero
Tyler Ringgold,SF,TULN,29.0,10.931034,3.586207,2.413793,0.13793103,0.20689656,0.3448276,0.20689656,3.1034484,0.4333333373069763,1.0,0.6896551847457886,0.51724136,tyler ringgold
Lamine Niang,SF,UTM,31.0,11.096774,3.580645,3.580645,0.12903225,0.12903225,0.83870965,0.032258064,2.483871,0.5844155550003052,1.3548387,0.4761904776096344,0.58064514,lamine niang
Anthony Robinson,SF,XAV,26.0,9.115385,3.5769231,2.3846154,0.07692308,0.1923077,0.5769231,0.0,1.6538461,0.7209302186965942,1.9230769,0.6200000047683716,0.5769231,anthony robinson
Rubin Jones,PG,MICH,33.0,21.60606,3.5757575,2.5757575,1.3333334,0.8787879,0.15151516,0.6060606,3.6666667,0.3305785059928894,0.6969697,0.782608687877655,1.030303,rubin jones
Ryan Kiachian,C,COR,28.0,12.0,3.5714285,3.1785715,1.9285715,0.2857143,0.4642857,0.071428575,3.4642856,0.4639175236225128,0.64285713,0.4444444477558136,1.3928572,ryan kiachian
Mihailo Boškovic,SF,BYU,30.0,11.066667,3.5666666,1.7,0.4,0.33333334,0.13333334,0.5,3.0666666,0.3804347813129425,0.9,0.8148148059844971,0.6333333,mihailo boskovic
Evan Mahaffey,PG,AKR,32.0,17.96875,3.5625,3.0625,0.84375,0.71875,0.875,0.03125,2.28125,0.6712328791618347,1.21875,0.38461539149284363,0.59375,evan mahaffey
Collin Tanner,PG,RICH,32.0,17.3125,3.5625,2.5,0.53125,0.5625,0.1875,0.4375,3.375,0.39814814925193787,0.5625,0.7777777910232544,0.6875,collin tanner
Nate Brafford,SF,CHSO,29.0,15.551724,3.5517242,2.2413793,0.5862069,0.51724136,0.41379312,0.7241379,2.6206896,0.46052631735801697,0.79310346,0.52173912525177,0.62068963,nate brafford
Cam'Ron Brown,PG,NWOK,29.0,23.103449,3.5517242,1.862069,2.5517242,0.9310345,0.13793103,0.10344828,3.4827585,0.3762376308441162,1.1034483,0.75,2.2068965,cam ron brown
Arrinten Page,SF,NU,31.0,9.0,3.548387,2.3225806,0.3548387,0.32258064,0.48387095,0.12903225,2.612903,0.4938271641731262,1.3225807,0.6341463327407837,0.67741936,arrinten page
Shah Muhammad,SF,FSU,31.0,12.548388,3.548387,2.1935484,0.032258064,0.19354838,1.516129,0.0,2.1290324,0.6363636255264282,1.2258065,0.6842105388641357,0.48387095,shah muhammad
Xavier Amos,SF,LUC,37.0,9.72973,3.5405405,1.7837838,0.43243244,0.21621622,0.3243243,0.5405405,3.3243244,0.3739837408065796,0.7297297,0.7037037014961243,0.5405405,xavier amos
Jahseem Felton,PG,HALL,26.0,16.76923,3.5384614,1.2692307,0.65384614,0.30769232,0.03846154,0.34615386,4.0384617,0.3142857253551483,0.84615386,0.7727272510528564,1.0769231,jahseem felton
Kelechi Okworogwo,SF,NCCU,28.0,8.928572,3.5357144,2.2142856,0.21428572,0.5,0.2857143,0.10714286,2.9642856,0.46987950801849365,1.0357143,0.6206896305084229,0.6785714,kelechi okworogwo
Josiah LeGree,PG,MORE,28.0,13.464286,3.5357144,1.5,2.2857144,0.64285713,0.21428572,0.35714287,3.4642856,0.3711340129375458,0.85714287,0.7083333134651184,1.4642857,josiah legree
Emmanuel Tshimanga,SF,NMSU,32.0,15.375,3.53125,4.21875,0.46875,0.4375,0.625,0.0,2.09375,0.6268656849861145,1.3125,0.6904761791229248,0.6875,emmanuel tshimanga
Quadir Pettaway,PG,PRES,32.0,12.03125,3.53125,0.90625,1.21875,0.21875,0.0,0.6875,2.78125,0.4157303273677826,0.6875,0.7727272510528564,0.5625,quadir pettaway
Ryan Kalambay,SF,DETM,32.0,18.21875,3.53125,3.78125,0.65625,0.65625,0.78125,0.0,2.59375,0.5301204919815063,1.46875,0.5319148898124695,0.875,ryan kalambay
Matt Reed,SF,IONA,27.0,10.814815,3.5185184,2.4074075,0.33333334,0.074074075,0.14814815,0.37037036,3.2962964,0.3932584226131439,0.7777778,0.7142857313156128,0.44444445,matt reed
Ben Roy,PG,BU,27.0,24.185184,3.5185184,2.1111112,2.4074075,0.9259259,0.074074075,0.22222222,3.1111112,0.4166666567325592,1.4444444,0.4871794879436493,0.5185185,ben roy
Ryan Jolly,PG,WIN,29.0,11.137931,3.5172415,0.6896552,0.82758623,0.55172414,0.03448276,0.51724136,2.6551723,0.41558441519737244,0.9310345,0.8518518805503845,0.7241379,ryan jolly
Allen Strothers,PG,ETSU,31.0,19.193548,3.516129,1.6129032,2.516129,1.2258065,0.06451613,0.22580644,3.419355,0.3962264060974121,1.0967742,0.529411792755127,1.3548387,allen strothers
Breion Powell,PG,OLLU,2.0,26.0,3.5,3.5,0.0,0.0,0.0,0.0,3.0,0.1666666716337204,2.5,1.0,1.5,breion powell
Caleb Brown,PG,SNYO,2.0,17.0,3.5,0.5,1.0,0.5,0.0,0.0,2.5,0.4000000059604645,2.0,0.75,1.5,caleb brown
Cameron Williams,SF,LNO,2.0,17.0,3.5,2.0,0.5,0.5,0.5,0.0,4.0,0.375,1.0,0.5,1.5,cameron williams
Steven Aroh,PG,OAKW,2.0,19.0,3.5,1.5,0.0,1.0,0.0,0.5,4.5,0.2222222238779068,1.5,0.6666666865348816,3.0,steven aroh
Don Joachim,PG,SFIL,2.0,10.0,3.5,1.5,0.5,1.0,1.5,0.5,3.5,0.4285714328289032,0.0,0.0,1.5,don joachim
David Rosa,PG,HOUG,2.0,8.0,3.5,0.0,0.0,0.0,0.5,0.0,2.5,0.6000000238418579,1.5,0.3333333432674408,0.5,david rosa
Shawn Jones,SF,WPEA,2.0,16.5,3.5,4.0,0.5,0.5,0.0,0.0,3.0,0.3333333432674408,1.5,1.0,2.0,shawn jones
Wesley Oba,SF,MOST,32.0,15.96875,3.5,2.6875,0.34375,0.59375,0.40625,0.09375,2.53125,0.5802469253540039,0.96875,0.4838709533214569,0.875,wesley oba
Kaspar Sepp,SF,COR,34.0,18.852942,3.5,5.5,1.4411764,0.2647059,0.20588236,0.2647059,2.7058823,0.47826087474823,0.88235295,0.7333333492279053,0.8235294,kaspar sepp
Julian Baldwin,SF,LNO,2.0,9.5,3.5,1.0,0.0,0.0,0.0,0.0,2.5,0.6000000238418579,1.5,0.3333333432674408,0.0,julian baldwin
Darius Wallace,PG,CPC,2.0,17.0,3.5,1.0,1.5,1.5,0.5,0.5,5.5,0.27272728085517883,0.0,0.0,1.0,darius wallace
Ryan Neal,PG,TMCN,2.0,8.5,3.5,0.0,1.0,1.0,0.0,0.5,1.5,0.6666666865348816,1.5,0.6666666865348816,1.5,ryan neal
Riley Fox,SF,YALE,24.0,9.125,3.5,1.3333334,0.16666667,0.20833333,0.041666668,0.75,3.0,0.4583333432674408,0.0,0.0,0.16666667,riley fox
Dennis Asoro,SF,UAPB,24.0,8.458333,3.5,1.5416666,0.125,0.33333334,0.083333336,0.0,2.5,0.6499999761581421,0.9583333,0.260869562625885,0.9166667,dennis asoro
Taheen Braswell-Brown,PG,GCTU,2.0,12.5,3.5,0.5,0.0,0.0,0.0,0.0,4.0,0.375,1.0,0.5,0.5,taheen braswell brown
Omari Bolden,ATH,NCW,2.0,16.0,3.5,2.5,1.5,0.5,0.0,0.5,5.0,0.10000000149011612,2.0,1.0,0.5,omari bolden
Elijah Green,PG,WPEA,2.0,20.5,3.5,2.5,3.0,1.5,0.0,0.5,4.5,0.3333333432674408,0.0,0.0,4.5,elijah green
Janai Williams,PG,MATC,4.0,15.5,3.5,2.0,1.5,0.75,0.0,0.0,3.25,0.3076923191547394,4.25,0.3529411852359772,0.75,janai williams
Jacobee Giles,PG,DCC,4.0,10.5,3.5,1.5,0.75,0.5,0.0,0.25,3.0,0.3333333432674408,1.5,0.8333333134651184,1.0,jacobee giles
Justin Skelton,PG,BOBJ,2.0,16.5,3.5,0.5,1.0,0.5,0.5,0.5,6.0,0.25,0.0,0.0,0.5,justin skelton
Jaylan Bowen,PG,PFEI,2.0,5.5,3.5,1.0,0.0,0.0,0.0,0.5,2.5,0.6000000238418579,0.0,0.0,1.0,jaylan bowen
Josh Johnson,PG,PFEI,2.0,8.0,3.5,0.5,0.5,0.0,0.0,0.5,2.5,0.4000000059604645,1.0,1.0,0.0,josh johnson
Nathan Behr,SF,ESC,2.0,19.5,3.5,5.0,0.5,1.0,0.0,0.0,4.5,0.2222222238779068,3.5,0.4285714328289032,1.5,nathan behr
Kabryen Tinson,PG,BRES,4.0,15.75,3.5,1.5,0.75,0.25,0.0,0.25,4.5,0.3333333432674408,0.5,0.5,0.75,kabryen tinson
Jaron Washington-Thomas,ATH,BLU,2.0,10.0,3.5,0.5,0.5,1.0,0.0,0.0,4.5,0.3333333432674408,1.0,0.5,0.5,jaron washington thomas
Mac Kelly,ATH,COCU,2.0,10.5,3.5,0.5,0.0,0.5,0.0,0.5,2.5,0.4000000059604645,1.0,1.0,0.0,mac kelly
Hank Gramlich,PG,EMRS,2.0,8.5,3.5,0.5,0.0,1.0,0.0,0.5,2.0,0.75,1.0,0.0,0.5,hank gramlich
Brendan Taylor,SF,EMRS,2.0,6.0,3.5,0.0,0.0,0.0,0.0,0.5,3.0,0.5,0.0,0.0,0.0,brendan taylor
Giulio Volonte,SF,EMRS,2.0,12.0,3.5,1.5,1.5,0.5,0.0,0.5,6.5,0.23076923191547394,1.0,0.0,0.5,giulio volonte
Kaden Morgan,ATH,TWES,2.0,19.0,3.5,2.5,0.5,0.5,0.0,0.5,3.5,0.4285714328289032,0.0,0.0,1.5,kaden morgan
Ognjen Cocic,ATH,OLLU,2.0,7.0,3.5,0.5,0.5,0.0,0.0,0.5,1.0,1.0,1.0,1.0,0.5,ognjen cocic
Garrett Hamrick,ATH,PSSH,2.0,11.5,3.5,1.0,0.0,0.0,0.5,0.5,3.0,0.5,0.0,0.0,0.0,garrett hamrick
Davis Molnar,SF,FUR,33.0,10.545455,3.4848485,2.7272727,1.060606,0.54545456,0.060606062,0.15151516,2.7272727,0.5111111402511597,0.6060606,0.8999999761581421,0.8484849,davis molnar
Juhlawnei Stone,SF,SFA,31.0,18.612904,3.483871,4.064516,0.7741935,0.4516129,0.61290324,0.0,2.612903,0.5432098507881165,1.3548387,0.4761904776096344,0.9677419,juhlawnei stone
Chace Davis,PG,RAD,28.0,8.357142,3.4642856,1.0357143,0.17857143,0.10714286,0.035714287,0.71428573,2.607143,0.4109589159488678,0.6785714,0.8947368264198303,0.2857143,chace davis
Augustus Gerhart,SF,PENN,26.0,14.884615,3.4615386,3.4615386,0.7692308,0.23076923,0.3846154,0.0,2.2307692,0.6034482717514038,1.2307693,0.625,0.7307692,augustus gerhart
Andrew Nagy,SF,LBSU,26.0,17.846153,3.4615386,2.3461537,0.46153846,0.34615386,0.23076923,0.34615386,2.4230769,0.5396825671195984,0.65384614,0.7647058963775635,0.84615386,andrew nagy
Siem Uijtendaal,PG,YSU,33.0,16.272728,3.4545455,2.0,1.030303,0.6363636,0.18181819,0.8181818,3.060606,0.3663366436958313,0.6363636,0.6190476417541504,0.93939394,siem uijtendaal
Elijah Jones,SF,UTEP,33.0,10.363636,3.4545455,2.3333333,0.27272728,0.21212122,0.6969697,0.3030303,2.7272727,0.4888888895511627,0.6969697,0.695652186870575,0.5151515,elijah jones
Kaden Stuckey,SF,VMI,33.0,12.787879,3.4545455,2.6060605,0.42424244,0.3030303,0.45454547,0.030303031,2.4545455,0.5308641791343689,1.1818181,0.692307710647583,0.8484849,kaden stuckey
Miles Stewart,SF,ORE,31.0,10.4838705,3.451613,2.387097,0.7741935,0.32258064,0.32258064,0.032258064,2.2258065,0.5942028760910034,1.2258065,0.6315789222717285,0.9354839,miles stewart
Grant Huffman,PG,VAN,29.0,18.137932,3.4482758,1.862069,1.7586207,1.1034483,0.1724138,0.20689656,2.7931035,0.4444444477558136,1.1034483,0.6875,0.79310346,grant huffman
Eric Van Der Heijden,SF,CAM,32.0,14.09375,3.4375,2.75,1.875,0.4375,0.46875,0.375,3.3125,0.4150943458080292,0.4375,0.7142857313156128,0.6875,eric van der heijden
Luke Gray,SF,ORU,30.0,11.2,3.4333334,2.6,0.23333333,0.16666667,0.5,0.13333334,2.5,0.41333332657814026,1.6,0.7708333134651184,0.56666666,luke gray
Elijah Thomas,PG,EWU,26.0,14.692307,3.4230769,1.2307693,0.53846157,0.42307693,0.46153846,0.6923077,2.8846154,0.3733333349227905,0.84615386,0.6818181872367859,0.34615386,elijah thomas
K.J. Hymes,SF,NEV,31.0,12.4838705,3.419355,2.387097,0.29032257,0.32258064,0.41935483,0.0,2.032258,0.6349206566810608,1.7741935,0.4727272689342499,0.516129,k j hymes
Isaac Abidde,SF,UALB,31.0,10.741936,3.419355,2.032258,0.32258064,0.516129,0.29032257,0.32258064,2.6774194,0.4819277226924896,0.7419355,0.695652186870575,0.6451613,isaac abidde
Aiden Sherrell,SF,ALA,36.0,8.75,3.4166667,2.8333333,0.3611111,0.22222222,0.19444445,0.3888889,2.4444444,0.5113636255264282,1.1388888,0.46341463923454285,0.41666666,aiden sherrell
Ishan Sharma,SF,SLU,29.0,12.793103,3.413793,1.3103448,0.79310346,0.2413793,0.06896552,0.82758623,3.1034484,0.3333333432674408,0.55172414,0.9375,0.3448276,ishan sharma
Tafara Gapare,SF,VILL,32.0,10.28125,3.40625,1.90625,0.1875,0.375,0.78125,0.40625,2.59375,0.46987950801849365,0.90625,0.6206896305084229,0.53125,tafara gapare
Can Kaan Turgut,PG,FIT,5.0,16.2,3.4,2.0,0.8,0.6,0.0,0.6,4.6,0.30434781312942505,0.0,0.0,0.6,can kaan turgut
Tristian Pretlow,ATH,STAU,5.0,10.6,3.4,2.4,0.2,1.0,0.0,0.6,4.6,0.30434781312942505,0.4,0.0,0.4,tristian pretlow
Caleb Embeya,SF,TOW,33.0,16.151516,3.3939395,3.939394,0.33333334,0.5151515,0.6060606,0.0,2.5151515,0.5180723071098328,1.3030303,0.604651153087616,0.5151515,caleb embeya
DJ Nix,SF,COR,28.0,11.892858,3.392857,1.7857143,0.32142857,0.21428572,0.14285715,0.64285713,3.107143,0.4252873659133911,0.17857143,0.6000000238418579,0.10714286,dj nix
Grant Asman,SF,LIP,29.0,14.4827585,3.3793104,2.275862,1.0,0.44827586,0.44827586,0.31034482,2.8965516,0.4166666567325592,1.137931,0.5757575631141663,0.8965517,grant asman
Justin Ray,PG,MONM,32.0,8.59375,3.375,0.625,0.3125,0.25,0.0625,0.375,2.78125,0.43820226192474365,0.75,0.75,0.40625,justin ray
Ebrima Dibba,PG,CLE,35.0,25.028572,3.3714285,3.057143,3.8857143,0.9714286,0.028571429,0.17142858,3.4857142,0.3852458894252777,1.1142857,0.4615384638309479,1.5142857,ebrima dibba
Braelon Green,PG,EMU,30.0,15.8,3.3666666,1.9333333,1.5666667,0.3,0.1,0.06666667,3.0666666,0.44565218687057495,1.0333333,0.5483871102333069,1.0666667,braelon green
Darlinstone Dubar,PG,TENN,33.0,9.787879,3.3636363,1.8181819,0.4848485,0.21212122,0.21212122,0.4848485,3.1818182,0.39047619700431824,0.6666667,0.5909090638160706,0.36363637,darlinstone dubar
Finley Sheridan,SF,STET,31.0,11.67742,3.3548386,2.2580645,0.38709676,0.2580645,0.2580645,0.32258064,2.7419355,0.48235294222831726,0.61290324,0.6315789222717285,0.41935483,finley sheridan
Jordan Pickett,PG,SIUE,34.0,11.735294,3.3529413,1.2941177,0.64705884,0.38235295,0.029411765,0.5882353,2.8823528,0.3979591727256775,0.64705884,0.7272727489471436,0.2647059,jordan pickett
Malek Gomma,SF,WEB,26.0,13.653846,3.3461537,3.3076923,0.42307693,0.42307693,0.1923077,0.0,2.4615386,0.578125,1.0,0.5,0.42307693,malek gomma
Jalen Ware,SF,UMES,27.0,17.481482,3.3333333,3.9629629,0.33333334,0.7407407,0.6296296,0.25925925,3.851852,0.32692307233810425,1.0,0.5555555820465088,1.0,jalen ware
Reid Warga,PG,CIU,3.0,15.666667,3.3333333,3.0,0.6666667,0.33333334,0.0,0.33333334,4.3333335,0.23076923191547394,1.3333334,0.75,1.0,reid warga
Connor Higgins,C,CIU,3.0,12.0,3.3333333,2.3333333,0.33333334,0.0,0.0,0.0,2.6666667,0.5,2.0,0.3333333432674408,0.33333334,connor higgins
Jalen King-Joiner,PG,KCU,3.0,13.666667,3.3333333,0.0,0.33333334,0.33333334,0.0,0.6666667,4.3333335,0.3076923191547394,0.0,0.0,2.0,jalen king joiner
Bradey Henige,SF,CBU,30.0,10.833333,3.3333333,2.6666667,0.1,0.23333333,0.3,0.0,2.2,0.6363636255264282,0.93333334,0.5714285969734192,0.43333334,bradey henige
Christian Burton,PG,DFC,3.0,15.666667,3.3333333,0.33333334,2.3333333,0.33333334,0.0,0.33333334,4.0,0.3333333432674408,0.6666667,0.5,2.3333333,christian burton
Shawn Wilson,PG,UMO,3.0,13.333333,3.3333333,3.0,0.6666667,0.0,0.0,0.0,4.3333335,0.38461539149284363,0.0,0.0,1.3333334,shawn wilson
Malcolm Muhammad,PG,CHEY,3.0,12.333333,3.3333333,0.33333334,0.33333334,0.33333334,0.0,0.6666667,6.0,0.2222222238779068,0.33333334,0.0,0.6666667,malcolm muhammad
Antrell Williams,ATH,TOCC,3.0,16.0,3.3333333,2.0,0.0,0.33333334,0.33333334,0.6666667,3.0,0.4444444477558136,0.0,0.0,1.0,antrell williams
Tyler Betsey,SF,SYR,34.0,11.1470585,3.3235295,1.4705882,0.29411766,0.029411765,0.14705883,0.7647059,3.2941177,0.3571428656578064,0.38235295,0.5384615659713745,0.2647059,tyler betsey
Andrew Welage,PG,WRST,31.0,12.548388,3.3225806,1.3548387,0.7741935,0.16129032,0.12903225,0.83870965,3.0,0.37634408473968506,0.29032257,0.7777777910232544,0.48387095,andrew welage
Jalen Jackson,PG,WKU,32.0,20.5625,3.3125,1.96875,2.09375,1.15625,0.25,0.125,3.34375,0.3457943797111511,1.3125,0.6666666865348816,0.875,jalen jackson
Damarion Walkup,PG,SEMO,27.0,11.666667,3.2962964,1.5185186,0.44444445,0.44444445,0.074074075,0.6296296,3.074074,0.34939759969711304,0.6666667,0.7777777910232544,0.7037037,damarion walkup
Braden Appelhans,PG,DRKE,31.0,9.935484,3.2903225,0.7096774,0.4516129,0.29032257,0.16129032,0.9032258,2.548387,0.40506330132484436,0.41935483,0.7692307829856873,0.16129032,braden appelhans
Khani Rooths,SF,LOU,35.0,13.4,3.2857144,3.0285714,0.2857143,0.37142858,0.34285715,0.34285715,3.057143,0.3925233781337738,0.9714286,0.5588235259056091,0.54285717,khani rooths
Luka Tarlac,PG,CP,28.0,14.464286,3.2857144,2.2142856,1.4642857,1.1071428,0.53571427,0.0,2.5,0.5,1.2142857,0.6470588445663452,1.6428572,luka tarlac
Filip Radakovic,PG,UTM,29.0,19.241379,3.275862,3.5172415,1.0,0.6896552,0.06896552,0.10344828,2.4482758,0.3802816867828369,1.6551725,0.7916666865348816,1.0,filip radakovic
Richard Goods,SF,STBK,33.0,13.121212,3.2727273,4.030303,0.4848485,0.4848485,0.54545456,0.030303031,2.3939395,0.49367088079452515,1.3030303,0.6744186282157898,0.33333334,richard goods
Anthony Leal,PG,IU,26.0,20.884615,3.2692308,2.8846154,1.8461539,1.0769231,0.42307693,0.26923078,1.7307693,0.5777778029441833,1.6153846,0.6190476417541504,0.65384614,anthony leal
Parker Strauss,PG,UCR,26.0,13.307693,3.2692308,2.4230769,0.6923077,0.6923077,0.07692308,0.6923077,2.7307692,0.4225352108478546,0.34615386,0.7777777910232544,0.8076923,parker strauss
Jack Whitbourn,C,FOR,34.0,13.088235,3.264706,4.4411764,0.5294118,0.11764706,0.20588236,0.11764706,2.5588236,0.4712643623352051,1.1764706,0.625,0.5882353,jack whitbourn
Rolyns Aligbe,SF,SIU,31.0,12.225806,3.2580645,3.483871,0.516129,0.3548387,0.41935483,0.19354838,2.7741935,0.41860464215278625,1.3548387,0.5476190447807312,1.1290323,rolyns aligbe
Zander Yates,SF,LIB,32.0,8.15625,3.25,1.21875,0.3125,0.1875,0.03125,0.90625,2.65625,0.42352941632270813,0.28125,0.3333333432674408,0.21875,zander yates
London Fields,PG,ETAM,32.0,11.59375,3.25,1.375,0.21875,0.25,0.03125,0.5625,3.4375,0.34545454382896423,0.4375,0.7142857313156128,0.28125,london fields
Mabeny Naam,C,NNMC,4.0,11.25,3.25,2.75,0.0,0.25,0.0,0.0,3.75,0.3333333432674408,1.5,0.5,0.25,mabeny naam
Deshaun Jackson Jr.,PG,MERC,24.0,12.833333,3.25,1.4166666,1.5416666,0.875,0.5,0.125,3.0833333,0.45945945382118225,0.6666667,0.4375,0.7916667,deshaun jackson jr
Tillman Brown,ATH,DFC,4.0,6.25,3.25,0.25,0.25,0.0,0.0,0.25,2.5,0.6000000238418579,0.0,0.0,0.0,tillman brown
Johsua Abrams,ATH,BTHS,4.0,19.5,3.25,2.5,1.0,0.5,1.25,0.0,3.0,0.5,0.25,1.0,1.25,johsua abrams
Hunter Adam,PG,DAV,33.0,14.515152,3.2424242,2.6969697,0.45454547,0.3030303,0.33333334,0.4848485,2.2121212,0.534246563911438,0.6363636,0.6190476417541504,0.3030303,hunter adam
Eric Michaels,SF,AMER,29.0,11.413794,3.2413793,2.5517242,0.27586207,0.20689656,0.51724136,0.0,2.7931035,0.4938271641731262,1.1034483,0.4375,0.6896552,eric michaels
Stone Hutchings,PG,UTU,30.0,7.6,3.2333333,1.0333333,0.2,0.33333334,0.0,0.33333334,2.8,0.4523809552192688,0.6,0.6111111044883728,0.16666667,stone hutchings
Mambourou Mara,SF,HCU,30.0,12.7,3.2333333,1.8,0.36666667,0.23333333,0.53333336,0.43333334,2.5666666,0.4935064911842346,0.43333334,0.6153846383094788,0.3,mambourou mara
Trey Hicks,SF,LONG,26.0,8.0,3.2307692,1.7307693,0.23076923,0.07692308,0.34615386,0.0,1.9230769,0.5600000023841858,1.2692307,0.8484848737716675,0.23076923,trey hicks
Josh Gray,C,MIZ,33.0,15.575758,3.2121212,5.2727275,0.57575756,0.3030303,0.42424244,0.030303031,1.939394,0.53125,1.969697,0.5692307949066162,0.8787879,josh gray
Dillan Baker,PG,ADSU,33.0,13.212121,3.2121212,1.7878788,0.45454547,0.24242425,0.060606062,0.54545456,3.2121212,0.35849055647850037,0.4848485,0.75,0.75757575,dillan baker
Ze'Rik Onyema,SF,TEX,35.0,10.2,3.2,2.5142858,0.37142858,0.34285715,0.45714286,0.0,2.0285714,0.6056337952613831,1.1714286,0.6341463327407837,0.4857143,ze rik onyema
Di'Andre Howell-South,PG,HFU,25.0,14.08,3.2,2.2,1.12,0.96,0.08,0.24,3.6,0.3333333432674408,0.88,0.6363636255264282,1.04,di andre howell south
Donovan Murphy,SF,FIT,5.0,26.4,3.2,4.0,0.4,0.4,0.0,0.0,3.0,0.5333333611488342,0.0,0.0,0.6,donovan murphy
Landon Moore,PG,ILST,35.0,16.171429,3.2,1.6571429,1.2571429,0.25714287,0.14285715,0.17142858,2.1714287,0.3552631437778473,2.0285714,0.7323943376541138,0.7714286,landon moore
Kean Webb,SF,PRST,25.0,14.6,3.2,2.24,0.32,0.36,0.44,0.0,1.92,0.5625,1.36,0.7647058963775635,0.72,kean webb
Tyree Ihenacho,PG,WASH,31.0,20.838709,3.1935484,2.7741935,2.032258,0.7096774,0.41935483,0.12903225,3.2580645,0.39603960514068604,0.7741935,0.625,1.1612903,tyree ihenacho
Parker Friedrichsen,PG,DAV,31.0,14.5161295,3.1935484,1.0,0.58064514,0.58064514,0.0,0.6451613,3.096774,0.3229166567325592,0.6451613,0.8500000238418579,0.32258064,parker friedrichsen
Abou Magassa,SF,WYO,31.0,15.32258,3.1935484,3.7419355,0.19354838,0.29032257,0.38709676,0.0,1.8709677,0.7241379022598267,1.0967742,0.44117647409439087,0.5483871,abou magassa
Darik Dissette,PG,NDSU,31.0,10.967742,3.1935484,2.064516,0.19354838,0.16129032,0.06451613,0.0,1.967742,0.6557376980781555,0.83870965,0.7307692170143127,0.29032257,darik dissette
Kernan Bundy,PG,KC,31.0,15.290322,3.1935484,2.7096775,1.032258,0.516129,0.09677419,0.516129,2.6451614,0.3658536672592163,0.83870965,0.8846153616905212,0.67741936,kernan bundy
Dylan James,SF,UGA,32.0,13.625,3.1875,2.1875,0.5625,0.34375,0.53125,0.3125,2.625,0.4642857015132904,0.84375,0.5185185074806213,0.65625,dylan james
AD Diedhiou,SF,ULM,32.0,18.125,3.1875,4.0625,0.96875,0.40625,0.53125,0.0,2.4375,0.5256410241127014,1.0625,0.5882353186607361,0.5,ad diedhiou
Andrew Ball,PG,MONM,33.0,10.878788,3.1818182,2.7575758,0.24242425,0.121212125,0.45454547,0.33333334,3.0,0.39393940567970276,0.4848485,1.0,0.45454547,andrew ball
Kadar Waller,PG,CSUB,32.0,17.75,3.15625,1.8125,1.75,1.09375,0.03125,0.1875,2.375,0.43421053886413574,1.21875,0.7435897588729858,1.1875,kadar waller
Even Brauns,SF,IOWA,26.0,8.730769,3.1538463,1.0769231,0.53846157,0.23076923,0.5,0.0,1.6538461,0.7674418687820435,1.0384616,0.5925925970077515,0.30769232,even brauns
Max Frazier,SF,CCSU,27.0,10.0,3.148148,2.5925925,0.4814815,0.22222222,0.8148148,0.0,2.2592592,0.6393442749977112,0.6666667,0.3888888955116272,0.6666667,max frazier
Matej Bosnjak,C,WICH,34.0,13.970589,3.1470587,3.264706,0.5588235,0.29411766,0.23529412,0.0882353,2.735294,0.44086021184921265,1.0294118,0.6285714507102966,0.7647059,matej bosnjak
Emmanuel Ugbo,SF,WSU,36.0,10.0,3.1388888,2.3333333,0.19444445,0.11111111,0.3611111,0.1388889,2.3611112,0.48235294222831726,0.9166667,0.7878788113594055,0.5277778,emmanuel ugbo
Angelo Ciaravino,PG,NU,31.0,11.225806,3.1290324,1.8064516,0.5483871,0.4516129,0.22580644,0.32258064,2.8064516,0.40229883790016174,0.8064516,0.6800000071525574,0.61290324,angelo ciaravino
Latif Diouf,SF,UTC,31.0,9.870968,3.1290324,2.612903,1.032258,0.2580645,0.16129032,0.032258064,2.612903,0.4444444477558136,1.2580645,0.6153846383094788,0.87096775,latif diouf
Thierno Sylla,C,MEM,25.0,9.36,3.12,2.64,0.36,0.24,0.56,0.28,3.04,0.3684210479259491,0.92,0.6521739363670349,1.08,thierno sylla
Braylhan Thomas,PG,WIN,25.0,11.8,3.12,2.48,0.72,0.44,0.12,0.4,3.64,0.34065935015678406,0.36,0.6666666865348816,0.48,braylhan thomas
Raymond Somerville,C,DSU,30.0,11.833333,3.1,2.1333334,0.33333334,0.4,0.56666666,0.0,2.2333333,0.5970149040222168,0.73333335,0.5909090638160706,0.7,raymond somerville
Henry Abraham,PG,CCU,30.0,14.966666,3.1,1.8666667,1.2333333,0.1,0.0,0.8,3.2,0.2916666567325592,0.6333333,0.6842105388641357,0.6333333,henry abraham
Noah Barnett,SF,UVM,30.0,12.5,3.1,2.4,0.3,0.26666668,0.2,0.0,1.7666667,0.7169811129570007,0.7,0.8095238208770752,0.43333334,noah barnett
Andre Lorentsson,SF,TOL,33.0,13.151515,3.090909,1.6666666,0.36363637,0.36363637,0.0,0.6060606,2.6363637,0.39080458879470825,0.57575756,0.7368420958518982,0.3030303,andre lorentsson
David Rochester,SF,BRWN,23.0,9.826087,3.0869565,1.6521739,0.3478261,0.4347826,0.17391305,0.26086956,2.347826,0.3888888955116272,1.173913,0.8518518805503845,0.2173913,david rochester
Xavier Sykes,PG,SUU,25.0,7.96,3.08,0.84,0.64,0.36,0.0,0.48,3.0,0.36000001430511475,0.64,0.6875,0.68,xavier sykes
Erik Taylor,PG,PRES,25.0,11.12,3.08,0.84,0.76,0.44,0.0,0.56,2.44,0.4262295067310333,0.52,0.8461538553237915,0.76,erik taylor
Kevin Patton Jr.,PG,UNM,27.0,8.074074,3.074074,1.2222222,0.4074074,0.4074074,0.44444445,0.22222222,2.1111112,0.5614035129547119,0.8148148,0.5909090638160706,0.5185185,kevin patton jr
Jorge Diaz Graham,SF,ORST,29.0,7.172414,3.0689654,0.86206895,0.20689656,0.31034482,0.13793103,0.6896552,1.862069,0.5185185074806213,0.55172414,0.8125,0.10344828,jorge diaz graham
Harrison Carrington,SF,UCI,30.0,9.0,3.0666666,1.2333333,0.23333333,0.33333334,0.16666667,0.2,1.5333333,0.6086956262588501,1.3,0.7692307829856873,0.6666667,harrison carrington
Naz Brown,PG,CCU,30.0,14.866667,3.0666666,1.4666667,1.2,0.6,0.0,0.36666667,2.6333334,0.3291139304637909,1.3666667,0.707317054271698,0.8666667,naz brown
Trevor Mullin,PG,YALE,30.0,11.333333,3.0666666,1.1333333,0.8,0.33333334,0.033333335,0.46666667,2.6666667,0.42500001192092896,0.4,0.8333333134651184,0.56666666,trevor mullin
Kyle Edison,PG,SELA,30.0,10.633333,3.0666666,1.5666667,0.56666666,0.6,0.1,0.56666666,2.7,0.3580246865749359,0.8666667,0.6538461446762085,0.6333333,kyle edison
Jeremiah Evans,SF,UL,31.0,9.096774,3.064516,2.1290324,0.16129032,0.29032257,0.58064514,0.032258064,2.7419355,0.43529412150382996,1.1612903,0.5555555820465088,0.6451613,jeremiah evans
Wyatt Nausadis,PG,AMER,35.0,12.342857,3.057143,1.1428572,0.8857143,0.6,0.0,0.54285717,3.3428571,0.3162393271923065,0.6,0.6666666865348816,0.62857145,wyatt nausadis
Matt Knowling,SF,USC,27.0,18.11111,3.0370371,2.5925925,1.2222222,0.4074074,0.4814815,0.0,2.3333333,0.5714285969734192,0.6296296,0.5882353186607361,0.4814815,matt knowling
Darius Duffy,SF,PFW,32.0,16.125,3.03125,2.4375,0.21875,0.4375,0.78125,0.0,1.71875,0.8181818127632141,0.65625,0.3333333432674408,0.46875,darius duffy
Diogo Seixas,SF,CARK,33.0,16.363636,3.030303,2.3030303,0.8484849,0.42424244,0.030303031,0.27272728,3.2424242,0.30841121077537537,1.4242424,0.5319148898124695,1.1212121,diogo seixas
Rick Issanza,C,LMU,26.0,14.538462,3.0,3.0769231,0.1923077,0.23076923,1.0769231,0.0,1.9230769,0.6800000071525574,0.84615386,0.4545454680919647,0.5769231,rick issanza
Devaunte Robinson,SF,AL,2.0,13.0,3.0,1.0,0.0,0.5,0.0,0.0,3.5,0.4285714328289032,0.0,0.0,1.5,devaunte robinson
Keaston Brown,PG,CBVU,1.0,17.0,3.0,4.0,5.0,0.0,0.0,1.0,4.0,0.25,0.0,0.0,7.0,keaston brown
Malakhi Stremlow,C,NBRY,2.0,22.0,3.0,5.5,1.0,0.5,0.0,0.0,5.5,0.1818181872367859,2.0,0.5,1.0,malakhi stremlow
Josue Mireles,PG,WLWL,2.0,10.5,3.0,0.5,1.0,0.5,0.0,1.0,4.5,0.2222222238779068,0.0,0.0,0.0,josue mireles
Bostyn Holt,PG,FSU,30.0,12.733334,3.0,1.3,1.2333333,0.4,0.06666667,0.16666667,2.3666666,0.4507042169570923,1.1333333,0.6176470518112183,0.7,bostyn holt
Lucas Brenner,PG,EMRS,2.0,17.5,3.0,1.5,1.0,0.0,0.0,1.0,3.5,0.2857142984867096,0.0,0.0,1.0,lucas brenner
Isaac Orozco,PG,TXLU,2.0,14.0,3.0,1.5,0.5,0.5,0.0,1.0,2.5,0.4000000059604645,0.0,0.0,1.5,isaac orozco
Kevin Dittman,SF,COLC,1.0,8.0,3.0,0.0,0.0,0.0,0.0,1.0,2.0,0.5,0.0,0.0,1.0,kevin dittman
Bryan Strom,PG,HSKL,1.0,18.0,3.0,0.0,0.0,2.0,0.0,1.0,7.0,0.1428571492433548,0.0,0.0,3.0,bryan strom
Malik Barton,PG,NMHU,1.0,3.0,3.0,1.0,0.0,0.0,0.0,1.0,1.0,1.0,0.0,0.0,1.0,malik barton
Javaughn Smith,PG,CBVU,1.0,19.0,3.0,0.0,1.0,0.0,0.0,1.0,5.0,0.20000000298023224,0.0,0.0,0.0,javaughn smith
Xavier Purnell,PG,OLLU,2.0,15.0,3.0,2.0,1.0,1.0,0.0,0.0,1.5,0.3333333432674408,2.5,0.800000011920929,1.5,xavier purnell
Trey Flatt,PG,HOUG,2.0,16.5,3.0,1.5,2.0,0.5,0.0,0.5,2.5,0.4000000059604645,1.5,0.3333333432674408,2.0,trey flatt
Ryan Weir,PG,AQUI,2.0,15.5,3.0,2.5,0.5,0.0,0.0,1.0,2.5,0.4000000059604645,0.0,0.0,0.5,ryan weir
Demari Hackett,SF,ERAZ,2.0,14.0,3.0,3.5,0.0,0.5,0.5,0.0,6.0,0.25,0.0,0.0,1.0,demari hackett
Trent Scott,PG,MORE,25.0,13.64,3.0,2.36,1.2,0.64,0.0,0.0,2.68,0.447761207818985,1.44,0.4166666567325592,0.72,trent scott
Troy Hupstead,SF,TXSO,24.0,8.666667,3.0,2.4583333,0.375,0.16666667,0.16666667,0.25,2.0416667,0.44897958636283875,1.1666666,0.7857142686843872,0.5,troy hupstead
Tre Moore,PG,COGA,1.0,7.0,3.0,2.0,1.0,0.0,0.0,1.0,2.0,0.5,0.0,0.0,0.0,tre moore
Tanner Hecht,PG,COCU,2.0,7.0,3.0,0.0,1.0,0.0,0.5,1.0,1.5,0.6666666865348816,0.0,0.0,0.5,tanner hecht
Liam Patterson,PG,MOBL,1.0,8.0,3.0,1.0,0.0,0.0,0.0,1.0,5.0,0.20000000298023224,0.0,0.0,0.0,liam patterson
Nick Grant,PG,CSC,1.0,14.0,3.0,2.0,1.0,1.0,0.0,0.0,2.0,0.5,2.0,0.5,0.0,nick grant
Collin Coates,PG,SPRH,1.0,8.0,3.0,2.0,0.0,0.0,0.0,1.0,2.0,0.5,0.0,0.0,1.0,collin coates
Trenton Dillard,SF,LGC,2.0,10.5,3.0,1.0,0.0,1.0,0.0,0.5,1.0,1.0,1.0,0.5,0.0,trenton dillard
Julius Mitchell,PG,OAKW,2.0,10.5,3.0,0.5,0.5,1.5,0.0,0.0,1.0,0.5,3.0,0.6666666865348816,2.5,julius mitchell
Kyle Florio,PG,GLDT,1.0,7.0,3.0,0.0,0.0,1.0,0.0,1.0,1.0,1.0,0.0,0.0,1.0,kyle florio
Nigel McKay,PG,JSP,1.0,12.0,3.0,1.0,0.0,0.0,0.0,1.0,4.0,0.25,0.0,0.0,1.0,nigel mckay
Luke Cole,SF,HOUG,2.0,17.0,3.0,3.0,0.5,0.0,0.0,0.0,3.0,0.5,1.0,0.0,1.5,luke cole
Jacob Hamermesh,SF,OXY,2.0,20.5,3.0,2.0,3.0,0.5,0.0,0.0,4.0,0.25,1.0,1.0,1.0,jacob hamermesh
Theo Noble,PG,NYMT,1.0,24.0,3.0,0.0,0.0,0.0,0.0,1.0,9.0,0.1111111119389534,0.0,0.0,0.0,theo noble
Jayson Easton,SF,LYBG,1.0,18.0,3.0,1.0,1.0,0.0,1.0,1.0,4.0,0.25,0.0,0.0,0.0,jayson easton
Naji Hall,PG,TUSC,2.0,12.0,3.0,1.5,1.0,0.5,0.0,0.5,4.5,0.2222222238779068,1.0,0.5,2.5,naji hall
Sadiq Abdullahi,SF,CSC,1.0,8.0,3.0,0.0,0.0,0.0,0.0,1.0,1.0,1.0,0.0,0.0,0.0,sadiq abdullahi
Koji Anderson,PG,AL,2.0,13.0,3.0,0.5,1.5,1.0,0.0,0.0,2.5,0.6000000238418579,0.0,0.0,3.5,koji anderson
Ayden Brobston,SF,ANIN,1.0,4.0,3.0,1.0,0.0,0.0,0.0,1.0,2.0,0.5,0.0,0.0,1.0,ayden brobston
Omari Bryson,PG,VRHS,1.0,8.0,3.0,1.0,0.0,0.0,0.0,1.0,1.0,1.0,0.0,0.0,1.0,omari bryson
Kendan Maddox,SF,BTTN,1.0,21.0,3.0,1.0,0.0,0.0,2.0,0.0,4.0,0.0,4.0,0.75,1.0,kendan maddox
Carson Frincke,PG,WORU,1.0,16.0,3.0,1.0,1.0,1.0,0.0,1.0,5.0,0.20000000298023224,0.0,0.0,1.0,carson frincke
Brock McKnight,PG,BRE,1.0,14.0,3.0,0.0,0.0,0.0,0.0,1.0,1.0,1.0,0.0,0.0,0.0,brock mcknight
Elijah Newsome,PG,SFST,1.0,6.0,3.0,1.0,0.0,1.0,0.0,1.0,5.0,0.20000000298023224,0.0,0.0,0.0,elijah newsome
Thaddeus Burns,PG,COGA,1.0,18.0,3.0,2.0,0.0,0.0,0.0,1.0,4.0,0.25,0.0,0.0,1.0,thaddeus burns
Kael Rillie,PG,NGU,1.0,7.0,3.0,3.0,0.0,0.0,0.0,1.0,2.0,0.5,0.0,0.0,1.0,kael rillie
John Rogers,SF,NGU,1.0,10.0,3.0,1.0,0.0,0.0,1.0,0.0,1.0,1.0,2.0,0.5,0.0,john rogers
Jakob Dobney,PG,DWU,2.0,20.5,3.0,2.5,3.0,2.0,0.0,0.0,6.0,0.1666666716337204,1.0,1.0,0.0,jakob dobney
Johnny Whysong,SF,CIU,4.0,25.0,3.0,2.75,1.5,0.25,0.75,0.0,5.75,0.260869562625885,0.0,0.0,2.5,johnny whysong
Davis Byrnes,SF,ERSK,2.0,16.5,3.0,2.0,0.5,0.5,0.0,0.0,2.0,0.75,0.5,0.0,2.0,davis byrnes
Johnny Dieck,PG,TRCC,2.0,17.0,3.0,4.5,0.0,0.0,0.0,1.0,5.0,0.20000000298023224,0.0,0.0,1.0,johnny dieck
Dylan Magloire,SF,VRHS,1.0,22.0,3.0,1.0,0.0,2.0,0.0,1.0,5.0,0.20000000298023224,0.0,0.0,2.0,dylan magloire
Aden Slone,PG,AL,1.0,16.0,3.0,2.0,0.0,1.0,0.0,1.0,6.0,0.1666666716337204,0.0,0.0,1.0,aden slone
Malakai Munoz,PG,HLGU,1.0,22.0,3.0,4.0,2.0,3.0,0.0,0.0,5.0,0.20000000298023224,2.0,0.5,4.0,malakai munoz
Jarin Edwards,PG,HAWH,1.0,20.0,3.0,2.0,1.0,0.0,0.0,1.0,3.0,0.3333333432674408,1.0,0.0,3.0,jarin edwards
Jadon Amiot,PG,DWU,2.0,2.5,3.0,0.5,0.0,0.0,0.0,1.0,1.0,1.0,0.0,0.0,1.0,jadon amiot
Bobby McWard,PG,COCU,2.0,15.0,3.0,2.0,1.0,0.0,0.0,1.0,6.5,0.1538461595773697,0.0,0.0,1.5,bobby mcward
Gavin Weisweaver,PG,WLMT,1.0,7.0,3.0,1.0,0.0,0.0,0.0,1.0,2.0,0.5,0.0,0.0,0.0,gavin weisweaver
Austin Ito,PG,MNLO,2.0,11.0,3.0,1.0,0.5,0.0,0.0,1.0,4.0,0.25,0.0,0.0,0.0,austin ito
Brandon Alfonse,SF,PFEI,2.0,12.0,3.0,1.5,0.0,0.5,0.0,0.0,1.5,0.3333333432674408,2.0,1.0,1.0,brandon alfonse
Silas Davis,PG,HSU,1.0,8.0,3.0,1.0,1.0,0.0,0.0,1.0,4.0,0.25,0.0,0.0,2.0,silas davis
Ty Runyan,PG,TWU,1.0,18.0,3.0,0.0,1.0,0.0,0.0,1.0,4.0,0.25,0.0,0.0,0.0,ty runyan
Zach Hiebert,PG,TBR,1.0,22.0,3.0,2.0,3.0,1.0,0.0,1.0,4.0,0.25,0.0,0.0,3.0,zach hiebert
Jamze Johnson,PG,BRYA,1.0,3.0,3.0,0.0,0.0,0.0,0.0,1.0,2.0,0.5,0.0,0.0,0.0,jamze johnson
Keith Bullock Jr.,PG,BRYA,1.0,26.0,3.0,2.0,6.0,4.0,0.0,1.0,6.0,0.1666666716337204,0.0,0.0,1.0,keith bullock jr
Jack Swider,SF,PSBW,2.0,8.5,3.0,0.5,0.0,0.0,0.0,1.0,2.5,0.4000000059604645,0.0,0.0,0.0,jack swider
Teddy Tapken,SF,TXLU,2.0,24.0,3.0,2.5,1.0,0.0,0.0,0.0,5.5,0.1818181872367859,1.0,1.0,2.0,teddy tapken
Aaiden Ashton,PG,WLWD,1.0,17.0,3.0,0.0,0.0,0.0,0.0,1.0,5.0,0.20000000298023224,2.0,0.0,0.0,aaiden ashton
Brian Mordi,SF,ROSE,1.0,21.0,3.0,6.0,1.0,1.0,0.0,1.0,3.0,0.3333333432674408,0.0,0.0,2.0,brian mordi
Michael Perez,PG,MEC,1.0,7.0,3.0,0.0,0.0,0.0,0.0,1.0,3.0,0.3333333432674408,0.0,0.0,0.0,michael perez
Khirus Doucet,PG,FVSU,1.0,28.0,3.0,1.0,5.0,0.0,0.0,1.0,4.0,0.25,2.0,0.0,1.0,khirus doucet
Collin Himmelberg,PG,MWD,1.0,10.0,3.0,0.0,1.0,1.0,0.0,1.0,4.0,0.25,0.0,0.0,0.0,collin himmelberg
Max Mitchell,SF,MRCY,1.0,21.0,3.0,1.0,0.0,0.0,0.0,1.0,4.0,0.25,0.0,0.0,2.0,max mitchell
Derek Long,PG,MRCY,1.0,2.0,3.0,0.0,0.0,0.0,0.0,1.0,1.0,1.0,0.0,0.0,0.0,derek long
Jake Hart,PG,LYBG,1.0,21.0,3.0,3.0,2.0,2.0,0.0,0.0,6.0,0.0,4.0,0.75,6.0,jake hart
Miles White,PG,LIP,35.0,13.4,3.0,2.1142857,0.54285717,0.45714286,0.25714287,0.6857143,2.7142856,0.35789474844932556,0.51428574,0.7222222089767456,0.34285715,miles white
Trevion LaBeaux,PG,ECU,31.0,21.225807,3.0,4.032258,1.0,0.67741936,1.0,0.32258064,2.3225806,0.4861111044883728,0.8064516,0.5199999809265137,0.67741936,trevion labeaux
Tyler Harrington,PG,LGC,2.0,9.0,3.0,0.5,1.0,0.0,0.0,1.0,2.5,0.4000000059604645,0.0,0.0,1.5,tyler harrington
Jake Verschoyle,PG,HOUG,2.0,20.5,3.0,0.0,0.5,2.5,0.5,0.0,3.5,0.2857142984867096,1.0,1.0,2.5,jake verschoyle
Michel Loftin,PG,MWD,1.0,22.0,3.0,3.0,0.0,0.0,0.0,1.0,6.0,0.1666666716337204,0.0,0.0,2.0,michel loftin
Reece Garvin,PG,MWD,1.0,4.0,3.0,1.0,0.0,0.0,1.0,1.0,1.0,1.0,0.0,0.0,0.0,reece garvin
Devonte Curry,PG,DFC,4.0,13.5,3.0,1.5,0.5,0.0,0.0,0.5,4.0,0.3125,0.0,0.0,2.5,devonte curry
James Lovorn,ATH,NBRY,2.0,17.5,3.0,2.0,1.0,1.0,0.0,0.0,5.0,0.20000000298023224,1.0,1.0,2.0,james lovorn
Kaleb Walker,ATH,AL,2.0,11.0,3.0,0.5,1.5,0.0,1.0,0.0,3.0,0.3333333432674408,2.0,0.5,0.5,kaleb walker
Tyler Cooper,ATH,VTSL,1.0,16.0,3.0,1.0,1.0,0.0,0.0,1.0,6.0,0.1666666716337204,0.0,0.0,1.0,tyler cooper
Josh Bledsoe,PG,TCJ,3.0,4.6666665,3.0,0.6666667,0.6666667,0.33333334,0.33333334,0.6666667,2.3333333,0.4285714328289032,1.0,0.3333333432674408,0.33333334,josh bledsoe
Ben Gilliam,ATH,DVEK,1.0,8.0,3.0,3.0,0.0,0.0,0.0,0.0,1.0,1.0,2.0,0.5,1.0,ben gilliam
Toby Ford,PG,HLGU,1.0,7.0,3.0,0.0,1.0,0.0,0.0,1.0,2.0,0.5,2.0,0.0,1.0,toby ford
Michael Mcleod,PG,DCC,4.0,11.25,3.0,2.25,1.0,0.25,0.25,0.25,3.75,0.3333333432674408,0.5,0.5,1.75,michael mcleod
Braxton Murray,C,BOBJ,2.0,16.0,3.0,3.5,0.0,1.5,1.0,0.0,4.0,0.375,1.0,0.0,1.5,braxton murray
Maurice Davis,ATH,RDPH,1.0,12.0,3.0,1.0,0.0,0.0,0.0,1.0,1.0,1.0,0.0,0.0,0.0,maurice davis
Elijah Cox,SF,RDPH,1.0,12.0,3.0,1.0,1.0,0.0,0.0,1.0,1.0,1.0,0.0,0.0,0.0,elijah cox
Tomario Thomas Jr.,PG,LCHR,1.0,6.0,3.0,1.0,0.0,0.0,0.0,1.0,4.0,0.25,0.0,0.0,0.0,tomario thomas jr
Kevin Wiltz,PG,LCHR,1.0,4.0,3.0,0.0,0.0,0.0,0.0,0.0,1.0,1.0,2.0,0.5,1.0,kevin wiltz
Joshua Chesney,SF,TUTX,2.0,11.0,3.0,2.5,0.0,0.0,0.0,0.0,5.0,0.20000000298023224,1.5,0.6666666865348816,1.0,joshua chesney
Marko Milivojevic,ATH,WNMU,2.0,17.5,3.0,1.0,0.5,0.5,2.5,0.0,3.5,0.4285714328289032,0.5,0.0,2.0,marko milivojevic
Jimmy Llinas,ATH,UJ,1.0,18.0,3.0,3.0,2.0,1.0,0.0,0.0,2.0,0.5,2.0,0.5,0.0,jimmy llinas
Joffrey Nunnally,PG,SFIL,2.0,19.5,3.0,0.0,0.5,0.5,0.0,0.0,5.0,0.20000000298023224,1.0,1.0,0.5,joffrey nunnally
Josh Lincoln,SF,WPAC,1.0,16.0,3.0,0.0,0.0,0.0,0.0,0.0,4.0,0.25,3.0,0.3333333432674408,0.0,josh lincoln
Knoah Carver,ATH,UNTN,1.0,3.0,3.0,0.0,0.0,0.0,0.0,1.0,2.0,0.5,0.0,0.0,0.0,knoah carver
Ivan Prug,ATH,UNTN,1.0,3.0,3.0,0.0,1.0,0.0,0.0,1.0,2.0,0.5,0.0,0.0,0.0,ivan prug
Eli Nutting,PG,YUNE,1.0,9.0,3.0,0.0,0.0,0.0,0.0,1.0,1.0,1.0,0.0,0.0,0.0,eli nutting
Jacob Williams,SF,DBQ,1.0,17.0,3.0,1.0,0.0,1.0,0.0,0.0,8.0,0.125,1.0,1.0,2.0,jacob williams
Dylan Hibicke,SF,DBQ,1.0,7.0,3.0,0.0,0.0,1.0,0.0,1.0,4.0,0.25,0.0,0.0,0.0,dylan hibicke
Zach Bauer,SF,DBQ,1.0,2.0,3.0,0.0,0.0,0.0,0.0,1.0,1.0,1.0,0.0,0.0,0.0,zach bauer
Isaiah Hinds,PG,HAWH,1.0,19.0,3.0,3.0,4.0,1.0,0.0,1.0,4.0,0.25,0.0,0.0,2.0,isaiah hinds
Luke Farrington,PG,HAWH,1.0,14.0,3.0,0.0,0.0,0.0,0.0,1.0,3.0,0.3333333432674408,0.0,0.0,1.0,luke farrington
Drew Fischer,ATH,CMT,2.0,19.0,3.0,4.0,2.5,0.5,0.0,0.0,5.0,0.30000001192092896,0.0,0.0,1.5,drew fischer
DJ Shower,PG,UMFK,1.0,11.0,3.0,1.0,1.0,0.0,0.0,1.0,1.0,1.0,0.0,0.0,1.0,dj shower
Devin Hodges,ATH,UMFK,1.0,14.0,3.0,1.0,0.0,0.0,0.0,1.0,6.0,0.1666666716337204,2.0,0.0,1.0,devin hodges
Marcus Allen,ATH,UMFK,1.0,8.0,3.0,3.0,0.0,0.0,0.0,0.0,2.0,0.5,2.0,0.5,2.0,marcus allen
Parker Penrod,PG,OHCU,1.0,40.0,3.0,1.0,3.0,1.0,0.0,1.0,6.0,0.1666666716337204,0.0,0.0,1.0,parker penrod
Ethan Sons,ATH,BOYC,1.0,7.0,3.0,1.0,0.0,0.0,0.0,1.0,2.0,0.5,0.0,0.0,1.0,ethan sons
Manntavius Goodman,PG,EARL,1.0,3.0,3.0,1.0,0.0,0.0,0.0,0.0,3.0,0.3333333432674408,1.0,1.0,1.0,manntavius goodman
Sean Garcia,ATH,PCH,1.0,7.0,3.0,2.0,0.0,0.0,1.0,1.0,4.0,0.25,0.0,0.0,1.0,sean garcia
James Lee,ATH,WYBU,1.0,15.0,3.0,1.0,0.0,1.0,0.0,0.0,4.0,0.25,1.0,1.0,3.0,james lee
Grady Galyean,ATH,WYBU,1.0,12.0,3.0,1.0,0.0,0.0,0.0,1.0,2.0,0.5,0.0,0.0,0.0,grady galyean
Quenton Coleman,ATH,WYBU,1.0,15.0,3.0,0.0,0.0,4.0,0.0,1.0,7.0,0.1428571492433548,0.0,0.0,0.0,quenton coleman
Joshua Tucker,ATH,WYBU,1.0,16.0,3.0,2.0,2.0,0.0,2.0,1.0,4.0,0.25,0.0,0.0,2.0,joshua tucker
Jaxon Recer,ATH,WYBU,1.0,10.0,3.0,1.0,1.0,1.0,0.0,1.0,1.0,1.0,0.0,0.0,0.0,jaxon recer
Matt Selmon,PG,SHTU,1.0,9.0,3.0,1.0,2.0,0.0,0.0,1.0,5.0,0.20000000298023224,0.0,0.0,1.0,matt selmon
Jailen Campbell,ATH,SHTU,1.0,19.0,3.0,2.0,0.0,0.0,1.0,1.0,2.0,0.5,0.0,0.0,2.0,jailen campbell
Patrick Hoffman,ATH,SWU,1.0,11.0,3.0,2.0,0.0,0.0,0.0,0.0,1.0,0.0,4.0,0.75,0.0,patrick hoffman
Sebastian Loder,ATH,SWU,1.0,14.0,3.0,1.0,0.0,0.0,0.0,1.0,3.0,0.3333333432674408,0.0,0.0,1.0,sebastian loder
Gabe Sweat,ATH,CUAA,1.0,6.0,3.0,1.0,0.0,0.0,0.0,1.0,1.0,1.0,0.0,0.0,0.0,gabe sweat
Ahijaa Sweeney,ATH,BLU,2.0,14.0,3.0,0.0,0.5,1.0,0.0,0.0,2.0,0.5,2.5,0.4000000059604645,0.5,ahijaa sweeney
Izaiah Day,ATH,TLRU,1.0,17.0,3.0,2.0,1.0,0.0,1.0,1.0,7.0,0.1428571492433548,0.0,0.0,1.0,izaiah day
Friedrich Radefild,ATH,VRHS,1.0,2.0,3.0,0.0,0.0,0.0,0.0,1.0,1.0,1.0,0.0,0.0,0.0,friedrich radefild
Nathaniel Smith,ATH,FP,1.0,14.0,3.0,1.0,1.0,0.0,1.0,1.0,6.0,0.1666666716337204,0.0,0.0,2.0,nathaniel smith
Nuno Neto,ATH,FP,1.0,9.0,3.0,1.0,0.0,0.0,0.0,1.0,2.0,0.5,0.0,0.0,0.0,nuno neto
Devin Johnson,SF,FP,1.0,8.0,3.0,0.0,0.0,1.0,0.0,1.0,4.0,0.25,0.0,0.0,0.0,devin johnson
Dakota Simpson,ATH,CU,3.0,25.0,3.0,2.6666667,2.3333333,0.0,0.6666667,0.33333334,3.6666667,0.3636363744735718,0.0,0.0,1.6666666,dakota simpson
Drayton Caolie,ATH,CORB,1.0,15.0,3.0,1.0,2.0,0.0,0.0,1.0,5.0,0.20000000298023224,0.0,0.0,4.0,drayton caolie
Benett Bos,ATH,CORB,1.0,8.0,3.0,1.0,0.0,0.0,0.0,1.0,1.0,1.0,0.0,0.0,0.0,benett bos
Atticus Boba,PG,OXY,2.0,13.0,3.0,1.0,1.5,0.0,0.0,0.5,3.5,0.2857142984867096,1.0,0.5,1.5,atticus boba
Sam Martin,ATH,WUUT,1.0,10.0,3.0,1.0,2.0,0.0,0.0,1.0,2.0,0.5,0.0,0.0,0.0,sam martin
David Zachman,ATH,SEAP,1.0,6.0,3.0,0.0,0.0,0.0,0.0,1.0,2.0,0.5,0.0,0.0,1.0,david zachman
Ralph Laurent,SF,FNU,1.0,20.0,3.0,2.0,0.0,1.0,0.0,1.0,8.0,0.125,0.0,0.0,2.0,ralph laurent
Wade Autenreith,ATH,DWU,2.0,12.5,3.0,1.5,0.0,0.0,0.0,0.0,2.0,0.5,1.0,1.0,1.5,wade autenreith
Sawyer Markham,ATH,SMMN,1.0,18.0,3.0,3.0,3.0,0.0,0.0,1.0,6.0,0.1666666716337204,0.0,0.0,2.0,sawyer markham
Bailey Mcdonald,PG,SMMN,1.0,16.0,3.0,0.0,2.0,0.0,0.0,0.0,7.0,0.1428571492433548,2.0,0.5,2.0,bailey mcdonald
Owen Ziegler,ATH,SMMN,1.0,21.0,3.0,0.0,2.0,1.0,0.0,1.0,3.0,0.3333333432674408,0.0,0.0,0.0,owen ziegler
Dk Middleton,ATH,HSKL,1.0,22.0,3.0,4.0,1.0,2.0,0.0,0.0,3.0,0.3333333432674408,2.0,0.5,1.0,dk middleton
Reben Littlehead Jr.,ATH,HSKL,1.0,14.0,3.0,0.0,0.0,0.0,0.0,1.0,2.0,0.5,0.0,0.0,1.0,reben littlehead jr
Paul Lanzi,PG,STL,1.0,17.0,3.0,0.0,0.0,0.0,0.0,0.0,3.0,0.0,3.0,1.0,1.0,paul lanzi
Rocco Lamuno,PG,SPRH,1.0,11.0,3.0,1.0,0.0,2.0,0.0,1.0,2.0,0.5,0.0,0.0,1.0,rocco lamuno
Isaiah Wong,ATH,ERAZ,2.0,25.0,3.0,0.5,3.5,0.5,0.0,0.0,5.5,0.27272728085517883,0.0,0.0,4.0,isaiah wong
Camryn Ransom,PG,EAWE,5.0,9.4,3.0,2.2,0.6,0.0,0.0,0.2,3.2,0.25,1.4,0.8571428656578064,0.4,camryn ransom
Luc Levesque,ATH,VTSR,1.0,4.0,3.0,0.0,0.0,0.0,0.0,1.0,1.0,1.0,0.0,0.0,0.0,luc levesque
Emmanouil Dimou,ATH,FIT,5.0,16.6,3.0,1.0,0.8,0.6,0.0,1.0,2.6,0.38461539149284363,0.2,0.0,0.6,emmanouil dimou
Jonah Johnson,PG,TXLU,2.0,12.5,3.0,0.5,0.5,0.5,0.0,1.0,5.5,0.1818181872367859,0.0,0.0,0.0,jonah johnson
Daniel Sanchez,ATH,TAMK,1.0,4.0,3.0,0.0,0.0,0.0,0.0,0.0,2.0,0.5,3.0,0.3333333432674408,0.0,daniel sanchez
Jake Arnold,ATH,TAMK,1.0,6.0,3.0,0.0,1.0,1.0,0.0,1.0,4.0,0.25,0.0,0.0,0.0,jake arnold
Timayahs Bracey,PG,AVER,1.0,13.0,3.0,1.0,0.0,0.0,0.0,1.0,9.0,0.1111111119389534,0.0,0.0,3.0,timayahs bracey
D'Markus Tucker,SF,AVER,1.0,6.0,3.0,4.0,0.0,1.0,0.0,0.0,1.0,1.0,1.0,1.0,0.0,d markus tucker
Dayton Hoover,ATH,JUDU,1.0,22.0,3.0,2.0,1.0,0.0,0.0,1.0,4.0,0.25,0.0,0.0,4.0,dayton hoover
Jahiere Walker,ATH,CPC,2.0,7.0,3.0,0.0,0.5,0.0,0.0,0.0,3.0,0.1666666716337204,2.0,1.0,2.0,jahiere walker
Detalian Brown,ATH,PNW,1.0,10.0,3.0,1.0,1.0,1.0,0.0,1.0,5.0,0.20000000298023224,0.0,0.0,0.0,detalian brown
Jackson Ware,ATH,PNW,1.0,12.0,3.0,1.0,1.0,0.0,0.0,1.0,4.0,0.25,0.0,0.0,1.0,jackson ware
Michael Litchfield,ATH,YUNY,1.0,19.0,3.0,3.0,4.0,0.0,0.0,0.0,7.0,0.1428571492433548,2.0,0.5,1.0,michael litchfield
John Gray,SF,ABU,2.0,19.5,3.0,1.0,0.5,2.0,0.0,0.0,5.5,0.1818181872367859,3.0,0.3333333432674408,0.5,john gray
Adelyas Reaves,SF,TCFL,1.0,31.0,3.0,6.0,0.0,0.0,1.0,0.0,6.0,0.1666666716337204,2.0,0.5,3.0,adelyas reaves
Kamal Lee,ATH,CHC,1.0,11.0,3.0,2.0,0.0,0.0,0.0,1.0,9.0,0.1111111119389534,0.0,0.0,0.0,kamal lee
Lucas Dunn,ATH,CHC,1.0,12.0,3.0,0.0,0.0,0.0,0.0,1.0,1.0,1.0,0.0,0.0,0.0,lucas dunn
Landon Shivers,ATH,CHC,1.0,11.0,3.0,3.0,0.0,0.0,0.0,0.0,6.0,0.1666666716337204,2.0,0.5,0.0,landon shivers
Tommy Gardler,ATH,CHC,1.0,9.0,3.0,0.0,0.0,0.0,0.0,1.0,3.0,0.3333333432674408,0.0,0.0,1.0,tommy gardler
Brandon Vigne,PG,HSSU,1.0,18.0,3.0,3.0,3.0,1.0,0.0,0.0,7.0,0.1428571492433548,2.0,0.5,5.0,brandon vigne
Gavin Snyder,ATH,OBU,1.0,15.0,3.0,2.0,1.0,0.0,0.0,1.0,2.0,0.5,0.0,0.0,1.0,gavin snyder
Karson Peffer,SF,MTTC,1.0,10.0,3.0,1.0,0.0,0.0,0.0,0.0,2.0,0.5,2.0,0.5,1.0,karson peffer
James Ellis,PG,UCCS,1.0,9.0,3.0,0.0,1.0,0.0,0.0,1.0,2.0,0.5,0.0,0.0,0.0,james ellis
Austin Harrell,PG,CCSC,1.0,19.0,3.0,2.0,1.0,0.0,0.0,1.0,4.0,0.25,0.0,0.0,2.0,austin harrell
Francesco Boniciolli,ATH,BRYA,1.0,14.0,3.0,2.0,0.0,0.0,0.0,1.0,2.0,0.5,0.0,0.0,1.0,francesco boniciolli
William Jordan,ATH,MGA,1.0,3.0,3.0,0.0,0.0,0.0,0.0,0.0,2.0,0.5,1.0,1.0,1.0,william jordan
Trashawn Wilson,ATH,MGA,1.0,21.0,3.0,5.0,1.0,1.0,0.0,1.0,3.0,0.3333333432674408,0.0,0.0,3.0,trashawn wilson
Nick Cham,ATH,MGA,1.0,18.0,3.0,0.0,0.0,0.0,0.0,0.0,8.0,0.125,2.0,0.5,4.0,nick cham
Dj Jones,ATH,HSU,1.0,15.0,3.0,0.0,2.0,2.0,0.0,1.0,5.0,0.20000000298023224,0.0,0.0,2.0,dj jones
Jamar Ingram,ATH,HSU,1.0,11.0,3.0,1.0,1.0,1.0,0.0,0.0,1.0,1.0,2.0,0.5,0.0,jamar ingram
Tyler Stringfellow,PG,WLMT,1.0,1.0,3.0,0.0,0.0,0.0,0.0,1.0,1.0,1.0,0.0,0.0,1.0,tyler stringfellow
Matt Schmainda,ATH,MTU,1.0,21.0,3.0,2.0,0.0,0.0,0.0,1.0,3.0,0.3333333432674408,0.0,0.0,1.0,matt schmainda
Josh Terrian,ATH,MTU,1.0,26.0,3.0,3.0,5.0,1.0,0.0,1.0,3.0,0.3333333432674408,0.0,0.0,2.0,josh terrian
Camden Hyman,PG,SCHR,2.0,11.5,3.0,0.5,0.0,1.0,0.0,0.0,2.5,0.4000000059604645,1.0,1.0,0.5,camden hyman
Hudson Czarnecki,PG,SCHR,2.0,8.0,3.0,1.0,0.0,1.0,0.0,0.5,2.5,0.4000000059604645,0.5,1.0,1.5,hudson czarnecki
Zach Smith,ATH,CHAD,1.0,10.0,3.0,0.0,0.0,0.0,0.0,0.0,3.0,0.3333333432674408,1.0,1.0,1.0,zach smith
Darrius Thames,ATH,BREW,2.0,11.5,3.0,2.0,0.5,0.5,0.0,0.5,4.5,0.2222222238779068,2.0,0.25,2.0,darrius thames
Brandon Dennison,ATH,PSF,1.0,35.0,3.0,3.0,0.0,1.0,1.0,1.0,6.0,0.1666666716337204,0.0,0.0,0.0,brandon dennison
Landon Percinsky,ATH,PSF,1.0,2.0,3.0,0.0,0.0,0.0,0.0,1.0,1.0,1.0,0.0,0.0,0.0,landon percinsky
Xavier Noble,ATH,PSSC,1.0,24.0,3.0,2.0,0.0,0.0,0.0,1.0,3.0,0.3333333432674408,0.0,0.0,1.0,xavier noble
Richard Rojas,ATH,SMC,1.0,22.0,3.0,3.0,0.0,2.0,2.0,0.0,7.0,0.1428571492433548,2.0,0.5,0.0,richard rojas
Hunter Decuir,ATH,SMC,1.0,10.0,3.0,1.0,0.0,1.0,0.0,1.0,3.0,0.3333333432674408,0.0,0.0,0.0,hunter decuir
Jaquris Slaughter,ATH,WINT,1.0,14.0,3.0,1.0,0.0,0.0,0.0,1.0,2.0,0.5,0.0,0.0,1.0,jaquris slaughter
Nicholas Reyes,ATH,WINT,1.0,7.0,3.0,1.0,0.0,0.0,0.0,1.0,3.0,0.3333333432674408,0.0,0.0,0.0,nicholas reyes
Ichi Layne,PG,RGNT,1.0,2.0,3.0,0.0,0.0,0.0,0.0,1.0,1.0,1.0,0.0,0.0,0.0,ichi layne
Mika Hoffmann,C,SWCU,2.0,16.0,3.0,2.5,0.5,0.0,0.0,0.0,4.0,0.375,0.0,0.0,1.0,mika hoffmann
Colin Howells,ATH,MOBL,1.0,22.0,3.0,0.0,1.0,0.0,0.0,1.0,4.0,0.25,0.0,0.0,0.0,colin howells
Axel Laby,ATH,ANIN,1.0,12.0,3.0,1.0,3.0,1.0,1.0,1.0,4.0,0.25,0.0,0.0,1.0,axel laby
Andrew Blunt,ATH,CSC,1.0,9.0,3.0,0.0,1.0,1.0,0.0,1.0,3.0,0.3333333432674408,0.0,0.0,0.0,andrew blunt
Kayden Hoskins,ATH,CSC,1.0,6.0,3.0,1.0,0.0,1.0,0.0,1.0,3.0,0.3333333432674408,0.0,0.0,0.0,kayden hoskins
Ahmed Toure,PG,MEC,1.0,20.0,3.0,2.0,2.0,1.0,1.0,0.0,2.0,0.0,6.0,0.5,2.0,ahmed toure
Ben Chilson,ATH,BOW,1.0,26.0,3.0,1.0,1.0,1.0,1.0,0.0,8.0,0.125,1.0,1.0,0.0,ben chilson
Kevin Reeves,ATH,BOW,1.0,18.0,3.0,0.0,3.0,0.0,3.0,0.0,2.0,0.5,2.0,0.5,1.0,kevin reeves
Jake Ensminger,PG,SCU,33.0,19.515152,2.969697,5.5151515,1.9090909,0.5151515,0.060606062,0.5151515,2.969697,0.3571428656578064,0.5151515,0.6470588445663452,0.6969697,jake ensminger
Jake Davis,SF,ILL,32.0,9.46875,2.96875,1.40625,0.3125,0.03125,0.15625,0.6875,2.65625,0.4117647111415863,0.1875,0.5,0.25,jake davis
Rodolfo Bolis,SF,EIU,31.0,18.935484,2.967742,4.032258,1.1612903,1.2258065,0.5483871,0.0,3.612903,0.3392857015132904,1.3870968,0.3720930218696594,1.2258065,rodolfo bolis
Braxton Meah,C,NEB,29.0,13.344828,2.9655173,3.3793104,0.6551724,0.2413793,0.41379312,0.0,1.6206896,0.7659574747085571,1.0689656,0.4516128897666931,1.0,braxton meah
David Wilkerson,PG,YSU,27.0,7.5925927,2.9629629,1.2592592,0.7777778,0.25925925,0.037037037,0.2962963,2.8148148,0.40789473056793213,0.5555556,0.6666666865348816,0.6666667,david wilkerson
Jorge Moreno,SF,SIU,27.0,7.703704,2.9629629,2.4814816,0.44444445,0.25925925,0.22222222,0.0,1.8888888,0.6274510025978088,1.037037,0.5714285969734192,0.5555556,jorge moreno
Dior Johnson,PG,TAR,35.0,8.457143,2.942857,1.0,0.82857144,0.2857143,0.0,0.2,2.4285715,0.4588235318660736,0.5714286,0.8999999761581421,0.5714286,dior johnson
Patrick Suemnick,SF,HALL,34.0,11.735294,2.9411764,1.9411764,0.2647059,0.38235295,0.20588236,0.0,2.2058823,0.5199999809265137,1.4705882,0.4399999976158142,0.5294118,patrick suemnick
Villiam Garcia Adsten,PG,DREX,33.0,14.666667,2.939394,2.2424242,0.6969697,0.27272728,0.42424244,0.3939394,2.909091,0.3854166567325592,0.57575756,0.5263158082962036,0.6060606,villiam garcia adsten
Tye Dorset,PG,MRMK,33.0,15.121212,2.939394,0.8484849,0.6666667,0.6363636,0.060606062,0.5151515,2.7878788,0.3695652186870575,0.4848485,0.75,0.21212122,tye dorset
Trey Horton III,PG,UTEP,32.0,11.125,2.9375,1.25,0.46875,0.4375,0.0625,0.6875,3.03125,0.3298968970775604,0.3125,0.800000011920929,0.25,trey horton iii
Jaylan Ouwinga,SF,TOL,32.0,11.40625,2.9375,1.84375,0.46875,0.28125,0.46875,0.15625,2.28125,0.5068492889404297,0.71875,0.6521739363670349,0.5,jaylan ouwinga
Mor Seck,C,TOW,31.0,14.903226,2.935484,3.2580645,0.12903225,0.16129032,0.4516129,0.0,2.580645,0.42500001192092896,1.2258065,0.6052631735801697,0.48387095,mor seck
Cade Hornecker,SF,ACU,31.0,9.258064,2.935484,2.3225806,0.29032257,0.32258064,0.19354838,0.06451613,3.032258,0.43617022037506104,0.516129,0.4375,0.41935483,cade hornecker
Clance Crosby,SF,MAMC,31.0,8.806452,2.935484,1.9354838,0.3548387,0.22580644,0.38709676,0.0,1.9032258,0.5932203531265259,1.3225807,0.5121951103210449,0.8064516,clance crosby
Nikita Konstantynovskyi,SF,ND,29.0,11.620689,2.9310346,3.9655173,0.20689656,0.1724138,0.10344828,0.0,1.862069,0.7222222089767456,0.5862069,0.4117647111415863,0.51724136,nikita konstantynovskyi
Cantia Rahming,SF,USA,29.0,11.0,2.9310346,3.1724138,0.51724136,0.37931034,0.2413793,0.10344828,2.0689654,0.550000011920929,1.0344827,0.5333333611488342,0.41379312,cantia rahming
Jose Cuello,PG,UMES,29.0,14.068966,2.9310346,1.4482758,1.0689656,0.3448276,0.0,0.5862069,2.9655173,0.3255814015865326,0.6896552,0.6000000238418579,1.0689656,jose cuello
Dennis Parker Jr.,PG,RAD,27.0,12.296296,2.925926,2.3333333,0.6666667,0.44444445,0.5555556,0.33333334,2.9629629,0.375,0.8888889,0.4166666567325592,0.4814815,dennis parker jr
Jack Edelen,PG,WKU,27.0,11.851851,2.925926,0.7777778,0.7037037,0.5555556,0.037037037,0.5925926,2.5555556,0.4057970941066742,0.44444445,0.5833333134651184,0.4814815,jack edelen
Alexander Nwagha,SF,NE,26.0,13.038462,2.9230769,2.8461537,0.8076923,0.5,0.84615386,0.0,2.1923077,0.6140350699424744,0.61538464,0.375,0.7307692,alexander nwagha
Jakob Blakley,PG,LEM,24.0,10.833333,2.9166667,1.375,0.5,0.33333334,0.0,0.5,3.0833333,0.31081080436706543,0.625,0.800000011920929,0.5,jakob blakley
Nate Ferguson,SF,DRKE,32.0,9.15625,2.90625,1.46875,0.15625,0.3125,0.0,0.0,1.84375,0.6610169410705566,0.9375,0.5,0.625,nate ferguson
William Kyle III,SF,SYR,32.0,9.625,2.90625,1.78125,0.4375,0.1875,0.625,0.0,1.6875,0.7037037014961243,1.34375,0.39534884691238403,0.4375,william kyle iii
Hubertas Pivorius,PG,NKU,31.0,12.4838705,2.903226,0.7741935,0.38709676,0.29032257,0.0,0.8064516,2.7741935,0.3604651093482971,0.16129032,0.6000000238418579,0.38709676,hubertas pivorius
Chancellor White,PG,UNCO,31.0,8.741936,2.903226,1.3225807,0.19354838,0.09677419,0.032258064,0.58064514,2.7096775,0.369047611951828,0.7096774,0.4545454680919647,0.516129,chancellor white
Dani Pounds,SF,TNTC,30.0,8.466666,2.9,1.8,0.3,0.4,0.16666667,0.33333334,3.4666667,0.26923078298568726,1.1333333,0.6176470518112183,0.36666667,dani pounds
Jon Mani,PG,COLO,30.0,13.933333,2.9,1.6,0.46666667,0.46666667,0.16666667,0.5,3.2333333,0.3298968970775604,0.56666666,0.47058823704719543,0.6666667,jon mani
Fischer Brown,PG,WCU,29.0,11.931034,2.8965516,2.137931,0.82758623,0.37931034,0.20689656,0.62068963,3.0344827,0.3181818127632141,0.4827586,0.7142857313156128,0.79310346,fischer brown
Caden Diggs,SF,UMBC,35.0,10.6285715,2.8857143,1.2857143,0.37142858,0.25714287,0.028571429,0.17142858,2.857143,0.3400000035762787,0.9142857,0.84375,0.2857143,caden diggs
John Hugley IV,SF,DUQ,34.0,9.970589,2.8823528,1.9705882,0.7352941,0.029411765,0.05882353,0.29411766,2.0,0.47058823704719543,1.1764706,0.6000000238418579,0.8235294,john hugley iv
Justin Begg,PG,SHSU,33.0,9.242424,2.878788,0.6666667,1.1515151,0.45454547,0.030303031,0.4848485,2.6060605,0.38372093439102173,0.57575756,0.6842105388641357,1.0909091,justin begg
Andre Nunley,PG,SOU,32.0,20.78125,2.875,2.21875,1.03125,1.5625,0.1875,0.4375,2.9375,0.3191489279270172,0.8125,0.692307710647583,0.53125,andre nunley
Jimmy Oladokun Jr.,SF,RICE,31.0,9.419354,2.8709676,2.548387,0.3548387,0.22580644,0.22580644,0.0,2.612903,0.45679011940956116,1.2903225,0.375,0.58064514,jimmy oladokun jr
Luke Wilson,C,APP,30.0,11.866667,2.8666666,2.8666666,0.36666667,0.13333334,1.0666667,0.0,1.6,0.6041666865348816,1.8666667,0.5,0.6333333,luke wilson
Chris Mubiru,PG,NWST,29.0,11.24138,2.862069,1.6896552,0.37931034,0.20689656,0.13793103,0.41379312,2.3448277,0.44117647409439087,0.4827586,0.7857142686843872,0.51724136,chris mubiru
Myles Wilmoth,SF,CAN,28.0,16.357143,2.857143,3.5357144,0.64285713,0.5,1.5357143,0.25,2.75,0.3246753215789795,1.1428572,0.71875,1.0714285,myles wilmoth
Shakir Odunewu,C,CAPH,28.0,8.821428,2.857143,2.5357144,0.10714286,0.14285715,0.071428575,0.10714286,2.2857144,0.453125,1.1428572,0.59375,0.5714286,shakir odunewu
Leon Nahar,SF,STBK,27.0,7.5555553,2.851852,0.4074074,0.14814815,0.14814815,0.18518518,0.7777778,2.0,0.4444444477558136,0.4074074,0.7272727489471436,0.18518518,leon nahar
Elijah Terry,SF,PV,27.0,18.925926,2.851852,3.5185184,0.6666667,0.7037037,0.4814815,0.14814815,2.5555556,0.3913043439388275,1.3333334,0.5277777910232544,0.6296296,elijah terry
Zeke Cook,SF,UL,32.0,15.1875,2.84375,3.9375,0.5625,0.375,0.46875,0.0625,2.46875,0.3670886158943176,1.25,0.7749999761581421,0.53125,zeke cook
Luke Hunger,SF,GW,25.0,12.52,2.84,2.36,1.16,0.04,0.08,0.08,3.36,0.380952388048172,0.32,0.625,0.52,luke hunger
Jayden Williams,PG,BUCK,30.0,14.266666,2.8333333,1.1333333,1.5,0.3,0.0,0.53333336,3.5333333,0.2924528419971466,0.43333334,0.5384615659713745,1.0,jayden williams
Cory Wells,SF,PV,32.0,12.5625,2.8125,1.6875,0.65625,0.625,0.59375,0.09375,2.75,0.39772728085517883,0.84375,0.6296296119689941,0.625,cory wells
Godswill Erheriene,C,HALL,32.0,14.125,2.8125,2.875,0.21875,0.125,0.5,0.0,2.28125,0.5616438388824463,0.8125,0.3076923191547394,0.71875,godswill erheriene
Jesaiah McWright,PG,AGSU,32.0,14.5,2.8125,1.03125,0.6875,0.59375,0.125,0.46875,2.78125,0.37078651785850525,0.65625,0.4285714328289032,0.8125,jesaiah mcwright
Cam Cole,PG,NAVY,26.0,9.923077,2.8076923,0.8076923,0.5,0.53846157,0.07692308,0.46153846,2.6538463,0.3478260934352875,0.7307692,0.6842105388641357,0.53846157,cam cole
Drissa Traore,SF,URI,31.0,12.5161295,2.8064516,2.548387,0.48387095,0.22580644,0.09677419,0.22580644,2.3225806,0.4166666567325592,1.032258,0.625,0.4516129,drissa traore
Nate Tshimanga,SF,NMSU,31.0,10.967742,2.8064516,2.967742,0.5483871,0.22580644,0.16129032,0.0,2.2580645,0.5428571701049805,1.2258065,0.28947368264198303,0.48387095,nate tshimanga
Leigh Rickwood-Pitt,SF,NAU,31.0,10.419354,2.8064516,1.967742,0.19354838,0.16129032,0.06451613,0.12903225,1.7741935,0.581818163394928,0.83870965,0.7307692170143127,0.58064514,leigh rickwood pitt
Myles Vasquez,PG,BTHS,5.0,14.0,2.8,1.8,0.4,0.2,0.0,0.0,3.2,0.3125,1.0,0.800000011920929,1.2,myles vasquez
Ibrahim Souare,SF,SYR,30.0,17.0,2.8,3.6,0.23333333,0.23333333,0.56666666,0.0,2.0666666,0.5967742204666138,1.0666667,0.3125,0.53333336,ibrahim souare
Robert Finklea,SF,LSIU,5.0,20.4,2.8,4.6,0.8,0.6,0.6,0.0,3.0,0.46666666865348816,0.6,0.0,1.2,robert finklea
Victor Garrett,PG,EAWE,5.0,22.4,2.8,4.0,0.4,0.4,1.6,0.2,6.2,0.19354838132858276,1.6,0.125,1.4,victor garrett
Alfredo Addesa,SF,LEH,25.0,8.4,2.8,2.08,0.32,0.12,0.24,0.44,2.36,0.38983049988746643,0.84,0.6190476417541504,0.48,alfredo addesa
Alik Lewis,ATH,STAU,5.0,10.4,2.8,1.8,1.0,1.0,0.0,0.4,3.2,0.3125,0.6,0.6666666865348816,1.4,alik lewis
Maurice Vassel,SF,UMES,29.0,15.034483,2.7931035,2.6206896,0.41379312,0.1724138,0.37931034,0.0,2.2413793,0.5076923370361328,1.1034483,0.46875,0.79310346,maurice vassel
Dominick Stewart,PG,PSU,24.0,8.083333,2.7916667,1.0833334,0.41666666,0.5,0.083333336,0.45833334,2.7916667,0.3731343150138855,0.45833334,0.5454545617103577,0.6666667,dominick stewart
Todd Jones Jr.,SF,UL,24.0,10.833333,2.7916667,2.5416667,0.5833333,0.33333334,0.6666667,0.041666668,2.0416667,0.4897959232330322,1.2083334,0.6206896305084229,0.9583333,todd jones jr
AJ Swinton,SF,FSU,28.0,10.5,2.7857144,1.3571428,0.42857143,0.25,0.071428575,0.32142857,2.357143,0.42424243688583374,0.8214286,0.5652173757553101,0.4642857,aj swinton
Zach Keller,SF,USU,28.0,9.714286,2.7857144,1.4285715,0.60714287,0.17857143,0.035714287,0.21428572,2.0357144,0.5614035129547119,0.75,0.380952388048172,0.5,zach keller
Jordan Brinson,PG,CSUN,27.0,13.592592,2.7777777,2.1111112,1.3703704,0.5925926,0.037037037,0.2962963,2.7407408,0.2567567527294159,1.4444444,0.7435897588729858,0.5925926,jordan brinson
Stefano Faloppa,SF,NHVN,27.0,10.296296,2.7777777,2.3333333,0.6296296,0.33333334,0.18518518,0.074074075,1.7407408,0.5531914830207825,1.0,0.7777777910232544,0.7777778,stefano faloppa
Isaiah Folkes,PG,CLT,31.0,13.290322,2.7741935,1.967742,1.548387,0.7096774,0.032258064,0.032258064,2.6451614,0.4390243887901306,0.7419355,0.5652173757553101,1.2258065,isaiah folkes
Michael Belle,SF,VCU,35.0,12.771428,2.7714286,3.0857143,0.8,0.45714286,0.25714287,0.057142857,2.7714286,0.44329896569252014,0.6571429,0.3913043439388275,0.4857143,michael belle
Noah Williams,PG,JMU,30.0,11.033334,2.7666667,1.9666667,0.36666667,0.36666667,0.16666667,0.2,2.8666666,0.3372093141078949,0.93333334,0.6785714030265808,0.56666666,noah williams
Brendan Mykalcio,PG,GWEB,25.0,10.4,2.76,2.6,0.48,0.32,0.12,0.0,2.0,0.5400000214576721,0.96,0.625,0.96,brendan mykalcio
Randarius Jones,C,GRAM,29.0,8.620689,2.7586207,1.862069,0.2413793,0.27586207,0.55172414,0.0,1.6896552,0.6122449040412903,1.2758621,0.5405405163764954,0.51724136,randarius jones
Ugonna Onyenso,C,UVA,24.0,11.083333,2.75,2.4166667,0.083333336,0.29166666,0.875,0.0,1.6666666,0.699999988079071,0.5416667,0.7692307829856873,0.25,ugonna onyenso
Rich Thomas,PG,DCC,4.0,11.25,2.75,1.5,0.0,0.5,0.0,0.25,3.5,0.2142857164144516,1.25,0.800000011920929,1.5,rich thomas
Dante Wilcox,SF,FIU,31.0,15.290322,2.7419355,2.6451614,0.7419355,0.22580644,0.3548387,0.032258064,2.3225806,0.4027777910232544,1.032258,0.8125,1.0,dante wilcox
Dean Reiber,SF,CLT,31.0,13.064516,2.7419355,2.2580645,1.032258,0.2580645,0.32258064,0.22580644,3.0,0.3978494703769684,0.29032257,0.4444444477558136,0.58064514,dean reiber
Noah Taitz,PG,UVU,27.0,9.888889,2.7407408,1.074074,0.7407407,0.25925925,0.074074075,0.5925926,2.074074,0.4464285671710968,0.2962963,1.0,0.25925925,noah taitz
Jake Tavroff,SF,COLU,27.0,10.703704,2.7407408,3.148148,1.6666666,0.11111111,0.18518518,0.037037037,2.074074,0.6071428656578064,0.5185185,0.3571428656578064,0.5925926,jake tavroff
Seryee Lewis,SF,PV,27.0,7.0740743,2.7407408,1.925926,0.18518518,0.22222222,0.074074075,0.0,2.5185184,0.4264705777168274,1.1851852,0.5,0.7777778,seryee lewis
Collin Chandler,PG,UK,30.0,10.433333,2.7333333,1.0,0.7,0.6666667,0.06666667,0.56666666,2.4,0.3611111044883728,0.5,0.8666666746139526,0.8666667,collin chandler
Nick Krass,PG,NICH,29.0,18.241379,2.724138,1.7931035,0.82758623,0.7241379,0.1724138,0.20689656,3.1034484,0.3333333432674408,0.62068963,0.7222222089767456,1.5517242,nick krass
Fred King,C,MUR,36.0,5.9444447,2.7222223,1.2777778,0.11111111,0.11111111,0.41666666,0.0,1.75,0.6666666865348816,0.6666667,0.5833333134651184,0.33333334,fred king
Emmanuel Okorafor,SF,WICH,25.0,10.8,2.72,2.16,0.24,0.24,0.28,0.0,2.2,0.5272727012634277,1.0,0.4000000059604645,0.48,emmanuel okorafor
Pape N'Diaye,SF,XAV,32.0,13.125,2.71875,3.71875,0.0625,0.09375,1.0625,0.09375,1.875,0.6166666746139526,0.40625,0.7692307829856873,0.375,pape n diaye
Kent Jackson,PG,UNF,32.0,10.78125,2.71875,0.59375,0.46875,0.28125,0.03125,0.78125,2.78125,0.3258427083492279,0.15625,0.800000011920929,0.34375,kent jackson
Jacob Conner,SF,DAY,28.0,12.071428,2.7142856,1.1071428,0.2857143,0.39285713,0.17857143,0.4642857,2.2857144,0.390625,0.78571427,0.5909090638160706,0.39285713,jacob conner
Travis Perry,PG,MISS,31.0,9.806452,2.7096775,0.83870965,0.58064514,0.3548387,0.032258064,0.58064514,2.580645,0.3125,0.6451613,0.800000011920929,0.67741936,travis perry
Alier Maluk,SF,FSU,31.0,10.967742,2.7096775,2.0,0.19354838,0.32258064,0.4516129,0.0,2.1612904,0.5522388219833374,0.4516129,0.7142857313156128,0.7419355,alier maluk
Luke Northweather,SF,MIZ,30.0,11.333333,2.7,1.4666667,0.36666667,0.06666667,0.23333333,0.56666666,2.1,0.4285714328289032,0.46666667,0.7142857313156128,0.1,luke northweather
Jakob Gibbs,SF,MRSH,30.0,12.3,2.7,2.0,0.5,0.36666667,0.1,0.033333335,1.9,0.45614033937454224,1.3,0.7179487347602844,0.36666667,jakob gibbs
Brandon Jennings,PG,VCU,35.0,12.971429,2.6857142,2.3142858,0.8,0.54285717,0.34285715,0.31428573,2.4571428,0.3604651093482971,0.8857143,0.6774193644523621,0.51428574,brandon jennings
Jaedyn Brown,PG,IDST,25.0,5.16,2.68,1.28,0.28,0.28,0.0,0.68,2.4,0.38333332538604736,0.24,0.6666666865348816,0.28,jaedyn brown
Dylan Saunders,SF,UNH,31.0,12.354838,2.6774194,1.2258065,0.29032257,0.29032257,0.16129032,0.7419355,2.2580645,0.3857142925262451,0.29032257,0.6666666865348816,0.38709676,dylan saunders
Vince Iwuchukwu,C,GTWN,34.0,7.1764708,2.6764705,1.7058823,0.14705883,0.11764706,0.5,0.0,2.1176472,0.5416666865348816,0.5294118,0.7222222089767456,0.3529412,vince iwuchukwu
Jalen Barr,PG,IONA,27.0,15.037037,2.6666667,3.0370371,0.5925926,0.5925926,0.5925926,0.0,2.2222223,0.4166666567325592,1.5555556,0.523809552192688,0.8518519,jalen barr
Grant Mason,PG,STAM,3.0,17.666666,2.6666667,1.6666666,0.6666667,0.33333334,0.0,0.0,4.6666665,0.2142857164144516,0.6666667,1.0,1.3333334,grant mason
Tyrece Freeman,ATH,TOCC,3.0,17.333334,2.6666667,2.6666667,0.33333334,1.3333334,0.0,0.0,3.0,0.3333333432674408,1.0,0.6666666865348816,1.0,tyrece freeman
Cameron McNamee,PG,DART,27.0,8.888889,2.6666667,1.7407408,0.44444445,0.33333334,0.037037037,0.37037036,2.2962964,0.4032258093357086,0.6666667,0.6666666865348816,0.37037036,cameron mcnamee
Benjamin Stewart,ATH,MSC,3.0,9.666667,2.6666667,1.0,0.6666667,0.6666667,0.0,0.6666667,2.3333333,0.4285714328289032,0.0,0.0,0.33333334,benjamin stewart
Judson Martindale,SF,CSUN,26.0,9.307693,2.6538463,1.2307693,0.23076923,0.15384616,0.1923077,0.30769232,2.0,0.4423076808452606,0.7692308,0.75,0.3846154,judson martindale
Eric Morgan Jr.,PG,SPU,23.0,8.391304,2.652174,0.65217394,0.47826087,0.39130434,0.04347826,0.47826087,2.347826,0.3333333432674408,0.8695652,0.699999988079071,0.3043478,eric morgan jr
EJ Ryans,PG,WMU,31.0,13.67742,2.6451614,0.58064514,0.9032258,0.41935483,0.032258064,0.32258064,2.516129,0.38461539149284363,0.61290324,0.6315789222717285,0.48387095,ej ryans
Misha Bednostin,C,LAF,28.0,12.0,2.642857,3.107143,0.64285713,0.35714287,0.32142857,0.0,2.107143,0.5593220591545105,1.1071428,0.25806450843811035,0.8214286,misha bednostin
Zahree Harrison,PG,COPP,25.0,17.08,2.64,1.2,1.08,0.84,0.0,0.08,3.64,0.21978022158145905,1.44,0.6666666865348816,1.12,zahree harrison
David Tubek,SF,UTEP,25.0,10.44,2.64,1.68,0.32,0.44,0.16,0.36,2.36,0.35593220591545105,0.84,0.7142857313156128,0.28,david tubek
Joshua DeCady,SF,HOF,25.0,9.48,2.64,1.68,0.12,0.4,0.28,0.08,1.84,0.5,1.24,0.5806451439857483,0.16,joshua decady
Carnegie Johnson,PG,NAVY,33.0,8.272727,2.6363637,0.8787879,0.6969697,0.24242425,0.060606062,0.4848485,2.6969697,0.3595505654811859,0.45454547,0.46666666865348816,0.33333334,carnegie johnson
KJ Debrick,SF,NCAT,33.0,8.515152,2.6363637,2.1515152,0.33333334,0.3030303,1.1212121,0.060606062,2.2121212,0.4794520437717438,0.6060606,0.75,0.33333334,kj debrick
Isaiah Caldwell,PG,ARMY,30.0,19.966667,2.6333334,2.6,0.8,0.8333333,0.13333334,0.23333333,3.2,0.3229166567325592,0.6333333,0.5263158082962036,0.56666666,isaiah caldwell
Damarius Owens,SF,MARQ,30.0,9.533334,2.6333334,1.1666666,0.5,0.33333334,0.16666667,0.36666667,2.3333333,0.34285715222358704,0.8,0.8333333134651184,0.6,damarius owens
Jojo Anderson,PG,EWU,30.0,14.9,2.6333334,1.1666666,1.5666667,0.33333334,0.1,0.26666668,2.5333333,0.2763157784938812,1.2666667,0.7631579041481018,0.93333334,jojo anderson
Kris Parker,PG,UCF,27.0,10.111111,2.6296296,1.4074074,0.4814815,0.18518518,0.18518518,0.18518518,2.0370371,0.4363636374473572,1.1111112,0.6000000238418579,0.5925926,kris parker
Angok Anyang,SF,AAMU,27.0,8.777778,2.6296296,1.6666666,0.44444445,0.33333334,0.037037037,0.11111111,2.1851852,0.4406779706478119,0.8148148,0.7272727489471436,0.7777778,angok anyang
Kachi Nzeh,SF,LR,29.0,11.344828,2.6206896,2.2068965,0.03448276,0.10344828,0.31034482,0.0,1.862069,0.6111111044883728,0.62068963,0.5555555820465088,0.31034482,kachi nzeh
Nate Guerengomba,PG,QUIN,29.0,10.75862,2.6206896,1.2068965,0.3448276,0.1724138,0.06896552,0.2413793,2.5517242,0.2567567527294159,1.1724138,0.9117646813392639,0.3448276,nate guerengomba
Jayden Mott,SF,CCSU,29.0,11.137931,2.6206896,2.0344827,0.3448276,0.37931034,0.06896552,0.10344828,1.6551725,0.5833333134651184,1.2758621,0.45945945382118225,0.55172414,jayden mott
Marcus Allen,PG,MIA,26.0,9.192307,2.6153846,1.9615384,0.46153846,0.34615386,0.07692308,0.07692308,1.5769231,0.4390243887901306,1.3076923,0.8823529481887817,0.5769231,marcus allen
Cade Tyson,PG,MINN,31.0,7.903226,2.612903,1.0967742,0.09677419,0.19354838,0.032258064,0.4516129,2.3225806,0.4027777910232544,0.516129,0.5625,0.12903225,cade tyson
Yaniel Rivera,PG,ACU,31.0,12.580646,2.612903,1.3225807,0.9354839,0.61290324,0.032258064,0.6451613,2.7741935,0.3139534890651703,0.32258064,0.699999988079071,0.58064514,yaniel rivera
Petar Majstorovic,SF,LBSU,31.0,13.225806,2.612903,3.1935484,0.7096774,0.41935483,0.2580645,0.16129032,2.064516,0.484375,0.83870965,0.5384615659713745,0.8064516,petar majstorovic
Jacen Holloway,SF,ARMY,33.0,9.606061,2.6060605,1.2424242,0.54545456,0.27272728,0.030303031,0.15151516,2.3030303,0.43421053886413574,0.7878788,0.5769230723381042,0.3939394,jacen holloway
Michael Henry,SF,BTHS,5.0,15.6,2.6,1.8,0.4,0.6,0.0,0.0,3.8,0.31578946113586426,0.8,0.25,1.2,michael henry
Lorenzo Abellar,PG,SUU,30.0,15.233334,2.6,1.4666667,2.2333333,0.7,0.0,0.1,2.9,0.3333333432674408,0.8666667,0.6538461446762085,1.3,lorenzo abellar
Lenox Levallee,ATH,LPU,5.0,10.2,2.6,2.0,0.6,0.4,0.0,0.4,3.6,0.2777777910232544,0.2,1.0,0.4,lenox levallee
Noah Bolanga,PG,UTU,32.0,13.84375,2.59375,1.875,0.71875,0.46875,0.0625,0.53125,2.96875,0.2947368323802948,0.59375,0.5263158082962036,0.625,noah bolanga
Abdou Khadre Kébé,PG,MSM,29.0,11.172414,2.586207,1.3448275,0.44827586,0.5862069,0.03448276,0.41379312,2.8965516,0.3095238208770752,0.55172414,0.6875,1.0344827,abdou khadre kebe
Derek Fountain,SF,LSU,24.0,14.458333,2.5833333,2.8333333,0.45833334,0.625,0.16666667,0.20833333,2.375,0.38596490025520325,0.7916667,0.6842105388641357,0.8333333,derek fountain
Aidan Shaw,PG,BC,28.0,9.107142,2.5714285,1.7857143,0.21428572,0.35714287,0.39285713,0.14285715,1.6785715,0.6382978558540344,0.5714286,0.5,0.42857143,aidan shaw
Aidan Cammann,SF,STAN,35.0,17.37143,2.5714285,2.6857142,0.9714286,0.37142858,0.6,0.14285715,2.0,0.5142857432365417,0.7714286,0.48148149251937866,0.8,aidan cammann
Terrance Dixon Jr.,SF,SOU,30.0,7.0666666,2.5666666,1.8333334,0.1,0.2,0.56666666,0.0,1.6333333,0.5510203838348389,1.1333333,0.6764705777168274,0.5,terrance dixon jr
Jayan Walker,PG,INST,27.0,10.888889,2.5555556,1.6666666,0.4074074,0.5185185,0.074074075,0.25925925,1.8888888,0.4117647111415863,0.9259259,0.800000011920929,0.44444445,jayan walker
Isaiah West,PG,BEL,31.0,12.032258,2.548387,1.548387,0.67741936,1.1612903,0.032258064,0.22580644,1.967742,0.4754098355770111,0.58064514,0.7777777910232544,0.3548387,isaiah west
Blaise Keita,SF,WKU,24.0,13.125,2.5416667,3.8333333,0.16666667,0.25,0.16666667,0.0,2.0,0.4583333432674408,1.125,0.6296296119689941,0.6666667,blaise keita
Cam Scott,PG,SC,26.0,10.076923,2.5384614,1.3461539,0.3846154,0.03846154,0.03846154,0.30769232,3.0384614,0.27848100662231445,0.7307692,0.7368420958518982,0.61538464,cam scott
Chris Morgan,SF,COPP,28.0,9.5,2.5357144,2.107143,0.39285713,0.21428572,0.2857143,0.0,2.892857,0.37037035822868347,1.2142857,0.3235294222831726,0.6785714,chris morgan
Rodrick Payne,SF,WIU,28.0,13.642858,2.5357144,2.9642856,0.35714287,0.35714287,0.53571427,0.0,1.75,0.5306122303009033,1.1071428,0.6129032373428345,0.60714287,rodrick payne
James Morrow,PG,SCST,30.0,9.933333,2.5333333,2.2,0.5,0.16666667,0.3,0.033333335,2.5333333,0.32894736528396606,1.0,0.8333333134651184,0.73333335,james morrow
Davion Bradford,C,TULN,25.0,10.92,2.52,2.36,0.36,0.16,0.2,0.0,1.68,0.523809552192688,1.52,0.5,0.88,davion bradford
Jamil Muttilib,PG,GRAM,27.0,9.703704,2.5185184,1.7037038,0.25925925,0.22222222,0.22222222,0.5185185,2.6296296,0.3380281627178192,0.2962963,0.75,0.4074074,jamil muttilib
Jerrell Colbert,SF,MCN,33.0,8.454545,2.5151515,1.7878788,0.27272728,0.42424244,0.6969697,0.0,1.3333334,0.6363636255264282,1.2121212,0.675000011920929,0.75757575,jerrell colbert
Precieux Tshibangu,SF,WCMD,2.0,19.5,2.5,1.0,0.5,0.0,0.5,0.5,2.0,0.5,0.0,0.0,0.5,precieux tshibangu
Brodie Scott,PG,LGC,2.0,19.5,2.5,4.0,0.0,0.5,0.0,0.5,7.5,0.13333334028720856,0.0,0.0,2.0,brodie scott
Sean Sucarichi,PG,PFEI,2.0,14.5,2.5,1.5,3.0,0.0,0.0,0.0,3.5,0.1428571492433548,3.0,0.5,0.5,sean sucarichi
Emmanuel Atkins,PG,JSU,2.0,9.5,2.5,1.0,0.5,0.0,0.0,0.5,4.5,0.2222222238779068,0.0,0.0,0.0,emmanuel atkins
Aaryn Medina,SF,ABU,2.0,14.0,2.5,2.5,0.5,0.0,0.0,0.5,3.0,0.3333333432674408,0.0,0.0,2.0,aaryn medina
Matteo Picarelli,PG,TEM,26.0,10.846154,2.5,0.7692308,0.15384616,0.26923078,0.0,0.46153846,2.0,0.32692307233810425,1.0,0.7307692170143127,0.34615386,matteo picarelli
Grgur Brcic,C,BUCK,26.0,8.884615,2.5,2.2307692,0.1923077,0.1923077,0.23076923,0.0,1.6153846,0.6428571343421936,1.0769231,0.3928571343421936,0.1923077,grgur brcic
William Bush-Jackson,PG,ERSK,2.0,11.5,2.5,2.5,2.0,0.0,0.0,0.5,2.5,0.4000000059604645,0.0,0.0,1.5,william bush jackson
Gavin Ibrahim,PG,ULV,2.0,5.0,2.5,0.5,0.0,0.0,0.0,0.5,1.5,0.6666666865348816,0.0,0.0,0.5,gavin ibrahim
Isaiah Poore,PG,JSU,2.0,16.0,2.5,1.0,0.5,0.0,0.0,0.5,4.5,0.2222222238779068,0.0,0.0,1.5,isaiah poore
Kenede Marion,PG,PFEI,2.0,6.0,2.5,0.5,1.0,0.0,0.0,0.5,2.5,0.4000000059604645,0.5,0.0,0.5,kenede marion
Andrew Peacock,PG,PFEI,2.0,14.5,2.5,1.0,0.0,0.0,0.0,0.0,3.5,0.2857142984867096,1.0,0.5,1.0,andrew peacock
Will Resnick,SF,WCMD,2.0,6.5,2.5,1.0,0.0,0.0,0.0,0.5,4.0,0.25,0.0,0.0,0.5,will resnick
James Wang,SF,HOUG,2.0,10.5,2.5,0.0,0.0,0.0,0.5,0.5,4.0,0.25,0.0,0.0,0.0,james wang
Bryan Barroso,PG,HOUG,2.0,6.5,2.5,0.5,2.0,0.5,0.0,0.5,1.0,1.0,0.0,0.0,1.0,bryan barroso
Illyaas Rafiq,PG,CMT,2.0,18.5,2.5,0.5,0.0,1.5,0.0,0.5,4.0,0.25,0.0,0.0,1.0,illyaas rafiq
Triston Wilson,PG,PRES,30.0,9.9,2.5,1.5,0.7,0.4,0.0,0.16666667,1.7333333,0.48076921701431274,0.73333335,0.9090909361839294,0.5,triston wilson
David Murray,SF,MRMK,28.0,8.071428,2.5,2.25,0.071428575,0.21428572,0.4642857,0.0,1.75,0.5918367505073547,0.78571427,0.5454545617103577,0.53571427,david murray
Jaylen Colon,PG,AAMU,30.0,9.366667,2.5,1.1666666,1.1,0.4,0.033333335,0.73333335,2.6666667,0.30000001192092896,0.2,0.8333333134651184,0.33333334,jaylen colon
Josh Owens,ATH,ERSK,2.0,16.0,2.5,3.0,1.0,0.5,0.5,0.0,1.5,0.3333333432674408,3.0,0.5,2.0,josh owens
Josh Smith,PG,JWNC,2.0,9.5,2.5,0.0,0.0,1.0,0.0,0.5,2.5,0.20000000298023224,1.5,0.6666666865348816,2.0,josh smith
Brayden Blue,ATH,NCW,2.0,6.0,2.5,1.5,1.0,0.0,0.0,0.0,2.5,0.20000000298023224,2.0,0.75,0.0,brayden blue
Irwin Young,PG,WPEA,2.0,11.0,2.5,1.0,0.5,0.5,0.0,0.0,3.0,0.3333333432674408,1.0,0.5,0.5,irwin young
Aj Thompson,ATH,NBRY,2.0,6.5,2.5,0.0,0.0,0.5,0.0,0.5,1.0,1.0,0.0,0.0,2.0,aj thompson
Terius Maxie,SF,DCC,4.0,21.75,2.5,2.25,0.75,0.25,1.0,0.5,3.75,0.20000000298023224,1.5,0.3333333432674408,2.25,terius maxie
Jackson Lawson,SF,TUTX,2.0,6.5,2.5,2.0,0.0,0.0,0.0,0.0,4.0,0.25,0.5,1.0,0.0,jackson lawson
Jarron Hansen,ATH,NWWA,2.0,10.0,2.5,2.0,0.0,0.5,0.0,0.0,3.0,0.1666666716337204,3.0,0.5,0.5,jarron hansen
Manuel Crujeiras,ATH,NWWA,2.0,9.0,2.5,0.5,0.0,0.0,0.5,0.0,1.5,0.3333333432674408,2.0,0.75,1.5,manuel crujeiras
Johnnie Williams,PG,NWIC,4.0,13.75,2.5,3.0,0.0,0.25,0.25,0.0,6.5,0.19230769574642181,0.0,0.0,3.0,johnnie williams
Keenan Kahoekapu,PG,NWIC,4.0,17.75,2.5,2.25,0.25,0.25,0.0,0.0,3.0,0.4166666567325592,0.0,0.0,0.25,keenan kahoekapu
Mason Mcgowen,ATH,HWPU,2.0,16.5,2.5,1.5,1.0,1.0,1.0,0.0,4.0,0.0,2.5,1.0,0.5,mason mcgowen
Nathan Scott,PG,HWPU,2.0,6.0,2.5,0.5,0.0,0.0,0.0,0.5,1.5,0.6666666865348816,0.0,0.0,0.5,nathan scott
Connor McGourty,SF,ULV,2.0,13.0,2.5,2.5,0.0,0.0,0.5,0.5,1.0,0.5,1.5,0.6666666865348816,1.5,connor mcgourty
Jamal Frenchwood,ATH,CMT,2.0,22.5,2.5,3.0,1.0,0.5,0.0,0.5,6.5,0.1538461595773697,1.5,0.0,2.0,jamal frenchwood
Sam Booth,PG,SNYO,2.0,12.0,2.5,3.0,0.0,0.0,0.0,0.0,2.0,0.5,1.5,0.3333333432674408,1.5,sam booth
Morara Naftal,ATH,OAKW,2.0,6.0,2.5,1.0,1.0,0.5,0.0,0.5,2.0,0.5,0.0,0.0,1.0,morara naftal
Jordan Willis,PG,MCM,2.0,4.0,2.5,0.5,0.0,0.0,0.0,0.5,0.5,1.0,2.0,0.5,0.0,jordan willis
Calvonta Shaw,ATH,BRES,4.0,9.25,2.5,1.25,0.5,0.75,0.0,0.0,3.5,0.2857142984867096,0.5,1.0,1.75,calvonta shaw
Kainan Ryan,ATH,RDLL,2.0,7.0,2.5,2.0,1.0,0.0,0.0,0.5,4.0,0.25,0.0,0.0,1.5,kainan ryan
Blestin Miller,ATH,RDLL,2.0,17.5,2.5,2.5,0.5,0.0,0.0,0.5,5.5,0.1818181872367859,0.0,0.0,0.0,blestin miller
Trey Golden,ATH,RDLL,2.0,6.5,2.5,0.0,0.0,0.0,0.0,0.5,2.5,0.4000000059604645,0.0,0.0,0.5,trey golden
Jaelin Brown,ATH,NOB,2.0,12.5,2.5,2.5,0.0,0.5,1.0,0.0,1.5,0.6666666865348816,1.0,0.5,1.5,jaelin brown
Kavon Blackenship,ATH,JSU,2.0,21.5,2.5,1.5,0.5,0.0,0.0,0.5,3.0,0.3333333432674408,0.0,0.0,2.0,kavon blackenship
Jake Goode,SF,TXLU,2.0,7.0,2.5,1.5,0.0,0.5,0.0,0.5,2.0,0.5,0.0,0.0,0.0,jake goode
Diquan Green,ATH,CPC,2.0,8.5,2.5,1.0,1.0,0.0,0.0,0.5,2.5,0.20000000298023224,2.0,0.5,0.0,diquan green
Jason Ogbolu,ATH,WRNR,2.0,7.0,2.5,1.5,0.5,1.0,0.0,0.0,2.0,0.5,2.5,0.20000000298023224,0.5,jason ogbolu
Andre Burrell Jr,ATH,CAIR,2.0,14.5,2.5,3.0,0.0,0.0,0.0,0.5,2.5,0.4000000059604645,0.0,0.0,0.5,andre burrell jr
Kekoa Beard,ATH,WLWL,2.0,22.5,2.5,5.5,2.5,2.0,0.0,0.5,5.5,0.1818181872367859,0.0,0.0,1.5,kekoa beard
Collin Kuhl,SF,STET,29.0,9.379311,2.4827585,2.8275862,0.27586207,0.27586207,0.3448276,0.03448276,1.7586207,0.5490196347236633,0.9310345,0.5555555820465088,0.7586207,collin kuhl
Jack Stanton,PG,PRIN,27.0,7.703704,2.4814816,0.7777778,0.22222222,0.5925926,0.0,0.6666667,2.0,0.40740740299224854,0.22222222,0.8333333134651184,0.18518518,jack stanton
Ben Bradford,PG,CLT,25.0,8.48,2.48,1.24,0.52,0.28,0.24,0.08,2.28,0.3684210479259491,1.36,0.529411792755127,0.44,ben bradford
DeShawn Harris-Smith,PG,GTWN,36.0,15.333333,2.4722223,2.3611112,1.0,0.44444445,0.0,0.16666667,2.3888888,0.39534884691238403,0.8333333,0.5,0.6666667,deshawn harris smith
Jordan Geronimo,SF,MD,30.0,9.733334,2.4666667,2.3,0.16666667,0.73333335,0.7,0.06666667,2.1,0.5396825671195984,0.26666668,0.5,0.36666667,jordan geronimo
Grant Whitaker,PG,BELL,28.0,13.285714,2.4642856,1.4285715,1.0357143,0.39285713,0.17857143,0.14285715,2.2142856,0.4354838728904724,0.5714286,0.6875,0.53571427,grant whitaker
Baylor Hebb,PG,UTEP,26.0,11.192307,2.4615386,0.65384614,0.5769231,0.3846154,0.0,0.30769232,2.2307692,0.2931034564971924,0.9230769,0.9166666865348816,0.53846157,baylor hebb
Muon Reath,PG,UNCG,24.0,9.333333,2.4583333,1.5,0.5833333,0.20833333,0.29166666,0.33333334,1.7083334,0.5121951103210449,0.5833333,0.6428571343421936,0.29166666,muon reath
Frederiks Meinarts,C,BUF,24.0,9.458333,2.4583333,1.6666666,0.33333334,0.16666667,0.375,0.375,1.875,0.5333333611488342,0.125,0.6666666865348816,0.25,frederiks meinarts
Byron Brown,PG,AF,31.0,15.354838,2.451613,1.7419355,1.1935484,0.3548387,0.2580645,0.06451613,2.032258,0.4285714328289032,1.3870968,0.4651162922382355,0.9354839,byron brown
Alex Bates IV,PG,STO,26.0,8.538462,2.4230769,0.7307692,0.42307693,0.1923077,0.03846154,0.34615386,1.6923077,0.47727271914482117,0.5769231,0.800000011920929,0.30769232,alex bates iv
Xinyi Li,SF,LIU,26.0,7.9615383,2.4230769,1.1153846,0.42307693,0.15384616,0.23076923,0.23076923,2.0,0.5384615659713745,0.07692308,0.5,0.3846154,xinyi li
Caleb Pennyfeather,SF,LR,26.0,12.538462,2.4230769,2.2307692,0.6923077,0.30769232,0.5769231,0.0,2.1153846,0.4545454680919647,0.8076923,0.6190476417541504,0.84615386,caleb pennyfeather
Ahron Ulis,PG,NEB,31.0,11.129032,2.419355,1.3225807,1.548387,0.48387095,0.0,0.19354838,2.6774194,0.3614457845687866,0.6451613,0.44999998807907104,0.516129,ahron ulis
Logan Carey,PG,ME,31.0,10.709678,2.419355,0.8064516,1.032258,0.58064514,0.09677419,0.09677419,2.7741935,0.3255814015865326,0.87096775,0.5925925970077515,0.61290324,logan carey
Donovan Rivers,SF,JAX,31.0,14.419354,2.419355,3.096774,0.16129032,0.38709676,1.0,0.0,2.096774,0.5230769515037537,0.61290324,0.3684210479259491,0.5483871,donovan rivers
Tajae Jones,SF,SIE,31.0,10.032258,2.419355,2.451613,0.22580644,0.12903225,0.29032257,0.09677419,1.967742,0.4262295067310333,1.0,0.6451612710952759,0.48387095,tajae jones
Joey Hart,PG,BALL,29.0,10.931034,2.413793,1.3103448,0.44827586,0.10344828,0.10344828,0.37931034,2.1034484,0.39344263076782227,0.4827586,0.7857142686843872,0.4827586,joey hart
Ty Bevins,PG,GW,27.0,11.074074,2.4074075,1.037037,0.5185185,0.6296296,0.11111111,0.5555556,2.148148,0.3965517282485962,0.14814815,1.0,0.33333334,ty bevins
Michael Day,C,EVAN,27.0,9.925926,2.4074075,1.4444444,0.44444445,0.074074075,0.37037036,0.18518518,2.1111112,0.4385964870452881,0.7407407,0.5,0.5555556,michael day
David Castillo,PG,KSU,32.0,9.96875,2.40625,0.5625,0.75,0.40625,0.03125,0.53125,2.6875,0.22093023359775543,0.78125,0.8799999952316284,0.59375,david castillo
Justin Morgan,PG,MUR,32.0,12.375,2.40625,1.75,0.5,0.375,0.0625,0.40625,2.28125,0.3287671208381653,0.5625,0.8888888955116272,0.375,justin morgan
Veniamin Abosi,PG,SF,30.0,12.733334,2.4,2.1333334,0.8,0.26666668,0.3,0.2,2.1666667,0.38461539149284363,1.1333333,0.47058823704719543,0.73333335,veniamin abosi
Michael Marcus Jr.,SF,APP,31.0,10.258064,2.387097,2.7741935,0.22580644,0.16129032,0.22580644,0.19354838,1.8064516,0.4821428656578064,0.9032258,0.5,0.58064514,michael marcus jr
Jerome Palm,SF,KC,29.0,9.206897,2.3793104,1.9655173,0.27586207,0.03448276,0.1724138,0.0,1.862069,0.5740740895271301,0.4827586,0.5,0.7241379,jerome palm
Jaxson Ford,SF,SHSU,29.0,9.344828,2.3793104,2.5172415,0.20689656,0.20689656,0.20689656,0.0,2.0,0.517241358757019,0.86206895,0.36000001430511475,0.4827586,jaxson ford
Baboucarr Njie,SF,UTSA,24.0,14.333333,2.375,2.7083333,0.8333333,0.41666666,0.45833334,0.0,2.0833333,0.4399999976158142,1.0416666,0.5199999809265137,0.41666666,baboucarr njie
Warren Yeh,PG,AAMU,24.0,6.5,2.375,0.7916667,0.20833333,0.16666667,0.0,0.375,2.4583333,0.32203391194343567,0.8333333,0.5,0.6666667,warren yeh
Aaron Powell,PG,RICE,30.0,6.5333333,2.3666666,0.46666667,0.23333333,0.16666667,0.0,0.46666667,2.1333334,0.328125,0.6333333,0.7894737124443054,0.46666667,aaron powell
Brady Hardewig,PG,WGA,30.0,13.766666,2.3666666,1.1,0.7,0.36666667,0.0,0.6333333,2.3666666,0.35211268067359924,0.23333333,0.2857142984867096,0.3,brady hardewig
KJ Tenner,PG,MUR,30.0,13.1,2.3666666,0.7,1.0666667,0.8,0.033333335,0.13333334,2.6666667,0.3499999940395355,0.6,0.6111111044883728,0.4,kj tenner
Gabe Pickens,PG,NMSU,30.0,11.233334,2.3666666,0.93333334,1.9333333,0.36666667,0.0,0.26666668,2.1333334,0.328125,1.0,0.699999988079071,1.3333334,gabe pickens
Avery Felts,PG,ARST,33.0,11.272727,2.3636363,1.2424242,0.6363636,0.6666667,0.060606062,0.75757575,2.3333333,0.3246753215789795,0.15151516,0.6000000238418579,0.24242425,avery felts
Jayden Ross,SF,CONN,33.0,11.393939,2.3636363,1.4848485,0.8181818,0.27272728,0.3939394,0.3030303,2.3939395,0.40506330132484436,0.18181819,0.6666666865348816,0.33333334,jayden ross
Jason Rivera-Torres,SF,MONM,33.0,7.878788,2.3636363,2.3333333,0.42424244,0.3030303,0.27272728,0.15151516,2.2727273,0.3466666638851166,0.969697,0.65625,0.45454547,jason rivera torres
Tristen Guillouette,C,FGCU,33.0,7.4848485,2.3636363,2.030303,0.18181819,0.42424244,0.4848485,0.0,1.5454545,0.6078431606292725,0.93939394,0.5161290168762207,0.4848485,tristen guillouette
Blaize Sagna,PG,SEMO,25.0,18.68,2.36,2.04,1.28,0.4,0.08,0.28,2.52,0.3174603283405304,0.68,0.7058823704719543,0.64,blaize sagna
Chuck Bailey III,PG,NEV,31.0,11.16129,2.3548386,1.2903225,0.32258064,0.16129032,0.09677419,0.2580645,2.451613,0.40789473056793213,0.19354838,0.5,0.48387095,chuck bailey iii
Michael Griffin,PG,WGA,26.0,11.692307,2.3461537,2.3461537,0.7307692,0.23076923,0.5,0.07692308,2.0,0.38461539149284363,1.1538461,0.6333333253860474,0.53846157,michael griffin
Kevin McCarthy,PG,ARMY,29.0,8.0,2.3448277,1.1724138,0.41379312,0.1724138,0.03448276,0.6896552,2.1034484,0.39344263076782227,0.0,0.0,0.2413793,kevin mccarthy
Kayde Dotson,PG,LUC,32.0,6.71875,2.34375,0.375,0.75,0.40625,0.0625,0.46875,1.875,0.4166666567325592,0.5,0.625,0.46875,kayde dotson
Brantly Stevenson,PG,CBU,27.0,10.62963,2.3333333,1.0,0.37037036,0.25925925,0.11111111,0.4814815,2.2592592,0.31147539615631104,0.4814815,0.9230769276618958,0.11111111,brantly stevenson
Alonso Faure,SF,PEPP,27.0,7.703704,2.3333333,2.2962964,0.2962963,0.074074075,0.14814815,0.0,1.7407408,0.5319148898124695,0.7777778,0.6190476417541504,0.5185185,alonso faure
Andrew Coker,SF,ERKA,3.0,12.0,2.3333333,3.3333333,0.33333334,0.33333334,0.0,0.0,3.3333333,0.20000000298023224,1.0,1.0,0.0,andrew coker
Jacob McKinn,PG,LPU,6.0,6.5,2.3333333,0.0,0.16666667,0.16666667,0.0,0.0,2.1666667,0.23076923191547394,1.5,0.8888888955116272,0.8333333,jacob mckinn
Declan Dillon,PG,SIUE,33.0,11.909091,2.3333333,2.3636363,1.5757576,0.4848485,0.0,0.121212125,2.2121212,0.42465752363204956,0.4848485,0.6875,0.6363636,declan dillon
Uriah Logan,PG,MATC,3.0,17.333334,2.3333333,1.3333334,1.6666666,0.6666667,0.0,0.0,1.6666666,0.6000000238418579,1.0,0.3333333432674408,3.0,uriah logan
Amari George,ATH,MSC,3.0,12.333333,2.3333333,1.3333334,0.0,0.0,1.0,0.0,1.6666666,0.6000000238418579,0.6666667,0.5,2.3333333,amari george
Tyrese Johnson,ATH,SUNO,3.0,15.333333,2.3333333,1.6666666,0.6666667,2.0,0.0,0.0,3.0,0.3333333432674408,0.6666667,0.5,1.0,tyrese johnson
Randall Robinson,PG,TOCC,3.0,26.0,2.3333333,1.3333334,0.33333334,0.6666667,1.3333334,0.0,4.0,0.1666666716337204,1.3333334,0.75,1.3333334,randall robinson
Isaac Munkadi,SF,FAIR,31.0,10.645162,2.3225806,2.6774194,0.2580645,0.12903225,1.032258,0.0,1.7096775,0.5471698045730591,0.7419355,0.6086956262588501,0.6451613,isaac munkadi
Ayodele Taiwo,SF,HOW,28.0,10.678572,2.3214285,2.392857,0.53571427,0.10714286,1.5,0.0,1.9285715,0.5370370149612427,0.60714287,0.4117647111415863,1.0714285,ayodele taiwo
Cyril Martynov,C,FDU,25.0,7.84,2.32,2.68,0.16,0.16,0.04,0.0,1.68,0.5952380895614624,0.8,0.4000000059604645,0.24,cyril martynov
Kellan Boylan,SF,LIP,29.0,8.379311,2.310345,1.5517242,0.5862069,0.41379312,0.03448276,0.31034482,1.5862069,0.3913043439388275,0.9310345,0.8148148059844971,0.51724136,kellan boylan
Yvens Paul,SF,EKU,29.0,10.344828,2.310345,2.724138,0.1724138,0.2413793,1.1724138,0.0,1.4827586,0.7209302186965942,0.62068963,0.2777777910232544,0.3448276,yvens paul
John-Paul Ricks,PG,PV,29.0,24.413794,2.310345,1.6551725,1.4137931,0.9655172,0.31034482,0.06896552,1.8275862,0.49056604504585266,0.7586207,0.5909090638160706,0.62068963,john paul ricks
Clash Peters,SF,GAST,26.0,13.576923,2.3076923,4.423077,0.46153846,0.5769231,0.34615386,0.0,1.6923077,0.47727271914482117,1.1923077,0.5806451439857483,0.6923077,clash peters
Zach Riley,PG,FOR,33.0,17.666666,2.3030303,3.0,1.1515151,0.72727275,0.09090909,0.33333334,2.121212,0.34285715222358704,0.75757575,0.6800000071525574,0.4848485,zach riley
Maximo Milovich,SF,UCSD,33.0,13.242424,2.3030303,2.7878788,0.75757575,0.18181819,0.18181819,0.060606062,1.6060606,0.6037735939025879,0.6060606,0.5,0.33333334,maximo milovich
Cooper Craggs,SF,OAK,34.0,12.323529,2.2941177,1.5882353,0.64705884,0.38235295,0.1764706,0.23529412,1.882353,0.453125,0.5588235,0.6315789222717285,0.32352942,cooper craggs
CJ Delancy,SF,CHST,31.0,11.193548,2.2903225,2.2258065,0.2580645,0.29032257,0.48387095,0.032258064,2.612903,0.37037035822868347,0.41935483,0.7692307829856873,0.6451613,cj delancy
Evan van der Plas,SF,CAN,31.0,15.5161295,2.2903225,1.7096775,0.48387095,0.32258064,0.06451613,0.48387095,2.2258065,0.3333333432674408,0.5483871,0.5882353186607361,0.8064516,evan van der plas
Joshua Streit,SF,OMA,35.0,19.057142,2.2857144,3.5142858,1.0857143,0.54285717,0.4857143,0.0,1.7428571,0.5901639461517334,0.7714286,0.29629629850387573,0.51428574,joshua streit
Damondre McKnight,PG,NIA,28.0,8.75,2.2857144,0.64285713,0.64285713,0.32142857,0.10714286,0.5714286,2.0714285,0.3965517282485962,0.10714286,0.6666666865348816,0.5,damondre mcknight
Jonas Sirtautas,SF,L-MD,25.0,7.88,2.28,1.88,0.08,0.2,0.24,0.0,1.48,0.6486486196517944,0.84,0.4285714328289032,0.36,jonas sirtautas
Elliot Lowndes,SF,SEMO,33.0,8.545455,2.2727273,2.6969697,0.42424244,0.24242425,0.6363636,0.0,1.9090909,0.5714285969734192,0.3030303,0.30000001192092896,0.33333334,elliot lowndes
Festus Ndumanya,SF,CSUN,26.0,5.8461537,2.2692308,1.1538461,0.15384616,0.15384616,0.07692308,0.0,2.1538463,0.4107142984867096,0.84615386,0.5909090638160706,0.42307693,festus ndumanya
Daniel Umoh,C,MVSU,26.0,10.538462,2.2692308,2.3846154,0.15384616,0.30769232,0.42307693,0.0,1.7692307,0.6086956262588501,0.42307693,0.27272728085517883,0.88461536,daniel umoh
DJ Hughes,SF,ETSU,31.0,15.967742,2.2580645,3.8387096,0.7096774,0.3548387,0.516129,0.0,1.7741935,0.5636363625526428,0.8064516,0.3199999928474426,0.41935483,dj hughes
Myles Foster,SF,CLEM,28.0,5.928571,2.25,1.4642857,0.10714286,0.14285715,0.17857143,0.14285715,1.4642857,0.5609756112098694,0.85714287,0.5416666865348816,0.35714287,myles foster
Nico Majuec,C,NNMC,4.0,12.75,2.25,2.5,0.25,1.0,1.0,0.0,1.25,0.800000011920929,0.25,1.0,2.75,nico majuec
Ronald Ducros,SF,DCC,4.0,16.5,2.25,3.75,0.5,0.75,0.25,0.0,2.25,0.2222222238779068,1.5,0.8333333134651184,1.25,ronald ducros
Kevin Enriquez,SG,BTHS,4.0,5.75,2.25,0.75,0.25,0.0,0.0,0.75,2.25,0.3333333432674408,0.0,0.0,0.5,kevin enriquez
Mateo Hamilton,SF,LSIU,4.0,9.5,2.25,0.25,0.25,0.5,0.0,0.25,2.75,0.27272728085517883,0.75,0.6666666865348816,0.75,mateo hamilton
Malick Diallo,C,TCU,29.0,10.931034,2.2413793,2.689655,0.1724138,0.31034482,0.5862069,0.0,1.7586207,0.4901960790157318,0.9310345,0.5555555820465088,0.82758623,malick diallo
Egan Shields,C,UNCO,31.0,9.419354,2.2258065,1.3870968,0.32258064,0.09677419,0.2580645,0.0,1.7741935,0.581818163394928,0.4516129,0.3571428656578064,0.32258064,egan shields
Andy Stefonowicz,PG,NDSU,32.0,13.21875,2.21875,1.28125,1.9375,0.3125,0.09375,0.5,1.875,0.4000000059604645,0.28125,0.7777777910232544,0.46875,andy stefonowicz
Justin Abson,SF,UGA,28.0,9.321428,2.2142856,2.107143,0.75,0.25,0.78571427,0.035714287,1.6785715,0.5319148898124695,0.64285713,0.6111111044883728,0.42857143,justin abson
Ron Rutland III,PG,IUIN,28.0,9.035714,2.2142856,0.4642857,0.64285713,0.25,0.14285715,0.4642857,2.0,0.375,0.42857143,0.5833333134651184,0.32142857,ron rutland iii
Jack Molloy,SF,YALE,29.0,7.1034484,2.2068965,1.0344827,0.62068963,0.27586207,0.13793103,0.10344828,1.862069,0.46296295523643494,0.55172414,0.6875,0.3448276,jack molloy
Christian Richardson,C,OMA,27.0,7.814815,2.1851852,1.1851852,0.18518518,0.074074075,0.33333334,0.0,1.074074,0.6896551847457886,1.1111112,0.6333333253860474,0.8148148,christian richardson
Julian Roper II,PG,ND,33.0,16.545454,2.1818182,2.2727273,0.6969697,1.1212121,0.18181819,0.24242425,2.2424242,0.36486485600471497,0.54545456,0.5555555820465088,0.42424244,julian roper ii
Fallou Gueye,PG,SHU,29.0,11.827586,2.1724138,1.4827586,1.3448275,0.27586207,0.27586207,0.1724138,2.0344827,0.32203391194343567,0.9310345,0.7407407164573669,0.9655172,fallou gueye
Dante Kearse,SF,CIT,25.0,9.04,2.16,1.32,0.32,0.4,0.08,0.4,2.2,0.34545454382896423,0.52,0.4615384638309479,0.36,dante kearse
Martin Kawa,PG,MRST,26.0,9.423077,2.1538463,0.61538464,0.34615386,0.15384616,0.115384616,0.46153846,2.6153846,0.29411765933036804,0.1923077,0.800000011920929,0.30769232,martin kawa
Duncan Reid,SG,SUU,26.0,8.192307,2.1538463,0.7692308,0.30769232,0.0,0.07692308,0.5769231,2.5384614,0.28787878155708313,0.23076923,0.5,0.15384616,duncan reid
Kole Williams,PG,FIU,33.0,10.969697,2.1515152,1.2121212,0.33333334,0.27272728,0.24242425,0.3030303,2.2727273,0.3866666555404663,0.121212125,0.75,0.57575756,kole williams
Marcus Glover,SF,UIW,27.0,20.222221,2.148148,4.5925927,0.5925926,0.6296296,0.5925926,0.0,1.3333334,0.6111111044883728,1.1851852,0.4375,0.6296296,marcus glover
Ubong-Abasi Etim,C,SELA,28.0,10.428572,2.142857,3.0,0.32142857,0.32142857,0.21428572,0.0,1.3571428,0.6052631735801697,0.64285713,0.7777777910232544,0.39285713,ubong abasi etim
Eunique Rink,SF,HAMP,28.0,7.392857,2.142857,1.0,0.17857143,0.035714287,0.4642857,0.0,1.5357143,0.604651153087616,0.5,0.5714285969734192,0.39285713,eunique rink
James O'Donnell,SF,PORT,35.0,12.542857,2.142857,2.5714285,0.45714286,0.25714287,0.42857143,0.0,1.5428572,0.5740740895271301,0.9142857,0.40625,0.7714286,james o donnell
Vasja Pandza,PG,SEA,29.0,10.448276,2.137931,1.3793104,0.37931034,0.3448276,0.06896552,0.20689656,2.1724138,0.3492063581943512,0.55172414,0.75,0.55172414,vasja pandza
LoLo Rudolph,PG,CSUF,31.0,21.870968,2.1290324,2.2580645,1.2580645,0.3548387,0.06451613,0.16129032,2.064516,0.296875,1.1935484,0.6216216087341309,1.3225807,lolo rudolph
Janko Bulajic,C,LAM,32.0,9.46875,2.125,2.125,1.03125,0.28125,0.21875,0.0,1.875,0.46666666865348816,0.625,0.6000000238418579,0.59375,janko bulajic
Mobi Ikegwuruka,PG,KSU,24.0,8.0,2.125,2.375,0.083333336,0.5833333,0.20833333,0.0,1.4583334,0.6000000238418579,0.7083333,0.529411792755127,0.375,mobi ikegwuruka
Ashton Hardaway,SF,MEM,33.0,9.606061,2.121212,1.2424242,0.42424244,0.27272728,0.24242425,0.3939394,1.969697,0.35384616255760193,0.36363637,0.9166666865348816,0.27272728,ashton hardaway
Rahdir Hicks,PG,TOW,33.0,11.333333,2.121212,0.7878788,0.8484849,0.54545456,0.0,0.36363637,2.4242425,0.3499999940395355,0.09090909,0.6666666865348816,0.36363637,rahdir hicks
Kelcy Phipps,PG,PRST,28.0,9.714286,2.107143,1.3928572,1.0714285,0.8214286,0.10714286,0.10714286,2.0714285,0.37931033968925476,0.8214286,0.52173912525177,0.53571427,kelcy phipps
Travis Roberts,SG,ALCN,30.0,8.933333,2.1,1.0333333,0.2,0.06666667,0.06666667,0.4,2.3333333,0.3142857253551483,0.23333333,1.0,0.16666667,travis roberts
Logan Epes,PG,MOST,24.0,10.75,2.0833333,1.0,0.41666666,0.33333334,0.083333336,0.5,1.8333334,0.3636363744735718,0.5833333,0.4285714328289032,0.20833333,logan epes
Jahvin Carter,PG,MTSU,26.0,8.230769,2.0769231,0.65384614,0.7307692,0.15384616,0.0,0.42307693,2.3461537,0.32786884903907776,0.42307693,0.27272728085517883,0.26923078,jahvin carter
Jon O'Neill,SF,UNH,26.0,8.846154,2.0769231,2.3461537,0.26923078,0.07692308,0.15384616,0.0,1.1538461,0.800000011920929,0.53846157,0.4285714328289032,0.5,jon o neill
Cole McCabe,SF,RID,26.0,7.3846154,2.0769231,1.5,0.26923078,0.07692308,0.07692308,0.0,1.2307693,0.625,0.88461536,0.6086956262588501,0.42307693,cole mccabe
Darren Williams,PG,FGCU,28.0,7.607143,2.0714285,0.96428573,0.17857143,0.21428572,0.0,0.5714286,1.7857143,0.41999998688697815,0.0,0.0,0.14285715,darren williams
KJ Thomas,PG,UTEP,28.0,8.928572,2.0714285,0.64285713,0.64285713,0.35714287,0.0,0.071428575,1.2857143,0.4722222089767456,1.1071428,0.7096773982048035,0.9285714,kj thomas
David Idada,C,SEMO,33.0,9.69697,2.060606,2.7272727,0.15151516,0.21212122,0.27272728,0.0,1.1818181,0.7179487347602844,1.060606,0.34285715222358704,0.57575756,david idada
RJ Keene II,PG,BOIS,36.0,18.666666,2.0555556,4.4722223,1.5277778,0.6944444,0.2777778,0.25,1.8055556,0.38461539149284363,0.6111111,0.6818181872367859,0.5277778,rj keene ii
Benjamin Bowen,PG,NSU,27.0,9.666667,2.0370371,0.7407407,0.5185185,0.25925925,0.14814815,0.074074075,1.4814814,0.4749999940395355,0.7407407,0.75,0.4074074,benjamin bowen
Will Heimbrodt,SF,SEA,27.0,10.62963,2.0370371,2.0370371,0.5185185,0.5185185,0.5925926,0.14814815,1.5185186,0.4390243887901306,1.037037,0.5357142686843872,0.44444445,will heimbrodt
Mason Jones,SF,BALL,30.0,11.433333,2.0333333,2.3333333,0.6,0.43333334,0.13333334,0.16666667,1.8,0.40740740299224854,0.7,0.5714285969734192,0.43333334,mason jones
Pierce Bazil,PG,COCU,31.0,8.4838705,2.032258,0.7419355,0.19354838,0.29032257,0.0,0.19354838,2.419355,0.3199999928474426,0.41935483,0.692307710647583,0.29032257,pierce bazil
Aaron Smith,PG,AAMU,31.0,8.064516,2.032258,2.032258,0.48387095,0.38709676,0.2580645,0.12903225,2.064516,0.28125,0.9677419,0.7666666507720947,0.516129,aaron smith
Bryson Jenkins,PG,CSC,1.0,21.0,2.0,1.0,0.0,1.0,0.0,0.0,5.0,0.20000000298023224,0.0,0.0,1.0,bryson jenkins
Isaiah Wilson,PG,WIN,33.0,11.787879,2.0,0.8484849,2.0,0.57575756,0.030303031,0.24242425,1.4545455,0.375,0.93939394,0.7096773982048035,0.969697,isaiah wilson
Omar Rowe,PG,MRHO,1.0,18.0,2.0,0.0,0.0,0.0,0.0,0.0,3.0,0.3333333432674408,0.0,0.0,0.0,omar rowe
Jovon Rosse,PG,WINT,1.0,11.0,2.0,0.0,1.0,0.0,0.0,0.0,2.0,0.0,2.0,1.0,3.0,jovon rosse
Jeremiah Jenkins,PG,BRWN,22.0,14.772727,2.0,1.9545455,1.9090909,0.72727275,0.045454547,0.18181819,2.8181818,0.27419355511665344,0.59090906,0.4615384638309479,1.0909091,jeremiah jenkins
Isaiah Manning,SF,SHSU,24.0,7.3333335,2.0,0.75,0.25,0.16666667,0.0,0.375,2.375,0.2982456088066101,0.29166666,0.7142857313156128,0.125,isaiah manning
Timothy Reilly,C,SPRH,1.0,17.0,2.0,4.0,1.0,0.0,2.0,0.0,1.0,1.0,0.0,0.0,3.0,timothy reilly
Braxton Barry,SF,TUTX,2.0,14.0,2.0,4.5,0.5,0.5,2.0,0.0,2.5,0.20000000298023224,1.5,0.6666666865348816,1.5,braxton barry
Jaiden Wright,PG,DSSU,1.0,18.0,2.0,1.0,0.0,0.0,0.0,0.0,4.0,0.25,0.0,0.0,2.0,jaiden wright
Jake Daniel,PG,DSSU,1.0,16.0,2.0,3.0,1.0,2.0,0.0,0.0,6.0,0.1666666716337204,0.0,0.0,0.0,jake daniel
Jace Spinelli,PG,TCJ,3.0,12.0,2.0,1.3333334,0.33333334,0.33333334,0.0,0.0,6.3333335,0.10526315867900848,0.6666667,1.0,2.3333333,jace spinelli
Joshua Rook,PG,ULV,2.0,25.0,2.0,3.0,1.0,0.5,0.0,0.0,2.0,0.25,1.0,1.0,3.0,joshua rook
Omari DeVeaux,PG,VWU,1.0,18.0,2.0,3.0,0.0,2.0,0.0,0.0,9.0,0.1111111119389534,1.0,0.0,0.0,omari deveaux
Carson Evans,PG,BRE,1.0,4.0,2.0,0.0,0.0,0.0,0.0,0.0,2.0,0.0,2.0,1.0,1.0,carson evans
Cael Amos,PG,DBQ,1.0,2.0,2.0,0.0,1.0,0.0,0.0,0.0,2.0,0.0,2.0,1.0,0.0,cael amos
Myles Leavy,PG,DBQ,1.0,4.0,2.0,0.0,0.0,0.0,0.0,0.0,2.0,0.5,0.0,0.0,0.0,myles leavy
Keegan Zimmerman,SF,DBQ,1.0,16.0,2.0,2.0,2.0,0.0,0.0,0.0,7.0,0.1428571492433548,0.0,0.0,1.0,keegan zimmerman
Edgar Romero,PG,COLC,1.0,8.0,2.0,0.0,0.0,0.0,0.0,0.0,2.0,0.0,2.0,1.0,2.0,edgar romero
Michael Conard,PG,HSKL,1.0,12.0,2.0,4.0,2.0,0.0,0.0,0.0,2.0,0.0,4.0,0.5,2.0,michael conard
Jordan Golden,SF,WINT,1.0,28.0,2.0,5.0,1.0,0.0,0.0,0.0,4.0,0.25,0.0,0.0,4.0,jordan golden
Donaval Avila,PG,WUUT,1.0,9.0,2.0,0.0,0.0,1.0,0.0,0.0,2.0,0.5,0.0,0.0,2.0,donaval avila
Konnor DeJean,PG,LCHR,1.0,15.0,2.0,1.0,1.0,2.0,0.0,0.0,2.0,0.5,2.0,0.0,1.0,konnor dejean
Daniel Smith,SF,BOYC,1.0,23.0,2.0,4.0,1.0,0.0,0.0,0.0,4.0,0.25,0.0,0.0,3.0,daniel smith
Mason Canfield,ATH,CUAA,1.0,15.0,2.0,0.0,1.0,0.0,0.0,0.0,4.0,0.25,0.0,0.0,0.0,mason canfield
Noah Miller,PG,WLDF,1.0,25.0,2.0,5.0,2.0,0.0,0.0,0.0,6.0,0.1666666716337204,0.0,0.0,0.0,noah miller
Brock Luechtefeld,SF,SWU,1.0,20.0,2.0,7.0,1.0,1.0,2.0,0.0,2.0,0.5,0.0,0.0,3.0,brock luechtefeld
Matthew Phillips,SF,PCH,1.0,15.0,2.0,3.0,1.0,1.0,0.0,0.0,4.0,0.25,1.0,0.0,1.0,matthew phillips
Clayton Winter,SF,ASB,1.0,26.0,2.0,11.0,1.0,1.0,0.0,0.0,6.0,0.1666666716337204,0.0,0.0,4.0,clayton winter
Hunter Wilkerson,PG,CRC,1.0,9.0,2.0,1.0,0.0,0.0,0.0,0.0,1.0,1.0,0.0,0.0,1.0,hunter wilkerson
Daniel Fulp,SF,PFEI,2.0,15.0,2.0,1.5,1.5,1.0,0.0,0.0,2.5,0.4000000059604645,0.0,0.0,1.5,daniel fulp
Matt Doyle,SF,VTSL,1.0,26.0,2.0,2.0,0.0,1.0,0.0,0.0,4.0,0.25,2.0,0.0,2.0,matt doyle
Tyson Robinson,PG,LNMO,1.0,23.0,2.0,1.0,1.0,0.0,0.0,0.0,1.0,0.0,2.0,1.0,1.0,tyson robinson
Braden Burman,PG,SLC,1.0,10.0,2.0,0.0,0.0,0.0,0.0,0.0,2.0,0.5,0.0,0.0,2.0,braden burman
Derek Hickman,SF,SLC,1.0,8.0,2.0,1.0,0.0,0.0,0.0,0.0,2.0,0.5,0.0,0.0,2.0,derek hickman
Savion Brown,PG,NGU,1.0,32.0,2.0,4.0,2.0,0.0,0.0,0.0,8.0,0.125,0.0,0.0,1.0,savion brown
Quentin Woodson,SF,MAMC,1.0,14.0,2.0,3.0,0.0,0.0,0.0,0.0,2.0,0.5,0.0,0.0,0.0,quentin woodson
Parker Gonzalez,SF,LGC,2.0,15.5,2.0,2.5,0.0,0.5,0.5,0.0,2.5,0.4000000059604645,0.0,0.0,1.0,parker gonzalez
Khai Seargeant,PG,VWU,1.0,21.0,2.0,1.0,2.0,1.0,0.0,0.0,10.0,0.10000000149011612,0.0,0.0,1.0,khai seargeant
Amari Moorer,SF,VWU,1.0,21.0,2.0,1.0,2.0,1.0,0.0,0.0,8.0,0.125,2.0,0.0,0.0,amari moorer
John Ibukunoluwa,SF,WVWC,1.0,5.0,2.0,1.0,0.0,0.0,0.0,0.0,1.0,1.0,0.0,0.0,0.0,john ibukunoluwa
Amadou Kouyate,PG,NYMT,1.0,14.0,2.0,0.0,2.0,0.0,0.0,0.0,2.0,0.5,0.0,0.0,1.0,amadou kouyate
Josh Lazzarino,PG,CRC,1.0,5.0,2.0,0.0,0.0,0.0,0.0,0.0,4.0,0.25,0.0,0.0,0.0,josh lazzarino
Jared Sullivan,SF,ROSE,1.0,20.0,2.0,2.0,0.0,0.0,1.0,0.0,3.0,0.3333333432674408,0.0,0.0,0.0,jared sullivan
Shane Nealis,PG,MGA,1.0,13.0,2.0,1.0,0.0,0.0,0.0,0.0,1.0,1.0,0.0,0.0,0.0,shane nealis
Alex Rasnick,PG,AL,2.0,13.0,2.0,1.0,0.0,0.5,0.0,0.0,3.0,0.3333333432674408,0.0,0.0,0.5,alex rasnick
Keshawn Evans,SF,VRHS,1.0,32.0,2.0,7.0,0.0,1.0,0.0,0.0,6.0,0.1666666716337204,0.0,0.0,1.0,keshawn evans
Delano Knox,PG,SNYO,2.0,15.5,2.0,1.5,0.5,0.0,0.0,0.0,2.5,0.4000000059604645,1.0,0.0,0.5,delano knox
Tyler Harts,SF,LHMN,2.0,14.5,2.0,2.5,1.5,0.5,0.0,0.0,1.5,0.6666666865348816,0.0,0.0,0.5,tyler harts
Jalen Snead,PG,GWYD,1.0,21.0,2.0,3.0,2.0,1.0,2.0,0.0,6.0,0.1666666716337204,0.0,0.0,3.0,jalen snead
Charleston Ponds,ATH,DVEK,1.0,14.0,2.0,3.0,0.0,0.0,1.0,0.0,4.0,0.25,0.0,0.0,2.0,charleston ponds
Devin Vanterpool,PG,FAU,30.0,7.9,2.0,1.0666667,0.46666667,0.3,0.2,0.26666668,1.8666667,0.3392857015132904,0.6,0.7777777910232544,0.5,devin vanterpool
Kyle Pock,SF,UNI,32.0,9.875,2.0,0.59375,0.28125,0.21875,0.03125,0.59375,1.9375,0.35483869910240173,0.125,0.25,0.21875,kyle pock
Elijah Jones,SF,LONG,31.0,12.4838705,2.0,2.7419355,0.3548387,0.58064514,0.12903225,0.032258064,1.451613,0.6222222447395325,0.8064516,0.20000000298023224,0.48387095,elijah jones
Gavin Carter,PG,COLC,1.0,21.0,2.0,2.0,2.0,0.0,0.0,0.0,5.0,0.20000000298023224,0.0,0.0,1.0,gavin carter
Donovan Cooks,PG,GFU,1.0,8.0,2.0,1.0,0.0,0.0,0.0,0.0,4.0,0.0,2.0,1.0,1.0,donovan cooks
Cordell Livingston,PG,KYSU,1.0,16.0,2.0,0.0,2.0,3.0,0.0,0.0,2.0,0.0,2.0,1.0,2.0,cordell livingston
Morgan Brewer,PG,KYSU,1.0,19.0,2.0,5.0,0.0,0.0,0.0,0.0,4.0,0.25,1.0,0.0,1.0,morgan brewer
Jeremiah Camara,SF,COGA,1.0,14.0,2.0,1.0,0.0,0.0,0.0,0.0,2.0,0.5,0.0,0.0,0.0,jeremiah camara
Kyree Ellis,SF,FC,1.0,20.0,2.0,4.0,0.0,0.0,0.0,0.0,5.0,0.20000000298023224,0.0,0.0,0.0,kyree ellis
Arturo Overton,PG,PDMT,2.0,10.5,2.0,0.5,2.0,0.5,0.0,0.0,1.5,0.3333333432674408,1.0,1.0,2.5,arturo overton
Alvin Kimanga,C,SWA,2.0,17.0,2.0,2.0,0.5,0.0,0.5,0.0,3.5,0.2857142984867096,0.0,0.0,1.0,alvin kimanga
Khari Person,PG,OAKW,2.0,13.5,2.0,1.5,1.0,0.5,0.0,0.0,2.5,0.4000000059604645,0.0,0.0,2.5,khari person
Leo Gerardo,PG,NNMC,4.0,8.5,2.0,1.25,0.25,0.5,0.0,0.0,2.75,0.27272728085517883,0.75,0.6666666865348816,0.25,leo gerardo
CK Egbo,PG,STTX,1.0,10.0,2.0,0.0,0.0,0.0,0.0,0.0,6.0,0.1666666716337204,0.0,0.0,0.0,ck egbo
Andrew Kim,PG,SLC,1.0,13.0,2.0,0.0,1.0,0.0,0.0,0.0,3.0,0.3333333432674408,0.0,0.0,1.0,andrew kim
Noah Elovitz-Fields,SF,SLC,1.0,17.0,2.0,2.0,2.0,0.0,0.0,0.0,2.0,0.5,0.0,0.0,0.0,noah elovitz fields
Zyrin Brantley,PG,SRST,1.0,3.0,2.0,0.0,0.0,0.0,0.0,0.0,1.0,1.0,0.0,0.0,0.0,zyrin brantley
Ezekiel Edwards,SF,FISH,1.0,26.0,2.0,6.0,0.0,5.0,1.0,0.0,13.0,0.07692307978868484,0.0,0.0,1.0,ezekiel edwards
Connor Michaud,SF,MTTC,1.0,9.0,2.0,0.0,0.0,0.0,0.0,0.0,1.0,1.0,0.0,0.0,0.0,connor michaud
Larry Mitchell,C,ERSK,2.0,15.0,2.0,3.0,0.0,1.0,0.5,0.0,1.0,1.0,0.0,0.0,2.0,larry mitchell
Ja'Merl Brockington,ATH,UMO,3.0,10.0,2.0,0.33333334,0.6666667,0.0,0.0,0.0,2.3333333,0.1428571492433548,1.3333334,1.0,0.6666667,ja merl brockington
Ikareem Lamar,SF,TCFL,1.0,22.0,2.0,3.0,0.0,0.0,1.0,0.0,8.0,0.125,0.0,0.0,2.0,ikareem lamar
Alonzo Johnson,PG,VRHS,1.0,13.0,2.0,1.0,1.0,0.0,0.0,0.0,1.0,1.0,0.0,0.0,2.0,alonzo johnson
Shir Moraidi,SF,SFIL,2.0,7.5,2.0,2.5,0.0,0.0,0.0,0.5,2.0,0.25,1.0,0.5,0.5,shir moraidi
Ben Faatz,SF,SFIL,2.0,15.5,2.0,1.5,1.5,0.5,0.5,0.0,3.5,0.1428571492433548,1.0,1.0,1.5,ben faatz
Russell Nyoo,PG,HLGU,1.0,6.0,2.0,0.0,0.0,0.0,0.0,0.0,1.0,1.0,0.0,0.0,2.0,russell nyoo
Caleb Schroeder,PG,EOU,1.0,8.0,2.0,1.0,0.0,0.0,0.0,0.0,0.0,0.0,2.0,1.0,0.0,caleb schroeder
Omarion Layssard,PG,LCHR,1.0,20.0,2.0,6.0,0.0,2.0,0.0,0.0,3.0,0.0,3.0,0.6666666865348816,0.0,omarion layssard
Sam Wren,PG,LCHR,1.0,7.0,2.0,3.0,0.0,0.0,1.0,0.0,3.0,0.3333333432674408,0.0,0.0,0.0,sam wren
Sloan Ireland,C,OXY,2.0,13.0,2.0,2.5,0.0,0.0,0.5,0.0,2.0,0.5,0.0,0.0,0.0,sloan ireland
Blake Logsdon,PG,ERKA,3.0,7.3333335,2.0,1.0,0.33333334,0.0,0.0,0.33333334,1.0,0.3333333432674408,1.3333334,0.75,0.33333334,blake logsdon
Caleb Moore,PG,WLMT,1.0,20.0,2.0,3.0,3.0,1.0,0.0,0.0,4.0,0.25,0.0,0.0,3.0,caleb moore
DJ Leaks,PG,YUNE,1.0,18.0,2.0,2.0,0.0,1.0,0.0,0.0,6.0,0.1666666716337204,0.0,0.0,2.0,dj leaks
Andrew Bennett,SF,YUNE,1.0,15.0,2.0,1.0,1.0,0.0,0.0,0.0,3.0,0.3333333432674408,0.0,0.0,1.0,andrew bennett
Dylan Holston,SF,YUNE,1.0,16.0,2.0,4.0,0.0,0.0,0.0,0.0,4.0,0.25,0.0,0.0,1.0,dylan holston
Caleb Wilson,PG,USW,1.0,12.0,2.0,1.0,0.0,0.0,0.0,0.0,1.0,1.0,0.0,0.0,0.0,caleb wilson
Kevin Boone,SF,USW,1.0,13.0,2.0,2.0,0.0,0.0,1.0,0.0,3.0,0.3333333432674408,0.0,0.0,2.0,kevin boone
Noah Gordon,SF,CBVU,1.0,19.0,2.0,2.0,2.0,0.0,0.0,0.0,6.0,0.1666666716337204,0.0,0.0,1.0,noah gordon
Des Billingsley,PG,JSU,2.0,18.5,2.0,1.0,1.0,0.5,0.0,0.0,5.0,0.10000000149011612,1.5,0.6666666865348816,0.5,des billingsley
Andrew Prestwood,PG,MGA,1.0,26.0,2.0,1.0,1.0,0.0,0.0,0.0,7.0,0.0,3.0,0.6666666865348816,3.0,andrew prestwood
Travon Mack,SF,HFU,1.0,7.0,2.0,2.0,0.0,0.0,0.0,0.0,3.0,0.3333333432674408,0.0,0.0,0.0,travon mack
Sahih Smith,PG,CPC,2.0,9.5,2.0,1.0,0.0,0.0,0.0,0.0,2.5,0.4000000059604645,0.0,0.0,1.0,sahih smith
Jeremiah Kwarteng,PG,EDW,1.0,12.0,2.0,2.0,0.0,0.0,0.0,0.0,4.0,0.25,2.0,0.0,0.0,jeremiah kwarteng
Sean Peterson,SF,CSC,1.0,17.0,2.0,3.0,1.0,0.0,0.0,0.0,3.0,0.3333333432674408,0.0,0.0,2.0,sean peterson
Rolontae Knowles,SF,SPRH,1.0,7.0,2.0,0.0,1.0,0.0,0.0,0.0,2.0,0.0,2.0,1.0,1.0,rolontae knowles
Dwight Reed,PG,BTTN,1.0,3.0,2.0,1.0,0.0,0.0,0.0,0.0,2.0,0.0,4.0,0.5,0.0,dwight reed
Kam Kaniper,PG,TBR,1.0,26.0,2.0,1.0,3.0,0.0,1.0,0.0,6.0,0.1666666716337204,0.0,0.0,1.0,kam kaniper
Jackson Owens,SF,TUSC,2.0,17.0,2.0,2.0,1.0,0.5,0.5,0.0,3.0,0.1666666716337204,1.0,1.0,0.0,jackson owens
Kris Jones,PG,TXLU,2.0,15.5,2.0,0.5,0.0,1.0,0.0,0.5,5.5,0.09090909361839294,0.5,1.0,0.5,kris jones
Gianni Ungaro,PG,THMC,1.0,13.0,2.0,2.0,1.0,0.0,0.0,0.0,5.0,0.20000000298023224,0.0,0.0,1.0,gianni ungaro
Jack Olis,SF,SHTU,1.0,19.0,2.0,5.0,0.0,0.0,0.0,0.0,9.0,0.1111111119389534,0.0,0.0,1.0,jack olis
Tyler Levins,PG,ROSE,1.0,9.0,2.0,0.0,0.0,0.0,0.0,0.0,2.0,0.5,0.0,0.0,2.0,tyler levins
Brent Wiles,SF,SHTU,1.0,23.0,2.0,3.0,1.0,0.0,0.0,0.0,6.0,0.1666666716337204,0.0,0.0,1.0,brent wiles
Aidan Wright,PG,SHTU,1.0,12.0,2.0,1.0,0.0,0.0,0.0,0.0,2.0,0.5,0.0,0.0,0.0,aidan wright
Jackson Bartley,PG,MEC,1.0,6.0,2.0,0.0,0.0,0.0,0.0,0.0,4.0,0.25,0.0,0.0,0.0,jackson bartley
Stratton Lovvorn,PG,TWU,1.0,16.0,2.0,4.0,0.0,0.0,0.0,0.0,6.0,0.1666666716337204,0.0,0.0,1.0,stratton lovvorn
Shilo Bivins,SF,MWD,1.0,22.0,2.0,5.0,4.0,0.0,1.0,0.0,2.0,0.5,0.0,0.0,0.0,shilo bivins
Zein Wahdan,C,WNE,1.0,12.0,2.0,4.0,0.0,1.0,0.0,0.0,3.0,0.3333333432674408,0.0,0.0,1.0,zein wahdan
Jonathan Foust,ATH,LYBG,1.0,20.0,2.0,7.0,0.0,2.0,0.0,0.0,5.0,0.20000000298023224,2.0,0.0,0.0,jonathan foust
John Henderson,SF,LYBG,1.0,8.0,2.0,2.0,0.0,1.0,0.0,0.0,2.0,0.0,6.0,0.3333333432674408,2.0,john henderson
Michael Gray,PG,LYBG,1.0,22.0,2.0,4.0,0.0,2.0,0.0,0.0,9.0,0.1111111119389534,0.0,0.0,5.0,michael gray
Felix Kossaras,PG,COLO,29.0,10.689655,2.0,1.2413793,0.82758623,0.41379312,0.06896552,0.1724138,1.5862069,0.41304346919059753,0.8965517,0.5769230723381042,0.6896552,felix kossaras
Willie Reece,ATH,IUC,1.0,6.0,2.0,1.0,0.0,0.0,0.0,0.0,2.0,0.0,2.0,1.0,1.0,willie reece
Jack Fischvogt,PG,IUC,1.0,13.0,2.0,0.0,0.0,0.0,0.0,0.0,3.0,0.3333333432674408,0.0,0.0,0.0,jack fischvogt
Courtland Walker,PG,LGC,2.0,7.0,2.0,1.0,1.0,0.0,0.0,0.0,2.0,0.25,1.0,1.0,0.0,courtland walker
Amari Jones,ATH,GCTU,2.0,11.5,2.0,2.5,0.0,0.5,1.0,0.0,2.5,0.20000000298023224,1.0,1.0,1.0,amari jones
Kevin New Jr.,PG,WCMD,2.0,5.5,2.0,0.5,0.5,0.5,0.0,0.0,3.5,0.2857142984867096,0.0,0.0,0.0,kevin new jr
Noah Perry,PG,MWD,1.0,9.0,2.0,3.0,1.0,0.0,0.0,0.0,3.0,0.3333333432674408,0.0,0.0,1.0,noah perry
Dj Benbow,ATH,NCW,2.0,6.5,2.0,0.5,0.5,0.0,0.0,0.5,1.5,0.3333333432674408,1.0,0.5,0.0,dj benbow
Markquan Gilbert,ATH,NCW,2.0,14.0,2.0,1.0,0.0,0.5,0.0,0.0,3.5,0.2857142984867096,0.0,0.0,0.5,markquan gilbert
Jamarcus Brown,SF,LYBG,1.0,27.0,2.0,2.0,1.0,1.0,4.0,0.0,8.0,0.125,0.0,0.0,1.0,jamarcus brown
Christian Hathorn,PG,VTSL,1.0,9.0,2.0,0.0,1.0,0.0,0.0,0.0,2.0,0.0,2.0,1.0,0.0,christian hathorn
Victor Kukta Reyes,ATH,VTSL,1.0,20.0,2.0,1.0,2.0,1.0,0.0,0.0,6.0,0.1666666716337204,0.0,0.0,3.0,victor kukta reyes
Zatai Townsend,ATH,DVEK,1.0,13.0,2.0,1.0,0.0,1.0,0.0,0.0,3.0,0.0,2.0,1.0,1.0,zatai townsend
Ron Haas,ATH,DVEK,1.0,8.0,2.0,1.0,0.0,0.0,0.0,0.0,1.0,1.0,0.0,0.0,0.0,ron haas
Marque Wilkerson,ATH,MAMC,1.0,22.0,2.0,3.0,1.0,3.0,0.0,0.0,7.0,0.1428571492433548,0.0,0.0,1.0,marque wilkerson
Trent Medearis,PG,TUTX,2.0,8.5,2.0,2.5,1.0,0.0,0.0,0.0,2.0,0.5,0.0,0.0,1.5,trent medearis
Bryce Journee,ATH,LSUA,1.0,3.0,2.0,0.0,0.0,0.0,0.0,0.0,1.0,0.0,2.0,1.0,0.0,bryce journee
Brayden Thompson,ATH,LSUA,1.0,20.0,2.0,6.0,1.0,0.0,4.0,0.0,4.0,0.25,2.0,0.0,4.0,brayden thompson
Nicholas Kaigler,ATH,LSUA,1.0,3.0,2.0,0.0,0.0,0.0,0.0,0.0,2.0,0.5,0.0,0.0,1.0,nicholas kaigler
Joshua Thompson,ATH,FISK,2.0,5.5,2.0,1.0,0.0,1.0,0.5,0.0,1.5,0.6666666865348816,0.0,0.0,0.5,joshua thompson
Cole Glasgow,PG,UJ,1.0,21.0,2.0,0.0,1.0,0.0,0.0,0.0,5.0,0.20000000298023224,0.0,0.0,0.0,cole glasgow
Carson Woodford,SF,UJ,1.0,10.0,2.0,2.0,0.0,0.0,0.0,0.0,3.0,0.3333333432674408,0.0,0.0,1.0,carson woodford
Ayden Stainbrook,ATH,UJ,1.0,18.0,2.0,1.0,0.0,0.0,0.0,0.0,2.0,0.5,0.0,0.0,3.0,ayden stainbrook
Hunter Lyman,ATH,UJ,1.0,12.0,2.0,5.0,1.0,0.0,0.0,0.0,2.0,0.5,1.0,0.0,0.0,hunter lyman
David Starr,PG,BTTN,1.0,14.0,2.0,2.0,0.0,1.0,0.0,0.0,2.0,0.5,0.0,0.0,2.0,david starr
Lee Verslues,ATH,WCMO,2.0,15.5,2.0,2.0,0.5,0.0,0.0,0.0,2.5,0.20000000298023224,1.0,1.0,4.5,lee verslues
Jackson Bernardo,ATH,CHAP,1.0,10.0,2.0,1.0,0.0,1.0,0.0,0.0,1.0,1.0,0.0,0.0,1.0,jackson bernardo
Adam Damian,ATH,CHAP,1.0,17.0,2.0,1.0,1.0,0.0,3.0,0.0,3.0,0.3333333432674408,0.0,0.0,1.0,adam damian
Joe Keegan,ATH,CHAP,1.0,8.0,2.0,2.0,0.0,0.0,0.0,0.0,4.0,0.25,0.0,0.0,0.0,joe keegan
Kameron Hedge,SF,HTU,1.0,8.0,2.0,3.0,0.0,2.0,1.0,0.0,3.0,0.0,4.0,0.5,0.0,kameron hedge
Chris Dixon,PG,YUNE,1.0,16.0,2.0,0.0,0.0,0.0,0.0,0.0,3.0,0.3333333432674408,0.0,0.0,1.0,chris dixon
Kyane Taylor,PG,YUNE,1.0,18.0,2.0,5.0,0.0,1.0,0.0,0.0,5.0,0.20000000298023224,0.0,0.0,2.0,kyane taylor
Terrence Parker,SF,YUNE,1.0,10.0,2.0,2.0,1.0,1.0,0.0,0.0,3.0,0.3333333432674408,0.0,0.0,0.0,terrence parker
Caden Flowers,ATH,SFST,1.0,20.0,2.0,0.0,4.0,1.0,0.0,0.0,5.0,0.20000000298023224,0.0,0.0,1.0,caden flowers
Nick Kennedy,PG,DBQ,1.0,19.0,2.0,0.0,0.0,0.0,0.0,0.0,1.0,1.0,0.0,0.0,1.0,nick kennedy
Joey Coppola IV,PG,DBQ,1.0,23.0,2.0,5.0,1.0,0.0,3.0,0.0,6.0,0.1666666716337204,0.0,0.0,1.0,joey coppola iv
Josh Senica,SF,DBQ,1.0,4.0,2.0,2.0,0.0,1.0,0.0,0.0,1.0,1.0,0.0,0.0,0.0,josh senica
Katsuya Sasaki,ATH,UMFK,1.0,12.0,2.0,1.0,1.0,1.0,0.0,0.0,2.0,0.5,0.0,0.0,1.0,katsuya sasaki
Noah Pence,ATH,OHCU,1.0,3.0,2.0,1.0,0.0,0.0,0.0,0.0,2.0,0.5,0.0,0.0,0.0,noah pence
Luke Bee,PG,BOYC,1.0,5.0,2.0,0.0,1.0,1.0,0.0,0.0,1.0,1.0,0.0,0.0,0.0,luke bee
Donovan Pruitt,PG,EARL,1.0,12.0,2.0,0.0,1.0,0.0,0.0,0.0,4.0,0.25,0.0,0.0,0.0,donovan pruitt
Makaden Bodie,ATH,EARL,1.0,8.0,2.0,0.0,0.0,0.0,0.0,0.0,1.0,1.0,0.0,0.0,0.0,makaden bodie
Derrek Atkinson,ATH,EARL,1.0,3.0,2.0,0.0,0.0,0.0,0.0,0.0,1.0,1.0,0.0,0.0,0.0,derrek atkinson
Elijah Zahm,ATH,EARL,1.0,10.0,2.0,1.0,0.0,1.0,0.0,0.0,2.0,0.5,0.0,0.0,1.0,elijah zahm
Christian Rogers,ATH,SNYO,2.0,10.0,2.0,1.0,1.0,0.5,0.0,0.5,0.5,1.0,2.5,0.20000000298023224,1.0,christian rogers
Tyler Bond,ATH,PCH,1.0,18.0,2.0,1.0,2.0,0.0,0.0,0.0,3.0,0.3333333432674408,0.0,0.0,1.0,tyler bond
Caden Mckenzie,ATH,UTD,1.0,1.0,2.0,0.0,0.0,0.0,0.0,0.0,1.0,1.0,0.0,0.0,0.0,caden mckenzie
Dylan Mcdougal,ATH,WYBU,1.0,17.0,2.0,2.0,1.0,2.0,0.0,0.0,6.0,0.1666666716337204,0.0,0.0,1.0,dylan mcdougal
Jerry Boston,ATH,ESC,2.0,16.5,2.0,4.0,0.0,0.0,1.0,0.0,3.0,0.3333333432674408,0.0,0.0,1.0,jerry boston
Zach Jefferson,PG,ESC,2.0,16.5,2.0,1.0,0.0,1.0,0.0,0.0,4.5,0.2222222238779068,0.0,0.0,1.5,zach jefferson
TJ Fischhaber,C,CLRY,1.0,13.0,2.0,2.0,1.0,0.0,0.0,0.0,2.0,0.5,0.0,0.0,0.0,tj fischhaber
Ibraheem Morsy,ATH,SWU,1.0,4.0,2.0,0.0,0.0,0.0,0.0,0.0,1.0,1.0,0.0,0.0,1.0,ibraheem morsy
Aiden Raccuglia,ATH,SWU,1.0,5.0,2.0,1.0,1.0,0.0,0.0,0.0,1.0,0.0,2.0,1.0,1.0,aiden raccuglia
D'Andre Jefferson,ATH,COGA,1.0,13.0,2.0,3.0,0.0,0.0,0.0,0.0,3.0,0.3333333432674408,0.0,0.0,1.0,d andre jefferson
Ben Hamina,ATH,CUAA,1.0,7.0,2.0,0.0,0.0,1.0,0.0,0.0,1.0,1.0,0.0,0.0,0.0,ben hamina
Hunter Yeakey,ATH,CUAA,1.0,16.0,2.0,3.0,0.0,0.0,0.0,0.0,3.0,0.0,2.0,1.0,0.0,hunter yeakey
Thomas Graetz,ATH,PRAT,1.0,13.0,2.0,2.0,1.0,1.0,0.0,0.0,5.0,0.20000000298023224,0.0,0.0,3.0,thomas graetz
Seth Bratcher,ATH,PRAT,1.0,15.0,2.0,1.0,1.0,0.0,0.0,0.0,1.0,1.0,1.0,0.0,0.0,seth bratcher
Justin Caver,ATH,PRAT,1.0,21.0,2.0,3.0,0.0,1.0,0.0,0.0,7.0,0.0,2.0,1.0,5.0,justin caver
Efe Tuydes,ATH,PRAT,1.0,12.0,2.0,1.0,0.0,0.0,0.0,0.0,0.0,0.0,2.0,1.0,2.0,efe tuydes
Justin Johnson,ATH,BLU,2.0,14.0,2.0,4.0,1.0,0.0,0.5,0.0,2.0,0.25,1.5,0.6666666865348816,1.5,justin johnson
Noah Ogoli,PG,XULA,1.0,20.0,2.0,2.0,0.0,0.0,0.0,0.0,4.0,0.25,0.0,0.0,2.0,noah ogoli
Christopher Landers,ATH,DLRD,2.0,10.0,2.0,1.5,0.0,0.0,0.0,0.0,2.5,0.20000000298023224,1.0,1.0,0.0,christopher landers
Joshua Barthelemy,ATH,VTSJ,2.0,8.0,2.0,2.0,0.0,0.5,0.0,0.0,1.5,0.6666666865348816,0.0,0.0,0.5,joshua barthelemy
Anton Webb,ATH,TLRU,1.0,13.0,2.0,2.0,0.0,1.0,1.0,0.0,3.0,0.3333333432674408,0.0,0.0,2.0,anton webb
John Mclimore,ATH,TLRU,1.0,9.0,2.0,0.0,0.0,0.0,0.0,0.0,3.0,0.3333333432674408,0.0,0.0,2.0,john mclimore
Bradyn Palmer,ATH,DSSU,1.0,9.0,2.0,2.0,1.0,0.0,1.0,0.0,1.0,1.0,0.0,0.0,1.0,bradyn palmer
Britton Cranston,ATH,DSSU,1.0,10.0,2.0,4.0,2.0,0.0,0.0,0.0,2.0,0.5,0.0,0.0,2.0,britton cranston
Weston Zacher,ATH,DSSU,1.0,31.0,2.0,4.0,1.0,0.0,1.0,0.0,6.0,0.1666666716337204,0.0,0.0,1.0,weston zacher
Saeer Miller,ATH,FP,1.0,9.0,2.0,2.0,0.0,2.0,0.0,0.0,2.0,0.5,0.0,0.0,2.0,saeer miller
Thomas Prendergast,ATH,FP,1.0,12.0,2.0,1.0,1.0,0.0,0.0,0.0,3.0,0.3333333432674408,0.0,0.0,2.0,thomas prendergast
Michael Myrie,ATH,FP,1.0,10.0,2.0,0.0,1.0,1.0,0.0,0.0,6.0,0.1666666716337204,0.0,0.0,0.0,michael myrie
Demariontay Hall,SF,COPP,1.0,13.0,2.0,0.0,2.0,2.0,0.0,0.0,2.0,0.5,0.0,0.0,1.0,demariontay hall
Hugo Maury,PG,CU,4.0,21.5,2.0,1.75,1.25,1.5,0.0,0.0,5.5,0.13636364042758942,1.0,0.5,4.5,hugo maury
Camryn Reyes,ATH,MRCY,1.0,7.0,2.0,0.0,0.0,0.0,0.0,0.0,3.0,0.3333333432674408,0.0,0.0,0.0,camryn reyes
Lincoln Cantrall,SF,COCU,2.0,9.0,2.0,0.0,0.0,0.0,0.0,0.5,1.0,0.5,1.0,0.5,0.0,lincoln cantrall
Jayson Demcher,ATH,COCU,2.0,8.0,2.0,0.5,1.0,0.0,0.0,0.0,2.5,0.4000000059604645,0.0,0.0,0.5,jayson demcher
Tristan Lewis,PG,UTPB,1.0,3.0,2.0,0.0,1.0,1.0,0.0,0.0,0.0,0.0,2.0,1.0,0.0,tristan lewis
Bryceson Burns,PG,UTPB,1.0,18.0,2.0,1.0,1.0,1.0,0.0,0.0,4.0,0.0,2.0,1.0,0.0,bryceson burns
Rj Veliz,ATH,CORB,1.0,22.0,2.0,3.0,2.0,0.0,0.0,0.0,5.0,0.20000000298023224,0.0,0.0,2.0,rj veliz
Ty Best,ATH,WORU,1.0,6.0,2.0,0.0,0.0,0.0,0.0,0.0,1.0,1.0,0.0,0.0,0.0,ty best
Guillermo Gasset Ruiz,PG,EMRS,2.0,22.5,2.0,4.0,0.5,0.5,0.0,0.0,3.5,0.2857142984867096,0.0,0.0,0.5,guillermo gasset ruiz
Linus Helmhold,C,EMRS,2.0,16.0,2.0,3.5,0.0,0.0,1.5,0.0,3.0,0.3333333432674408,2.0,0.0,2.5,linus helmhold
Preston Kent,PG,TMCN,2.0,7.0,2.0,1.5,0.0,0.5,0.0,0.0,3.5,0.2857142984867096,0.0,0.0,1.0,preston kent
Caleb Wade,ATH,CRC,1.0,22.0,2.0,3.0,0.0,0.0,0.0,0.0,6.0,0.1666666716337204,0.0,0.0,1.0,caleb wade
Arthur Johnson IV,PG,CRC,1.0,12.0,2.0,2.0,0.0,1.0,0.0,0.0,2.0,0.5,0.0,0.0,0.0,arthur johnson iv
Boston Painter,SF,WUUT,1.0,13.0,2.0,4.0,0.0,0.0,0.0,0.0,2.0,0.0,2.0,1.0,3.0,boston painter
Jacob Keys,ATH,TXCL,1.0,12.0,2.0,1.0,0.0,4.0,0.0,0.0,7.0,0.1428571492433548,0.0,0.0,1.0,jacob keys
Ikem Oraeki,ATH,TXCL,1.0,8.0,2.0,2.0,0.0,0.0,0.0,0.0,3.0,0.0,2.0,1.0,0.0,ikem oraeki
Reid Weckwerth,ATH,SMMN,1.0,14.0,2.0,1.0,2.0,0.0,0.0,0.0,4.0,0.25,0.0,0.0,2.0,reid weckwerth
Steven Key II,ATH,CNSU,2.0,12.0,2.0,3.0,0.5,0.0,0.0,0.0,2.0,0.0,3.5,0.5714285969734192,1.0,steven key ii
Savion Marshall-Hamilton,SF,CNSU,2.0,10.5,2.0,2.0,0.0,0.0,0.0,0.0,1.0,1.0,0.0,0.0,1.5,savion marshall hamilton
Taurice Grant,ATH,HSKL,1.0,12.0,2.0,2.0,0.0,0.0,1.0,0.0,2.0,0.5,0.0,0.0,1.0,taurice grant
Damian White,ATH,HSKL,1.0,15.0,2.0,3.0,0.0,0.0,1.0,0.0,4.0,0.25,0.0,0.0,1.0,damian white
Khohanon Atazhoon,PG,HSKL,1.0,21.0,2.0,1.0,0.0,0.0,0.0,0.0,8.0,0.125,0.0,0.0,1.0,khohanon atazhoon
Jamarious Martin,PG,AUM,1.0,14.0,2.0,1.0,1.0,1.0,0.0,0.0,3.0,0.3333333432674408,0.0,0.0,2.0,jamarious martin
Max Ndiaye,ATH,AUM,1.0,14.0,2.0,1.0,0.0,1.0,0.0,0.0,5.0,0.20000000298023224,0.0,0.0,1.0,max ndiaye
Tommy Daly,PG,MITC,1.0,17.0,2.0,0.0,0.0,0.0,0.0,0.0,2.0,0.0,2.0,1.0,2.0,tommy daly
Walker Baillargeon,ATH,MITC,1.0,11.0,2.0,1.0,0.0,0.0,0.0,0.0,3.0,0.3333333432674408,0.0,0.0,0.0,walker baillargeon
Justin Radford,ATH,MITC,1.0,14.0,2.0,1.0,1.0,0.0,1.0,0.0,2.0,0.5,0.0,0.0,0.0,justin radford
Wilton Causey,ATH,MITC,1.0,22.0,2.0,7.0,2.0,0.0,1.0,0.0,5.0,0.20000000298023224,0.0,0.0,1.0,wilton causey
Givel Nunez,ATH,VTSR,1.0,24.0,2.0,2.0,1.0,0.0,1.0,0.0,4.0,0.25,0.0,0.0,1.0,givel nunez
Tommy Nguyen,ATH,VTSR,1.0,4.0,2.0,0.0,1.0,0.0,0.0,0.0,0.0,0.0,2.0,1.0,0.0,tommy nguyen
Chase Dumas,ATH,KYSU,1.0,2.0,2.0,1.0,0.0,0.0,1.0,0.0,1.0,1.0,0.0,0.0,0.0,chase dumas
Kris Farrell,PG,STAM,3.0,5.0,2.0,0.33333334,0.6666667,0.0,0.0,0.6666667,1.3333334,0.5,0.0,0.0,0.33333334,kris farrell
Brandon Moore,SF,ROSE,1.0,8.0,2.0,3.0,0.0,0.0,0.0,0.0,0.0,0.0,4.0,0.5,1.0,brandon moore
Marko Malekinusic,SF,JBU,5.0,5.2,2.0,0.4,0.2,0.4,0.0,0.6,1.0,0.6000000238418579,0.4,0.5,0.6,marko malekinusic
Jesse Tricario,SF,NYMT,1.0,11.0,2.0,0.0,0.0,0.0,0.0,0.0,1.0,1.0,0.0,0.0,1.0,jesse tricario
Jediah Chavarin-Rivens,PG,TXLU,2.0,4.0,2.0,0.5,0.0,0.5,0.0,0.0,1.0,0.5,2.0,0.5,0.5,jediah chavarin rivens
Varun Danak,ATH,DS,1.0,16.0,2.0,6.0,1.0,0.0,0.0,0.0,3.0,0.3333333432674408,0.0,0.0,2.0,varun danak
Zyon Little,SF,AGSU,1.0,22.0,2.0,2.0,0.0,1.0,2.0,0.0,7.0,0.1428571492433548,0.0,0.0,0.0,zyon little
David Oriaku,ATH,TAMK,1.0,6.0,2.0,0.0,0.0,0.0,0.0,0.0,1.0,1.0,0.0,0.0,0.0,david oriaku
Jalen Chambers,PG,AVER,1.0,11.0,2.0,3.0,0.0,0.0,0.0,0.0,4.0,0.25,0.0,0.0,3.0,jalen chambers
Zach Skogen,SF,AVER,1.0,17.0,2.0,2.0,2.0,0.0,0.0,0.0,3.0,0.3333333432674408,0.0,0.0,1.0,zach skogen
Dorien Little,ATH,JUDU,1.0,17.0,2.0,2.0,1.0,0.0,0.0,0.0,7.0,0.0,2.0,1.0,1.0,dorien little
Will Osborne,ATH,JUDU,1.0,15.0,2.0,0.0,0.0,0.0,0.0,0.0,0.0,0.0,2.0,1.0,1.0,will osborne
Isaiah Perry,ATH,JUDU,1.0,17.0,2.0,9.0,1.0,0.0,0.0,0.0,8.0,0.125,1.0,0.0,5.0,isaiah perry
Sam Ellis,ATH,JUDU,1.0,20.0,2.0,5.0,0.0,0.0,0.0,0.0,4.0,0.25,0.0,0.0,3.0,sam ellis
Bersy Moundzieho,PG,CPC,2.0,5.0,2.0,0.5,0.5,0.0,0.0,0.0,1.0,1.0,0.5,0.0,0.5,bersy moundzieho
Keon Blanding-Dockens,PG,CPC,2.0,10.5,2.0,0.5,0.5,0.5,0.0,0.0,2.5,0.4000000059604645,0.0,0.0,0.0,keon blanding dockens
Jules Bikoy,ATH,PNW,1.0,14.0,2.0,2.0,1.0,0.0,0.0,0.0,2.0,0.0,2.0,1.0,1.0,jules bikoy
Jailen Nelson,ATH,PNW,1.0,23.0,2.0,2.0,4.0,2.0,0.0,0.0,7.0,0.1428571492433548,0.0,0.0,5.0,jailen nelson
Isaiah Ross,PG,EAWE,4.0,7.0,2.0,1.25,0.25,0.25,0.5,0.5,1.75,0.2857142984867096,0.5,1.0,0.5,isaiah ross
Keshon Kittrell,ATH,PITB,1.0,13.0,2.0,1.0,0.0,1.0,1.0,0.0,4.0,0.25,0.0,0.0,2.0,keshon kittrell
Nasier Starks,ATH,PITB,1.0,6.0,2.0,0.0,1.0,1.0,0.0,0.0,2.0,0.5,0.0,0.0,1.0,nasier starks
Coby Farley,ATH,PITB,1.0,16.0,2.0,2.0,2.0,1.0,0.0,0.0,6.0,0.1666666716337204,0.0,0.0,3.0,coby farley
Chris Martin,ATH,PITB,1.0,9.0,2.0,0.0,0.0,1.0,0.0,0.0,4.0,0.25,0.0,0.0,1.0,chris martin
Blake Krznaric,ATH,PITB,1.0,4.0,2.0,2.0,1.0,0.0,0.0,0.0,1.0,1.0,0.0,0.0,1.0,blake krznaric
Xavion Boone,ATH,PITB,1.0,16.0,2.0,2.0,0.0,1.0,1.0,0.0,2.0,0.5,0.0,0.0,3.0,xavion boone
Zach Walker,ATH,PSSH,2.0,11.0,2.0,1.5,0.0,0.0,0.5,0.0,3.5,0.2857142984867096,0.0,0.0,0.5,zach walker
Devin Alston,SF,PSSH,2.0,21.5,2.0,3.5,0.0,0.5,0.5,0.0,4.5,0.2222222238779068,0.0,0.0,1.5,devin alston
Elie	 Mondelus,ATH,YUNY,1.0,11.0,2.0,1.0,0.0,2.0,0.0,0.0,1.0,0.0,2.0,1.0,0.0,elie mondelus
Malakai Clark,ATH,YUNY,1.0,18.0,2.0,1.0,0.0,0.0,0.0,0.0,2.0,0.5,0.0,0.0,2.0,malakai clark
Demitrius Gould,ATH,YUNY,1.0,13.0,2.0,2.0,2.0,1.0,0.0,0.0,3.0,0.0,2.0,1.0,4.0,demitrius gould
Leonardo Chavez,ATH,YUNY,1.0,6.0,2.0,1.0,0.0,0.0,0.0,0.0,0.0,0.0,2.0,1.0,1.0,leonardo chavez
Sam Battle,ATH,TCFL,1.0,4.0,2.0,0.0,0.0,0.0,0.0,0.0,2.0,0.5,0.0,0.0,0.0,sam battle
Matthew Quinones,PG,LHMN,1.0,5.0,2.0,1.0,1.0,0.0,0.0,0.0,1.0,1.0,0.0,0.0,2.0,matthew quinones
Jaylen King,ATH,LHMN,1.0,12.0,2.0,3.0,2.0,0.0,0.0,0.0,6.0,0.1666666716337204,0.0,0.0,0.0,jaylen king
Francisco Demers,ATH,LHMN,1.0,16.0,2.0,1.0,0.0,1.0,0.0,0.0,4.0,0.25,0.0,0.0,1.0,francisco demers
Brandon Marks,ATH,LHMN,1.0,10.0,2.0,4.0,0.0,1.0,0.0,0.0,3.0,0.3333333432674408,1.0,0.0,1.0,brandon marks
Talsen Smith,ATH,MMA,1.0,20.0,2.0,0.0,0.0,1.0,0.0,0.0,3.0,0.3333333432674408,0.0,0.0,1.0,talsen smith
Michael Washington,PG,LNCA,3.0,19.0,2.0,2.6666667,2.6666667,0.0,0.0,0.0,4.0,0.25,0.0,0.0,1.0,michael washington
Jeff Williamson,ATH,CAIR,2.0,12.0,2.0,2.5,0.0,1.0,0.0,0.0,2.0,0.5,0.5,0.0,1.5,jeff williamson
Marshall Baker,ATH,CHC,1.0,4.0,2.0,2.0,0.0,0.0,0.0,0.0,0.0,0.0,2.0,1.0,0.0,marshall baker
Zaki Alston,ATH,CHC,1.0,5.0,2.0,1.0,0.0,0.0,0.0,0.0,3.0,0.3333333432674408,0.0,0.0,0.0,zaki alston
Omari Salvi,SF,FP,1.0,20.0,2.0,3.0,0.0,0.0,0.0,0.0,10.0,0.10000000149011612,0.0,0.0,0.0,omari salvi
Donald Imo,ATH,CHC,1.0,9.0,2.0,2.0,0.0,0.0,0.0,0.0,4.0,0.25,0.0,0.0,0.0,donald imo
Ty Lampley,SF,HSSU,1.0,23.0,2.0,7.0,2.0,3.0,0.0,0.0,6.0,0.1666666716337204,0.0,0.0,3.0,ty lampley
Brady Jones,SF,UCCS,1.0,6.0,2.0,2.0,1.0,0.0,0.0,0.0,1.0,1.0,0.0,0.0,0.0,brady jones
Mac Washington,ATH,CCSC,1.0,9.0,2.0,1.0,0.0,0.0,0.0,0.0,3.0,0.3333333432674408,0.0,0.0,1.0,mac washington
Kai Burridge,ATH,LESL,1.0,21.0,2.0,2.0,1.0,2.0,0.0,0.0,4.0,0.25,0.0,0.0,2.0,kai burridge
Aamir Terry,PG,PSAB,1.0,3.0,2.0,0.0,0.0,0.0,0.0,0.0,1.0,1.0,0.0,0.0,0.0,aamir terry
Kade Ramer,ATH,HSU,1.0,8.0,2.0,1.0,0.0,0.0,0.0,0.0,2.0,0.5,0.0,0.0,0.0,kade ramer
Jt Fenz,ATH,WLWL,2.0,14.0,2.0,1.0,0.0,0.0,0.0,0.0,2.5,0.4000000059604645,0.0,0.0,1.5,jt fenz
Luke Martinez,PG,STTX,1.0,10.0,2.0,1.0,1.0,1.0,0.0,0.0,4.0,0.25,0.0,0.0,0.0,luke martinez
Reshaun Hampton,PG,TWU,1.0,12.0,2.0,2.0,0.0,0.0,0.0,0.0,6.0,0.1666666716337204,0.0,0.0,1.0,reshaun hampton
Mikey West,ATH,LNMO,1.0,17.0,2.0,2.0,2.0,0.0,0.0,0.0,8.0,0.0,2.0,1.0,0.0,mikey west
Cj Ward,ATH,SCHR,2.0,13.5,2.0,0.5,0.0,0.0,1.0,0.0,3.0,0.3333333432674408,0.0,0.0,2.5,cj ward
Noah Drenth,C,SCHR,2.0,10.5,2.0,2.5,0.0,0.5,0.5,0.0,3.5,0.2857142984867096,0.5,0.0,0.5,noah drenth
John Jenkins,ATH,CHAD,1.0,18.0,2.0,3.0,1.0,0.0,0.0,0.0,9.0,0.1111111119389534,0.0,0.0,0.0,john jenkins
Amir Powell,ATH,PSF,1.0,2.0,2.0,0.0,0.0,0.0,0.0,0.0,0.0,0.0,3.0,0.6666666865348816,0.0,amir powell
Zyeir Olasewere,ATH,PSSC,1.0,33.0,2.0,4.0,1.0,0.0,0.0,0.0,9.0,0.1111111119389534,0.0,0.0,1.0,zyeir olasewere
Amir Benelbasry,ATH,WINT,1.0,11.0,2.0,2.0,0.0,0.0,0.0,0.0,1.0,1.0,0.0,0.0,0.0,amir benelbasry
Zachary O'Callaghan,ATH,WINT,1.0,28.0,2.0,1.0,2.0,0.0,1.0,0.0,5.0,0.20000000298023224,0.0,0.0,1.0,zachary o callaghan
Montrell Bell,ATH,WINT,1.0,9.0,2.0,1.0,1.0,0.0,0.0,0.0,3.0,0.3333333432674408,0.0,0.0,2.0,montrell bell
Malcolm Velmar,ATH,VWU,1.0,8.0,2.0,0.0,0.0,0.0,0.0,0.0,3.0,0.0,2.0,1.0,0.0,malcolm velmar
Dk Moore,ATH,VWU,1.0,2.0,2.0,0.0,0.0,0.0,0.0,0.0,2.0,0.5,0.0,0.0,0.0,dk moore
Steven Masini,SF,USW,1.0,4.0,2.0,1.0,0.0,0.0,0.0,0.0,2.0,0.5,2.0,0.0,0.0,steven masini
John Measho,ATH,USW,1.0,14.0,2.0,3.0,1.0,0.0,0.0,0.0,5.0,0.20000000298023224,0.0,0.0,0.0,john measho
Kevin Taylor,ATH,WLWD,1.0,30.0,2.0,8.0,3.0,1.0,0.0,0.0,4.0,0.25,0.0,0.0,2.0,kevin taylor
Nick Graves,ATH,WLDF,1.0,16.0,2.0,2.0,0.0,0.0,0.0,0.0,7.0,0.1428571492433548,0.0,0.0,4.0,nick graves
Eric Wright Jr.,ATH,FVSU,1.0,6.0,2.0,1.0,0.0,0.0,1.0,0.0,2.0,0.0,3.0,0.6666666865348816,1.0,eric wright jr
Logan Lapierre Caiss,ATH,CSC,1.0,12.0,2.0,2.0,1.0,0.0,0.0,0.0,1.0,1.0,0.0,0.0,0.0,logan lapierre caiss
Jaiden Dunn,PG,KEAN,1.0,2.0,2.0,0.0,0.0,0.0,0.0,0.0,0.0,0.0,2.0,1.0,1.0,jaiden dunn
Daniel McCollum,PG,LHMN,1.0,17.0,2.0,2.0,0.0,1.0,0.0,0.0,4.0,0.25,0.0,0.0,2.0,daniel mccollum
Omari Hinds,PG,MEC,1.0,17.0,2.0,3.0,0.0,1.0,0.0,0.0,4.0,0.25,1.0,0.0,0.0,omari hinds
Ryan Panagakos,SF,MEC,1.0,28.0,2.0,0.0,2.0,0.0,0.0,0.0,8.0,0.125,0.0,0.0,2.0,ryan panagakos
Alex Halpern,ATH,BOW,1.0,10.0,2.0,3.0,1.0,1.0,0.0,0.0,4.0,0.25,0.0,0.0,0.0,alex halpern
Chris Simonds,ATH,BOW,1.0,7.0,2.0,1.0,0.0,0.0,1.0,0.0,3.0,0.3333333432674408,0.0,0.0,0.0,chris simonds
Jalen Anderson,ATH,WAU,1.0,33.0,2.0,1.0,3.0,3.0,0.0,0.0,14.0,0.0714285746216774,0.0,0.0,2.0,jalen anderson
Jaylin Mcneil,SF,WAU,1.0,27.0,2.0,7.0,0.0,0.0,0.0,0.0,5.0,0.20000000298023224,0.0,0.0,1.0,jaylin mcneil
Iaroslav Niagu,SF,JXST,36.0,12.5,1.9722222,2.1388888,0.6388889,0.19444445,0.6111111,0.027777778,1.1944444,0.5813953280448914,0.8333333,0.6666666865348816,0.44444445,iaroslav niagu
Atiki Ally Atiki,SF,UNM,32.0,8.15625,1.96875,2.5,0.28125,0.3125,0.8125,0.0,1.46875,0.5744680762290955,0.625,0.44999998807907104,0.40625,atiki ally atiki
Ebenezer Dowuona,SF,JMU,28.0,11.5,1.9642857,2.25,0.17857143,0.25,0.85714287,0.0,1.2857143,0.6944444179534912,0.32142857,0.5555555820465088,0.64285713,ebenezer dowuona
Julian Scott,PG,COLG,26.0,11.076923,1.9615384,2.4230769,1.0384616,0.26923078,0.03846154,0.0,1.7692307,0.43478259444236755,0.65384614,0.6470588445663452,0.5,julian scott
Triston Wennersten,SF,NJIT,24.0,9.291667,1.9583334,0.7916667,0.0,0.25,0.125,0.5416667,1.9583334,0.3617021143436432,0.0,0.0,0.20833333,triston wennersten
Jordan Brathwaite,PG,YALE,23.0,8.043478,1.9565217,0.9130435,0.65217394,0.17391305,0.13043478,0.26086956,1.6956521,0.43589743971824646,0.3043478,0.7142857313156128,0.3478261,jordan brathwaite
Ubong Okon,C,RMU,35.0,14.342857,1.9428571,3.8,0.14285715,0.31428573,0.62857145,0.0,1.5142857,0.5094339847564697,0.94285715,0.42424243688583374,0.8,ubong okon
Robby Beasley,PG,SF,32.0,12.03125,1.9375,1.03125,0.65625,0.375,0.09375,0.28125,1.59375,0.4313725531101227,0.5625,0.5,0.5,robby beasley
Marvin Musiime-Kamali,PG,AKR,32.0,8.21875,1.9375,2.53125,0.40625,0.09375,0.09375,0.0,1.3125,0.6904761791229248,0.40625,0.3076923191547394,0.375,marvin musiime kamali
Josh Ijeh,SF,KC,32.0,9.125,1.9375,1.84375,0.28125,0.25,0.59375,0.0,1.28125,0.6097561120986938,0.53125,0.7058823704719543,0.40625,josh ijeh
Grant Randall,SF,QUIN,32.0,9.8125,1.9375,1.9375,0.21875,0.21875,0.125,0.15625,2.25,0.3194444477558136,0.46875,0.7333333492279053,0.53125,grant randall
Deangelo Elisee,SF,PFW,31.0,8.67742,1.9354838,1.967742,0.09677419,0.19354838,0.48387095,0.06451613,1.0645162,0.7272727489471436,0.5483871,0.5882353186607361,0.3548387,deangelo elisee
Leeroy Odiahi,SF,WKU,31.0,14.709678,1.9354838,2.7419355,0.19354838,0.22580644,0.9354839,0.0,1.483871,0.6086956262588501,0.29032257,0.4444444477558136,0.48387095,leeroy odiahi
Josiah Moseley,SF,TTU,30.0,10.233334,1.9333333,2.2666667,0.13333334,0.06666667,0.13333334,0.0,1.3333334,0.574999988079071,0.6,0.6666666865348816,0.26666668,josiah moseley
Yoro Diallo,SF,WIN,29.0,6.448276,1.9310344,1.5862069,0.37931034,0.55172414,0.13793103,0.03448276,1.4827586,0.5348837375640869,0.6896552,0.44999998807907104,0.5862069,yoro diallo
Eze Wali,PG,CIT,29.0,11.75862,1.9310344,0.9655172,0.9310345,0.51724136,0.03448276,0.27586207,1.9655173,0.31578946113586426,0.6551724,0.6315789222717285,0.6896552,eze wali
Tai Hamilton,SF,WIN,28.0,7.964286,1.9285715,2.4642856,0.14285715,0.39285713,0.78571427,0.0,1.3214285,0.4864864945411682,1.1428572,0.5625,0.4642857,tai hamilton
JaVar Daniel,SF,WGA,27.0,7.703704,1.925926,2.148148,0.25925925,0.33333334,0.7037037,0.0,1.6666666,0.46666666865348816,0.6666667,0.5555555820465088,0.074074075,javar daniel
David Hermes,SF,UNCA,26.0,11.807693,1.9230769,1.8076923,0.3846154,0.26923078,0.30769232,0.07692308,1.6923077,0.47727271914482117,0.3846154,0.6000000238418579,0.26923078,david hermes
Anthony Nimani,PG,COR,25.0,7.28,1.92,0.76,0.44,0.16,0.04,0.32,1.76,0.4545454680919647,0.2,0.0,0.32,anthony nimani
Raleigh Burgess,SF,PUR,31.0,6.322581,1.9032258,1.2903225,0.22580644,0.2580645,0.12903225,0.19354838,1.3870968,0.5348837375640869,0.5483871,0.4117647111415863,0.32258064,raleigh burgess
Jack Janicki,PG,WIS,37.0,11.378378,1.8918918,1.3513514,0.8378378,0.4054054,0.24324325,0.35135135,1.8648648,0.3913043439388275,0.24324325,0.3333333432674408,0.21621622,jack janicki
Logan Imes,PG,ND,26.0,9.230769,1.8846154,0.96153843,0.61538464,0.1923077,0.115384616,0.15384616,1.7307693,0.3777777850627899,0.61538464,0.6875,0.65384614,logan imes
Sadiku Ibine Ayo,SF,SJU,31.0,7.967742,1.8709677,1.3548387,0.29032257,0.19354838,0.16129032,0.38709676,1.8709677,0.3448275923728943,0.2580645,0.75,0.22580644,sadiku ibine ayo
Tre Norman,PG,MARQ,34.0,8.882353,1.8529412,1.5,0.47058824,0.3529412,0.0882353,0.1764706,1.882353,0.34375,0.7647059,0.5,0.5,tre norman
Ariel Bland,SF,BCU,27.0,7.5925927,1.8518518,1.7407408,0.4074074,0.22222222,0.7037037,0.0,1.2222222,0.5757575631141663,0.5925926,0.75,0.4814815,ariel bland
Andre Young,PG,RID,25.0,11.4,1.84,0.72,0.76,0.4,0.0,0.24,2.04,0.37254902720451355,0.08,1.0,0.72,andre young
Christian Kirkland,SF,YSU,29.0,8.103448,1.8275862,1.9310344,0.10344828,0.27586207,0.4827586,0.0,1.2068965,0.5714285969734192,0.9310345,0.48148149251937866,0.27586207,christian kirkland
Justin Taylor,PG,JMU,27.0,10.222222,1.8148148,1.7407408,0.5555556,0.2962963,0.037037037,0.0,1.5185186,0.39024388790130615,1.1111112,0.5666666626930237,0.4074074,justin taylor
Emeka Nnaji,SF,GRAM,27.0,7.0,1.8148148,1.1111112,0.18518518,0.18518518,0.18518518,0.0,1.7407408,0.3617021143436432,0.9259259,0.6000000238418579,0.25925925,emeka nnaji
Miles Mitchell,SF,DETM,27.0,12.592592,1.8148148,3.1851852,0.2962963,0.2962963,0.22222222,0.0,1.8148148,0.4693877696990967,0.5185185,0.2142857164144516,0.5185185,miles mitchell
Miles Jones,SF,UNCG,32.0,15.4375,1.8125,3.53125,1.46875,0.5,0.1875,0.28125,2.21875,0.30985915660858154,0.34375,0.4545454680919647,0.75,miles jones
Jay Young,PG,MD,36.0,10.194445,1.8055556,1.1944444,0.7777778,0.5277778,0.16666667,0.33333334,1.6666666,0.36666667461395264,0.33333334,0.75,0.3611111,jay young
Aric Demings,PG,MONM,25.0,9.68,1.8,0.92,0.68,0.28,0.0,0.16,1.48,0.37837839126586914,0.56,0.9285714030265808,0.84,aric demings
Declan Cutler,SF,WEB,30.0,9.6,1.8,2.1333334,0.26666668,0.16666667,0.16666667,0.0,1.3666667,0.5609756112098694,0.6333333,0.42105263471603394,0.5,declan cutler
Mozae Downing-Rivers,PG,PRST,24.0,12.708333,1.7916666,0.9583333,1.9166666,0.5,0.20833333,0.125,2.625,0.2698412835597992,0.625,0.4000000059604645,1.4166666,mozae downing rivers
Cameron Piggee,PG,NJIT,28.0,11.25,1.7857143,0.89285713,0.53571427,0.25,0.035714287,0.42857143,2.4285715,0.2647058963775635,0.14285715,0.5,0.25,cameron piggee
Delaney Heard,PG,KENN,32.0,14.0,1.78125,0.9375,0.78125,0.5625,0.03125,0.25,2.40625,0.2467532455921173,0.6875,0.5,0.4375,delaney heard
Gus Yalden,SF,UVM,26.0,8.423077,1.7692307,1.4615384,0.30769232,0.26923078,0.1923077,0.03846154,1.8846154,0.36734694242477417,0.61538464,0.5625,0.30769232,gus yalden
Malik Ferguson,PG,TNTC,25.0,9.96,1.76,1.12,0.88,0.28,0.12,0.16,2.04,0.27450981736183167,0.8,0.6000000238418579,0.36,malik ferguson
Nate Deer,SF,OAK,25.0,6.52,1.76,1.64,0.08,0.08,0.08,0.0,1.24,0.6129032373428345,0.52,0.4615384638309479,0.44,nate deer
Jordan Butler,SF,SC,28.0,7.107143,1.75,0.9285714,0.21428572,0.14285715,0.4642857,0.39285713,1.4642857,0.3414634168148041,0.5,0.7142857313156128,0.14285715,jordan butler
Mike Bekelja,PG,KENT,36.0,14.416667,1.75,1.6388888,0.4722222,0.5833333,0.0,0.4722222,1.6944444,0.31147539615631104,0.3888889,0.5714285969734192,0.055555556,mike bekelja
Brodie Clark,PG,STAU,4.0,12.25,1.75,0.25,0.25,0.25,0.0,0.25,2.25,0.2222222238779068,0.75,0.6666666865348816,1.25,brodie clark
Jordyn Jury,PG,DFC,4.0,14.25,1.75,1.75,0.0,0.25,0.0,0.25,1.75,0.4285714328289032,0.0,0.0,0.0,jordyn jury
Jesse Hoiby,PG,NWIC,4.0,16.25,1.75,1.5,3.25,0.5,0.0,0.0,4.75,0.15789473056793213,0.5,0.5,3.0,jesse hoiby
Gerald Tate,PG,EAWE,4.0,7.5,1.75,2.0,0.0,0.25,0.25,0.0,1.5,0.5,0.5,0.5,0.25,gerald tate
Xander Wedlow,C,SBU,27.0,6.5925927,1.7407408,1.1481482,0.14814815,0.074074075,0.14814815,0.0,1.1481482,0.6774193644523621,0.2962963,0.625,0.5555556,xander wedlow
Christian Reid,PG,USM,30.0,9.233334,1.7333333,1.6333333,0.23333333,0.3,0.46666667,0.0,1.2666667,0.5526315569877625,0.6666667,0.5,0.13333334,christian reid
Will Allen,SF,LT,28.0,8.142858,1.7142857,1.6785715,0.035714287,0.2857143,0.25,0.0,0.89285713,0.7599999904632568,0.8214286,0.43478259444236755,0.35714287,will allen
Caleb Surgers,SF,DSU,28.0,8.857142,1.7142857,2.6785715,0.21428572,0.35714287,0.21428572,0.0,1.3928572,0.5384615659713745,0.39285713,0.5454545617103577,0.5714286,caleb surgers
Christian Gamble,PG,MERC,28.0,11.571428,1.7142857,0.85714287,0.71428573,0.21428572,0.035714287,0.2857143,2.107143,0.2711864411830902,0.32142857,0.8888888955116272,0.53571427,christian gamble
Isaac Brice,SF,PRST,24.0,5.5416665,1.7083334,0.7083333,0.25,0.125,0.083333336,0.041666668,1.25,0.6000000238418579,0.29166666,0.5714285969734192,0.25,isaac brice
Davonte Davis,PG,OKST,27.0,13.666667,1.7037038,1.3333334,0.8148148,0.44444445,0.037037037,0.22222222,2.1111112,0.2982456088066101,0.4074074,0.5454545617103577,0.5185185,davonte davis
Burke Smith,SF,PAC,27.0,8.777778,1.7037038,1.5185186,0.074074075,0.0,0.14814815,0.037037037,1.7777778,0.4166666567325592,0.25925925,0.7142857313156128,0.14814815,burke smith
Ralph Martino Jr.,PG,SFPA,27.0,12.666667,1.7037038,2.148148,0.4814815,0.4814815,0.074074075,0.11111111,2.2222223,0.3166666626930237,0.4074074,0.4545454680919647,0.4814815,ralph martino jr
Malik Lamin,C,SUU,30.0,10.4,1.7,2.2,0.2,0.0,0.6,0.0,1.0666667,0.75,0.5,0.20000000298023224,0.5,malik lamin
Christian Tucker,PG,CAL,33.0,11.939394,1.6969697,0.8787879,1.0,0.33333334,0.060606062,0.27272728,1.6666666,0.30909091234207153,0.4848485,0.8125,0.8787879,christian tucker
TJ Berger,PG,LAF,26.0,7.6538463,1.6923077,1.1923077,0.34615386,0.15384616,0.115384616,0.1923077,2.1923077,0.31578946113586426,0.1923077,0.6000000238418579,0.34615386,tj berger
Emmanuel Innocenti,SF,GONZ,31.0,12.096774,1.6774193,1.8709677,0.9677419,0.58064514,0.19354838,0.32258064,1.8709677,0.3448275923728943,0.12903225,0.5,0.19354838,emmanuel innocenti
DJ Thompson,PG,TCJ,3.0,17.333334,1.6666666,3.6666667,0.6666667,1.0,0.33333334,0.0,2.3333333,0.2857142984867096,0.6666667,0.5,1.6666666,dj thompson
Austin Born,C,STAM,3.0,14.333333,1.6666666,1.6666666,0.33333334,0.0,0.0,0.33333334,3.6666667,0.1818181872367859,0.6666667,0.0,0.33333334,austin born
Jordan Smith,PG,CSUS,3.0,23.666666,1.6666666,1.3333334,0.33333334,1.3333334,0.0,0.33333334,4.0,0.1666666716337204,0.33333334,0.0,0.0,jordan smith
Dion Grisnold,SF,DCC,3.0,20.666666,1.6666666,1.6666666,0.6666667,0.6666667,0.6666667,0.0,4.0,0.1666666716337204,0.6666667,0.5,1.6666666,dion grisnold
Lee Newton,ATH,PSUS,3.0,7.3333335,1.6666666,0.0,0.0,0.0,0.0,0.33333334,1.0,0.6666666865348816,0.0,0.0,0.33333334,lee newton
Jeffrey Clark II,PG,CIU,3.0,13.666667,1.6666666,1.3333334,1.0,0.33333334,0.33333334,0.0,2.3333333,0.2857142984867096,1.0,0.3333333432674408,1.0,jeffrey clark ii
Trey Stewart,PG,BYU,29.0,7.551724,1.6551725,0.3448276,0.44827586,0.41379312,0.06896552,0.41379312,1.4137931,0.3658536672592163,0.27586207,0.75,0.20689656,trey stewart
Percy Daniels,C,TULN,34.0,10.470589,1.6470588,1.7352941,0.3529412,0.4117647,0.7647059,0.0,0.9705882,0.6666666865348816,0.5294118,0.6666666865348816,0.5,percy daniels
Tibet Gorener,SF,SMU,30.0,7.9,1.6333333,0.8,0.23333333,0.23333333,0.1,0.26666668,1.4,0.4285714328289032,0.26666668,0.625,0.3,tibet gorener
Luka Toews,PG,BC,24.0,8.583333,1.625,0.41666666,1.25,0.33333334,0.0,0.16666667,1.9166666,0.239130437374115,0.7083333,0.7647058963775635,0.7083333,luka toews
Seth Joba,SF,IDHO,26.0,8.576923,1.6153846,1.1923077,0.15384616,0.115384616,0.115384616,0.42307693,1.8461539,0.2916666567325592,0.23076923,0.5,0.5,seth joba
Aidan Harris,SF,SFPA,31.0,9.0,1.6129032,2.032258,0.3548387,0.29032257,0.22580644,0.06451613,1.1612903,0.5555555820465088,0.4516129,0.5714285969734192,0.516129,aidan harris
Chol Marial,C,SJSU,28.0,9.25,1.6071428,2.2142856,0.14285715,0.10714286,1.1071428,0.10714286,1.6785715,0.38297873735427856,0.2857143,0.75,0.64285713,chol marial
Jalen Jackson,PG,EAWE,5.0,12.6,1.6,0.4,1.6,0.6,0.0,0.0,2.8,0.2857142984867096,0.0,0.0,0.8,jalen jackson
Richie Springs,SF,QUIN,32.0,6.46875,1.59375,1.40625,0.28125,0.0625,0.1875,0.03125,1.46875,0.42553192377090454,0.40625,0.7692307829856873,0.375,richie springs
Chika Nduka,SF,MTST,27.0,9.703704,1.5925926,1.0,1.037037,0.33333334,0.18518518,0.0,1.2222222,0.5454545617103577,0.5185185,0.5,0.33333334,chika nduka
Ruben Prey,SF,SJU,33.0,7.6969695,1.5757576,1.4848485,0.3030303,0.3939394,0.33333334,0.09090909,1.5151515,0.4000000059604645,0.4848485,0.5625,0.121212125,ruben prey
Jordy Barnes,PG,USU,33.0,11.363636,1.5757576,0.7878788,2.121212,1.060606,0.0,0.3030303,1.6060606,0.3962264060974121,0.030303031,0.0,0.75757575,jordy barnes
Mintautas Mockus,SF,UIW,28.0,10.392858,1.5714285,2.4285715,0.4642857,0.21428572,0.10714286,0.14285715,1.5714285,0.3863636255264282,0.4642857,0.4615384638309479,0.4642857,mintautas mockus
Justin Pippen,PG,CAL,28.0,6.607143,1.5714285,0.71428573,0.5714286,0.21428572,0.035714287,0.2857143,1.5714285,0.27272728085517883,0.5,0.8571428656578064,0.32142857,justin pippen
Parby Kabamba,SF,MRST,23.0,7.304348,1.5652174,1.5652174,0.2173913,0.13043478,0.0,0.26086956,1.826087,0.3571428656578064,0.0,0.0,0.3478261,parby kabamba
Jaden Grant,PG,FIU,33.0,14.060606,1.5454545,1.4545455,0.6666667,0.90909094,0.060606062,0.24242425,1.5454545,0.3921568691730499,0.24242425,0.375,0.57575756,jaden grant
Ra'Heim Moss,PG,ORE,30.0,10.333333,1.5333333,1.6,0.53333336,0.36666667,0.033333335,0.06666667,1.4666667,0.3181818127632141,0.76666665,0.695652186870575,0.5,ra heim moss
Shawn Simmons II,SF,UML,30.0,6.1666665,1.5333333,1.1,0.23333333,0.13333334,0.23333333,0.0,1.0,0.6000000238418579,0.73333335,0.4545454680919647,0.4,shawn simmons ii
Abdou Samb,SF,TOW,32.0,8.0,1.53125,1.53125,0.3125,0.15625,0.3125,0.0,1.28125,0.4878048896789551,0.3125,0.8999999761581421,0.34375,abdou samb
George Ivory III,PG,MVSU,25.0,14.4,1.52,1.12,0.2,0.44,0.12,0.32,1.36,0.4117647111415863,0.2,0.4000000059604645,0.64,george ivory iii
Ahmed Essahaty,PG,SELA,27.0,9.074074,1.5185186,1.4444444,0.8148148,0.18518518,0.074074075,0.14814815,1.2962962,0.48571428656578064,0.25925925,0.4285714328289032,0.7407407,ahmed essahaty
Caedin Hamilton,SF,MARQ,29.0,6.275862,1.5172414,1.2413793,0.5862069,0.13793103,0.2413793,0.0,1.5172414,0.3863636255264282,0.6551724,0.5263158082962036,0.41379312,caedin hamilton
Roee Oselka,C,GB,29.0,7.827586,1.5172414,1.2413793,0.3448276,0.13793103,0.44827586,0.0,1.137931,0.5757575631141663,0.4827586,0.4285714328289032,0.62068963,roee oselka
Sabry Philip,PG,STBK,28.0,13.607142,1.5,1.9285715,0.5,0.42857143,0.25,0.035714287,2.2857144,0.28125,0.2857143,0.625,0.64285713,sabry philip
Brady Nelson,PG,AL,2.0,11.5,1.5,3.0,0.5,0.5,0.0,0.5,4.0,0.125,0.0,0.0,1.5,brady nelson
Nathan Brummett,SF,LPU,6.0,6.8333335,1.5,0.33333334,0.0,0.16666667,0.0,0.0,2.0,0.25,0.6666667,0.75,0.16666667,nathan brummett
Trevor Vertiz,SF,CHCC,4.0,15.75,1.5,1.0,0.5,0.25,0.0,0.0,2.5,0.20000000298023224,1.0,0.5,0.25,trevor vertiz
Tommy Gregwer,PG,AQUI,2.0,13.0,1.5,2.0,0.0,0.5,0.0,0.5,2.0,0.25,0.0,0.0,0.0,tommy gregwer
Cooper Rubio,PG,TMCN,2.0,6.5,1.5,0.5,0.0,0.0,0.0,0.5,1.5,0.3333333432674408,0.0,0.0,0.5,cooper rubio
Shaylen Woodberry,PG,COCU,2.0,11.5,1.5,1.0,0.5,0.5,0.0,0.5,1.5,0.3333333432674408,0.0,0.0,0.5,shaylen woodberry
Parker Gerrits,PG,WSU,32.0,9.28125,1.5,1.0,0.9375,0.4375,0.0625,0.28125,1.5,0.375,0.21875,0.4285714328289032,0.5,parker gerrits
Chris Moore,PG,MNTT,2.0,12.5,1.5,2.5,0.5,1.0,0.0,0.0,3.0,0.1666666716337204,1.0,0.5,0.5,chris moore
Louis Penn III,PG,BRES,4.0,13.5,1.5,1.25,0.5,0.25,0.0,0.5,2.0,0.25,0.0,0.0,1.25,louis penn iii
Erdemalp Erdem,SF,BRES,4.0,13.0,1.5,3.25,1.5,0.25,0.0,0.0,1.75,0.2857142984867096,0.5,1.0,1.75,erdemalp erdem
Dre'Sean Roberts,PG,DFC,4.0,11.0,1.5,1.75,0.75,0.0,0.0,0.0,1.75,0.4285714328289032,0.75,0.0,0.5,dre sean roberts
Wes Clarkson,SF,LPU,6.0,12.0,1.5,1.0,0.6666667,0.33333334,0.0,0.16666667,2.8333333,0.1764705926179886,0.33333334,1.0,0.6666667,wes clarkson
Nathan Pettus Jr.,PG,CHEY,4.0,9.0,1.5,1.0,0.0,0.0,0.0,0.25,1.75,0.1428571492433548,1.0,0.75,1.0,nathan pettus jr
Kailen Green,ATH,ULV,2.0,11.0,1.5,1.5,0.5,0.0,0.5,0.5,1.0,0.5,0.0,0.0,0.5,kailen green
Salim Arikat,SF,MNLO,2.0,8.0,1.5,0.5,1.0,0.0,0.5,0.5,2.5,0.20000000298023224,0.0,0.0,0.5,salim arikat
Parker Hodgson,PG,WPEA,2.0,13.0,1.5,2.0,0.0,0.5,0.0,0.5,3.0,0.1666666716337204,0.0,0.0,3.0,parker hodgson
Aiden Carver,PG,PFEI,2.0,6.0,1.5,0.0,0.0,0.0,0.0,0.5,2.0,0.25,0.0,0.0,0.0,aiden carver
Matar Wade,SF,MORG,24.0,7.7083335,1.5,1.75,0.375,0.33333334,0.5416667,0.0,1.2916666,0.5161290168762207,0.375,0.4444444477558136,0.45833334,matar wade
Tony Webb,ATH,ERSK,2.0,7.0,1.5,0.0,1.5,1.0,0.0,0.5,3.0,0.1666666716337204,0.0,0.0,0.0,tony webb
Rob Spaulding IV,ATH,ERSK,2.0,5.0,1.5,0.5,0.0,0.0,0.5,0.5,2.5,0.20000000298023224,0.0,0.0,0.0,rob spaulding iv
Jalen Jennings,ATH,ERSK,2.0,5.0,1.5,2.0,0.0,0.0,0.0,0.5,1.0,0.5,0.0,0.0,0.0,jalen jennings
Ahmir Ruffin,ATH,DFC,4.0,6.5,1.5,0.75,0.25,0.5,0.0,0.25,1.25,0.4000000059604645,0.75,0.3333333432674408,0.25,ahmir ruffin
Elijah Cathcart,PG,WPEA,2.0,11.0,1.5,1.0,0.5,1.0,0.0,0.5,3.5,0.1428571492433548,0.0,0.0,2.0,elijah cathcart
Brett Dent,ATH,NBRY,2.0,6.5,1.5,3.0,0.0,0.0,0.0,0.5,1.0,0.5,1.0,0.0,0.5,brett dent
Desmier Hatchett,PG,AL,2.0,9.0,1.5,2.0,0.5,0.0,0.0,0.5,2.5,0.20000000298023224,0.0,0.0,1.0,desmier hatchett
Jake Harper,ATH,MATC,4.0,6.5,1.5,0.5,0.0,0.5,0.0,0.25,1.5,0.3333333432674408,0.5,0.5,0.75,jake harper
Isaiah Mitchell,PG,DCC,4.0,12.0,1.5,1.5,0.0,0.25,0.0,0.25,1.25,0.4000000059604645,0.5,0.5,0.75,isaiah mitchell
Drew Cannon,PG,BOBJ,2.0,5.0,1.5,1.0,0.0,0.0,0.0,0.5,2.5,0.20000000298023224,0.0,0.0,0.5,drew cannon
Shane McGaughey-Fick,PG,NWWA,2.0,15.0,1.5,1.0,0.5,0.5,0.0,0.5,1.5,0.3333333432674408,0.0,0.0,2.0,shane mcgaughey fick
Richard Cross,PG,NWIC,4.0,13.25,1.5,1.75,0.25,0.25,0.0,0.5,3.75,0.13333334028720856,0.25,0.0,0.25,richard cross
JD McGee,PG,NWIC,4.0,15.75,1.5,2.0,1.25,0.5,0.0,0.5,5.0,0.10000000149011612,0.0,0.0,0.5,jd mcgee
Sean Richardson,PG,SFIL,2.0,11.5,1.5,0.5,2.5,0.5,0.5,0.5,1.5,0.3333333432674408,0.0,0.0,1.0,sean richardson
Sean Lerose,ATH,WCMO,2.0,14.0,1.5,0.5,1.5,0.0,0.0,0.5,3.5,0.1428571492433548,0.0,0.0,1.5,sean lerose
Karl Ashley,PG,ULV,2.0,18.0,1.5,1.0,1.0,1.0,0.0,0.0,5.5,0.09090909361839294,2.0,0.25,1.5,karl ashley
Pharoah Fields,PG,BLU,2.0,7.5,1.5,1.0,0.0,0.0,0.0,0.0,1.5,0.3333333432674408,0.5,1.0,0.5,pharoah fields
Nathaniel Law,ATH,COCU,2.0,8.5,1.5,2.0,0.5,0.5,0.0,0.0,2.0,0.0,2.0,0.75,1.5,nathaniel law
Daniel Ribeiro,PG,OXY,2.0,5.5,1.5,0.5,0.0,0.0,0.0,0.5,2.0,0.25,0.0,0.0,0.5,daniel ribeiro
Mason Smith,PG,TMCN,2.0,4.5,1.5,0.5,0.0,0.0,0.0,0.5,1.0,0.5,0.0,0.0,1.5,mason smith
Emanuel Befekadu,PG,TMCN,2.0,2.5,1.5,0.0,0.0,0.0,0.0,0.5,2.0,0.25,0.0,0.0,0.0,emanuel befekadu
Braxton Peterson,ATH,RDLL,2.0,3.5,1.5,1.0,0.5,0.0,0.0,0.5,1.0,0.5,0.0,0.0,0.0,braxton peterson
Jaden Palmer-Perkins,ATH,RDLL,2.0,1.5,1.5,0.0,0.5,0.0,0.0,0.0,1.0,0.5,0.5,1.0,0.0,jaden palmer perkins
Ibrahima Jarjou,ATH,CNSU,2.0,6.0,1.5,2.0,0.0,0.0,0.0,0.0,1.5,0.0,2.0,0.75,0.0,ibrahima jarjou
Mark Wise,ATH,CNSU,2.0,12.0,1.5,2.5,0.5,0.0,0.0,0.0,3.0,0.0,3.0,0.5,0.5,mark wise
Ryan Gierhahn,PG,TRCC,2.0,21.5,1.5,2.0,0.5,0.5,0.0,0.0,3.0,0.1666666716337204,1.0,0.5,2.0,ryan gierhahn
Brett Bush,ATH,ERAZ,2.0,12.0,1.5,0.5,0.5,0.5,0.0,0.5,1.0,0.5,0.0,0.0,1.5,brett bush
Gabe Estebanes,ATH,ERAZ,2.0,2.0,1.5,0.0,0.0,0.5,0.0,0.5,1.0,0.5,0.0,0.0,0.5,gabe estebanes
Adam Mickulin,ATH,ERAZ,2.0,3.0,1.5,0.0,0.0,0.0,0.0,0.0,2.0,0.25,0.5,1.0,0.0,adam mickulin
Anthony James,SF,EAWE,4.0,13.25,1.5,3.25,0.75,0.25,0.0,0.25,3.0,0.1666666716337204,0.75,0.3333333432674408,2.25,anthony james
Adam Montoya,PG,NNMC,4.0,3.5,1.5,0.25,0.25,0.0,0.0,0.5,1.25,0.4000000059604645,0.0,0.0,0.25,adam montoya
Daniel Cruz,PG,OLLU,2.0,6.0,1.5,1.0,0.5,0.0,0.0,0.5,1.0,0.5,0.0,0.0,0.5,daniel cruz
Danny Hughley Iii,ATH,PSSH,2.0,21.0,1.5,2.5,1.5,0.0,0.0,0.5,2.0,0.25,0.0,0.0,0.0,danny hughley iii
Carson Kraiza,ATH,AQUI,2.0,3.5,1.5,0.5,0.0,0.0,0.0,0.5,2.0,0.25,0.0,0.0,0.0,carson kraiza
Mohamed Musa,ATH,SWA,2.0,25.5,1.5,1.5,2.0,1.0,0.0,0.5,5.0,0.10000000149011612,0.0,0.0,1.5,mohamed musa
Spencer Mahoney,SF,TEM,27.0,6.296296,1.4814814,1.0,0.18518518,0.037037037,0.037037037,0.33333334,1.7037038,0.28260868787765503,0.33333334,0.5555555820465088,0.14814815,spencer mahoney
Logan Suber,PG,LIP,33.0,6.757576,1.4545455,1.0909091,0.8181818,0.45454547,0.0,0.15151516,1.2424242,0.2926829159259796,0.75757575,0.7599999904632568,0.54545456,logan suber
Baraka Okojie,PG,MER,31.0,11.451612,1.451613,1.2258065,1.1935484,0.41935483,0.09677419,0.19354838,1.2580645,0.41025641560554504,0.5483871,0.4117647111415863,0.67741936,baraka okojie
Taj Au-Duke,PG,PEPP,31.0,8.419354,1.451613,0.7741935,0.8064516,0.12903225,0.032258064,0.09677419,1.451613,0.20000000298023224,0.87096775,0.8888888955116272,0.4516129,taj au duke
Saadiq Moore,PG,WEB,34.0,11.088235,1.4411764,1.1470588,0.9411765,0.32352942,0.0882353,0.11764706,1.617647,0.3272727131843567,0.38235295,0.692307710647583,0.5882353,saadiq moore
Matthew Marsh,C,ORST,28.0,8.321428,1.4285715,1.3571428,0.071428575,0.21428572,0.14285715,0.0,0.96428573,0.5185185074806213,0.6785714,0.6315789222717285,0.53571427,matthew marsh
Eduardo Klafke,PG,MISS,36.0,9.972222,1.4166666,1.0555556,0.41666666,0.44444445,0.19444445,0.3611111,1.0,0.4444444477558136,0.30555555,0.5454545617103577,0.30555555,eduardo klafke
Chris Morgan,PG,PFW,25.0,7.08,1.4,0.68,0.76,0.28,0.04,0.28,1.24,0.4193548262119293,0.12,0.6666666865348816,0.6,chris morgan
Keanu Gordon,PG,EAWE,5.0,11.8,1.4,1.2,0.0,0.4,0.6,0.2,1.4,0.4285714328289032,0.2,0.0,0.8,keanu gordon
Daniil Glazkov,PG,LUC,33.0,6.5454545,1.3939394,0.6666667,0.27272728,0.15151516,0.0,0.21212122,1.3333334,0.34090909361839294,0.5151515,0.529411792755127,0.18181819,daniil glazkov
Kendall Campbell,SF,ELON,28.0,6.571429,1.3928572,1.2142857,0.17857143,0.071428575,0.35714287,0.0,1.1071428,0.5161290168762207,0.5,0.5,0.39285713,kendall campbell
Dean Shepherd,PG,DSU,23.0,4.7391305,1.3913044,0.65217394,0.3043478,0.08695652,0.17391305,0.04347826,0.9130435,0.6190476417541504,0.3478261,0.625,0.04347826,dean shepherd
Pavle Misic,C,UTU,26.0,6.6153846,1.3846154,1.5384616,0.23076923,0.03846154,0.1923077,0.0,1.1153846,0.4482758641242981,0.7692308,0.5,0.26923078,pavle misic
Jalen Barbee,PG,CSUN,29.0,4.172414,1.3793104,0.9655172,0.13793103,0.1724138,0.03448276,0.1724138,0.8965517,0.5,0.41379312,0.75,0.13793103,jalen barbee
Koby Jeffries,PG,UIC,24.0,8.666667,1.375,0.875,0.6666667,0.25,0.083333336,0.041666668,1.25,0.4333333373069763,0.375,0.6666666865348816,0.7083333,koby jeffries
Ryan Bolton Jr.,C,PV,24.0,8.416667,1.375,1.7916666,0.041666668,0.083333336,0.7083333,0.0,0.875,0.523809552192688,0.625,0.7333333492279053,0.25,ryan bolton jr
Kameron Foman,PG,ALCN,30.0,9.566667,1.3666667,2.1,0.23333333,0.5,0.16666667,0.0,1.0333333,0.6129032373428345,0.26666668,0.375,0.2,kameron foman
TJ Power,SF,PENN,24.0,9.291667,1.3333334,1.0416666,0.5833333,0.083333336,0.16666667,0.25,1.8333334,0.20454545319080353,0.33333334,1.0,0.5,tj power
Aaron Hernandez,SF,LPU,6.0,13.666667,1.3333334,2.5,1.0,0.33333334,0.0,0.33333334,2.6666667,0.1875,0.0,0.0,0.33333334,aaron hernandez
Gavin Korth-Loder,SF,TCJ,3.0,7.0,1.3333334,1.3333334,0.33333334,0.0,0.0,0.0,1.3333334,0.5,0.0,0.0,0.33333334,gavin korth loder
Colin DeLaere,SF,ERKA,3.0,5.0,1.3333334,1.3333334,0.0,0.0,0.0,0.0,1.6666666,0.4000000059604645,0.0,0.0,1.0,colin delaere
Dylan Logsdon,PG,ERKA,3.0,17.0,1.3333334,2.6666667,0.33333334,0.0,0.0,0.33333334,3.6666667,0.09090909361839294,1.0,0.3333333432674408,1.0,dylan logsdon
Kerrington Kiel,SF,TROY,30.0,8.2,1.3333334,1.4,0.4,0.4,0.1,0.2,1.5666667,0.2978723347187042,0.33333334,0.6000000238418579,0.6,kerrington kiel
Brooks Allred,ATH,UMO,3.0,3.0,1.3333334,0.33333334,0.0,0.0,0.0,0.33333334,1.0,0.3333333432674408,0.6666667,0.5,0.0,brooks allred
Caleb Williams,PG,SUNO,3.0,9.333333,1.3333334,1.0,0.6666667,0.0,0.0,0.0,1.6666666,0.4000000059604645,0.0,0.0,1.0,caleb williams
Max Richardson,SF,ERKA,3.0,5.0,1.3333334,0.6666667,0.0,0.33333334,0.0,0.0,1.3333334,0.5,0.0,0.0,0.33333334,max richardson
Quin Gorman,SF,STBK,24.0,6.625,1.3333334,1.3333334,0.20833333,0.33333334,0.083333336,0.25,1.3333334,0.375,0.33333334,0.25,0.125,quin gorman
Mason McBride,PG,HCU,24.0,5.7916665,1.3333334,0.6666667,0.125,0.29166666,0.0,0.25,1.2916666,0.3870967626571655,0.125,0.6666666865348816,0.16666667,mason mcbride
Sam Stockton,PG,EWU,32.0,12.5625,1.3125,1.9375,1.3125,0.59375,0.03125,0.125,1.375,0.3636363744735718,0.3125,0.6000000238418579,0.625,sam stockton
Amari Jedkins,SF,MONT,29.0,8.965517,1.3103448,1.6551725,0.2413793,0.20689656,0.27586207,0.06896552,1.0689656,0.4516128897666931,0.44827586,0.6153846383094788,0.37931034,amari jedkins
John Kelly,SF,NJIT,26.0,10.269231,1.3076923,2.1923077,0.07692308,0.115384616,0.07692308,0.1923077,1.6923077,0.27272728085517883,0.34615386,0.5555555820465088,0.34615386,john kelly
Esyah Pippa-White,PG,MILW,26.0,4.269231,1.3076923,0.34615386,0.46153846,0.115384616,0.0,0.34615386,1.3076923,0.29411765933036804,0.42307693,0.4545454680919647,0.42307693,esyah pippa white
Dillon Tingler,PG,DREX,32.0,12.03125,1.28125,1.625,0.65625,0.5,0.09375,0.15625,1.09375,0.37142857909202576,0.46875,0.6666666865348816,0.28125,dillon tingler
Ma'Shy Hill,SF,ACU,29.0,6.172414,1.2758621,0.8965517,0.06896552,0.1724138,0.44827586,0.0,0.9655172,0.5357142686843872,0.51724136,0.46666666865348816,0.4827586,ma shy hill
Sione Lose,PG,UCD,26.0,14.0,1.2692307,1.7692307,0.7692308,0.5769231,0.23076923,0.03846154,1.1153846,0.3103448152542114,0.84615386,0.6363636255264282,0.7307692,sione lose
Zion Wilburn,PG,SAM,26.0,5.923077,1.2692307,0.88461536,0.3846154,0.1923077,0.1923077,0.115384616,1.8076923,0.21276596188545227,0.5,0.7692307829856873,0.3846154,zion wilburn
John Shanu II,C,EMU,30.0,9.433333,1.2666667,1.4333333,0.23333333,0.13333334,0.4,0.0,1.0,0.5666666626930237,0.4,0.3333333432674408,0.43333334,john shanu ii
Andrew Pittman,PG,CU,4.0,10.5,1.25,1.0,0.0,0.0,0.0,0.25,1.75,0.2857142984867096,0.0,0.0,0.5,andrew pittman
Julian Clarke,PG,UNCA,24.0,5.875,1.25,0.7083333,0.33333334,0.20833333,0.0,0.20833333,1.0416666,0.3199999928474426,0.5416667,0.692307710647583,0.33333334,julian clarke
Parker Chatman,SF,DFC,4.0,9.25,1.25,0.0,0.0,0.0,0.0,0.0,2.25,0.2222222238779068,0.75,0.3333333432674408,0.75,parker chatman
Landon Kauka,PG,NWIC,4.0,6.0,1.25,1.25,0.25,0.0,0.25,0.0,1.5,0.3333333432674408,0.5,0.5,0.25,landon kauka
Raeden West,PG,NWIC,4.0,10.5,1.25,0.5,0.25,0.25,0.0,0.0,0.5,0.5,0.75,1.0,0.5,raeden west
Johnny Carswell,PG,CHCC,4.0,5.5,1.25,0.0,0.25,0.25,0.0,0.25,2.0,0.25,0.75,0.0,0.5,johnny carswell
Waylon Smith,PG,CHCC,4.0,3.5,1.25,1.0,0.0,0.5,0.0,0.0,0.75,0.0,1.5,0.8333333134651184,0.75,waylon smith
Marcos Mejia,SF,BRES,4.0,8.75,1.25,0.5,0.0,0.0,0.0,0.25,2.0,0.125,0.5,1.0,0.25,marcos mejia
Ben Csernak,ATH,FIT,4.0,6.0,1.25,1.5,0.0,0.0,0.0,0.25,1.0,0.5,0.0,0.0,0.0,ben csernak
Christian Reeves,C,COFC,29.0,5.0689654,1.2413793,1.4827586,0.1724138,0.20689656,0.2413793,0.0,0.82758623,0.5,0.55172414,0.75,0.3448276,christian reeves
Ben Eisendrath,PG,HARV,26.0,9.5,1.2307693,0.88461536,1.0769231,0.46153846,0.1923077,0.115384616,1.2692307,0.3636363744735718,0.26923078,0.7142857313156128,0.6923077,ben eisendrath
Tommy Conniff,C,LEH,28.0,7.214286,1.2142857,1.2142857,0.21428572,0.10714286,0.10714286,0.035714287,0.9285714,0.5384615659713745,0.32142857,0.5555555820465088,0.35714287,tommy conniff
Kaia Berridge,PG,EVAN,29.0,11.827586,1.2068965,0.8965517,0.20689656,0.27586207,0.03448276,0.27586207,1.2413793,0.3333333432674408,0.20689656,0.5,0.7241379,kaia berridge
Joe Hurlburt,PG,DAV,28.0,5.607143,1.1785715,1.1785715,0.17857143,0.071428575,0.071428575,0.10714286,1.3928572,0.25641027092933655,0.5,0.7142857313156128,0.39285713,joe hurlburt
Trace Salton,SF,MRST,28.0,9.964286,1.1785715,1.5,0.17857143,0.39285713,0.25,0.035714287,1.25,0.4285714328289032,0.071428575,1.0,0.4642857,trace salton
Bryce Heard,PG,DAY,24.0,6.3333335,1.1666666,0.8333333,0.29166666,0.20833333,0.0,0.083333336,0.9166667,0.3181818127632141,0.75,0.6666666865348816,0.125,bryce heard
James Thomas,SF,MERC,24.0,8.291667,1.1666666,2.0416667,0.25,0.125,0.041666668,0.0,1.0416666,0.47999998927116394,0.33333334,0.5,0.33333334,james thomas
Jaiun Simon,SF,DAY,32.0,6.96875,1.15625,1.53125,0.21875,0.15625,0.21875,0.09375,1.15625,0.37837839126586914,0.34375,0.5454545617103577,0.25,jaiun simon
Benjamin Bosmans-Verdonk,SF,SC,29.0,7.793103,1.137931,1.6896552,0.4827586,0.06896552,0.10344828,0.0,1.1034483,0.3125,0.82758623,0.5416666865348816,0.41379312,benjamin bosmans verdonk
Lamaj Lewis,PG,LMU,30.0,6.5,1.1333333,0.9,0.43333334,0.43333334,0.0,0.0,0.8,0.625,0.26666668,0.5,0.3,lamaj lewis
Gavin Davis,PG,UCR,32.0,5.5,1.125,0.34375,0.15625,0.125,0.125,0.1875,1.15625,0.37837839126586914,0.09375,0.6666666865348816,0.3125,gavin davis
Godslove Nwabude,SF,EMU,26.0,7.8076925,1.1153846,2.3461537,0.34615386,0.1923077,0.30769232,0.0,1.1538461,0.36666667461395264,0.6923077,0.3888888955116272,0.34615386,godslove nwabude
Mason Miller,SF,MUR,32.0,11.71875,1.09375,1.59375,0.46875,0.125,0.03125,0.21875,1.4375,0.21739129722118378,0.375,0.6666666865348816,0.34375,mason miller
Ofure Ujadughele,PG,UCI,39.0,11.179487,1.0769231,1.9743589,1.3589743,0.71794873,0.0,0.07692308,1.3589743,0.2641509473323822,0.43589744,0.6470588445663452,0.6923077,ofure ujadughele
Markell Petro,PG,MVSU,26.0,10.076923,1.0769231,0.96153843,0.26923078,0.23076923,0.0,0.15384616,1.6538461,0.23255814611911774,0.26923078,0.5714285969734192,0.5,markell petro
Chris Moore,SF,AUB,37.0,10.0,1.054054,1.4594594,0.43243244,0.24324325,0.10810811,0.08108108,0.9189189,0.44117647409439087,0.24324325,0.6666666865348816,0.3243243,chris moore
Robert Jeter,PG,SUU,28.0,11.214286,1.0,0.35714287,0.5,0.14285715,0.0,0.21428572,1.4285715,0.25,0.071428575,1.0,0.4642857,robert jeter
Andrew Stevenson,C,MCM,2.0,12.0,1.0,2.0,0.0,0.0,0.5,0.0,2.5,0.20000000298023224,0.5,0.0,2.0,andrew stevenson
Caleb Duncan,PG,BRE,1.0,6.0,1.0,0.0,0.0,0.0,0.0,0.0,3.0,0.0,2.0,0.5,0.0,caleb duncan
Adrian Price,C,COLC,1.0,15.0,1.0,4.0,0.0,1.0,0.0,0.0,3.0,0.0,2.0,0.5,2.0,adrian price
David Teibo,SF,ERAZ,2.0,17.5,1.0,3.0,0.5,0.5,0.5,0.0,2.5,0.20000000298023224,1.0,0.0,1.0,david teibo
J'son Murray,SF,ABU,2.0,19.0,1.0,2.5,0.0,0.0,0.0,0.0,3.0,0.1666666716337204,0.0,0.0,0.0,j son murray
Zach Austin,PG,TUTX,2.0,4.5,1.0,0.5,0.0,0.0,0.0,0.0,0.5,1.0,0.0,0.0,0.0,zach austin
Ja'Kwon Hill,PG,NNMC,1.0,17.0,1.0,0.0,1.0,4.0,0.0,0.0,2.0,0.0,2.0,0.5,4.0,ja kwon hill
Chad Martin,PG,VTSL,1.0,18.0,1.0,1.0,0.0,0.0,0.0,0.0,2.0,0.0,2.0,0.5,2.0,chad martin
Clayton Robinson,PG,PFEI,2.0,11.0,1.0,1.5,0.0,0.0,0.0,0.0,2.0,0.0,1.0,1.0,3.0,clayton robinson
Jeff Tan,SF,EMRS,2.0,7.0,1.0,2.5,0.5,0.0,0.0,0.0,2.0,0.25,0.0,0.0,0.0,jeff tan
Jackson Inman,PG,CIU,4.0,7.5,1.0,2.0,0.25,0.0,0.0,0.0,2.5,0.20000000298023224,0.0,0.0,0.75,jackson inman
Matt Amano,PG,PCC,2.0,2.5,1.0,0.0,0.0,0.0,0.0,0.0,0.0,0.0,1.0,1.0,0.0,matt amano
Charles Anyichie,SF,GCTU,2.0,12.0,1.0,0.5,0.0,0.0,0.5,0.0,1.0,0.5,0.0,0.0,0.5,charles anyichie
Akeyse Rice,SF,BTTN,1.0,12.0,1.0,3.0,0.0,0.0,0.0,0.0,3.0,0.0,2.0,0.5,1.0,akeyse rice
Blake Washington,PG,SCHR,2.0,9.5,1.0,1.0,0.5,0.5,0.0,0.0,2.5,0.20000000298023224,0.0,0.0,0.5,blake washington
Joel Ewald,PG,ERKA,3.0,3.3333333,1.0,0.33333334,0.0,0.0,0.0,0.0,0.6666667,0.5,0.33333334,1.0,0.6666667,joel ewald
Christian Drummond,PG,COLC,1.0,2.0,1.0,0.0,0.0,0.0,0.0,0.0,1.0,0.0,2.0,0.5,0.0,christian drummond
Justin Perry,PG,NGU,1.0,13.0,1.0,0.0,0.0,0.0,1.0,0.0,3.0,0.0,2.0,0.5,2.0,justin perry
Noah Hutchinson,SF,PDMT,2.0,5.0,1.0,1.0,0.0,0.0,0.0,0.0,1.5,0.3333333432674408,0.0,0.0,0.5,noah hutchinson
Caleb Thompson,PG,SWA,2.0,4.0,1.0,0.5,0.5,0.0,0.0,0.0,1.0,0.5,0.0,0.0,0.0,caleb thompson
Nate Cipriano,PG,LPU,6.0,4.1666665,1.0,0.33333334,0.0,0.16666667,0.0,0.0,0.5,1.0,0.5,0.0,0.8333333,nate cipriano
Preece Johnson,SF,CHEY,4.0,9.5,1.0,1.75,0.25,0.0,0.0,0.0,0.25,0.0,1.5,0.6666666865348816,0.0,preece johnson
Kole Verdadaro,ATH,MCM,2.0,8.5,1.0,0.5,0.0,0.5,0.0,0.0,1.0,0.0,1.0,1.0,0.5,kole verdadaro
Skylen Williams,PG,MSC,3.0,7.3333335,1.0,0.6666667,0.33333334,0.33333334,0.0,0.33333334,2.6666667,0.125,0.0,0.0,0.0,skylen williams
Logan Brinkoeter,SF,LETU,2.0,12.0,1.0,2.5,0.5,0.0,0.0,0.0,1.5,0.3333333432674408,0.0,0.0,0.0,logan brinkoeter
Carson Diamond,C,SCHR,2.0,14.0,1.0,1.5,1.0,0.0,0.0,0.0,2.5,0.20000000298023224,0.0,0.0,1.5,carson diamond
Luke De Gannes,PG,SNYO,2.0,7.0,1.0,0.5,0.0,0.0,0.0,0.0,2.0,0.0,1.0,1.0,0.5,luke de gannes
Jacob Everson,PG,COCU,2.0,15.5,1.0,1.5,0.0,0.5,0.0,0.0,3.5,0.1428571492433548,0.0,0.0,0.0,jacob everson
Ezra Guest,PG,COCU,2.0,9.5,1.0,0.0,1.5,1.0,0.5,0.0,1.5,0.3333333432674408,0.0,0.0,0.0,ezra guest
Jalen Dunn,PG,WLWL,2.0,7.0,1.0,0.0,0.5,0.5,0.0,0.0,2.0,0.25,0.0,0.0,1.5,jalen dunn
Tre Worsley,ATH,PSUS,3.0,3.3333333,1.0,0.6666667,0.0,0.0,0.0,0.0,1.0,0.3333333432674408,0.33333334,1.0,0.0,tre worsley
Carter Lewis,PG,TXLU,2.0,11.5,1.0,0.5,0.5,0.0,0.5,0.0,2.5,0.20000000298023224,0.0,0.0,0.0,carter lewis
Raevon Allen,PG,SWES,1.0,4.0,1.0,0.0,0.0,0.0,0.0,0.0,0.0,0.0,2.0,0.5,0.0,raevon allen
Daniel Andreyev,PG,CMT,2.0,16.5,1.0,2.5,0.5,1.0,0.0,0.0,3.0,0.1666666716337204,0.0,0.0,1.5,daniel andreyev
Kaleb Morgan,SF,BLU,2.0,18.5,1.0,3.0,1.0,0.5,0.0,0.0,2.5,0.20000000298023224,0.0,0.0,1.0,kaleb morgan
Deonte Sweeney,ATH,BRES,4.0,15.5,1.0,1.5,0.0,1.0,0.0,0.0,1.75,0.2857142984867096,0.0,0.0,0.25,deonte sweeney
Dallas Wilder,SF,ROSE,1.0,9.0,1.0,1.0,0.0,0.0,0.0,0.0,1.0,0.0,2.0,0.5,1.0,dallas wilder
Blake Bailey,PG,EMRS,2.0,6.0,1.0,0.5,0.5,1.5,0.0,0.0,2.0,0.25,0.0,0.0,0.0,blake bailey
Shay Roban,SF,EMRS,2.0,10.5,1.0,1.0,0.0,0.5,0.0,0.0,3.5,0.1428571492433548,0.0,0.0,0.5,shay roban
KD Gordon,PG,ERSK,2.0,3.0,1.0,1.0,0.0,0.5,0.5,0.0,1.0,0.0,1.0,1.0,0.5,kd gordon
Anthony Gooden,PG,GCTU,2.0,14.0,1.0,1.0,1.0,0.5,0.0,0.0,5.0,0.10000000149011612,0.0,0.0,0.0,anthony gooden
Michael Duviella,ATH,GCTU,2.0,6.0,1.0,1.0,0.0,0.0,0.0,0.0,0.5,0.0,1.0,1.0,0.0,michael duviella
Judah Moore,ATH,CIU,3.0,2.0,1.0,0.33333334,0.33333334,0.0,0.0,0.33333334,1.0,0.3333333432674408,0.0,0.0,0.0,judah moore
Shakei Hines,ATH,NCW,2.0,18.5,1.0,1.0,0.5,0.0,0.5,0.0,3.0,0.1666666716337204,0.0,0.0,0.0,shakei hines
Jaylon Bumpass,ATH,NCW,2.0,6.5,1.0,0.0,0.0,0.0,0.5,0.0,3.5,0.1428571492433548,0.0,0.0,0.0,jaylon bumpass
Tre Lawerence,ATH,NBRY,2.0,6.5,1.0,0.0,0.5,0.5,0.0,0.0,1.5,0.3333333432674408,0.0,0.0,1.0,tre lawerence
Reggie Abram,ATH,NBRY,2.0,11.0,1.0,2.0,0.5,0.0,0.0,0.0,1.0,0.5,0.0,0.0,0.5,reggie abram
Naz Welch,PG,AL,2.0,7.5,1.0,0.5,0.0,0.5,0.0,0.0,2.0,0.25,0.0,0.0,1.0,naz welch
Brett Roy,ATH,VTSL,1.0,8.0,1.0,1.0,0.0,0.0,0.0,0.0,0.0,0.0,2.0,0.5,1.0,brett roy
Shadrack Kakora,SF,TCJ,3.0,3.6666667,1.0,1.3333334,0.0,0.33333334,0.0,0.33333334,1.0,0.3333333432674408,0.0,0.0,0.33333334,shadrack kakora
Devin Wade-Henderson,SF,NWWA,2.0,7.0,1.0,1.0,0.0,0.0,0.0,0.0,1.5,0.3333333432674408,0.5,0.0,1.5,devin wade henderson
Grant Denison,PG,NWIC,4.0,5.5,1.0,0.25,0.0,0.0,0.0,0.0,1.25,0.4000000059604645,0.0,0.0,0.75,grant denison
Delshawn Simms,PG,SFIL,2.0,23.0,1.0,1.5,3.0,1.5,0.5,0.0,2.5,0.20000000298023224,0.0,0.0,2.5,delshawn simms
Joe Wimberly,PG,BTTN,1.0,14.0,1.0,3.0,2.0,1.0,0.0,0.0,5.0,0.0,2.0,0.5,4.0,joe wimberly
Jamile Johnson,ATH,WCMO,2.0,16.5,1.0,2.5,0.0,0.0,1.0,0.0,1.5,0.3333333432674408,0.5,0.0,1.0,jamile johnson
Jaden Rochester,ATH,WCMO,2.0,5.5,1.0,0.0,0.0,0.0,0.0,0.0,2.0,0.25,0.0,0.0,0.5,jaden rochester
Roman Philips,ATH,WCMO,2.0,5.0,1.0,2.5,0.0,0.0,0.0,0.0,0.5,0.0,1.0,1.0,1.5,roman philips
Kensington Colston,ATH,HWPU,2.0,10.0,1.0,1.0,0.0,0.5,0.0,0.0,2.5,0.0,1.0,1.0,1.0,kensington colston
Souleymane Barro,ATH,UMFK,1.0,16.0,1.0,2.0,0.0,0.0,0.0,0.0,7.0,0.0,2.0,0.5,0.0,souleymane barro
Kris Cummings,ATH,PCH,1.0,1.0,1.0,0.0,0.0,0.0,0.0,0.0,0.0,0.0,2.0,0.5,0.0,kris cummings
Rob Wade,ATH,UTD,1.0,12.0,1.0,1.0,0.0,1.0,1.0,0.0,2.0,0.0,2.0,0.5,2.0,rob wade
D'Von Turner,ATH,MCM,2.0,11.5,1.0,0.0,0.0,0.5,0.0,0.0,4.0,0.0,2.0,0.5,2.5,d von turner
Xavi Tirado,PG,BRES,4.0,6.75,1.0,1.75,0.25,0.0,0.0,0.0,1.25,0.4000000059604645,0.0,0.0,0.5,xavi tirado
Eli Wilson,ATH,VTSJ,2.0,9.0,1.0,2.0,0.5,0.0,0.5,0.0,1.0,0.5,0.0,0.0,1.0,eli wilson
Josiah Heaston,ATH,TLRU,1.0,7.0,1.0,1.0,0.0,0.0,0.0,0.0,1.0,0.0,2.0,0.5,0.0,josiah heaston
Noah Toussaint,ATH,FP,1.0,6.0,1.0,1.0,0.0,0.0,0.0,0.0,2.0,0.0,2.0,0.5,1.0,noah toussaint
Nathan Robertson,ATH,MRCY,1.0,14.0,1.0,1.0,1.0,0.0,0.0,0.0,1.0,0.0,2.0,0.5,0.0,nathan robertson
Chuks Ejiofor,ATH,UTPB,1.0,11.0,1.0,2.0,0.0,1.0,0.0,0.0,1.0,0.0,2.0,0.5,0.0,chuks ejiofor
Tyree Jamerson,ATH,RDLL,2.0,13.0,1.0,0.5,1.5,0.5,0.0,0.0,2.0,0.25,0.0,0.0,0.0,tyree jamerson
Jacob Ojeda,ATH,RDLL,2.0,8.5,1.0,0.5,1.5,0.5,0.0,0.0,3.0,0.1666666716337204,0.0,0.0,0.5,jacob ojeda
Peter Obodumu,ATH,NOB,2.0,4.5,1.0,0.5,0.0,0.0,0.0,0.0,1.0,0.5,0.0,0.0,0.5,peter obodumu
Desman Botts,SF,DKSU,2.0,7.5,1.0,2.0,0.5,0.0,0.0,0.0,1.0,0.5,0.0,0.0,0.5,desman botts
Derek Factor,C,HSKL,1.0,16.0,1.0,1.0,0.0,1.0,0.0,0.0,0.0,0.0,2.0,0.5,1.0,derek factor
Jackson Moore,PG,SWES,1.0,7.0,1.0,2.0,0.0,0.0,0.0,0.0,0.0,0.0,2.0,0.5,2.0,jackson moore
Tucker Patterson,ATH,JSU,2.0,1.5,1.0,0.0,0.0,0.0,0.0,0.0,0.5,1.0,0.5,0.0,0.5,tucker patterson
Hamilton Wallace Goncalves de Souza,C,TWES,2.0,13.0,1.0,0.5,0.0,0.0,0.0,0.0,1.5,0.3333333432674408,0.0,0.0,0.0,hamilton wallace goncalves de souza
Nikos Gerokostas,SF,STAM,3.0,8.333333,1.0,1.0,0.33333334,0.0,0.0,0.33333334,1.3333334,0.25,0.0,0.0,0.33333334,nikos gerokostas
Isaiah Edden,PG,COGA,4.0,5.5,1.0,0.0,0.0,0.25,0.0,0.0,2.5,0.20000000298023224,0.0,0.0,0.5,isaiah edden
Jaylen Jean-Louis,PG,NYMT,1.0,2.0,1.0,0.0,0.0,0.0,0.0,0.0,1.0,0.0,2.0,0.5,0.0,jaylen jean louis
Trey Spires,ATH,JUDU,1.0,15.0,1.0,3.0,0.0,0.0,0.0,0.0,0.0,0.0,2.0,0.5,3.0,trey spires
Kaleem Moultrie,ATH,CPC,2.0,5.0,1.0,1.5,0.0,0.0,0.0,0.0,3.0,0.0,1.0,1.0,0.5,kaleem moultrie
Macias Ivory-Jones,SF,EAWE,4.0,3.75,1.0,1.0,0.0,0.0,0.25,0.0,1.5,0.3333333432674408,0.0,0.0,0.25,macias ivory jones
Matthew Nunez,ATH,PSSH,2.0,7.5,1.0,1.5,0.0,0.0,0.0,0.0,1.5,0.0,1.0,1.0,0.0,matthew nunez
Benjamin Grant,ATH,YUNY,1.0,8.0,1.0,1.0,1.0,0.0,0.0,0.0,2.0,0.0,2.0,0.5,3.0,benjamin grant
Cameron Moore,PG,AQUI,2.0,5.5,1.0,0.5,0.5,0.0,0.0,0.0,1.5,0.0,1.5,0.6666666865348816,0.0,cameron moore
Zeke Bullington,ATH,MNTT,2.0,13.0,1.0,0.5,0.0,0.5,0.0,0.0,1.5,0.3333333432674408,0.0,0.0,1.0,zeke bullington
Gannon Stockton,ATH,MNTT,2.0,7.5,1.0,0.5,0.0,0.0,0.0,0.0,0.5,0.0,1.0,1.0,0.0,gannon stockton
Justin Coleman,ATH,HSSU,1.0,10.0,1.0,1.0,0.0,0.0,0.0,0.0,2.0,0.0,2.0,0.5,0.0,justin coleman
Rollin Belton,ATH,OBU,1.0,17.0,1.0,1.0,1.0,0.0,0.0,0.0,4.0,0.0,2.0,0.5,0.0,rollin belton
Chike Ezeonu,ATH,WLWL,2.0,6.5,1.0,0.0,0.5,0.0,0.0,0.0,3.0,0.1666666716337204,0.0,0.0,0.0,chike ezeonu
Armando Cuardado,SF,TWU,1.0,18.0,1.0,3.0,1.0,0.0,2.0,0.0,2.0,0.0,2.0,0.5,0.0,armando cuardado
Jack Wetzel,ATH,WLWD,1.0,11.0,1.0,2.0,0.0,0.0,0.0,0.0,5.0,0.0,2.0,0.5,0.0,jack wetzel
Jaiden Guerra-Howard,ATH,HDBG,1.0,7.0,1.0,1.0,0.0,0.0,0.0,0.0,2.0,0.0,2.0,0.5,1.0,jaiden guerra howard
Logan Orchard,PG,EOU,1.0,18.0,1.0,4.0,2.0,0.0,0.0,0.0,3.0,0.0,2.0,0.5,1.0,logan orchard
Elijah Thomas,ATH,CSC,1.0,8.0,1.0,0.0,1.0,0.0,1.0,0.0,2.0,0.0,2.0,0.5,1.0,elijah thomas
Quinton Steele II,SF,MRHO,1.0,5.0,1.0,3.0,0.0,0.0,0.0,0.0,0.0,0.0,2.0,0.5,0.0,quinton steele ii
Jordan Anderson,ATH,WAU,1.0,17.0,1.0,0.0,0.0,0.0,1.0,0.0,4.0,0.0,2.0,0.5,0.0,jordan anderson
Ben Egbo,PG,UCI,33.0,5.939394,0.969697,0.8181818,0.21212122,0.121212125,0.0,0.030303031,0.72727275,0.5833333134651184,0.15151516,0.6000000238418579,0.24242425,ben egbo
Gabriel McKay,PG,LIB,32.0,7.65625,0.9375,0.90625,0.375,0.34375,0.0625,0.28125,1.375,0.22727273404598236,0.125,0.25,0.21875,gabriel mckay
Dante Oliver,PG,UNF,29.0,6.965517,0.9310345,1.4482758,0.4827586,0.1724138,0.03448276,0.13793103,1.137931,0.27272728085517883,0.20689656,0.8333333134651184,0.55172414,dante oliver
Paulius Rapolis,SF,NKU,25.0,5.04,0.92,1.12,0.04,0.16,0.36,0.0,1.04,0.42307692766189575,0.24,0.1666666716337204,0.44,paulius rapolis
Michael Corrigan,PG,VUL,10.0,18.7,0.9,0.7,0.1,0.9,0.1,0.3,1.8,0.1666666716337204,0.0,0.0,0.6,michael corrigan
Brewer Carruth,PG,USM,27.0,6.259259,0.8888889,0.4814815,0.25925925,0.25925925,0.037037037,0.14814815,1.2962962,0.22857142984867096,0.18518518,0.800000011920929,0.37037036,brewer carruth
Dan Banister Jr.,PG,HAMP,26.0,4.8461537,0.88461536,0.88461536,0.23076923,0.115384616,0.3846154,0.1923077,0.84615386,0.27272728085517883,0.23076923,1.0,0.07692308,dan banister jr
Max Pikaar,SF,SIU,26.0,5.4615383,0.88461536,1.0,0.30769232,0.1923077,0.42307693,0.03846154,0.7307692,0.4736842215061188,0.42307693,0.3636363744735718,0.1923077,max pikaar
Ty Davis,PG,CREI,28.0,7.142857,0.85714287,0.85714287,0.78571427,0.14285715,0.0,0.0,0.6785714,0.3684210479259491,0.60714287,0.5882353186607361,0.5714286,ty davis
Clem Edomwonyin,SF,DREX,26.0,4.4615383,0.84615386,1.1538461,0.26923078,0.07692308,0.65384614,0.0,0.7692308,0.44999998807907104,0.42307693,0.3636363744735718,0.53846157,clem edomwonyin
Mabor Majak,C,CCU,32.0,7.46875,0.84375,1.4375,0.09375,0.09375,0.375,0.0,0.84375,0.37037035822868347,0.5625,0.3888888955116272,0.4375,mabor majak
Josh Mitchell,SF,ALCN,29.0,10.5172415,0.79310346,2.413793,0.1724138,0.27586207,0.37931034,0.0,0.62068963,0.5,0.4827586,0.3571428656578064,0.27586207,josh mitchell
Lase Olalere,SF,CHSO,24.0,11.625,0.7916667,2.875,0.083333336,0.125,0.29166666,0.0,0.75,0.2777777910232544,0.9166667,0.40909090638160706,0.5,lase olalere
Jordan Duda,PG,NNMC,4.0,3.25,0.75,0.0,0.25,0.0,0.0,0.25,1.5,0.1666666716337204,0.0,0.0,0.5,jordan duda
Promise Elem,SF,DCC,4.0,18.25,0.75,2.5,1.0,0.25,0.0,0.0,4.5,0.0555555559694767,1.0,0.25,1.25,promise elem
Chase Kuiper,PG,DETM,24.0,8.625,0.75,1.0833334,0.5,0.16666667,0.0,0.083333336,0.375,0.5555555820465088,0.375,0.6666666865348816,0.20833333,chase kuiper
Will Mosbach,C,TCJ,3.0,3.6666667,0.6666667,0.6666667,0.0,0.0,0.0,0.0,0.33333334,0.0,0.6666667,1.0,0.0,will mosbach
Kendall Hailey,PG,ARMY,33.0,9.030303,0.6666667,1.2424242,0.72727275,0.27272728,0.060606062,0.15151516,0.8787879,0.24137930572032928,0.18181819,0.5,0.57575756,kendall hailey
Micah Bruer,PG,ERKA,3.0,17.333334,0.6666667,0.33333334,1.0,0.33333334,0.0,0.0,2.6666667,0.125,0.0,0.0,1.3333334,micah bruer
Jonah Lauff,SF,ERKA,3.0,7.0,0.6666667,1.3333334,0.0,0.33333334,0.0,0.0,1.6666666,0.20000000298023224,0.0,0.0,0.33333334,jonah lauff
Jack Peeler,ATH,TCJ,3.0,6.6666665,0.6666667,1.3333334,0.0,0.33333334,0.0,0.0,1.3333334,0.25,0.0,0.0,0.6666667,jack peeler
Koie Williams,ATH,MSC,3.0,5.3333335,0.6666667,0.6666667,0.33333334,0.33333334,0.0,0.0,1.3333334,0.25,0.0,0.0,2.3333333,koie williams
Kieran Farrell,PG,STAM,3.0,15.666667,0.6666667,1.0,0.0,0.33333334,0.0,0.0,1.3333334,0.25,0.0,0.0,1.0,kieran farrell
David Wiebe,ATH,CU,3.0,7.3333335,0.6666667,0.6666667,0.0,0.0,0.0,0.0,2.0,0.1666666716337204,0.0,0.0,0.0,david wiebe
Chris Plantey,PG,LNCA,3.0,8.666667,0.6666667,0.0,0.33333334,0.0,0.0,0.0,1.3333334,0.25,0.0,0.0,0.0,chris plantey
Deng Majak,SF,OAK,32.0,4.71875,0.625,1.0,0.15625,0.09375,0.21875,0.0,0.40625,0.5384615659713745,0.34375,0.5454545617103577,0.25,deng majak
Dellquan Warren,PG,MSST,26.0,6.1538463,0.5769231,0.84615386,1.2692307,0.42307693,0.15384616,0.07692308,0.6923077,0.3333333432674408,0.1923077,0.20000000298023224,0.7307692,dellquan warren
Connor Christensen,SF,DART,23.0,5.521739,0.5652174,1.2173913,0.3478261,0.13043478,0.04347826,0.13043478,0.6086956,0.2857142984867096,0.08695652,1.0,0.3043478,connor christensen
Ried Jury,PG,DFC,4.0,8.75,0.5,1.0,0.75,0.0,0.0,0.0,0.75,0.3333333432674408,0.0,0.0,1.0,ried jury
Connor Casper,SF,SFIL,2.0,9.5,0.5,1.5,0.0,0.0,0.0,0.0,1.5,0.0,1.0,0.5,0.5,connor casper
Ty Bennett,PG,ERSK,2.0,3.5,0.5,0.5,0.0,0.0,0.0,0.0,1.0,0.0,1.0,0.5,0.0,ty bennett
Ethan To,PG,SCHR,2.0,11.0,0.5,1.0,0.0,1.0,0.0,0.0,1.0,0.0,1.5,0.3333333432674408,0.5,ethan to
Zsolt Boros,PG,BREW,2.0,6.5,0.5,0.5,1.5,0.5,0.0,0.0,0.0,0.0,1.0,0.5,0.5,zsolt boros
Olyn Knox,ATH,NBRY,2.0,6.0,0.5,0.5,0.0,0.0,0.5,0.0,0.5,0.0,1.0,0.5,1.0,olyn knox
Samair Peterson,SF,CHEY,4.0,10.25,0.5,2.75,0.0,0.25,0.0,0.0,0.75,0.0,0.5,1.0,1.0,samair peterson
Javeon Gordon,PG,WILC,2.0,12.5,0.5,1.0,0.0,0.5,0.0,0.0,3.0,0.0,1.0,0.5,0.5,javeon gordon
Brysan Jeffries,ATH,WCMO,2.0,11.5,0.5,0.0,1.0,1.0,0.0,0.0,0.5,0.0,1.0,0.5,2.5,brysan jeffries
Promise Idiaru,ATH,COCU,2.0,9.5,0.5,3.0,0.5,0.0,0.0,0.0,1.0,0.0,1.0,0.5,2.0,promise idiaru
Micah Myricks,ATH,NOB,2.0,9.0,0.5,1.0,0.5,0.0,0.5,0.0,0.0,0.0,1.0,0.5,0.0,micah myricks
Samuel Bazunga,PG,LSIU,4.0,4.25,0.5,1.0,0.0,0.0,0.0,0.0,1.5,0.1666666716337204,0.0,0.0,0.25,samuel bazunga
Aj Lieuwen,ATH,FIT,4.0,2.25,0.5,0.25,0.0,0.5,0.0,0.0,1.0,0.25,0.0,0.0,0.0,aj lieuwen
Caden Keller,ATH,TXLU,2.0,3.5,0.5,2.0,0.0,0.0,0.5,0.0,0.5,0.0,1.0,0.5,0.5,caden keller
Garland Amaker,ATH,CPC,2.0,9.5,0.5,1.5,0.0,0.0,0.0,0.0,0.0,0.0,2.0,0.25,0.0,garland amaker
Jeffery Armstrong,PG,USM,25.0,6.72,0.4,0.64,0.76,0.32,0.08,0.04,0.48,0.3333333432674408,0.16,0.25,0.44,jeffery armstrong
Ja'Maryus Pringle,ATH,TCJ,3.0,10.0,0.33333334,3.3333333,0.0,0.0,0.0,0.0,2.0,0.0,0.6666667,0.5,1.0,ja maryus pringle
Adrian Walker,PG,TCJ,3.0,2.3333333,0.33333334,0.33333334,0.0,0.0,0.0,0.0,1.3333334,0.0,0.6666667,0.5,0.0,adrian walker
Wesley Field,ATH,MSC,3.0,9.333333,0.33333334,1.0,0.6666667,0.33333334,0.0,0.0,2.6666667,0.0,0.6666667,0.5,0.6666667,wesley field
Matthew Rodriguez,ATH,LPU,5.0,3.8,0.2,1.0,0.0,0.2,0.0,0.0,0.4,0.0,0.4,0.5,0.4,matthew rodriguez
Jakob Kimura,PG,HIPU,1.0,6.0,0.0,2.0,0.0,0.0,0.0,0.0,0.0,0.0,0.0,0.0,0.0,jakob kimura
Maj Dusanic,SF,HIPU,1.0,22.0,0.0,2.0,0.0,0.0,0.0,0.0,1.0,0.0,0.0,0.0,0.0,maj dusanic
PJ King,PG,MOBL,1.0,20.0,0.0,2.0,2.0,0.0,0.0,0.0,0.0,0.0,0.0,0.0,1.0,pj king
Keon Walker,PG,MOBL,1.0,7.0,0.0,1.0,0.0,0.0,0.0,0.0,2.0,0.0,0.0,0.0,1.0,keon walker
Tyler Neely,PG,BTTN,1.0,11.0,0.0,1.0,0.0,1.0,0.0,0.0,0.0,0.0,0.0,0.0,2.0,tyler neely
Eli Lenihan,PG,SPRH,1.0,3.0,0.0,0.0,0.0,0.0,0.0,0.0,0.0,0.0,0.0,0.0,0.0,eli lenihan
Luka Erdtmann,SF,SPRH,1.0,15.0,0.0,3.0,1.0,0.0,0.0,0.0,0.0,0.0,0.0,0.0,0.0,luka erdtmann
Grant Jacobs,SF,TUTX,2.0,7.5,0.0,0.5,0.0,0.0,0.0,0.0,0.5,0.0,0.0,0.0,0.0,grant jacobs
Tommy Makabu,PG,EARL,1.0,3.0,0.0,0.0,1.0,0.0,0.0,0.0,0.0,0.0,0.0,0.0,0.0,tommy makabu
Jason Perry II,PG,LSUA,1.0,3.0,0.0,0.0,1.0,1.0,0.0,0.0,1.0,0.0,0.0,0.0,0.0,jason perry ii
Devon Jackson,PG,SFST,1.0,12.0,0.0,2.0,0.0,0.0,0.0,0.0,6.0,0.0,0.0,0.0,1.0,devon jackson
Alex Gilat,PG,SFST,1.0,13.0,0.0,3.0,1.0,0.0,0.0,0.0,3.0,0.0,0.0,0.0,0.0,alex gilat
Owen Morse,PG,CSC,1.0,4.0,0.0,2.0,0.0,0.0,0.0,0.0,3.0,0.0,0.0,0.0,0.0,owen morse
Dylan Green,SF,WLMT,1.0,4.0,0.0,1.0,0.0,0.0,0.0,0.0,1.0,0.0,0.0,0.0,0.0,dylan green
Ryan Viruso,PG,RDPH,1.0,4.0,0.0,1.0,0.0,0.0,0.0,0.0,1.0,0.0,0.0,0.0,0.0,ryan viruso
Adin Daniels,SF,ERSK,2.0,3.5,0.0,0.0,0.0,0.0,0.0,0.0,0.5,0.0,0.0,0.0,0.0,adin daniels
Leo Magnus,SF,COLC,1.0,5.0,0.0,0.0,1.0,0.0,0.0,0.0,0.0,0.0,0.0,0.0,0.0,leo magnus
Piripi Korent,SF,MILG,2.0,13.5,0.0,0.5,1.0,0.0,0.0,0.0,1.0,0.0,0.0,0.0,0.0,piripi korent
Andre Evans Jr.,PG,MEC,1.0,23.0,0.0,3.0,2.0,0.0,0.0,0.0,2.0,0.0,0.0,0.0,2.0,andre evans jr
Kylan Williams,SF,LCHR,1.0,8.0,0.0,1.0,0.0,0.0,0.0,0.0,1.0,0.0,0.0,0.0,0.0,kylan williams
Vladan Malavrazic,SF,CIU,3.0,4.3333335,0.0,0.0,0.0,0.0,0.0,0.0,1.0,0.0,0.0,0.0,0.0,vladan malavrazic
TJ Sanchez,PG,NNMC,1.0,5.0,0.0,1.0,0.0,0.0,0.0,0.0,1.0,0.0,0.0,0.0,0.0,tj sanchez
Parion Roberson,PG,PNW,1.0,11.0,0.0,3.0,0.0,0.0,0.0,0.0,0.0,0.0,0.0,0.0,1.0,parion roberson
Tyler Pendergrass,PG,FVSU,1.0,8.0,0.0,1.0,1.0,1.0,0.0,0.0,1.0,0.0,0.0,0.0,0.0,tyler pendergrass
Kordel Ng,PG,HIPU,1.0,5.0,0.0,0.0,0.0,0.0,0.0,0.0,0.0,0.0,0.0,0.0,0.0,kordel ng
Troy Thomas,PG,LNO,2.0,5.0,0.0,0.5,0.5,0.5,0.0,0.0,0.5,0.0,0.0,0.0,1.5,troy thomas
Jordan Lewis,PG,AVER,1.0,7.0,0.0,1.0,0.0,0.0,0.0,0.0,2.0,0.0,0.0,0.0,1.0,jordan lewis
Malosi Viena,PG,GLDT,1.0,14.0,0.0,0.0,0.0,0.0,0.0,0.0,2.0,0.0,0.0,0.0,1.0,malosi viena
Tostadas Pouncey,PG,BOBJ,2.0,19.0,0.0,2.0,1.0,1.5,0.0,0.0,4.5,0.0,0.0,0.0,1.5,tostadas pouncey
Darius Stewart,SF,BRE,1.0,10.0,0.0,1.0,2.0,1.0,0.0,0.0,3.0,0.0,0.0,0.0,0.0,darius stewart
Zane Caudle,PG,BRE,1.0,4.0,0.0,2.0,0.0,1.0,0.0,0.0,0.0,0.0,0.0,0.0,0.0,zane caudle
Jamill Giles,SF,COGA,1.0,12.0,0.0,2.0,3.0,2.0,0.0,0.0,0.0,0.0,3.0,0.0,2.0,jamill giles
Carrington Allen,SG,FISK,2.0,7.0,0.0,0.0,0.5,1.0,0.0,0.0,0.0,0.0,0.0,0.0,1.5,carrington allen
Lucious Jackson,SF,FISK,2.0,10.0,0.0,1.0,0.5,0.0,0.0,0.0,0.5,0.0,0.0,0.0,0.0,lucious jackson
Caleb Wright,PG,LNMO,1.0,6.0,0.0,0.0,0.0,0.0,0.0,0.0,0.0,0.0,0.0,0.0,0.0,caleb wright
Kyle Jefferson,PG,SLC,1.0,12.0,0.0,2.0,1.0,1.0,0.0,0.0,3.0,0.0,0.0,0.0,2.0,kyle jefferson
Dean Furlong,SF,SLC,1.0,11.0,0.0,2.0,1.0,0.0,0.0,0.0,3.0,0.0,0.0,0.0,3.0,dean furlong
Chris Dougherty,C,SLC,1.0,13.0,0.0,2.0,0.0,0.0,0.0,0.0,2.0,0.0,0.0,0.0,0.0,chris dougherty
Parsa Hadjighasemi,PG,SFST,1.0,4.0,0.0,0.0,0.0,0.0,0.0,0.0,2.0,0.0,0.0,0.0,0.0,parsa hadjighasemi
Pearse Uniacke,C,SFST,1.0,13.0,0.0,0.0,2.0,0.0,0.0,0.0,1.0,0.0,0.0,0.0,1.0,pearse uniacke
Kennedy Andrews,PG,COLC,1.0,7.0,0.0,1.0,0.0,0.0,0.0,0.0,0.0,0.0,0.0,0.0,0.0,kennedy andrews
Dinari Boykin,PG,WCHT,1.0,0.0,0.0,0.0,0.0,0.0,0.0,0.0,0.0,0.0,0.0,0.0,0.0,dinari boykin
Kyle Lee,PG,COLC,1.0,7.0,0.0,1.0,4.0,0.0,0.0,0.0,1.0,0.0,0.0,0.0,0.0,kyle lee
Orion Samikoglu,PG,COLC,1.0,4.0,0.0,1.0,0.0,0.0,0.0,0.0,0.0,0.0,0.0,0.0,1.0,orion samikoglu
Russell MacFarlane,SF,COLC,1.0,3.0,0.0,0.0,0.0,0.0,0.0,0.0,0.0,0.0,0.0,0.0,0.0,russell macfarlane
Jesus Rivas,C,FNU,1.0,8.0,0.0,0.0,0.0,0.0,0.0,0.0,0.0,0.0,0.0,0.0,0.0,jesus rivas
Eddie Ambrose,C,HLGU,1.0,14.0,0.0,1.0,1.0,0.0,1.0,0.0,1.0,0.0,0.0,0.0,2.0,eddie ambrose
Ryan Harris,PG,OBU,1.0,3.0,0.0,0.0,0.0,0.0,0.0,0.0,1.0,0.0,0.0,0.0,0.0,ryan harris
Aaron Jones,PG,BRYA,1.0,3.0,0.0,0.0,0.0,0.0,0.0,0.0,1.0,0.0,0.0,0.0,0.0,aaron jones
Tyson Brooks,SF,KYSU,1.0,6.0,0.0,1.0,0.0,0.0,0.0,0.0,0.0,0.0,2.0,0.0,0.0,tyson brooks
Ibrahim Mobayed,SF,SFIL,2.0,2.5,0.0,0.5,0.0,1.0,1.0,0.0,1.0,0.0,0.0,0.0,0.5,ibrahim mobayed
Bruce Brewer Jr.,PG,GLDT,1.0,19.0,0.0,2.0,4.0,2.0,0.0,0.0,3.0,0.0,0.0,0.0,0.0,bruce brewer jr
Connor Ballou,PG,WPEA,2.0,4.5,0.0,0.5,1.0,0.0,0.0,0.0,0.5,0.0,0.0,0.0,0.0,connor ballou
Troy Crighton,PG,JSP,1.0,20.0,0.0,0.0,5.0,0.0,0.0,0.0,8.0,0.0,0.0,0.0,0.0,troy crighton
Jayden Canaba,PG,SRST,1.0,1.0,0.0,0.0,0.0,0.0,0.0,0.0,0.0,0.0,0.0,0.0,0.0,jayden canaba
Manny Flores,PG,SRST,1.0,26.0,0.0,2.0,1.0,1.0,0.0,0.0,4.0,0.0,0.0,0.0,3.0,manny flores
Clay Hodges,PG,AVER,1.0,16.0,0.0,1.0,6.0,0.0,0.0,0.0,1.0,0.0,0.0,0.0,1.0,clay hodges
Trevion Howell,PG,HSU,1.0,13.0,0.0,0.0,0.0,0.0,0.0,0.0,2.0,0.0,0.0,0.0,1.0,trevion howell
Brian Bernard,PG,WVWC,1.0,4.0,0.0,0.0,0.0,0.0,0.0,0.0,0.0,0.0,0.0,0.0,0.0,brian bernard
Jamal Jacobs,PG,MRCY,1.0,1.0,0.0,0.0,0.0,0.0,0.0,0.0,0.0,0.0,0.0,0.0,0.0,jamal jacobs
Jack Lewton,SF,WVWC,1.0,2.0,0.0,0.0,0.0,0.0,0.0,0.0,0.0,0.0,0.0,0.0,1.0,jack lewton
Nico Mur,ATH,SWU,1.0,10.0,0.0,2.0,1.0,0.0,0.0,0.0,1.0,0.0,0.0,0.0,0.0,nico mur
Tayzhean Archuleta,PG,KYSU,1.0,3.0,0.0,0.0,0.0,0.0,0.0,0.0,0.0,0.0,0.0,0.0,0.0,tayzhean archuleta
Kemp Van Es,PG,HIPU,1.0,0.0,0.0,0.0,0.0,0.0,0.0,0.0,0.0,0.0,0.0,0.0,0.0,kemp van es
Bernard Cassidy,SF,OXY,2.0,3.5,0.0,0.0,0.0,0.0,0.0,0.0,0.0,0.0,0.0,0.0,0.0,bernard cassidy
Jack Baron,PG,NYMT,1.0,6.0,0.0,0.0,0.0,0.0,0.0,0.0,1.0,0.0,0.0,0.0,0.0,jack baron
Chris Zaveckas,PG,NYMT,1.0,5.0,0.0,1.0,0.0,0.0,0.0,0.0,1.0,0.0,2.0,0.0,2.0,chris zaveckas
James O'Connell,PG,NYMT,1.0,16.0,0.0,1.0,3.0,0.0,0.0,0.0,4.0,0.0,0.0,0.0,2.0,james o connell
Hayden Robinson,SF,CRC,1.0,18.0,0.0,5.0,1.0,0.0,1.0,0.0,3.0,0.0,0.0,0.0,2.0,hayden robinson
Dane Fisher,PG,BREW,2.0,5.5,0.0,0.0,0.0,0.0,0.0,0.0,1.0,0.0,0.0,0.0,0.0,dane fisher
Neriya Tor,PG,WLWL,2.0,3.0,0.0,0.0,0.5,0.0,0.0,0.0,1.5,0.0,0.0,0.0,0.5,neriya tor
Mike Joanou,PG,CSC,1.0,8.0,0.0,1.0,0.0,1.0,0.0,0.0,3.0,0.0,0.0,0.0,0.0,mike joanou
Bryson Monroe,PG,HCU,2.0,6.0,0.0,0.0,0.0,0.0,0.0,0.0,0.5,0.0,0.0,0.0,0.5,bryson monroe
Caleb Love,PG,MGA,1.0,10.0,0.0,2.0,1.0,0.0,0.0,0.0,1.0,0.0,0.0,0.0,1.0,caleb love
Roberto Mendoza,PG,NNMC,3.0,9.0,0.0,0.33333334,0.6666667,0.0,0.0,0.0,0.6666667,0.0,0.0,0.0,1.3333334,roberto mendoza
Drew Tebbe,PG,LCHR,1.0,4.0,0.0,0.0,0.0,0.0,0.0,0.0,0.0,0.0,0.0,0.0,0.0,drew tebbe
Bryson Hardy,PG,LCHR,1.0,7.0,0.0,0.0,0.0,0.0,2.0,0.0,1.0,0.0,0.0,0.0,0.0,bryson hardy
Garrett Hayden,PG,BTTN,1.0,4.0,0.0,1.0,0.0,0.0,0.0,0.0,0.0,0.0,0.0,0.0,1.0,garrett hayden
Yassine Zlitni,SF,BTTN,1.0,3.0,0.0,1.0,1.0,0.0,0.0,0.0,0.0,0.0,0.0,0.0,1.0,yassine zlitni
Jackson Hartzell,PG,WPEA,2.0,3.0,0.0,0.5,0.0,0.0,0.0,0.0,1.0,0.0,0.0,0.0,0.0,jackson hartzell
Cristian Guajardo,PG,SCHR,2.0,7.5,0.0,0.5,0.5,0.0,0.0,0.0,1.5,0.0,0.0,0.0,1.0,cristian guajardo
D.J. Johnson,PG,GWYD,1.0,14.0,0.0,2.0,0.0,1.0,0.0,0.0,4.0,0.0,0.0,0.0,1.0,d j johnson
Jake Okon,PG,GWYD,1.0,2.0,0.0,0.0,0.0,0.0,0.0,0.0,0.0,0.0,0.0,0.0,0.0,jake okon
Nicholas Bocharov,PG,MEC,1.0,3.0,0.0,0.0,0.0,0.0,0.0,0.0,2.0,0.0,0.0,0.0,1.0,nicholas bocharov
Christian Garcia,C,KEAN,1.0,15.0,0.0,1.0,0.0,0.0,0.0,0.0,1.0,0.0,0.0,0.0,1.0,christian garcia
Gavin Sluss,PG,SHTU,1.0,11.0,0.0,0.0,2.0,0.0,0.0,0.0,0.0,0.0,0.0,0.0,0.0,gavin sluss
Jeremy Posner,PG,BRE,1.0,4.0,0.0,0.0,1.0,1.0,1.0,0.0,0.0,0.0,0.0,0.0,1.0,jeremy posner
Nick Cross,PG,KYSU,1.0,9.0,0.0,0.0,0.0,0.0,0.0,0.0,3.0,0.0,0.0,0.0,2.0,nick cross
David Felix,SF,COGA,1.0,8.0,0.0,0.0,0.0,0.0,0.0,0.0,1.0,0.0,0.0,0.0,1.0,david felix
Shelden Joseph,SF,NGU,1.0,4.0,0.0,0.0,0.0,0.0,0.0,0.0,0.0,0.0,0.0,0.0,0.0,shelden joseph
Paul Anderson,PG,VWU,1.0,23.0,0.0,4.0,0.0,0.0,0.0,0.0,3.0,0.0,0.0,0.0,0.0,paul anderson
Aaron Brown,PG,VWU,1.0,8.0,0.0,0.0,0.0,1.0,0.0,0.0,2.0,0.0,0.0,0.0,0.0,aaron brown
Jayson Williams,PG,VWU,1.0,12.0,0.0,3.0,1.0,2.0,0.0,0.0,3.0,0.0,0.0,0.0,1.0,jayson williams
Angel Alonso,PG,SCHR,2.0,2.0,0.0,0.0,0.5,0.0,0.0,0.0,0.0,0.0,0.0,0.0,0.0,angel alonso
Braylon Collins,PG,FC,1.0,2.0,0.0,0.0,0.0,0.0,0.0,0.0,1.0,0.0,0.0,0.0,0.0,braylon collins
EJ McArthur,PG,FC,1.0,1.0,0.0,0.0,0.0,0.0,0.0,0.0,1.0,0.0,0.0,0.0,0.0,ej mcarthur
Bridges Simmons,PG,MOBL,1.0,3.0,0.0,0.0,0.0,0.0,0.0,0.0,0.0,0.0,0.0,0.0,1.0,bridges simmons
Lenwood Shaver,PG,SWA,2.0,1.5,0.0,0.0,0.0,0.0,0.0,0.0,0.5,0.0,0.0,0.0,0.0,lenwood shaver
Marc Pilcher,PG,DS,1.0,2.0,0.0,0.0,0.0,0.0,0.0,0.0,1.0,0.0,0.0,0.0,1.0,marc pilcher
Angel Reyes-Muniz,PG,NNMC,3.0,6.0,0.0,0.33333334,0.6666667,0.33333334,0.0,0.0,2.0,0.0,0.6666667,0.0,1.3333334,angel reyes muniz
Aiden Morel,SF,SLC,1.0,9.0,0.0,1.0,1.0,0.0,0.0,0.0,1.0,0.0,0.0,0.0,1.0,aiden morel
Luca Mesiti,PG,SLC,1.0,4.0,0.0,0.0,0.0,0.0,0.0,0.0,0.0,0.0,0.0,0.0,1.0,luca mesiti
Anthony Aruffo,PG,SLC,1.0,8.0,0.0,2.0,0.0,0.0,0.0,0.0,5.0,0.0,0.0,0.0,0.0,anthony aruffo
Sam Boyd,PG,MATC,3.0,8.666667,0.0,0.6666667,0.0,0.0,0.0,0.0,2.0,0.0,0.0,0.0,0.33333334,sam boyd
Torin Bell,PG,XULA,1.0,2.0,0.0,0.0,0.0,0.0,0.0,0.0,0.0,0.0,1.0,0.0,0.0,torin bell
Braydon Simon,PG,DWU,2.0,1.0,0.0,0.0,0.0,0.0,0.0,0.0,0.0,0.0,0.0,0.0,0.0,braydon simon
Connor Martinez,PG,DWU,2.0,1.0,0.0,0.0,0.0,0.0,0.0,0.0,0.0,0.0,0.0,0.0,0.0,connor martinez
Isaiah Robinson,PG,LNMO,1.0,2.0,0.0,0.0,0.0,0.0,0.0,0.0,0.0,0.0,0.0,0.0,0.0,isaiah robinson
Owen Long,PG,MTTC,1.0,1.0,0.0,0.0,0.0,0.0,0.0,0.0,0.0,0.0,0.0,0.0,0.0,owen long
Jaylen Hawkins,SF,CHEY,4.0,3.75,0.0,0.5,0.0,0.0,0.0,0.0,0.0,0.0,0.0,0.0,0.25,jaylen hawkins
Magok Manyang,SF,MAMC,1.0,23.0,0.0,3.0,1.0,0.0,0.0,0.0,4.0,0.0,0.0,0.0,1.0,magok manyang
Turner Shouse,PG,ASB,1.0,10.0,0.0,1.0,0.0,0.0,0.0,0.0,0.0,0.0,0.0,0.0,0.0,turner shouse
Aaron Thompson,SF,ASB,1.0,5.0,0.0,0.0,0.0,0.0,0.0,0.0,2.0,0.0,0.0,0.0,0.0,aaron thompson
Scott Shepherd,SF,ASB,1.0,11.0,0.0,1.0,1.0,0.0,0.0,0.0,3.0,0.0,0.0,0.0,1.0,scott shepherd
Bryce Snellen,SF,ASB,1.0,6.0,0.0,3.0,1.0,0.0,0.0,0.0,4.0,0.0,0.0,0.0,0.0,bryce snellen
Cam Campbell,PG,ULM,1.0,1.0,0.0,1.0,0.0,0.0,0.0,0.0,1.0,0.0,0.0,0.0,1.0,cam campbell
Lorenzo Aquino,PG,SFIL,2.0,1.0,0.0,0.0,0.0,0.0,0.0,0.0,0.0,0.0,0.5,0.0,0.0,lorenzo aquino
Daniel Okogun,SF,SFIL,2.0,1.0,0.0,0.5,0.0,0.0,0.0,0.0,0.0,0.0,0.0,0.0,0.0,daniel okogun
Elgin Bowen Jr.,PG,STAM,3.0,3.0,0.0,0.0,0.6666667,0.0,0.0,0.0,1.3333334,0.0,0.0,0.0,0.33333334,elgin bowen jr
Zane Witt,SF,STAM,3.0,7.0,0.0,2.0,0.33333334,0.33333334,0.33333334,0.0,1.0,0.0,0.0,0.0,1.0,zane witt
Ryan Kenney,SF,STAM,3.0,5.6666665,0.0,0.6666667,0.0,0.0,0.0,0.0,1.6666666,0.0,0.0,0.0,0.0,ryan kenney
Chris Cross,PG,HLGU,1.0,11.0,0.0,2.0,2.0,0.0,0.0,0.0,2.0,0.0,0.0,0.0,0.0,chris cross
Davell Long,SF,HLGU,1.0,13.0,0.0,1.0,1.0,0.0,2.0,0.0,1.0,0.0,0.0,0.0,0.0,davell long
Brady Bosma,SF,HDBG,1.0,2.0,0.0,0.0,0.0,0.0,0.0,0.0,0.0,0.0,0.0,0.0,0.0,brady bosma
Riley Gossom,SF,HDBG,1.0,7.0,0.0,1.0,0.0,1.0,0.0,0.0,0.0,0.0,0.0,0.0,0.0,riley gossom
Braedyn Ellison,PG,LCHR,1.0,2.0,0.0,1.0,0.0,0.0,0.0,0.0,1.0,0.0,0.0,0.0,0.0,braedyn ellison
Parker Batterton,PG,LCHR,1.0,3.0,0.0,0.0,0.0,0.0,0.0,0.0,1.0,0.0,0.0,0.0,1.0,parker batterton
Ryan Lin,SF,ULV,2.0,10.0,0.0,0.0,0.0,0.0,0.0,0.0,1.0,0.0,0.0,0.0,1.0,ryan lin
Jimmy House,PG,COCU,2.0,5.5,0.0,0.5,0.5,0.0,0.0,0.0,0.5,0.0,0.0,0.0,0.0,jimmy house
Xavier Finney,PG,VRHS,1.0,13.0,0.0,3.0,0.0,0.0,0.0,0.0,2.0,0.0,0.0,0.0,2.0,xavier finney
Jalen Johnson,PG,ERKA,3.0,7.3333335,0.0,1.0,0.0,0.0,0.0,0.0,1.3333334,0.0,0.0,0.0,1.0,jalen johnson
Eli Looney,PG,WLMT,1.0,2.0,0.0,0.0,0.0,0.0,0.0,0.0,0.0,0.0,0.0,0.0,0.0,eli looney
Aadem Isai,PG,WLMT,1.0,2.0,0.0,1.0,1.0,0.0,0.0,0.0,1.0,0.0,0.0,0.0,1.0,aadem isai
Will Hurst,PG,WLMT,1.0,5.0,0.0,1.0,1.0,0.0,0.0,0.0,0.0,0.0,0.0,0.0,0.0,will hurst
Rhino Hernandez,PG,YUNE,1.0,13.0,0.0,0.0,1.0,0.0,0.0,0.0,1.0,0.0,0.0,0.0,0.0,rhino hernandez
Ryan Lenear,PG,YUNE,1.0,5.0,0.0,1.0,0.0,0.0,0.0,0.0,2.0,0.0,0.0,0.0,0.0,ryan lenear
Devin Carroll,PG,YUNE,1.0,4.0,0.0,0.0,0.0,0.0,0.0,0.0,2.0,0.0,0.0,0.0,0.0,devin carroll
Cartier Parr,PG,WLDF,1.0,14.0,0.0,0.0,2.0,1.0,0.0,0.0,3.0,0.0,0.0,0.0,2.0,cartier parr
Kadyn Severson,PG,WLDF,1.0,2.0,0.0,0.0,0.0,0.0,0.0,0.0,0.0,0.0,0.0,0.0,0.0,kadyn severson
Gavin Cox,SF,MNLO,2.0,3.0,0.0,2.5,0.0,0.0,0.0,0.0,0.5,0.0,0.0,0.0,0.0,gavin cox
Cody Schanstra,SF,NYMT,1.0,5.0,0.0,0.0,0.0,0.0,0.0,0.0,0.0,0.0,0.0,0.0,1.0,cody schanstra
Chase Lawrence,PG,MGA,1.0,5.0,0.0,0.0,1.0,1.0,0.0,0.0,3.0,0.0,0.0,0.0,0.0,chase lawrence
Deacon Moles,SF,BOYC,1.0,10.0,0.0,2.0,0.0,0.0,0.0,0.0,0.0,0.0,0.0,0.0,0.0,deacon moles
Brett Northern,PG,BOYC,1.0,7.0,0.0,0.0,0.0,0.0,0.0,0.0,0.0,0.0,0.0,0.0,2.0,brett northern
Mazen Sayed,PG,GWYD,1.0,11.0,0.0,0.0,1.0,0.0,0.0,0.0,1.0,0.0,2.0,0.0,0.0,mazen sayed
Silas Livingston,PG,HSU,1.0,20.0,0.0,2.0,4.0,0.0,0.0,0.0,4.0,0.0,0.0,0.0,4.0,silas livingston
Adonnis Tolbert,SF,EDW,1.0,6.0,0.0,0.0,0.0,0.0,1.0,0.0,0.0,0.0,0.0,0.0,0.0,adonnis tolbert
Trevino Glover,PG,EDW,1.0,9.0,0.0,1.0,0.0,0.0,0.0,0.0,5.0,0.0,0.0,0.0,0.0,trevino glover
Daniel Hayes,PG,HSSU,1.0,4.0,0.0,0.0,1.0,0.0,0.0,0.0,2.0,0.0,0.0,0.0,1.0,daniel hayes
Trey Wilmot,PG,WORU,1.0,5.0,0.0,1.0,1.0,0.0,0.0,0.0,1.0,0.0,0.0,0.0,0.0,trey wilmot
Jorclay Kaniki,SF,SPRH,1.0,14.0,0.0,2.0,1.0,1.0,0.0,0.0,1.0,0.0,0.0,0.0,3.0,jorclay kaniki
Jaden Emory,PG,SPRH,1.0,5.0,0.0,0.0,0.0,1.0,0.0,0.0,2.0,0.0,0.0,0.0,1.0,jaden emory
Jaheim Crayton,PG,GLDT,1.0,6.0,0.0,1.0,1.0,0.0,0.0,0.0,1.0,0.0,0.0,0.0,1.0,jaheim crayton
Brayden Nunnally,SF,BTTN,1.0,14.0,0.0,2.0,0.0,2.0,0.0,0.0,3.0,0.0,0.0,0.0,1.0,brayden nunnally
Jakir Hampton,PG,BRYA,1.0,18.0,0.0,3.0,1.0,0.0,0.0,0.0,2.0,0.0,0.0,0.0,0.0,jakir hampton
Ryan Schuh,PG,WCMD,2.0,9.0,0.0,0.0,1.0,0.5,0.0,0.0,1.0,0.0,0.0,0.0,1.5,ryan schuh
Kolin Polk,PG,TXLU,2.0,4.0,0.0,1.0,0.0,0.0,0.0,0.0,1.5,0.0,0.0,0.0,0.0,kolin polk
Jair Bialek,PG,HOUG,2.0,1.0,0.0,0.0,0.0,0.0,0.0,0.0,0.0,0.0,0.0,0.0,0.0,jair bialek
Adam Barbieri,PG,WLWD,1.0,5.0,0.0,1.0,0.0,0.0,0.0,0.0,0.0,0.0,0.0,0.0,0.0,adam barbieri
Zaki Gomez,PG,ROSE,1.0,26.0,0.0,2.0,2.0,0.0,0.0,0.0,3.0,0.0,0.0,0.0,2.0,zaki gomez
Seth Langford,PG,ROSE,1.0,2.0,0.0,0.0,0.0,0.0,0.0,0.0,1.0,0.0,0.0,0.0,0.0,seth langford
Mike Isaac,SF,KEAN,1.0,4.0,0.0,1.0,0.0,1.0,0.0,0.0,0.0,0.0,0.0,0.0,1.0,mike isaac
Marcus Long,PG,SWES,1.0,6.0,0.0,0.0,0.0,0.0,0.0,0.0,0.0,0.0,0.0,0.0,0.0,marcus long
Corey Perkins,PG,MWD,1.0,14.0,0.0,0.0,0.0,0.0,0.0,0.0,0.0,0.0,0.0,0.0,3.0,corey perkins
Zach Hoffmann,PG,MWD,1.0,2.0,0.0,1.0,0.0,0.0,0.0,0.0,0.0,0.0,0.0,0.0,0.0,zach hoffmann
Trevor Seitz,PG,MWD,1.0,15.0,0.0,0.0,1.0,1.0,0.0,0.0,5.0,0.0,0.0,0.0,1.0,trevor seitz
Jack Locker,PG,MWD,1.0,2.0,0.0,0.0,0.0,1.0,0.0,0.0,3.0,0.0,0.0,0.0,0.0,jack locker
Maysen Lane,SF,MWD,1.0,2.0,0.0,0.0,0.0,0.0,0.0,0.0,0.0,0.0,0.0,0.0,0.0,maysen lane
Thomas Mandell,PG,MRCY,1.0,1.0,0.0,0.0,0.0,0.0,0.0,0.0,0.0,0.0,0.0,0.0,1.0,thomas mandell
Chimezie Okeke,PG,MRHO,1.0,2.0,0.0,0.0,0.0,0.0,0.0,0.0,1.0,0.0,0.0,0.0,0.0,chimezie okeke
Eli Underwood,PG,TMCN,2.0,8.5,0.0,2.5,0.5,0.0,0.0,0.0,0.0,0.0,1.0,0.0,1.0,eli underwood
Drew Lang,PG,TMCN,2.0,2.0,0.0,0.0,0.0,0.0,0.0,0.0,0.0,0.0,0.0,0.0,0.0,drew lang
Tyler Buggs,SF,LYBG,1.0,9.0,0.0,2.0,0.0,0.0,0.0,0.0,3.0,0.0,0.0,0.0,1.0,tyler buggs
Johan Bennett,PG,PQC,1.0,21.0,0.0,3.0,1.0,0.0,0.0,0.0,2.0,0.0,0.0,0.0,2.0,johan bennett
Deonta Luster,ATH,IUC,1.0,17.0,0.0,0.0,1.0,0.0,0.0,0.0,7.0,0.0,0.0,0.0,0.0,deonta luster
Nathan Pickett,PG,IUC,1.0,22.0,0.0,3.0,0.0,0.0,0.0,0.0,6.0,0.0,0.0,0.0,2.0,nathan pickett
Eric Torrence,ATH,IUC,1.0,9.0,0.0,0.0,0.0,0.0,0.0,0.0,1.0,0.0,0.0,0.0,0.0,eric torrence
Daniel Davis,ATH,IUC,1.0,7.0,0.0,2.0,0.0,0.0,0.0,0.0,1.0,0.0,0.0,0.0,1.0,daniel davis
Ben Silva,ATH,IUC,1.0,8.0,0.0,0.0,1.0,0.0,0.0,0.0,1.0,0.0,0.0,0.0,1.0,ben silva
Seth Trimble,ATH,IUC,1.0,10.0,0.0,4.0,0.0,0.0,1.0,0.0,3.0,0.0,2.0,0.0,2.0,seth trimble
Makayl Rakestraw,ATH,ERSK,2.0,4.0,0.0,0.5,0.0,0.0,0.0,0.0,0.5,0.0,0.0,0.0,1.5,makayl rakestraw
Valerian Bruce,PG,ERSK,2.0,3.0,0.0,0.5,0.5,0.0,0.0,0.0,0.5,0.0,0.0,0.0,0.0,valerian bruce
Jacob Santiago,PG,GCTU,2.0,21.0,0.0,1.5,1.5,1.5,0.0,0.0,4.0,0.0,0.0,0.0,2.5,jacob santiago
Thomas Menegus,SF,GCTU,2.0,15.0,0.0,1.5,0.0,0.0,0.5,0.0,0.5,0.0,0.0,0.0,0.5,thomas menegus
Brian Hamilton,PG,CIU,3.0,4.0,0.0,0.6666667,0.33333334,0.33333334,0.0,0.0,0.33333334,0.0,0.0,0.0,0.0,brian hamilton
Dominic Phillips,PG,CIU,3.0,1.6666666,0.0,0.0,0.0,0.0,0.0,0.0,0.0,0.0,0.0,0.0,0.0,dominic phillips
Idrishan Kural,ATH,HOUG,2.0,1.0,0.0,0.0,0.0,0.0,0.0,0.0,0.0,0.0,0.0,0.0,0.0,idrishan kural
Zach Carpenter,PG,MWD,1.0,2.0,0.0,0.0,0.0,0.0,0.0,0.0,0.0,0.0,0.0,0.0,0.0,zach carpenter
Ty Cheney,PG,MWD,1.0,10.0,0.0,1.0,1.0,1.0,0.0,0.0,3.0,0.0,0.0,0.0,0.0,ty cheney
Joe Macciocco,PG,MWD,1.0,3.0,0.0,0.0,0.0,0.0,0.0,0.0,0.0,0.0,0.0,0.0,1.0,joe macciocco
Jeremy Fuchs,PG,MWD,1.0,5.0,0.0,0.0,1.0,0.0,0.0,0.0,2.0,0.0,0.0,0.0,0.0,jeremy fuchs
Deejayy Cox,ATH,NCW,2.0,10.5,0.0,0.5,0.5,0.0,0.0,0.0,0.0,0.0,0.5,0.0,1.5,deejayy cox
Adefisayo Adebimpe,ATH,NCW,2.0,5.0,0.0,0.5,0.5,0.0,0.0,0.0,0.0,0.0,1.0,0.0,0.5,adefisayo adebimpe
Sully Caruso,C,WPEA,2.0,16.5,0.0,2.0,0.0,0.5,0.0,0.0,1.0,0.0,0.0,0.0,3.0,sully caruso
Dezmond Hopkins,ATH,LYBG,1.0,5.0,0.0,1.0,0.0,0.0,0.0,0.0,0.0,0.0,0.0,0.0,2.0,dezmond hopkins
Cole Callaway,PG,JWNC,1.0,8.0,0.0,1.0,0.0,0.0,0.0,0.0,4.0,0.0,0.0,0.0,1.0,cole callaway
Van Nellessen,SF,LYBG,1.0,9.0,0.0,1.0,0.0,0.0,1.0,0.0,3.0,0.0,0.0,0.0,0.0,van nellessen
Makhi Rivers,ATH,NBRY,2.0,16.5,0.0,1.5,1.0,0.5,0.0,0.0,3.0,0.0,1.5,0.0,1.5,makhi rivers
Gyterson Louissaint,ATH,NBRY,2.0,8.5,0.0,1.5,0.0,0.0,0.5,0.0,3.0,0.0,0.0,0.0,0.0,gyterson louissaint
Wilber Casanova,ATH,VTSL,1.0,9.0,0.0,1.0,0.0,0.0,0.0,0.0,2.0,0.0,0.0,0.0,2.0,wilber casanova
Khemar Channer,ATH,VTSL,1.0,3.0,0.0,2.0,0.0,0.0,0.0,0.0,1.0,0.0,0.0,0.0,0.0,khemar channer
Brayden Pepin,SF,VTSL,1.0,3.0,0.0,0.0,0.0,0.0,0.0,0.0,0.0,0.0,0.0,0.0,0.0,brayden pepin
Brandon Cahill,ATH,VTSL,1.0,2.0,0.0,0.0,0.0,0.0,0.0,0.0,1.0,0.0,0.0,0.0,0.0,brandon cahill
Tyler Dias,PG,VTSL,1.0,2.0,0.0,0.0,0.0,0.0,0.0,0.0,0.0,0.0,0.0,0.0,0.0,tyler dias
Juan Reynoso,ATH,VTSL,1.0,6.0,0.0,0.0,1.0,0.0,0.0,0.0,1.0,0.0,0.0,0.0,2.0,juan reynoso
Dakota Holbrook,ATH,VTSL,1.0,11.0,0.0,1.0,0.0,0.0,1.0,0.0,1.0,0.0,0.0,0.0,0.0,dakota holbrook
Rashaun Parker,ATH,DVEK,1.0,7.0,0.0,1.0,0.0,0.0,0.0,0.0,0.0,0.0,0.0,0.0,1.0,rashaun parker
Aj Headley,ATH,DVEK,1.0,7.0,0.0,1.0,0.0,0.0,0.0,0.0,5.0,0.0,0.0,0.0,0.0,aj headley
Kerem Sariaslan,ATH,DVEK,1.0,5.0,0.0,0.0,2.0,0.0,0.0,0.0,1.0,0.0,0.0,0.0,1.0,kerem sariaslan
Ladislav Novak,ATH,DVEK,1.0,14.0,0.0,2.0,0.0,0.0,0.0,0.0,0.0,0.0,0.0,0.0,5.0,ladislav novak
Josh Dorsey,ATH,BOBJ,2.0,10.5,0.0,0.5,0.0,1.0,0.5,0.0,2.0,0.0,0.0,0.0,0.5,josh dorsey
Moustapha Diop,ATH,RDPH,1.0,5.0,0.0,1.0,0.0,0.0,0.0,0.0,2.0,0.0,0.0,0.0,1.0,moustapha diop
Ryan Liero,PG,PSHZ,1.0,2.0,0.0,0.0,0.0,0.0,0.0,0.0,0.0,0.0,0.0,0.0,0.0,ryan liero
Jonothon Barnes,ATH,LCHR,1.0,19.0,0.0,2.0,3.0,1.0,0.0,0.0,7.0,0.0,0.0,0.0,1.0,jonothon barnes
Chukwuemeke Nwaoshai,ATH,LCHR,1.0,6.0,0.0,2.0,0.0,0.0,0.0,0.0,0.0,0.0,0.0,0.0,0.0,chukwuemeke nwaoshai
Jordan Hicks,PG,PQC,1.0,17.0,0.0,3.0,0.0,1.0,0.0,0.0,1.0,0.0,0.0,0.0,1.0,jordan hicks
Shannon Strickland,PG,MAMC,1.0,20.0,0.0,2.0,0.0,1.0,0.0,0.0,3.0,0.0,0.0,0.0,0.0,shannon strickland
Zander Baker,PG,MAMC,1.0,5.0,0.0,0.0,0.0,0.0,0.0,0.0,0.0,0.0,0.0,0.0,1.0,zander baker
Julian Dupertuis,PG,TUTX,2.0,1.5,0.0,0.0,0.0,0.0,0.0,0.0,0.0,0.0,1.0,0.0,0.5,julian dupertuis
Max Sprott,PG,TUTX,2.0,2.0,0.0,0.5,0.0,0.0,0.0,0.0,1.5,0.0,0.0,0.0,1.0,max sprott
Jake Miller,PG,TUTX,2.0,1.5,0.0,0.5,0.0,1.0,0.0,0.0,0.5,0.0,0.0,0.0,0.0,jake miller
Javon Toliver,SF,TUTX,2.0,7.5,0.0,1.0,0.5,0.0,0.0,0.0,0.0,0.0,0.0,0.0,0.5,javon toliver
Isaiah Howard,ATH,LSUA,1.0,24.0,0.0,0.0,0.0,1.0,0.0,0.0,3.0,0.0,0.0,0.0,1.0,isaiah howard
Xavier Smith,ATH,LSUA,1.0,13.0,0.0,2.0,0.0,0.0,0.0,0.0,0.0,0.0,0.0,0.0,0.0,xavier smith
Kaleb Pouncy,ATH,LSUA,1.0,11.0,0.0,2.0,0.0,1.0,0.0,0.0,2.0,0.0,0.0,0.0,1.0,kaleb pouncy
Jayce Tolivar,ATH,LSUA,1.0,3.0,0.0,1.0,0.0,0.0,0.0,0.0,1.0,0.0,0.0,0.0,0.0,jayce tolivar
Keyon Giroir,ATH,LSUA,1.0,11.0,0.0,1.0,1.0,0.0,0.0,0.0,1.0,0.0,0.0,0.0,0.0,keyon giroir
Kheiri Haynes,ATH,LSUA,1.0,4.0,0.0,0.0,0.0,0.0,0.0,0.0,0.0,0.0,1.0,0.0,0.0,kheiri haynes
Tyler Coley,ATH,FISK,2.0,6.0,0.0,0.0,1.0,0.5,0.0,0.0,1.0,0.0,0.0,0.0,0.0,tyler coley
Kailon Benton-Hamilton,SG,FISK,2.0,6.0,0.0,1.5,0.0,0.0,0.0,0.0,2.5,0.0,0.0,0.0,0.5,kailon benton hamilton
Quinten Snell,PG,UJ,1.0,1.0,0.0,0.0,0.0,0.0,0.0,0.0,0.0,0.0,0.0,0.0,0.0,quinten snell
Garrett Kolbeck,ATH,UJ,1.0,1.0,0.0,0.0,0.0,0.0,0.0,0.0,0.0,0.0,0.0,0.0,0.0,garrett kolbeck
Brooks Carroll,ATH,UJ,1.0,8.0,0.0,1.0,0.0,0.0,0.0,0.0,1.0,0.0,0.0,0.0,0.0,brooks carroll
Malek Wieker,PG,UJ,1.0,1.0,0.0,0.0,0.0,0.0,0.0,0.0,0.0,0.0,0.0,0.0,0.0,malek wieker
Tate Grossman,ATH,UJ,1.0,4.0,0.0,0.0,0.0,0.0,0.0,0.0,0.0,0.0,0.0,0.0,0.0,tate grossman
Will Farris,ATH,BTTN,1.0,5.0,0.0,0.0,0.0,0.0,0.0,0.0,0.0,0.0,0.0,0.0,2.0,will farris
Jackson Hayes,PG,BTTN,1.0,10.0,0.0,0.0,0.0,0.0,0.0,0.0,1.0,0.0,0.0,0.0,4.0,jackson hayes
Curro Segura,PG,JSP,1.0,20.0,0.0,4.0,3.0,2.0,0.0,0.0,1.0,0.0,0.0,0.0,1.0,curro segura
Rowdy Gohring,ATH,WCMO,2.0,3.5,0.0,0.0,0.0,0.0,0.0,0.0,1.5,0.0,0.0,0.0,0.0,rowdy gohring
Gavin Hendrix,ATH,WCMO,2.0,12.0,0.0,4.0,0.5,0.0,0.0,0.0,0.0,0.0,0.0,0.0,2.0,gavin hendrix
Jacob Becker,ATH,WCMO,2.0,6.0,0.0,0.0,0.5,0.0,0.0,0.0,0.0,0.0,0.0,0.0,0.0,jacob becker
Jackson Kepohl,ATH,WCMO,2.0,12.5,0.0,3.5,0.0,0.0,0.5,0.0,0.5,0.0,0.0,0.0,1.5,jackson kepohl
Ben Eberlin,ATH,WCMO,2.0,11.5,0.0,2.0,0.0,0.5,0.0,0.0,2.0,0.0,0.0,0.0,0.0,ben eberlin
Jeremiah Harris,ATH,UNTN,1.0,3.0,0.0,0.0,1.0,0.0,0.0,0.0,1.0,0.0,0.0,0.0,0.0,jeremiah harris
Seth Thomas,ATH,UNTN,1.0,4.0,0.0,0.0,0.0,0.0,0.0,0.0,0.0,0.0,0.0,0.0,0.0,seth thomas
Dominick Saccacio,ATH,CHAP,1.0,3.0,0.0,0.0,0.0,0.0,0.0,0.0,0.0,0.0,0.0,0.0,1.0,dominick saccacio
Scott Schulz,ATH,CHAP,1.0,13.0,0.0,0.0,1.0,0.0,0.0,0.0,4.0,0.0,0.0,0.0,0.0,scott schulz
Tj O'Brien,ATH,CHAP,1.0,1.0,0.0,0.0,0.0,0.0,0.0,0.0,2.0,0.0,0.0,0.0,0.0,tj o brien
Alex Kim,ATH,CHAP,1.0,11.0,0.0,0.0,0.0,0.0,0.0,0.0,1.0,0.0,0.0,0.0,0.0,alex kim
Connor Stechschulte,ATH,CHAP,1.0,4.0,0.0,0.0,0.0,0.0,0.0,0.0,0.0,0.0,0.0,0.0,0.0,connor stechschulte
Joe Jack,ATH,CHAP,1.0,4.0,0.0,1.0,0.0,0.0,0.0,0.0,3.0,0.0,0.0,0.0,0.0,joe jack
Jacob Simon,ATH,CHAP,1.0,2.0,0.0,0.0,0.0,0.0,0.0,0.0,0.0,0.0,0.0,0.0,0.0,jacob simon
Bjorn Ryning,ATH,CHAP,1.0,0.0,0.0,0.0,0.0,0.0,0.0,0.0,0.0,0.0,0.0,0.0,0.0,bjorn ryning
Daniel Cojocaru,ATH,CHAP,1.0,2.0,0.0,1.0,0.0,0.0,0.0,0.0,0.0,0.0,0.0,0.0,0.0,daniel cojocaru
Julian Gospich,ATH,CHAP,1.0,2.0,0.0,0.0,0.0,0.0,0.0,0.0,2.0,0.0,0.0,0.0,0.0,julian gospich
Gregory Wessley,ATH,HWPU,2.0,6.5,0.0,1.0,0.5,0.0,0.5,0.0,1.0,0.0,0.0,0.0,0.5,gregory wessley
Christian Nevarez,ATH,SRST,1.0,14.0,0.0,2.0,1.0,0.0,0.0,0.0,2.0,0.0,0.0,0.0,1.0,christian nevarez
Clay Baldwin,PG,MAMC,1.0,20.0,0.0,0.0,1.0,1.0,0.0,0.0,4.0,0.0,0.0,0.0,5.0,clay baldwin
Ezzy Dawson,ATH,NMHU,1.0,15.0,0.0,0.0,2.0,0.0,1.0,0.0,1.0,0.0,2.0,0.0,0.0,ezzy dawson
Yeh-Nhi Wilson,ATH,NMHU,1.0,3.0,0.0,0.0,0.0,1.0,0.0,0.0,0.0,0.0,0.0,0.0,0.0,yeh nhi wilson
Isaiah Maldonado,PG,NMHU,1.0,2.0,0.0,1.0,0.0,0.0,0.0,0.0,1.0,0.0,0.0,0.0,0.0,isaiah maldonado
Delon Mccloud,ATH,NMHU,1.0,15.0,0.0,1.0,0.0,0.0,0.0,0.0,2.0,0.0,0.0,0.0,0.0,delon mccloud
Amari Haynes,PG,YUNE,1.0,14.0,0.0,1.0,2.0,1.0,0.0,0.0,2.0,0.0,0.0,0.0,3.0,amari haynes
Branden Antiporda,ATH,ULV,2.0,0.5,0.0,0.0,0.0,0.0,0.0,0.0,0.0,0.0,0.0,0.0,0.0,branden antiporda
Tristan Guzman,PG,ULV,2.0,2.0,0.0,0.5,0.5,0.5,0.0,0.0,1.5,0.0,0.0,0.0,1.5,tristan guzman
Joshua Schloss,SF,YUNE,1.0,5.0,0.0,0.0,0.0,0.0,0.0,0.0,2.0,0.0,0.0,0.0,1.0,joshua schloss
DeJaun Sidney,SF,PFEI,2.0,8.0,0.0,1.0,0.0,0.0,0.0,0.0,2.5,0.0,0.0,0.0,0.5,dejaun sidney
Drake Stewart,PG,PFEI,2.0,3.5,0.0,0.5,0.0,0.0,0.0,0.0,0.0,0.0,0.0,0.0,0.5,drake stewart
Fed Pernell,PG,SFST,1.0,8.0,0.0,0.0,1.0,0.0,0.0,0.0,2.0,0.0,0.0,0.0,0.0,fed pernell
Diego Martinez,SF,SFST,1.0,7.0,0.0,1.0,0.0,0.0,0.0,0.0,0.0,0.0,0.0,0.0,0.0,diego martinez
Evan McKnight,C,SFST,1.0,7.0,0.0,1.0,0.0,0.0,0.0,0.0,0.0,0.0,0.0,0.0,1.0,evan mcknight
Stefan Iordache,PG,PFEI,2.0,2.5,0.0,0.5,0.0,0.5,0.0,0.0,0.0,0.0,0.0,0.0,0.5,stefan iordache
Eli Rogers,PG,DBQ,1.0,7.0,0.0,0.0,1.0,0.0,0.0,0.0,1.0,0.0,0.0,0.0,1.0,eli rogers
Jalen Scott,PG,DBQ,1.0,19.0,0.0,3.0,2.0,2.0,0.0,0.0,2.0,0.0,0.0,0.0,7.0,jalen scott
Grady Thompson,PG,DBQ,1.0,2.0,0.0,0.0,0.0,0.0,0.0,0.0,0.0,0.0,0.0,0.0,1.0,grady thompson
Luke Morton,PG,DBQ,1.0,3.0,0.0,0.0,0.0,0.0,0.0,0.0,1.0,0.0,0.0,0.0,0.0,luke morton
Quincy Underwood,PG,DBQ,1.0,4.0,0.0,1.0,0.0,0.0,0.0,0.0,0.0,0.0,0.0,0.0,1.0,quincy underwood
Jerrod Jessie Jr.,PG,DBQ,1.0,9.0,0.0,1.0,0.0,0.0,0.0,0.0,1.0,0.0,0.0,0.0,0.0,jerrod jessie jr
Ian Mindrup,SF,DBQ,1.0,5.0,0.0,1.0,0.0,0.0,0.0,0.0,1.0,0.0,0.0,0.0,0.0,ian mindrup
Julio Montes II,PG,HAWH,1.0,18.0,0.0,1.0,0.0,0.0,0.0,0.0,6.0,0.0,0.0,0.0,2.0,julio montes ii
Daniel Louie,PG,HAWH,1.0,5.0,0.0,0.0,0.0,0.0,0.0,0.0,2.0,0.0,0.0,0.0,1.0,daniel louie
Chiron Pham,ATH,CMT,2.0,7.5,0.0,0.5,0.5,0.0,0.0,0.0,3.0,0.0,0.0,0.0,0.0,chiron pham
Devin Thomas,ATH,CMT,2.0,6.0,0.0,1.0,0.5,0.0,0.0,0.0,1.0,0.0,0.0,0.0,0.0,devin thomas
AJ Creech,ATH,UMFK,1.0,15.0,0.0,0.0,2.0,0.0,0.0,0.0,5.0,0.0,0.0,0.0,0.0,aj creech
Kene Obiora,ATH,UMFK,1.0,11.0,0.0,2.0,0.0,0.0,0.0,0.0,6.0,0.0,0.0,0.0,2.0,kene obiora
Nicholas Gravely,PG,BASC,1.0,13.0,0.0,4.0,1.0,1.0,0.0,0.0,6.0,0.0,0.0,0.0,1.0,nicholas gravely
Santhosh Ramachandran,ATH,UMFK,1.0,4.0,0.0,1.0,0.0,0.0,0.0,0.0,0.0,0.0,0.0,0.0,0.0,santhosh ramachandran
Noe Enoumedi,ATH,OHCU,1.0,8.0,0.0,3.0,0.0,1.0,0.0,0.0,0.0,0.0,0.0,0.0,3.0,noe enoumedi
Conner Willis,PG,BOYC,1.0,3.0,0.0,0.0,0.0,0.0,0.0,0.0,0.0,0.0,0.0,0.0,0.0,conner willis
Andrew Knect,ATH,BOYC,1.0,7.0,0.0,0.0,1.0,0.0,0.0,0.0,3.0,0.0,0.0,0.0,1.0,andrew knect
Trenton Connolly,ATH,EARL,1.0,22.0,0.0,2.0,0.0,0.0,0.0,0.0,3.0,0.0,0.0,0.0,4.0,trenton connolly
Tommy Reddick,PG,EARL,1.0,12.0,0.0,1.0,0.0,0.0,0.0,0.0,2.0,0.0,1.0,0.0,1.0,tommy reddick
Connor Smith,PG,EARL,1.0,17.0,0.0,1.0,1.0,0.0,0.0,0.0,2.0,0.0,0.0,0.0,1.0,connor smith
Misaiah Bebley,ATH,EARL,1.0,6.0,0.0,1.0,1.0,0.0,0.0,0.0,1.0,0.0,0.0,0.0,2.0,misaiah bebley
Shea Barber,PG,SNYO,2.0,3.0,0.0,0.0,0.0,0.0,0.0,0.0,0.0,0.0,0.0,0.0,0.0,shea barber
Amonte Harmon,SF,BAP,2.0,14.0,0.0,2.0,0.5,0.0,0.5,0.0,4.0,0.0,1.0,0.0,0.5,amonte harmon
Mahir Ahmed,ATH,PCH,1.0,3.0,0.0,0.0,0.0,0.0,0.0,0.0,1.0,0.0,0.0,0.0,0.0,mahir ahmed
Chris Hunter,ATH,PCH,1.0,2.0,0.0,0.0,0.0,0.0,0.0,0.0,0.0,0.0,0.0,0.0,0.0,chris hunter
Dan Dedvukaj,ATH,PCH,1.0,2.0,0.0,2.0,0.0,1.0,0.0,0.0,0.0,0.0,0.0,0.0,0.0,dan dedvukaj
William Krapf,ATH,PCH,1.0,2.0,0.0,1.0,0.0,0.0,0.0,0.0,0.0,0.0,0.0,0.0,0.0,william krapf
Omari Hart,ATH,PCH,1.0,3.0,0.0,0.0,1.0,0.0,0.0,0.0,0.0,0.0,2.0,0.0,0.0,omari hart
Everett Bates,PG,UTD,1.0,2.0,0.0,0.0,0.0,0.0,0.0,0.0,0.0,0.0,0.0,0.0,0.0,everett bates
Tristan Strength,PG,UTD,1.0,1.0,0.0,0.0,0.0,0.0,0.0,0.0,1.0,0.0,0.0,0.0,0.0,tristan strength
Zach Spitzer,SF,UTD,1.0,13.0,0.0,2.0,0.0,0.0,0.0,0.0,1.0,0.0,0.0,0.0,0.0,zach spitzer
Kris White,PG,UTD,1.0,10.0,0.0,3.0,0.0,1.0,0.0,0.0,1.0,0.0,0.0,0.0,2.0,kris white
Nnamdi Edeoga,ATH,UTD,1.0,1.0,0.0,0.0,0.0,0.0,0.0,0.0,0.0,0.0,0.0,0.0,0.0,nnamdi edeoga
Jaelyn Rivera,SF,UTD,1.0,2.0,0.0,1.0,0.0,0.0,0.0,0.0,0.0,0.0,0.0,0.0,1.0,jaelyn rivera
Bryce Potts,SF,UTD,1.0,3.0,0.0,0.0,0.0,0.0,0.0,0.0,0.0,0.0,0.0,0.0,1.0,bryce potts
Franklin Onyeme,SF,UTD,1.0,8.0,0.0,2.0,0.0,0.0,0.0,0.0,0.0,0.0,0.0,0.0,0.0,franklin onyeme
Tyler Stephenson,ATH,UTD,1.0,2.0,0.0,0.0,0.0,0.0,0.0,0.0,0.0,0.0,0.0,0.0,0.0,tyler stephenson
Brett Leach,ATH,WYBU,1.0,3.0,0.0,0.0,0.0,0.0,0.0,0.0,1.0,0.0,0.0,0.0,0.0,brett leach
Paetyn Walker,ATH,WYBU,1.0,13.0,0.0,1.0,0.0,0.0,0.0,0.0,3.0,0.0,0.0,0.0,0.0,paetyn walker
Niko Noumeros,ATH,WYBU,1.0,14.0,0.0,1.0,1.0,0.0,0.0,0.0,2.0,0.0,0.0,0.0,4.0,niko noumeros
Adeola Seun,ATH,WYBU,1.0,14.0,0.0,3.0,0.0,0.0,0.0,0.0,4.0,0.0,0.0,0.0,0.0,adeola seun
Jamoi Davis,ATH,ESC,2.0,5.0,0.0,0.0,0.0,0.0,0.5,0.0,0.0,0.0,0.0,0.0,0.0,jamoi davis
Nazir Mills,ATH,WYBU,1.0,2.0,0.0,0.0,0.0,0.0,0.0,0.0,0.0,0.0,0.0,0.0,1.0,nazir mills
Winston Jones,ATH,WYBU,1.0,8.0,0.0,1.0,0.0,1.0,0.0,0.0,0.0,0.0,0.0,0.0,0.0,winston jones
Ofri Kauf,ATH,SWU,1.0,12.0,0.0,0.0,0.0,0.0,0.0,0.0,2.0,0.0,0.0,0.0,2.0,ofri kauf
Jackson Hollis,ATH,SWU,1.0,8.0,0.0,1.0,0.0,0.0,0.0,0.0,2.0,0.0,0.0,0.0,0.0,jackson hollis
Cade Brunson,ATH,SWU,1.0,2.0,0.0,1.0,0.0,0.0,0.0,0.0,1.0,0.0,0.0,0.0,0.0,cade brunson
Casey Knudson,ATH,SWU,1.0,9.0,0.0,0.0,1.0,0.0,0.0,0.0,0.0,0.0,0.0,0.0,3.0,casey knudson
Luke Mills,ATH,SWU,1.0,16.0,0.0,0.0,0.0,0.0,0.0,0.0,2.0,0.0,0.0,0.0,1.0,luke mills
D.J. Jamison,SF,SHTU,1.0,4.0,0.0,0.0,0.0,0.0,0.0,0.0,3.0,0.0,0.0,0.0,0.0,d j jamison
Joshua Thurman II,SF,SHTU,1.0,4.0,0.0,0.0,0.0,0.0,0.0,0.0,1.0,0.0,0.0,0.0,0.0,joshua thurman ii
Alex Halenar,ATH,COGA,1.0,10.0,0.0,1.0,1.0,0.0,0.0,0.0,1.0,0.0,0.0,0.0,1.0,alex halenar
Raylin Grant,ATH,COGA,1.0,4.0,0.0,0.0,0.0,0.0,0.0,0.0,2.0,0.0,0.0,0.0,1.0,raylin grant
Jarvis Smith Ii,ATH,COGA,1.0,6.0,0.0,0.0,0.0,0.0,0.0,0.0,0.0,0.0,0.0,0.0,0.0,jarvis smith ii
Trevor Viau,PG,CLRY,1.0,8.0,0.0,0.0,2.0,0.0,0.0,0.0,0.0,0.0,0.0,0.0,0.0,trevor viau
Francis Senter,ATH,CUAA,1.0,4.0,0.0,0.0,0.0,1.0,0.0,0.0,1.0,0.0,0.0,0.0,0.0,francis senter
Matt Blanton,ATH,CUAA,1.0,16.0,0.0,1.0,0.0,1.0,0.0,0.0,5.0,0.0,0.0,0.0,1.0,matt blanton
Oscean Anuforo,ATH,CUAA,1.0,5.0,0.0,0.0,1.0,0.0,0.0,0.0,5.0,0.0,0.0,0.0,0.0,oscean anuforo
Luke Brohl,ATH,CUAA,1.0,8.0,0.0,2.0,0.0,0.0,1.0,0.0,2.0,0.0,1.0,0.0,0.0,luke brohl
Dayne Thompson,PG,MCM,2.0,1.5,0.0,0.0,0.0,0.0,0.0,0.0,0.0,0.0,0.0,0.0,0.5,dayne thompson
Sebastian Roda,ATH,PRAT,1.0,10.0,0.0,2.0,0.0,0.0,0.0,0.0,2.0,0.0,0.0,0.0,4.0,sebastian roda
Mekhi Davis,ATH,PRAT,1.0,17.0,0.0,3.0,2.0,0.0,0.0,0.0,2.0,0.0,0.0,0.0,3.0,mekhi davis
Lucas Zamboni,ATH,PRAT,1.0,10.0,0.0,1.0,0.0,0.0,0.0,0.0,2.0,0.0,0.0,0.0,1.0,lucas zamboni
Shyere Mayhue,PG,MANR,1.0,10.0,0.0,1.0,0.0,0.0,0.0,0.0,1.0,0.0,0.0,0.0,1.0,shyere mayhue
Idris Holman,SF,MANR,1.0,6.0,0.0,0.0,0.0,0.0,0.0,0.0,0.0,0.0,0.0,0.0,1.0,idris holman
Laquan Harrison,ATH,MANR,1.0,2.0,0.0,0.0,0.0,0.0,0.0,0.0,0.0,0.0,1.0,0.0,0.0,laquan harrison
Tyshawn Mcnair-Benn,ATH,MANR,1.0,2.0,0.0,0.0,0.0,0.0,0.0,0.0,0.0,0.0,0.0,0.0,0.0,tyshawn mcnair benn
Bryce Nicholson,ATH,MANR,1.0,8.0,0.0,1.0,0.0,0.0,0.0,0.0,0.0,0.0,2.0,0.0,1.0,bryce nicholson
Ihsan Beyah,PG,MANR,1.0,4.0,0.0,0.0,0.0,0.0,0.0,0.0,0.0,0.0,0.0,0.0,0.0,ihsan beyah
Elijah Pichon,PG,XULA,1.0,2.0,0.0,1.0,0.0,0.0,0.0,0.0,1.0,0.0,0.0,0.0,0.0,elijah pichon
Shan Davis,ATH,DLRD,2.0,13.0,0.0,1.5,0.0,0.0,0.0,0.0,0.5,0.0,0.0,0.0,1.0,shan davis
Michael Loynds,ATH,VTSJ,2.0,4.5,0.0,0.0,0.0,0.0,0.0,0.0,1.5,0.0,0.0,0.0,0.0,michael loynds
Malik Rivers,ATH,VTSJ,2.0,2.5,0.0,0.0,1.0,0.0,0.0,0.0,0.5,0.0,0.0,0.0,0.0,malik rivers
Jamar Callum,ATH,VTSJ,2.0,7.5,0.0,1.0,0.0,0.0,0.0,0.0,2.0,0.0,0.0,0.0,0.5,jamar callum
Abdulaziz Sesay,ATH,VTSJ,2.0,5.5,0.0,0.5,0.0,0.0,0.0,0.0,0.5,0.0,1.0,0.0,0.0,abdulaziz sesay
Jackson Ullom,ATH,TLRU,1.0,26.0,0.0,2.0,3.0,1.0,0.0,0.0,5.0,0.0,2.0,0.0,4.0,jackson ullom
Levin Smith,ATH,TLRU,1.0,13.0,0.0,2.0,0.0,1.0,0.0,0.0,1.0,0.0,0.0,0.0,3.0,levin smith
Noah Choi,ATH,TLRU,1.0,4.0,0.0,0.0,0.0,0.0,0.0,0.0,0.0,0.0,0.0,0.0,1.0,noah choi
Benjamin Rumanyika,SF,HSSU,1.0,5.0,0.0,0.0,0.0,0.0,0.0,0.0,0.0,0.0,0.0,0.0,2.0,benjamin rumanyika
Darius Elkins,PG,VRHS,1.0,5.0,0.0,0.0,0.0,0.0,0.0,0.0,2.0,0.0,0.0,0.0,0.0,darius elkins
Tim Smith,PG,VRHS,1.0,3.0,0.0,0.0,0.0,0.0,0.0,0.0,1.0,0.0,0.0,0.0,0.0,tim smith
Mamour Mbow,ATH,VRHS,1.0,10.0,0.0,0.0,1.0,0.0,0.0,0.0,2.0,0.0,0.0,0.0,0.0,mamour mbow
Chris Collins,ATH,FP,1.0,5.0,0.0,0.0,0.0,0.0,0.0,0.0,0.0,0.0,0.0,0.0,0.0,chris collins
Zachary Watson,ATH,FP,1.0,7.0,0.0,2.0,0.0,0.0,0.0,0.0,3.0,0.0,0.0,0.0,1.0,zachary watson
Aboubacar Wague,ATH,FP,1.0,10.0,0.0,1.0,0.0,1.0,0.0,0.0,5.0,0.0,0.0,0.0,1.0,aboubacar wague
Kareem Porter,ATH,FP,1.0,17.0,0.0,2.0,1.0,0.0,1.0,0.0,0.0,0.0,2.0,0.0,1.0,kareem porter
Luke Anderson,ATH,LETU,2.0,1.5,0.0,0.5,0.0,0.0,0.0,0.0,0.5,0.0,0.0,0.0,0.5,luke anderson
Pat Bean,PG,GWYD,1.0,1.0,0.0,0.0,0.0,0.0,0.0,0.0,0.0,0.0,0.0,0.0,0.0,pat bean
Dylan Harris,PG,GWYD,1.0,15.0,0.0,1.0,0.0,0.0,0.0,0.0,5.0,0.0,0.0,0.0,0.0,dylan harris
Cam Lane,SF,GWYD,1.0,1.0,0.0,0.0,0.0,0.0,1.0,0.0,0.0,0.0,0.0,0.0,0.0,cam lane
Caison Cole,ATH,UTPB,1.0,2.0,0.0,0.0,0.0,0.0,0.0,0.0,0.0,0.0,0.0,0.0,0.0,caison cole
Drake Kelly,ATH,UTPB,1.0,4.0,0.0,1.0,1.0,0.0,0.0,0.0,1.0,0.0,0.0,0.0,0.0,drake kelly
Preston Sherburne,ATH,CORB,1.0,7.0,0.0,0.0,0.0,0.0,0.0,0.0,1.0,0.0,0.0,0.0,0.0,preston sherburne
Carter Knox,ATH,CORB,1.0,4.0,0.0,1.0,1.0,0.0,0.0,0.0,0.0,0.0,0.0,0.0,0.0,carter knox
Nikola Milosevic,ATH,CORB,1.0,17.0,0.0,2.0,0.0,0.0,1.0,0.0,3.0,0.0,0.0,0.0,0.0,nikola milosevic
Devean Hinton,ATH,CORB,1.0,24.0,0.0,2.0,1.0,0.0,0.0,0.0,2.0,0.0,0.0,0.0,0.0,devean hinton
Andrew Classen,ATH,CORB,1.0,6.0,0.0,0.0,0.0,0.0,0.0,0.0,2.0,0.0,0.0,0.0,1.0,andrew classen
Clyde Harris Jr.,ATH,CORB,1.0,2.0,0.0,0.0,0.0,0.0,0.0,0.0,0.0,0.0,0.0,0.0,1.0,clyde harris jr
Mateo Tangaan,PG,OXY,2.0,11.0,0.0,0.0,1.5,0.0,0.0,0.0,1.5,0.0,0.0,0.0,0.5,mateo tangaan
Zion Staples,ATH,OXY,2.0,4.0,0.0,2.5,0.0,0.0,0.0,0.0,0.0,0.0,0.0,0.0,0.0,zion staples
O'shen Cazimero,ATH,WORU,1.0,9.0,0.0,2.0,1.0,1.0,0.0,0.0,2.0,0.0,2.0,0.0,3.0,o shen cazimero
Braydon Olson,ATH,WORU,1.0,7.0,0.0,1.0,0.0,1.0,0.0,0.0,5.0,0.0,0.0,0.0,0.0,braydon olson
Roman Leraris,PG,EMRS,2.0,7.0,0.0,0.5,1.0,1.0,0.0,0.0,1.0,0.0,0.0,0.0,2.0,roman leraris
Titus Smith,PG,TMCN,2.0,1.5,0.0,0.0,0.0,0.0,0.0,0.0,0.0,0.0,0.0,0.0,0.0,titus smith
Shawn-Hudson Seegraves,ATH,CRC,1.0,6.0,0.0,0.0,0.0,0.0,0.0,0.0,2.0,0.0,0.0,0.0,0.0,shawn hudson seegraves
Timquorian Johnson,PG,CRC,1.0,25.0,0.0,5.0,0.0,2.0,0.0,0.0,6.0,0.0,0.0,0.0,3.0,timquorian johnson
Jerrodney Tubbs,ATH,CRC,1.0,13.0,0.0,3.0,0.0,0.0,0.0,0.0,4.0,0.0,0.0,0.0,0.0,jerrodney tubbs
Peyton Griffith,ATH,CRC,1.0,3.0,0.0,0.0,1.0,0.0,0.0,0.0,0.0,0.0,0.0,0.0,1.0,peyton griffith
Jonjon Dupree-Buford,ATH,RDLL,2.0,18.0,0.0,3.5,0.5,1.0,0.0,0.0,3.0,0.0,0.0,0.0,0.5,jonjon dupree buford
Chase Potter,ATH,WUUT,1.0,14.0,0.0,0.0,0.0,0.0,0.0,0.0,2.0,0.0,0.0,0.0,0.0,chase potter
Peter Amakasu,PG,WUUT,1.0,11.0,0.0,2.0,1.0,0.0,0.0,0.0,2.0,0.0,0.0,0.0,3.0,peter amakasu
Nick Holland,PG,WUUT,1.0,10.0,0.0,0.0,0.0,0.0,0.0,0.0,3.0,0.0,0.0,0.0,1.0,nick holland
Jason Mckinney,ATH,NOB,2.0,3.5,0.0,0.0,0.0,1.0,0.0,0.0,0.0,0.0,0.0,0.0,0.5,jason mckinney
Pedro Leme,ATH,NOB,2.0,12.5,0.0,2.0,1.0,0.5,0.0,0.0,0.0,0.0,0.0,0.0,2.0,pedro leme
Grant Coleman,ATH,SEAP,1.0,12.0,0.0,1.0,0.0,0.0,0.0,0.0,1.0,0.0,0.0,0.0,0.0,grant coleman
Isaiah Sonntag,ATH,SEAP,1.0,2.0,0.0,0.0,0.0,0.0,0.0,0.0,0.0,0.0,2.0,0.0,0.0,isaiah sonntag
Cole Holum,ATH,SEAP,1.0,2.0,0.0,2.0,0.0,0.0,0.0,0.0,0.0,0.0,0.0,0.0,0.0,cole holum
Nikias Schoenerstedt,ATH,SEAP,1.0,7.0,0.0,2.0,1.0,0.0,0.0,0.0,0.0,0.0,0.0,0.0,0.0,nikias schoenerstedt
Matias Montezuma,ATH,FNU,1.0,7.0,0.0,0.0,1.0,0.0,0.0,0.0,2.0,0.0,0.0,0.0,0.0,matias montezuma
Joshua Milla,PG,FNU,1.0,1.0,0.0,0.0,0.0,0.0,0.0,0.0,0.0,0.0,0.0,0.0,0.0,joshua milla
Delvin Espinoza,PG,FNU,1.0,5.0,0.0,0.0,1.0,0.0,0.0,0.0,1.0,0.0,0.0,0.0,0.0,delvin espinoza
Jonathan Norman,C,FNU,1.0,13.0,0.0,1.0,0.0,0.0,1.0,0.0,1.0,0.0,1.0,0.0,0.0,jonathan norman
Angel Dibwa,ATH,FNU,1.0,8.0,0.0,1.0,0.0,0.0,0.0,0.0,1.0,0.0,0.0,0.0,0.0,angel dibwa
Lane Kuchenbecker,ATH,DWU,2.0,1.0,0.0,0.5,0.0,0.5,0.0,0.0,0.5,0.0,0.0,0.0,0.0,lane kuchenbecker
Jacob Jorenby,ATH,DWU,2.0,1.0,0.0,0.0,0.0,0.0,0.0,0.0,0.0,0.0,0.0,0.0,0.0,jacob jorenby
Langston Taylor,ATH,TBR,1.0,6.0,0.0,0.0,0.0,1.0,0.0,0.0,1.0,0.0,0.0,0.0,1.0,langston taylor
Gelil Ward,ATH,TXCL,1.0,5.0,0.0,2.0,1.0,1.0,0.0,0.0,1.0,0.0,0.0,0.0,0.0,gelil ward
Zaveon Williams,ATH,TXCL,1.0,3.0,0.0,0.0,0.0,0.0,0.0,0.0,1.0,0.0,0.0,0.0,0.0,zaveon williams
Percy Chavis,ATH,TXCL,1.0,13.0,0.0,1.0,0.0,0.0,0.0,0.0,0.0,0.0,0.0,0.0,0.0,percy chavis
Frederick Adams,ATH,TXCL,1.0,3.0,0.0,0.0,0.0,1.0,0.0,0.0,0.0,0.0,0.0,0.0,0.0,frederick adams
Tyren Thomas,ATH,TXCL,1.0,5.0,0.0,0.0,0.0,0.0,0.0,0.0,1.0,0.0,0.0,0.0,0.0,tyren thomas
Gedeon Musabyimana,ATH,SMMN,1.0,5.0,0.0,0.0,2.0,0.0,0.0,0.0,1.0,0.0,0.0,0.0,1.0,gedeon musabyimana
Dane Brazil,ATH,SMMN,1.0,7.0,0.0,0.0,1.0,1.0,1.0,0.0,1.0,0.0,0.0,0.0,0.0,dane brazil
Milan Adamovic,ATH,SMMN,1.0,13.0,0.0,1.0,1.0,0.0,0.0,0.0,1.0,0.0,0.0,0.0,1.0,milan adamovic
Tj Gorman,ATH,SMMN,1.0,1.0,0.0,0.0,0.0,0.0,0.0,0.0,0.0,0.0,0.0,0.0,0.0,tj gorman
Esseck Bryant,SF,CNSU,2.0,2.5,0.0,1.5,0.0,1.0,0.0,0.0,0.5,0.0,0.0,0.0,1.0,esseck bryant
Alexander Ellenwood,PG,HSKL,1.0,9.0,0.0,0.0,0.0,1.0,0.0,0.0,0.0,0.0,0.0,0.0,0.0,alexander ellenwood
Elijah Fabela,SF,GLDT,1.0,10.0,0.0,0.0,1.0,0.0,1.0,0.0,0.0,0.0,0.0,0.0,0.0,elijah fabela
Alex Ortman,PG,GLDT,1.0,11.0,0.0,2.0,0.0,1.0,0.0,0.0,4.0,0.0,0.0,0.0,0.0,alex ortman
Luke Florio,PG,GLDT,1.0,6.0,0.0,1.0,0.0,0.0,0.0,0.0,3.0,0.0,0.0,0.0,0.0,luke florio
Wyatt Carlson,SF,GLDT,1.0,12.0,0.0,4.0,2.0,0.0,0.0,0.0,4.0,0.0,0.0,0.0,1.0,wyatt carlson
Jadyn Mchugh,ATH,AUM,1.0,2.0,0.0,0.0,1.0,0.0,0.0,0.0,0.0,0.0,0.0,0.0,1.0,jadyn mchugh
Jamir Williams,PG,AUM,1.0,6.0,0.0,0.0,1.0,0.0,0.0,0.0,1.0,0.0,0.0,0.0,1.0,jamir williams
Elahi Akida,ATH,AUM,1.0,2.0,0.0,0.0,0.0,0.0,0.0,0.0,0.0,0.0,0.0,0.0,0.0,elahi akida
Darrian Joseph,ATH,AUM,1.0,1.0,0.0,0.0,0.0,0.0,0.0,0.0,0.0,0.0,0.0,0.0,0.0,darrian joseph
Jordan Franklin,ATH,SPRH,1.0,9.0,0.0,0.0,1.0,0.0,0.0,0.0,0.0,0.0,0.0,0.0,3.0,jordan franklin
Dallan Lily,ATH,ERAZ,2.0,6.5,0.0,1.0,0.0,0.0,0.5,0.0,1.0,0.0,0.0,0.0,1.0,dallan lily
Ceejay Jordan,SF,SWES,1.0,7.0,0.0,3.0,0.0,0.0,0.0,0.0,0.0,0.0,0.0,0.0,0.0,ceejay jordan
Bobby Taylor,PG,SWES,1.0,7.0,0.0,0.0,0.0,0.0,0.0,0.0,2.0,0.0,0.0,0.0,1.0,bobby taylor
Jamarras McCray,SF,SWES,1.0,8.0,0.0,2.0,0.0,0.0,0.0,0.0,2.0,0.0,0.0,0.0,0.0,jamarras mccray
Alex Tavares,ATH,SWES,1.0,6.0,0.0,0.0,0.0,0.0,0.0,0.0,1.0,0.0,0.0,0.0,1.0,alex tavares
Carlos Diaz,PG,FISH,1.0,18.0,0.0,2.0,0.0,0.0,0.0,0.0,4.0,0.0,0.0,0.0,1.0,carlos diaz
Justin Marcano,ATH,FISH,1.0,3.0,0.0,0.0,0.0,0.0,0.0,0.0,1.0,0.0,0.0,0.0,0.0,justin marcano
Adam Gardner,C,MITC,1.0,4.0,0.0,0.0,0.0,1.0,0.0,0.0,0.0,0.0,0.0,0.0,0.0,adam gardner
Luke Pavia,PG,MITC,1.0,5.0,0.0,0.0,0.0,1.0,0.0,0.0,3.0,0.0,0.0,0.0,0.0,luke pavia
Robert Zirlis,ATH,MITC,1.0,6.0,0.0,0.0,0.0,0.0,0.0,0.0,0.0,0.0,0.0,0.0,1.0,robert zirlis
Abdul Mansaray,SF,MITC,1.0,4.0,0.0,1.0,0.0,0.0,0.0,0.0,1.0,0.0,0.0,0.0,0.0,abdul mansaray
Sidney Hall,ATH,ENDC,1.0,1.0,0.0,0.0,0.0,0.0,0.0,0.0,0.0,0.0,0.0,0.0,0.0,sidney hall
Drew Brown,ATH,ENDC,1.0,2.0,0.0,1.0,0.0,0.0,0.0,0.0,0.0,0.0,0.0,0.0,0.0,drew brown
Nate Lapham,ATH,ENDC,1.0,1.0,0.0,0.0,0.0,0.0,0.0,0.0,0.0,0.0,0.0,0.0,0.0,nate lapham
Cam Keliher,ATH,ENDC,1.0,29.0,0.0,3.0,3.0,1.0,1.0,0.0,4.0,0.0,0.0,0.0,0.0,cam keliher
Wilson Bennett,ATH,ENDC,1.0,3.0,0.0,0.0,0.0,0.0,0.0,0.0,0.0,0.0,0.0,0.0,0.0,wilson bennett
Max Grenert,ATH,ENDC,1.0,13.0,0.0,3.0,0.0,0.0,0.0,0.0,0.0,0.0,0.0,0.0,0.0,max grenert
Tallon Craver,ATH,ENDC,1.0,1.0,0.0,0.0,0.0,0.0,0.0,0.0,0.0,0.0,0.0,0.0,0.0,tallon craver
Taylor Yates,ATH,ENDC,1.0,1.0,0.0,1.0,0.0,0.0,0.0,0.0,1.0,0.0,0.0,0.0,0.0,taylor yates
Fabian Reichstadt,ATH,CSUS,3.0,17.666666,0.0,2.6666667,1.6666666,0.6666667,0.33333334,0.0,3.0,0.0,0.0,0.0,2.3333333,fabian reichstadt
Larry Iissac Scott Iii,ATH,EDW,1.0,2.0,0.0,0.0,0.0,0.0,0.0,0.0,0.0,0.0,0.0,0.0,0.0,larry iissac scott iii
Cyrus Huggard-Noel,ATH,EDW,1.0,11.0,0.0,0.0,0.0,0.0,0.0,0.0,0.0,0.0,2.0,0.0,0.0,cyrus huggard noel
Gabe Guilford,ATH,EDW,1.0,2.0,0.0,0.0,0.0,0.0,0.0,0.0,1.0,0.0,0.0,0.0,0.0,gabe guilford
Jaelen Nelson,ATH,EDW,1.0,6.0,0.0,0.0,0.0,0.0,0.0,0.0,2.0,0.0,0.0,0.0,0.0,jaelen nelson
Joshua Goode,ATH,EDW,1.0,4.0,0.0,0.0,0.0,0.0,0.0,0.0,0.0,0.0,0.0,0.0,0.0,joshua goode
Quincey Sibley,ATH,JSU,2.0,1.5,0.0,1.0,0.0,0.0,0.0,0.0,0.5,0.0,0.0,0.0,0.0,quincey sibley
Lanygel Mccracken,ATH,JSU,2.0,3.0,0.0,0.5,0.0,0.5,0.0,0.0,0.5,0.0,0.0,0.0,0.0,lanygel mccracken
Landon Mashburn,ATH,VTSR,1.0,11.0,0.0,1.0,1.0,0.0,0.0,0.0,2.0,0.0,0.0,0.0,0.0,landon mashburn
Isaiah Masha,ATH,VTSR,1.0,2.0,0.0,0.0,0.0,0.0,0.0,0.0,1.0,0.0,0.0,0.0,0.0,isaiah masha
Shandon Anderson,ATH,VTSR,1.0,9.0,0.0,1.0,1.0,0.0,0.0,0.0,2.0,0.0,0.0,0.0,1.0,shandon anderson
Gil Gordon,ATH,VTSR,1.0,1.0,0.0,1.0,0.0,0.0,0.0,0.0,0.0,0.0,0.0,0.0,0.0,gil gordon
Kaleb Swett,ATH,VTSR,1.0,2.0,0.0,0.0,0.0,0.0,0.0,0.0,1.0,0.0,0.0,0.0,0.0,kaleb swett
Keon Henderson,PG,KYSU,1.0,24.0,0.0,2.0,3.0,0.0,0.0,0.0,0.0,0.0,0.0,0.0,7.0,keon henderson
Gerren Jones,ATH,FC,1.0,5.0,0.0,2.0,0.0,0.0,0.0,0.0,1.0,0.0,0.0,0.0,0.0,gerren jones
Eden Davis,ATH,FC,1.0,4.0,0.0,0.0,0.0,0.0,0.0,0.0,1.0,0.0,0.0,0.0,0.0,eden davis
Tucker Harvey,ATH,FC,1.0,1.0,0.0,0.0,0.0,0.0,0.0,0.0,0.0,0.0,0.0,0.0,0.0,tucker harvey
Sam Sims,ATH,FC,1.0,1.0,0.0,0.0,0.0,0.0,0.0,0.0,0.0,0.0,0.0,0.0,0.0,sam sims
Jaden Flournoy,PG,ROSE,1.0,6.0,0.0,0.0,0.0,0.0,0.0,0.0,0.0,0.0,0.0,0.0,1.0,jaden flournoy
Spiro Venetis,PG,NYMT,1.0,5.0,0.0,1.0,0.0,0.0,0.0,0.0,1.0,0.0,0.0,0.0,0.0,spiro venetis
Anthony Lang,SF,NYMT,1.0,1.0,0.0,2.0,0.0,0.0,0.0,0.0,0.0,0.0,0.0,0.0,1.0,anthony lang
Frank Sweeney,SF,NYMT,1.0,7.0,0.0,1.0,0.0,0.0,0.0,0.0,1.0,0.0,0.0,0.0,1.0,frank sweeney
Evan Highfill,ATH,TXLU,2.0,5.0,0.0,0.0,0.0,0.0,0.0,0.0,1.5,0.0,0.0,0.0,0.5,evan highfill
Jayondre Leak,PG,NNMC,4.0,11.25,0.0,0.75,1.5,0.0,0.0,0.0,1.0,0.0,0.0,0.0,1.5,jayondre leak
Trey Lewis,ATH,DS,1.0,2.0,0.0,0.0,0.0,0.0,0.0,0.0,1.0,0.0,0.0,0.0,0.0,trey lewis
James Livingston,ATH,TAMK,1.0,7.0,0.0,0.0,1.0,0.0,0.0,0.0,1.0,0.0,0.0,0.0,0.0,james livingston
Jordan Henderson,ATH,TAMK,1.0,19.0,0.0,2.0,0.0,0.0,0.0,0.0,2.0,0.0,0.0,0.0,0.0,jordan henderson
Nate Garcia,ATH,TAMK,1.0,5.0,0.0,0.0,0.0,0.0,0.0,0.0,0.0,0.0,0.0,0.0,0.0,nate garcia
Sam Esan,ATH,TAMK,1.0,5.0,0.0,2.0,0.0,0.0,0.0,0.0,1.0,0.0,0.0,0.0,1.0,sam esan
Isaiah Ramazani,PG,AVER,1.0,6.0,0.0,2.0,0.0,0.0,0.0,0.0,0.0,0.0,3.0,0.0,0.0,isaiah ramazani
Colton Price,ATH,AVER,1.0,5.0,0.0,1.0,0.0,0.0,0.0,0.0,0.0,0.0,0.0,0.0,0.0,colton price
Thailand Evans,SF,AVER,1.0,3.0,0.0,1.0,0.0,0.0,1.0,0.0,0.0,0.0,0.0,0.0,1.0,thailand evans
Joey Lamattina,ATH,AVER,1.0,2.0,0.0,0.0,0.0,0.0,0.0,0.0,1.0,0.0,0.0,0.0,0.0,joey lamattina
Terrell Fitzgerald,PG,AVER,1.0,6.0,0.0,6.0,0.0,0.0,0.0,0.0,5.0,0.0,0.0,0.0,2.0,terrell fitzgerald
Billy Brown Iii,ATH,JUDU,1.0,2.0,0.0,0.0,0.0,0.0,0.0,0.0,1.0,0.0,0.0,0.0,1.0,billy brown iii
Finn Walsh,ATH,JUDU,1.0,16.0,0.0,3.0,1.0,0.0,0.0,0.0,2.0,0.0,0.0,0.0,4.0,finn walsh
Bronson Bartuch,ATH,JUDU,1.0,7.0,0.0,0.0,1.0,0.0,0.0,0.0,0.0,0.0,0.0,0.0,1.0,bronson bartuch
Joe Hazelwood,ATH,JUDU,1.0,2.0,0.0,1.0,0.0,0.0,0.0,0.0,0.0,0.0,0.0,0.0,0.0,joe hazelwood
Wilson Newman,ATH,JUDU,1.0,4.0,0.0,0.0,0.0,0.0,0.0,0.0,1.0,0.0,0.0,0.0,0.0,wilson newman
Richard Harley,PG,CPC,2.0,12.5,0.0,1.5,1.0,1.0,0.5,0.0,2.0,0.0,0.0,0.0,1.5,richard harley
Aaron Davis Ii,ATH,PNW,1.0,9.0,0.0,1.0,0.0,0.0,0.0,0.0,4.0,0.0,0.0,0.0,1.0,aaron davis ii
Trevon Stoutermire,ATH,PNW,1.0,9.0,0.0,0.0,0.0,0.0,1.0,0.0,1.0,0.0,1.0,0.0,0.0,trevon stoutermire
Dante Sanchez,ATH,PITB,1.0,5.0,0.0,1.0,0.0,1.0,0.0,0.0,2.0,0.0,0.0,0.0,0.0,dante sanchez
Logan Joncas,ATH,PITB,1.0,7.0,0.0,0.0,1.0,0.0,0.0,0.0,1.0,0.0,0.0,0.0,1.0,logan joncas
Samuel Brown,ATH,PITB,1.0,16.0,0.0,7.0,2.0,2.0,1.0,0.0,0.0,0.0,0.0,0.0,2.0,samuel brown
Jaheim Mims,ATH,PITB,1.0,2.0,0.0,0.0,0.0,0.0,0.0,0.0,0.0,0.0,0.0,0.0,0.0,jaheim mims
Tommy Walton,ATH,PITB,1.0,3.0,0.0,1.0,2.0,0.0,0.0,0.0,1.0,0.0,0.0,0.0,1.0,tommy walton
Connor Hudran,ATH,PSSH,2.0,6.0,0.0,1.0,0.5,0.0,0.0,0.0,1.0,0.0,0.0,0.0,1.0,connor hudran
Langston Boyd,C,PSSH,2.0,10.5,0.0,0.0,0.5,2.5,0.0,0.0,1.5,0.0,0.0,0.0,0.5,langston boyd
Tyler Baldwin,PG,BRE,1.0,3.0,0.0,1.0,0.0,0.0,0.0,0.0,1.0,0.0,0.0,0.0,1.0,tyler baldwin
Kai Holland,ATH,YUNY,1.0,11.0,0.0,1.0,0.0,0.0,0.0,0.0,2.0,0.0,0.0,0.0,1.0,kai holland
Bryan Godette,ATH,YUNY,1.0,4.0,0.0,0.0,0.0,0.0,0.0,0.0,0.0,0.0,0.0,0.0,0.0,bryan godette
Carron Gipson,PG,ABU,2.0,4.5,0.0,0.0,0.5,0.5,0.0,0.0,0.5,0.0,0.0,0.0,1.0,carron gipson
Jack Futa,PG,AQUI,2.0,16.5,0.0,1.0,1.5,1.0,1.0,0.0,2.5,0.0,0.0,0.0,0.0,jack futa
Caedmon Huff,SF,AQUI,2.0,13.5,0.0,1.0,1.5,0.0,0.0,0.0,1.0,0.0,0.0,0.0,1.5,caedmon huff
Josh Rogosich,ATH,WRNR,2.0,3.5,0.0,0.0,0.0,0.0,0.5,0.0,0.0,0.0,0.0,0.0,0.0,josh rogosich
Joshua Cartegena,ATH,TCFL,1.0,7.0,0.0,0.0,0.0,0.0,0.0,0.0,2.0,0.0,2.0,0.0,1.0,joshua cartegena
James Miller,ATH,TCFL,1.0,16.0,0.0,1.0,0.0,2.0,0.0,0.0,2.0,0.0,0.0,0.0,3.0,james miller
Jehiel Henry,PG,TCFL,1.0,7.0,0.0,0.0,0.0,0.0,0.0,0.0,1.0,0.0,0.0,0.0,0.0,jehiel henry
Michael Maiorella,ATH,LHMN,1.0,2.0,0.0,0.0,0.0,0.0,0.0,0.0,1.0,0.0,0.0,0.0,0.0,michael maiorella
Elijah Avilla,ATH,LHMN,1.0,5.0,0.0,0.0,0.0,0.0,0.0,0.0,1.0,0.0,0.0,0.0,0.0,elijah avilla
Aaron Zalescik,SF,MMA,1.0,28.0,0.0,2.0,0.0,1.0,2.0,0.0,7.0,0.0,0.0,0.0,2.0,aaron zalescik
Aris Joyner,ATH,MNTT,2.0,4.0,0.0,0.5,0.0,0.0,0.0,0.0,1.0,0.0,0.0,0.0,0.5,aris joyner
Wyatt Smith,ATH,THMC,1.0,6.0,0.0,0.0,0.0,0.0,0.0,0.0,1.0,0.0,0.0,0.0,0.0,wyatt smith
Parker Sergent,ATH,THMC,1.0,6.0,0.0,0.0,0.0,0.0,0.0,0.0,2.0,0.0,0.0,0.0,2.0,parker sergent
Payton Mitchell,PG,THMC,1.0,4.0,0.0,1.0,0.0,1.0,0.0,0.0,0.0,0.0,0.0,0.0,0.0,payton mitchell
Nathan Rubin,ATH,SLC,1.0,10.0,0.0,0.0,0.0,0.0,0.0,0.0,1.0,0.0,0.0,0.0,2.0,nathan rubin
TJ Corbin II,PG,LNCA,3.0,3.6666667,0.0,0.33333334,0.0,0.0,0.0,0.0,1.3333334,0.0,0.0,0.0,0.6666667,tj corbin ii
Joel Codner Marshall,ATH,LNCA,3.0,3.6666667,0.0,0.33333334,0.0,0.0,0.0,0.0,0.33333334,0.0,0.0,0.0,0.0,joel codner marshall
Travis Reed,ATH,CHC,1.0,8.0,0.0,0.0,0.0,0.0,0.0,0.0,2.0,0.0,0.0,0.0,0.0,travis reed
Amari Dow,ATH,CHC,1.0,4.0,0.0,0.0,0.0,1.0,0.0,0.0,1.0,0.0,0.0,0.0,1.0,amari dow
Neal Hill,ATH,CHC,1.0,27.0,0.0,8.0,5.0,3.0,2.0,0.0,3.0,0.0,0.0,0.0,2.0,neal hill
Justin Edwards,PG,NCCU,1.0,10.0,0.0,0.0,1.0,0.0,0.0,0.0,1.0,0.0,0.0,0.0,3.0,justin edwards
Koran Johnson,ATH,HSSU,1.0,6.0,0.0,0.0,0.0,0.0,0.0,0.0,1.0,0.0,0.0,0.0,1.0,koran johnson
Mj Leslie,ATH,OBU,1.0,17.0,0.0,1.0,0.0,0.0,0.0,0.0,5.0,0.0,0.0,0.0,3.0,mj leslie
Kade Caldwell,ATH,OBU,1.0,3.0,0.0,0.0,1.0,0.0,0.0,0.0,1.0,0.0,0.0,0.0,0.0,kade caldwell
Crew Flowers,ATH,OBU,1.0,9.0,0.0,1.0,1.0,1.0,0.0,0.0,1.0,0.0,0.0,0.0,0.0,crew flowers
Kaden Geddes,ATH,OBU,1.0,1.0,0.0,0.0,0.0,0.0,0.0,0.0,0.0,0.0,0.0,0.0,0.0,kaden geddes
Rhett Reynolds,SF,MTTC,1.0,16.0,0.0,0.0,1.0,0.0,0.0,0.0,0.0,0.0,0.0,0.0,1.0,rhett reynolds
Joshua Ray,SF,UCCS,1.0,2.0,0.0,0.0,0.0,0.0,0.0,0.0,0.0,0.0,0.0,0.0,1.0,joshua ray
Norman Haynes,PG,CCSC,1.0,2.0,0.0,1.0,0.0,0.0,0.0,0.0,0.0,0.0,0.0,0.0,0.0,norman haynes
Zach Smith,SF,CCSC,1.0,4.0,0.0,0.0,0.0,0.0,0.0,0.0,2.0,0.0,0.0,0.0,0.0,zach smith
Cj Leonard,ATH,LESL,1.0,13.0,0.0,1.0,0.0,0.0,0.0,0.0,3.0,0.0,0.0,0.0,1.0,cj leonard
Jelanie Morgan,ATH,LESL,1.0,16.0,0.0,2.0,0.0,0.0,0.0,0.0,1.0,0.0,0.0,0.0,0.0,jelanie morgan
Tyrese Baffour,ATH,LESL,1.0,12.0,0.0,3.0,1.0,2.0,0.0,0.0,1.0,0.0,0.0,0.0,2.0,tyrese baffour
Jaxon Miles,ATH,LESL,1.0,29.0,0.0,3.0,1.0,4.0,0.0,0.0,2.0,0.0,0.0,0.0,3.0,jaxon miles
K'Mari Smith,ATH,BRYA,1.0,13.0,0.0,1.0,0.0,0.0,0.0,0.0,0.0,0.0,0.0,0.0,0.0,k mari smith
Kaden Thomas,ATH,MGA,1.0,4.0,0.0,1.0,0.0,0.0,0.0,0.0,1.0,0.0,0.0,0.0,1.0,kaden thomas
Jabari Parker,ATH,HSU,1.0,8.0,0.0,3.0,1.0,0.0,0.0,0.0,2.0,0.0,1.0,0.0,1.0,jabari parker
Mical Runnels,ATH,WLWL,2.0,4.0,0.0,0.0,0.0,0.0,0.0,0.0,1.0,0.0,0.0,0.0,1.0,mical runnels
Lethaniel Foster Jr.,PG,WVWC,1.0,3.0,0.0,0.0,0.0,0.0,0.0,0.0,1.0,0.0,0.0,0.0,0.0,lethaniel foster jr
Jerell Baptiste,PG,WVWC,1.0,3.0,0.0,0.0,0.0,0.0,0.0,0.0,0.0,0.0,0.0,0.0,1.0,jerell baptiste
Kris Joyce,PG,WVWC,1.0,1.0,0.0,0.0,0.0,0.0,0.0,0.0,0.0,0.0,0.0,0.0,0.0,kris joyce
Jeffrey Alvarado,ATH,WVWC,1.0,1.0,0.0,0.0,0.0,0.0,0.0,0.0,0.0,0.0,0.0,0.0,0.0,jeffrey alvarado
Jaden Westfall,SF,WVWC,1.0,8.0,0.0,0.0,0.0,0.0,0.0,0.0,1.0,0.0,0.0,0.0,0.0,jaden westfall
Reyce Allen,SF,STTX,1.0,23.0,0.0,3.0,0.0,0.0,0.0,0.0,5.0,0.0,0.0,0.0,2.0,reyce allen
Cam Love,ATH,STTX,1.0,12.0,0.0,3.0,0.0,0.0,0.0,0.0,3.0,0.0,0.0,0.0,1.0,cam love
Connor Clem,SF,WLMT,1.0,1.0,0.0,0.0,0.0,0.0,0.0,0.0,0.0,0.0,0.0,0.0,0.0,connor clem
Brandin Dantzler,ATH,WLMT,1.0,19.0,0.0,1.0,1.0,1.0,1.0,0.0,3.0,0.0,0.0,0.0,0.0,brandin dantzler
Ayndra Uperesa-Thomas,ATH,WLMT,1.0,7.0,0.0,1.0,1.0,0.0,0.0,0.0,1.0,0.0,0.0,0.0,2.0,ayndra uperesa thomas
Pearson Wiggins,SF,WLMT,1.0,6.0,0.0,2.0,0.0,0.0,1.0,0.0,3.0,0.0,0.0,0.0,0.0,pearson wiggins
Darrin Lum,ATH,WLMT,1.0,4.0,0.0,0.0,0.0,0.0,0.0,0.0,4.0,0.0,1.0,0.0,0.0,darrin lum
Nate Abel,ATH,MTU,1.0,20.0,0.0,4.0,3.0,0.0,0.0,0.0,1.0,0.0,0.0,0.0,1.0,nate abel
Brandon Russell,ATH,SWA,2.0,8.5,0.0,0.0,0.0,0.0,0.0,0.0,0.5,0.0,0.0,0.0,1.5,brandon russell
Kariden Hardick,ATH,TWU,1.0,23.0,0.0,2.0,0.0,0.0,0.0,0.0,2.0,0.0,0.0,0.0,0.0,kariden hardick
Matthieu Biembongo,ATH,LNMO,1.0,20.0,0.0,4.0,1.0,0.0,0.0,0.0,2.0,0.0,0.0,0.0,2.0,matthieu biembongo
Reumang Emagna,ATH,LNMO,1.0,3.0,0.0,0.0,0.0,0.0,0.0,0.0,1.0,0.0,0.0,0.0,0.0,reumang emagna
Dylan Snow,PG,SCHR,2.0,15.0,0.0,0.5,0.0,0.5,0.0,0.0,2.0,0.0,0.0,0.0,0.5,dylan snow
Kamari Shaquille Johnson,ATH,BREW,2.0,9.0,0.0,0.5,1.0,0.0,0.0,0.0,1.0,0.0,0.0,0.0,0.5,kamari shaquille johnson
Jack Taylor,ATH,PSF,1.0,19.0,0.0,0.0,1.0,0.0,0.0,0.0,2.0,0.0,0.0,0.0,2.0,jack taylor
Drew Hebron,ATH,PSF,1.0,2.0,0.0,0.0,0.0,0.0,0.0,0.0,1.0,0.0,0.0,0.0,0.0,drew hebron
Emmanuel Dotson,ATH,PSF,1.0,7.0,0.0,3.0,0.0,0.0,0.0,0.0,1.0,0.0,0.0,0.0,2.0,emmanuel dotson
Hensley Ward,ATH,UVAW,1.0,9.0,0.0,0.0,0.0,0.0,0.0,0.0,2.0,0.0,0.0,0.0,2.0,hensley ward
Ty Felmlee,ATH,PSSC,1.0,11.0,0.0,0.0,1.0,0.0,0.0,0.0,1.0,0.0,0.0,0.0,1.0,ty felmlee
Nick Epp,ATH,PSSC,1.0,11.0,0.0,1.0,0.0,0.0,0.0,0.0,0.0,0.0,0.0,0.0,1.0,nick epp
Allan Ogando,ATH,PSSC,1.0,1.0,0.0,0.0,0.0,0.0,0.0,0.0,0.0,0.0,0.0,0.0,0.0,allan ogando
Max Mazone,ATH,PSSC,1.0,21.0,0.0,4.0,0.0,0.0,0.0,0.0,3.0,0.0,0.0,0.0,0.0,max mazone
Ike Nwamumu,ATH,PSSC,1.0,1.0,0.0,0.0,0.0,0.0,0.0,0.0,0.0,0.0,0.0,0.0,0.0,ike nwamumu
Kilib Jackson,ATH,PSSC,1.0,3.0,0.0,0.0,0.0,0.0,0.0,0.0,0.0,0.0,0.0,0.0,0.0,kilib jackson
Ryan Cabrarea,ATH,PSSC,1.0,3.0,0.0,0.0,0.0,0.0,0.0,0.0,1.0,0.0,0.0,0.0,0.0,ryan cabrarea
Aiden Clarke,ATH,PSSC,1.0,1.0,0.0,0.0,0.0,0.0,0.0,0.0,0.0,0.0,0.0,0.0,0.0,aiden clarke
Marshall Lamb,ATH,SMC,1.0,4.0,0.0,0.0,0.0,0.0,0.0,0.0,1.0,0.0,0.0,0.0,0.0,marshall lamb
Deanthony Ross,ATH,SMC,1.0,7.0,0.0,1.0,0.0,0.0,1.0,0.0,1.0,0.0,0.0,0.0,1.0,deanthony ross
Mason Lamb,ATH,SMC,1.0,16.0,0.0,0.0,0.0,0.0,0.0,0.0,0.0,0.0,0.0,0.0,0.0,mason lamb
Ethan Taylor,ATH,WINT,1.0,17.0,0.0,2.0,0.0,0.0,0.0,0.0,4.0,0.0,0.0,0.0,2.0,ethan taylor
Brayden Thorne,ATH,VWU,1.0,9.0,0.0,0.0,0.0,0.0,0.0,0.0,1.0,0.0,0.0,0.0,0.0,brayden thorne
Marcus Rustin,ATH,VWU,1.0,2.0,0.0,0.0,1.0,0.0,0.0,0.0,0.0,0.0,0.0,0.0,0.0,marcus rustin
Jeremiah Vigil,ATH,USW,1.0,7.0,0.0,0.0,0.0,0.0,0.0,0.0,1.0,0.0,0.0,0.0,0.0,jeremiah vigil
Norman Beckford,ATH,USW,1.0,11.0,0.0,1.0,0.0,1.0,0.0,0.0,2.0,0.0,0.0,0.0,2.0,norman beckford
Jacob Labounty,ATH,WLWD,1.0,11.0,0.0,2.0,0.0,0.0,0.0,0.0,1.0,0.0,0.0,0.0,1.0,jacob labounty
Drew Panning,ATH,HDBG,1.0,5.0,0.0,0.0,0.0,0.0,0.0,0.0,1.0,0.0,0.0,0.0,1.0,drew panning
Mason Wisniewski,ATH,HDBG,1.0,2.0,0.0,0.0,0.0,0.0,0.0,0.0,0.0,0.0,0.0,0.0,0.0,mason wisniewski
Rory Robbins,PG,STX,1.0,2.0,0.0,0.0,0.0,0.0,0.0,0.0,1.0,0.0,0.0,0.0,0.0,rory robbins
Zion Hunter,ATH,MOBL,1.0,15.0,0.0,3.0,0.0,0.0,0.0,0.0,2.0,0.0,0.0,0.0,1.0,zion hunter
Marcus Scott,ATH,FVSU,1.0,20.0,0.0,1.0,0.0,0.0,0.0,0.0,2.0,0.0,0.0,0.0,0.0,marcus scott
Mike Robinson,PG,FVSU,1.0,11.0,0.0,2.0,4.0,0.0,0.0,0.0,4.0,0.0,0.0,0.0,4.0,mike robinson
Micah Glover,ATH,FVSU,1.0,5.0,0.0,0.0,0.0,0.0,0.0,0.0,1.0,0.0,0.0,0.0,0.0,micah glover
Demetrius Paul Jr,C,FVSU,1.0,2.0,0.0,0.0,0.0,0.0,0.0,0.0,0.0,0.0,0.0,0.0,0.0,demetrius paul jr
Adonai Mussie,ATH,FVSU,1.0,6.0,0.0,1.0,0.0,0.0,0.0,0.0,0.0,0.0,0.0,0.0,1.0,adonai mussie
DJ White,PG,EOU,1.0,4.0,0.0,0.0,0.0,0.0,0.0,0.0,0.0,0.0,0.0,0.0,0.0,dj white
Preston Kramer,ATH,EOU,1.0,4.0,0.0,0.0,0.0,0.0,0.0,0.0,1.0,0.0,0.0,0.0,1.0,preston kramer
Luke Allison,SF,EOU,1.0,3.0,0.0,0.0,0.0,0.0,0.0,0.0,2.0,0.0,0.0,0.0,0.0,luke allison
Cole Duncan,ATH,ANIN,1.0,6.0,0.0,1.0,1.0,0.0,0.0,0.0,1.0,0.0,0.0,0.0,0.0,cole duncan
Dante De Moor,ATH,CSC,1.0,8.0,0.0,0.0,0.0,0.0,0.0,0.0,2.0,0.0,0.0,0.0,1.0,dante de moor
Brady Rogers,ATH,CSC,1.0,7.0,0.0,1.0,0.0,0.0,0.0,0.0,1.0,0.0,0.0,0.0,1.0,brady rogers
Jordan Roode,ATH,CSC,1.0,2.0,0.0,0.0,0.0,0.0,0.0,0.0,0.0,0.0,0.0,0.0,0.0,jordan roode
Braelen Crump,PG,KEAN,1.0,4.0,0.0,1.0,0.0,0.0,0.0,0.0,1.0,0.0,0.0,0.0,0.0,braelen crump
Justin Boston,ATH,KEAN,1.0,2.0,0.0,0.0,0.0,0.0,0.0,0.0,1.0,0.0,0.0,0.0,0.0,justin boston
Trevonne Tcha,PG,MEC,1.0,9.0,0.0,0.0,0.0,0.0,1.0,0.0,1.0,0.0,0.0,0.0,1.0,trevonne tcha
Zachary Bussey,PG,MEC,1.0,3.0,0.0,0.0,0.0,1.0,0.0,0.0,1.0,0.0,0.0,0.0,0.0,zachary bussey
Elijah Paul,PG,MEC,1.0,5.0,0.0,0.0,0.0,0.0,0.0,0.0,0.0,0.0,0.0,0.0,0.0,elijah paul
Boubacar Mbaye,PG,MEC,1.0,3.0,0.0,0.0,0.0,0.0,0.0,0.0,1.0,0.0,0.0,0.0,0.0,boubacar mbaye
Jaden Hill,ATH,BOW,1.0,0.0,0.0,0.0,0.0,0.0,0.0,0.0,0.0,0.0,0.0,0.0,0.0,jaden hill
Matteo Cervone,ATH,BOW,1.0,0.0,0.0,0.0,0.0,0.0,0.0,0.0,0.0,0.0,0.0,0.0,0.0,matteo cervone
Adam Bello,ATH,BOW,1.0,4.0,0.0,1.0,0.0,1.0,0.0,0.0,1.0,0.0,0.0,0.0,0.0,adam bello
Chris Rey,ATH,BOW,1.0,3.0,0.0,1.0,1.0,0.0,0.0,0.0,0.0,0.0,0.0,0.0,0.0,chris rey
Logan McCormick,SF,MRHO,1.0,2.0,0.0,2.0,0.0,0.0,0.0,0.0,1.0,0.0,0.0,0.0,0.0,logan mccormick
Mateo Cataid,ATH,WAU,1.0,3.0,0.0,0.0,1.0,0.0,0.0,0.0,0.0,0.0,0.0,0.0,1.0,mateo cataid
