player_name,college_position,college_team,games,minutes,pts,reb,ast,stl,blk,fg3m,fga,fg_pct,fta,ft_pct,to,name_key
Cameron McRae,PG,BFC,1.0,39.0,36.0,5.0,3.0,3.0,0.0,8.0,21.0,0.5714285969734192,4.0,1.0,2.0,cameron mcrae
Mario Williams Jr,SG,UCCS,1.0,27.0,35.0,3.0,0.0,1.0,0.0,7.0,23.0,0.52173912525177,6.0,0.6666666865348816,0.0,mario williams jr
Corey Thompson,PG,STTX,1.0,30.0,34.0,4.0,1.0,1.0,1.0,4.0,21.0,0.4761904776096344,15.0,0.6666666865348816,3.0,corey thompson
Derek Fairley,PG,LOUR,1.0,36.0,34.0,1.0,2.0,2.0,1.0,6.0,26.0,0.5,2.0,1.0,2.0,derek fairley
Deion Wesson,PG,WBU,1.0,40.0,32.0,11.0,1.0,5.0,1.0,3.0,26.0,0.5,4.0,0.75,9.0,deion wesson
Elijah Lewis,PG,LANE,1.0,33.0,31.0,3.0,2.0,1.0,0.0,5.0,20.0,0.5,6.0,1.0,0.0,elijah lewis
Isaiah Philbert,PG,CALD,1.0,28.0,28.0,1.0,0.0,1.0,1.0,7.0,14.0,0.6428571343421936,4.0,0.75,2.0,isaiah philbert
Saivon Pressley,PG,PSHZ,1.0,38.0,27.0,5.0,1.0,3.0,0.0,5.0,17.0,0.6470588445663452,1.0,0.0,1.0,saivon pressley
Akeives Shorts,PG,RUST,1.0,31.0,27.0,5.0,4.0,3.0,1.0,1.0,16.0,0.75,2.0,1.0,4.0,akeives shorts
Kaiden Pack,PG,PCC,1.0,35.0,27.0,7.0,2.0,4.0,0.0,2.0,18.0,0.5555555820465088,6.0,0.8333333134651184,11.0,kaiden pack
Cody Palazzesi,PG,WNE,1.0,36.0,26.0,3.0,1.0,3.0,0.0,1.0,16.0,0.5,10.0,0.8999999761581421,3.0,cody palazzesi
Troy Butler,PG,MITC,1.0,29.0,26.0,2.0,2.0,2.0,0.0,2.0,18.0,0.5,9.0,0.6666666865348816,3.0,troy butler
Antonio Patterson,SF,TOUG,2.0,33.0,26.0,2.5,1.0,1.5,1.5,1.5,16.5,0.4848484992980957,10.0,0.8500000238418579,2.5,antonio patterson
Brooks Kissinger,PG,CUNE,1.0,35.0,26.0,5.0,0.0,0.0,0.0,1.0,13.0,0.692307710647583,8.0,0.875,3.0,brooks kissinger
Jaiden McGhee,SF,BOWE,1.0,37.0,26.0,5.0,0.0,3.0,0.0,1.0,13.0,0.6153846383094788,11.0,0.8181818127632141,3.0,jaiden mcghee
AJ Dybantsa,SF,BYU,35.0,34.8,25.542856,6.8285713,3.7142856,1.0571429,0.34285715,1.4,17.257143,0.5099337697029114,8.457143,0.7736486196517944,3.0857143,aj dybantsa
Michael Gray,PG,LYBG,1.0,24.0,25.0,5.0,0.0,1.0,0.0,1.0,15.0,0.4000000059604645,13.0,0.9230769276618958,3.0,michael gray
Austin Southerland,PG,UCC,1.0,32.0,25.0,1.0,1.0,1.0,0.0,6.0,23.0,0.30434781312942505,5.0,1.0,6.0,austin southerland
Jesse Washington,SF,WBU,1.0,33.0,25.0,6.0,3.0,1.0,0.0,7.0,19.0,0.4736842215061188,0.0,0.0,3.0,jesse washington
Donez Lindsey,PG,MNCR,1.0,31.0,25.0,1.0,3.0,2.0,0.0,5.0,13.0,0.692307710647583,2.0,1.0,3.0,donez lindsey
Sam Williams,PG,UMFK,1.0,32.0,25.0,4.0,3.0,2.0,0.0,2.0,16.0,0.5625,8.0,0.625,6.0,sam williams
Jordan Riley,PG,ECU,30.0,37.866665,23.6,6.0333333,2.4666667,1.9333333,0.53333336,1.1,19.566668,0.41908007860183716,8.566667,0.7120622396469116,2.3333333,jordan riley
Darius Acuff Jr.,PG,ARK,36.0,35.13889,23.472221,3.0833333,6.4444447,0.8333333,0.30555555,2.5277777,16.527779,0.48403361439704895,6.111111,0.8090909123420715,2.1666667,darius acuff jr
P.J. Haggerty,PG,KSU,31.0,35.19355,23.387096,5.2580647,3.8387096,1.1935484,0.032258064,1.2903225,17.870968,0.4891696870326996,6.580645,0.7009803652763367,3.2903225,p j haggerty
Daeshun Ruffin,PG,JKST,28.0,33.642857,23.321428,2.7857144,5.321429,1.6071428,0.14285715,1.5357143,17.0,0.4264705777168274,8.642858,0.8429751992225647,3.75,daeshun ruffin
Dominique Daniels Jr.,PG,CBU,33.0,36.272728,23.212122,3.8181818,3.2121212,1.0,0.09090909,1.969697,18.181818,0.43166667222976685,6.848485,0.8097345232963562,2.4545455,dominique daniels jr
Ebuka Okorie,PG,STAN,31.0,35.129032,23.193548,3.6451614,3.580645,1.5806452,0.32258064,2.032258,16.225807,0.4652087390422821,7.290323,0.8318583965301514,1.8709677,ebuka okorie
Nick Martinelli,SF,NU,33.0,35.60606,23.0,6.181818,2.0,0.7878788,0.36363637,1.3636364,15.939394,0.5095056891441345,6.6666665,0.8090909123420715,1.4242424,nick martinelli
Ta'Rasi Means,PG,PSNK,1.0,37.0,23.0,5.0,1.0,4.0,0.0,3.0,22.0,0.3636363744735718,5.0,0.800000011920929,3.0,ta rasi means
Justin White,PG,LC,1.0,14.0,23.0,4.0,1.0,1.0,0.0,4.0,9.0,0.8888888955116272,3.0,1.0,2.0,justin white
Avery Huggins,SF,SHAW,1.0,35.0,23.0,5.0,2.0,1.0,2.0,3.0,19.0,0.5263158082962036,0.0,0.0,0.0,avery huggins
Seth Logan,PG,ADR,1.0,24.0,23.0,1.0,0.0,0.0,0.0,5.0,17.0,0.4117647111415863,4.0,1.0,3.0,seth logan
Lateef Johnson Jr.,SF,NYCA,1.0,37.0,23.0,6.0,4.0,1.0,2.0,3.0,17.0,0.47058823704719543,8.0,0.5,3.0,lateef johnson jr
Cameron Boozer,SF,DUKE,38.0,33.5,22.5,10.236842,4.131579,1.3947369,0.6052632,1.4210526,13.736842,0.5555555820465088,7.368421,0.7892857193946838,2.5263157,cameron boozer
Laolu Kalejaiye,PG,LNCA,5.0,38.0,22.4,2.2,2.0,0.4,0.0,5.8,20.0,0.3799999952316284,1.8,0.7777777910232544,4.4,laolu kalejaiye
Josh Hubbard,PG,MSST,32.0,33.34375,22.09375,2.46875,3.59375,1.21875,0.09375,2.96875,17.5625,0.42170819640159607,5.75,0.75,2.375,josh hubbard
Jack Wilson,SF,DOAN,1.0,35.0,22.0,3.0,1.0,1.0,0.0,2.0,15.0,0.4000000059604645,9.0,0.8888888955116272,4.0,jack wilson
Kohen Rowbatham,PG,MRCY,1.0,40.0,22.0,3.0,1.0,1.0,0.0,0.0,21.0,0.380952388048172,7.0,0.8571428656578064,3.0,kohen rowbatham
Khalil Baker,PG,MRRS,1.0,38.0,22.0,3.0,1.0,0.0,0.0,0.0,12.0,0.6666666865348816,8.0,0.75,2.0,khalil baker
Josh Sangalli,SF,BOYC,1.0,26.0,22.0,4.0,1.0,2.0,0.0,3.0,20.0,0.44999998807907104,1.0,1.0,4.0,josh sangalli
Yashiro Hurst Jr.,PG,PSC,1.0,40.0,22.0,3.0,5.0,2.0,0.0,1.0,15.0,0.6000000238418579,5.0,0.6000000238418579,7.0,yashiro hurst jr
Reem Welch,PG,PLAT,1.0,38.0,22.0,5.0,2.0,2.0,0.0,1.0,19.0,0.3684210479259491,9.0,0.7777777910232544,2.0,reem welch
Darius Lee,PG,TCFL,1.0,30.0,22.0,3.0,0.0,1.0,0.0,1.0,11.0,0.5454545617103577,10.0,0.8999999761581421,1.0,darius lee
Jakari Parker,PG,MMID,1.0,26.0,22.0,3.0,1.0,1.0,0.0,3.0,10.0,0.699999988079071,5.0,1.0,2.0,jakari parker
Labaron Philon Jr.,PG,ALA,33.0,30.90909,21.969696,3.5454545,5.0,1.1515151,0.18181819,2.4545455,14.69697,0.5010309219360352,6.0,0.7979797720909119,2.5454545,labaron philon jr
Jack Karasinski,SF,BELL,30.0,29.933332,21.666666,4.733333,1.1666666,0.6,0.26666668,2.3666666,12.6,0.5608465671539307,6.4,0.8072916865348816,1.4333333,jack karasinski
Jadin Booth,PG,SAM,30.0,36.433334,21.6,3.6666667,2.2,1.1333333,0.06666667,4.233333,14.233334,0.454332560300827,5.1,0.8692810535430908,1.5666667,jadin booth
Juke Harris,PG,WAKE,35.0,35.17143,21.428572,6.542857,1.9428571,1.2571429,0.2,2.4857142,15.057143,0.4440227746963501,7.114286,0.7831325531005859,1.6571429,juke harris
Michael James,PG,MVSU,32.0,36.8125,21.40625,3.4375,2.75,1.75,0.03125,2.5625,17.15625,0.437158465385437,4.25,0.904411792755127,2.9375,michael james
Eric Blackwell,PG,BENU,1.0,23.0,21.0,0.0,1.0,2.0,0.0,4.0,11.0,0.6363636255264282,3.0,1.0,1.0,eric blackwell
Camren Hunter,PG,CARK,34.0,31.0,21.0,4.2058825,2.735294,1.4117647,0.23529412,2.2058823,14.941176,0.5059055089950562,4.617647,0.7961783409118652,1.7941177,camren hunter
Joseph Allen,PG,SPGN,1.0,27.0,21.0,5.0,1.0,3.0,2.0,0.0,12.0,0.5833333134651184,8.0,0.875,2.0,joseph allen
Jacob Armant,PG,EMRS,1.0,35.0,21.0,4.0,3.0,1.0,0.0,3.0,17.0,0.529411792755127,0.0,0.0,1.0,jacob armant
Tye-Rell Monroe,PG,STE,1.0,26.0,21.0,2.0,0.0,1.0,0.0,3.0,14.0,0.5,5.0,0.800000011920929,0.0,tye rell monroe
Shay Roban,SF,EMRS,1.0,19.0,21.0,2.0,0.0,0.0,0.0,5.0,12.0,0.6666666865348816,1.0,0.0,0.0,shay roban
Lou Bellamy,SF,HOUG,1.0,33.0,21.0,2.0,5.0,4.0,0.0,0.0,16.0,0.5,6.0,0.8333333134651184,1.0,lou bellamy
Tyrone Wright Jr.,SF,MSSU,1.0,25.0,21.0,3.0,0.0,0.0,3.0,0.0,14.0,0.7142857313156128,2.0,0.5,0.0,tyrone wright jr
Garrett Davault,PG,EVU,1.0,30.0,21.0,2.0,3.0,1.0,3.0,0.0,14.0,0.6428571343421936,5.0,0.6000000238418579,1.0,garrett davault
Tre Hawkins,SF,WUDE,1.0,38.0,21.0,10.0,0.0,1.0,2.0,1.0,18.0,0.3333333432674408,8.0,1.0,1.0,tre hawkins
Jalen Thorns,PG,GRNB,1.0,34.0,21.0,4.0,1.0,2.0,0.0,3.0,15.0,0.5333333611488342,2.0,1.0,2.0,jalen thorns
Jalen Pierce,PG,WLSN,1.0,31.0,21.0,6.0,5.0,2.0,0.0,3.0,10.0,0.699999988079071,4.0,1.0,3.0,jalen pierce
Malachi Jeffers-Viera,SF,KEAN,1.0,40.0,21.0,6.0,2.0,1.0,1.0,2.0,11.0,0.7272727489471436,4.0,0.75,5.0,malachi jeffers viera
Kamrin Oriol,PG,UNF,32.0,35.6875,20.9375,3.03125,4.25,0.84375,0.09375,3.0625,14.78125,0.47991544008255005,4.15625,0.8872180581092834,3.15625,kamrin oriol
Lamar Wilkerson,PG,IU,32.0,33.9375,20.90625,3.5,2.40625,0.96875,0.1875,3.25,15.3125,0.4632652997970581,3.90625,0.8880000114440918,1.59375,lamar wilkerson
Nick Boyd,PG,WIS,35.0,31.914286,20.742857,3.8,4.257143,1.0285715,0.028571429,1.7428571,15.0,0.47999998927116394,5.542857,0.8298969268798828,1.6857142,nick boyd
Darin Smith Jr.,SF,CCSU,30.0,32.6,20.7,5.4333334,1.1666666,0.7,0.23333333,1.8666667,14.833333,0.45617976784706116,5.9,0.8983050584793091,1.6333333,darin smith jr
Dra Gibbs-Lawhorn,PG,UNLV,35.0,34.114285,20.685715,3.1142857,2.5428572,1.4857143,0.54285717,2.8857143,14.771428,0.4970986545085907,3.7142856,0.8384615182876587,2.5142858,dra gibbs lawhorn
Shelton Williams-Dryden,SF,WGA,32.0,35.15625,20.65625,9.0625,1.46875,1.03125,0.21875,0.53125,16.09375,0.5009709000587463,5.53125,0.7231638431549072,1.96875,shelton williams dryden
Money Williams,PG,MONT,34.0,31.205883,20.558823,4.3235292,4.7058825,0.9411765,0.32352942,1.4411764,13.411765,0.4934210479259491,6.882353,0.8547008633613586,4.0882354,money williams
Nasir Whitlock,PG,LEH,35.0,34.914288,20.514286,3.4857142,3.3142858,1.0285715,0.0,2.2285714,14.6,0.465753436088562,5.9428573,0.7884615659713745,2.6857142,nasir whitlock
Justin Morety,PG,CCNY,2.0,30.5,20.5,3.5,3.5,0.0,0.0,1.0,20.5,0.4390243887901306,2.0,0.75,2.5,justin morety
Corey Hadnot II,PG,PFW,32.0,33.15625,20.4375,4.0,3.5,1.8125,0.34375,1.78125,14.71875,0.5201698541641235,4.84375,0.6903225779533386,2.0625,corey hadnot ii
Hamad Mousa,PG,CP,32.0,31.34375,20.375,6.25,1.96875,1.0,0.375,2.625,13.6875,0.4429223835468292,6.40625,0.8780487775802612,2.5,hamad mousa
Colby Garland,PG,SJSU,29.0,35.068966,20.310345,3.275862,4.62069,1.137931,0.03448276,1.2068965,14.793103,0.4895104765892029,5.448276,0.8481012582778931,2.137931,colby garland
Dontae Horne,PG,PV,37.0,32.216217,20.108109,4.5135136,2.9189188,1.945946,0.27027026,1.3243244,15.162162,0.4420677423477173,6.7027025,0.8024193644523621,2.6486487,dontae horne
Carson Johnson,PG,DEN,32.0,35.5625,20.0625,1.8125,3.0,0.59375,0.0625,2.71875,14.3125,0.4585152864456177,4.78125,0.8823529481887817,1.3125,carson johnson
Cruz Davis,PG,HOF,35.0,37.885715,20.057142,3.6857142,4.6857142,1.0857143,0.34285715,2.3428571,15.514286,0.440147340297699,4.885714,0.8304093480110168,2.5142858,cruz davis
Shakir Odunewu,C,CAPH,1.0,25.0,20.0,7.0,2.0,1.0,1.0,2.0,12.0,0.5833333134651184,5.0,0.800000011920929,2.0,shakir odunewu
Andrew McConnell,PG,CMBS,1.0,29.0,20.0,6.0,1.0,0.0,0.0,6.0,13.0,0.5384615659713745,0.0,0.0,3.0,andrew mcconnell
Avery Lee,PG,VC,1.0,25.0,20.0,1.0,3.0,1.0,0.0,2.0,16.0,0.5,2.0,1.0,2.0,avery lee
Greg Moore Jr.,PG,SAR,1.0,23.0,20.0,2.0,1.0,4.0,0.0,4.0,12.0,0.5,4.0,1.0,5.0,greg moore jr
Manny Roach,PG,MANR,2.0,35.5,20.0,6.5,1.5,1.0,0.5,3.5,17.5,0.4000000059604645,3.5,0.7142857313156128,5.5,manny roach
Rocco Lamuno,PG,SPRH,1.0,26.0,20.0,5.0,0.0,1.0,0.0,6.0,13.0,0.5384615659713745,0.0,0.0,2.0,rocco lamuno
JerMontae Hill,PG,MRHO,1.0,36.0,20.0,4.0,0.0,0.0,0.0,1.0,12.0,0.5833333134651184,7.0,0.7142857313156128,3.0,jermontae hill
Parker Day,SF,NWD,1.0,27.0,20.0,3.0,3.0,2.0,0.0,1.0,14.0,0.5714285969734192,4.0,0.75,2.0,parker day
Dorian Glogovac,PG,CALT,1.0,25.0,20.0,4.0,0.0,2.0,0.0,2.0,20.0,0.30000001192092896,7.0,0.8571428656578064,7.0,dorian glogovac
Marquis Gill,PG,CTBR,1.0,36.0,20.0,4.0,3.0,1.0,0.0,1.0,16.0,0.375,8.0,0.875,0.0,marquis gill
Asher Williams,PG,MTTC,1.0,18.0,20.0,1.0,1.0,0.0,0.0,4.0,8.0,0.75,4.0,1.0,1.0,asher williams
Jadin Johnson,PG,YUNE,1.0,34.0,20.0,4.0,4.0,1.0,0.0,3.0,18.0,0.3888888955116272,4.0,0.75,4.0,jadin johnson
Zayden Edwards,PG,NGU,2.0,32.5,20.0,6.5,1.5,0.0,0.0,4.0,11.0,0.5,5.5,0.9090909361839294,2.5,zayden edwards
Kaleb Wanamaker,PG,MHAM,1.0,30.0,20.0,4.0,0.0,1.0,0.0,4.0,12.0,0.5,5.0,0.800000011920929,3.0,kaleb wanamaker
Bruce Thornton,PG,OSU,34.0,36.558823,19.911764,5.0882354,3.9117646,1.1470588,0.23529412,1.8235294,12.588235,0.5537382960319519,5.0,0.8294117450714111,1.2941177,bruce thornton
Terrence Brown,PG,UTAH,32.0,31.53125,19.875,2.40625,3.84375,1.375,0.09375,1.0,15.375,0.45325204730033875,6.375,0.7745097875595093,2.4375,terrence brown
Graham Ike,SF,GONZ,31.0,31.225807,19.870968,8.032258,2.3548386,0.7419355,0.83870965,0.7741935,13.580646,0.5629453659057617,4.774194,0.7972972989082336,1.8064516,graham ike
Bennett Stirtz,PG,IOWA,37.0,37.756756,19.837837,2.6486487,4.4054055,1.3783784,0.24324325,2.4864864,14.216216,0.47718632221221924,4.4594593,0.8484848737716675,1.8378378,bennett stirtz
Nolan Minessale,PG,STMN,34.0,31.117647,19.82353,4.5882354,4.2647057,1.5882353,0.5588235,1.2941177,13.264706,0.5055432319641113,6.8235292,0.75,2.235294,nolan minessale
Chandler Cuthrell,SF,ELON,32.0,28.09375,19.75,6.46875,1.6875,1.09375,0.34375,0.84375,13.28125,0.4870588183403015,8.1875,0.7290076613426208,2.21875,chandler cuthrell
Tylik Weeks,SF,USM,34.0,33.558823,19.735294,5.4117646,2.3235295,0.9411765,0.29411766,0.3529412,13.941176,0.4641350209712982,7.8235292,0.8233082890510559,2.6470587,tylik weeks
Baraka Okojie,PG,MER,31.0,34.096775,19.709677,3.064516,5.322581,1.3548387,0.06451613,1.2580645,13.096774,0.4285714328289032,8.83871,0.8175182342529297,2.6451614,baraka okojie
Jalen Quinn,PG,DRKE,34.0,33.47059,19.67647,4.029412,3.0,1.1470588,0.0882353,1.382353,14.882353,0.45652174949645996,6.3235292,0.7441860437393188,2.764706,jalen quinn
Tavari Johnson,PG,AKR,35.0,31.914286,19.657143,2.942857,5.0285716,1.2285714,0.25714287,2.142857,14.285714,0.5059999823570251,3.5142858,0.869918704032898,2.4571428,tavari johnson
Cade Tyson,PG,MINN,32.0,36.75,19.625,5.40625,2.125,0.75,0.21875,2.21875,11.9375,0.5,6.65625,0.8215962648391724,1.59375,cade tyson
Mostapha El Moutaouakkil,PG,JXST,32.0,29.9375,19.53125,7.21875,1.3125,0.8125,0.375,1.15625,14.0,0.453125,8.65625,0.6570397019386292,2.875,mostapha el moutaouakkil
Tyler Tanner,PG,VAN,36.0,33.5,19.5,3.6388888,5.111111,2.3888888,0.33333334,1.6666666,13.055555,0.48510637879371643,6.0555553,0.853210985660553,1.8888888,tyler tanner
Kahmare Holmes,PG,WOF,26.0,31.846153,19.5,5.6538463,2.6538463,2.0384614,0.26923078,1.7307693,13.769231,0.4832402169704437,6.8076925,0.6553672552108765,1.9230769,kahmare holmes
Erik Pratt,PG,STBK,30.0,34.366665,19.4,4.9,3.6666667,1.1,0.26666668,1.8,16.366667,0.4276985824108124,4.8333335,0.7448275685310364,2.8333333,erik pratt
Gavin Sykes,PG,LBSU,28.0,32.857143,19.357143,3.0,1.5357143,0.32142857,0.25,2.3214285,14.035714,0.47328245639801025,4.714286,0.7954545617103577,1.1785715,gavin sykes
Keyshawn Hall,SF,AUB,36.0,33.61111,19.277779,7.0555553,2.6111112,0.7222222,0.6388889,1.7777778,12.388889,0.4506726562976837,7.388889,0.8571428656578064,2.5,keyshawn hall
Quinn Denker,PG,UNCO,30.0,34.333332,19.2,5.133333,7.0333333,0.73333335,0.36666667,1.5333333,14.0,0.48571428656578064,5.0,0.8133333325386047,2.2666667,quinn denker
Chaze Harris,PG,USA,33.0,31.818182,19.181818,4.757576,4.939394,1.6060606,0.3030303,0.121212125,13.515152,0.5358744263648987,7.7272725,0.5921568870544434,3.1818182,chaze harris
Rowan Brumbaugh,PG,TULN,33.0,36.060608,19.151516,4.878788,3.5454545,1.5757576,0.18181819,1.9090909,12.606061,0.45192307233810425,7.2727275,0.8041666746139526,2.3333333,rowan brumbaugh
Kenyon Giles,PG,WICH,36.0,36.194443,19.13889,2.6111112,1.4166666,1.6388888,0.027777778,3.4722223,16.944445,0.4098360538482666,2.1388888,0.8311688303947449,1.3055556,kenyon giles
John Blackwell,PG,WIS,34.0,33.764706,19.117647,5.0588236,2.3235295,1.117647,0.0882353,2.8235295,13.558824,0.42950108647346497,5.4117646,0.8586956262588501,1.6764706,john blackwell
Terri Miller Jr.,SF,PRST,30.0,31.433332,19.066668,5.633333,3.3666666,1.4,0.6666667,1.8,14.3,0.503496527671814,4.1,0.6991869807243347,2.8333333,terri miller jr
Boopie Miller,PG,SMU,33.0,35.272728,19.060606,3.7878788,6.3939395,1.4545455,0.060606062,2.030303,13.030303,0.4651162922382355,5.6666665,0.866310179233551,2.5757575,boopie miller
DJ Smith,PG,CAM,34.0,34.35294,19.029411,3.5294118,2.1470587,1.5294118,0.14705883,2.8823528,14.029411,0.3878406584262848,6.2941175,0.836448609828949,1.8529412,dj smith
David Elliott IV,PG,ARTE,1.0,31.0,19.0,2.0,3.0,5.0,0.0,3.0,13.0,0.6153846383094788,2.0,0.0,6.0,david elliott iv
Hayden Diekhans,SF,MTTC,1.0,30.0,19.0,4.0,0.0,3.0,3.0,2.0,9.0,0.8888888955116272,4.0,0.25,1.0,hayden diekhans
Varick Lewis,PG,JSP,1.0,28.0,19.0,4.0,3.0,1.0,0.0,4.0,13.0,0.4615384638309479,6.0,0.5,1.0,varick lewis
Brayden Koch,PG,MTTC,1.0,23.0,19.0,2.0,1.0,1.0,0.0,4.0,11.0,0.4545454680919647,6.0,0.8333333134651184,0.0,brayden koch
Kyle Kober,PG,LOR,1.0,21.0,19.0,2.0,0.0,3.0,1.0,3.0,6.0,1.0,6.0,0.6666666865348816,3.0,kyle kober
Greg Crawford,SF,UNTD,1.0,20.0,19.0,8.0,1.0,0.0,0.0,0.0,9.0,0.4444444477558136,15.0,0.7333333492279053,3.0,greg crawford
Raphel Laurent,PG,MBOS,1.0,36.0,19.0,5.0,0.0,1.0,0.0,2.0,20.0,0.3499999940395355,5.0,0.6000000238418579,1.0,raphel laurent
Joshua West,PG,HIPU,2.0,33.5,19.0,5.0,1.5,4.0,0.0,2.0,18.0,0.3888888955116272,4.5,0.6666666865348816,1.0,joshua west
Chase Cook,PG,WAU,2.0,24.5,19.0,2.5,1.5,0.5,0.0,1.0,11.5,0.47826087474823,8.5,0.8235294222831726,3.0,chase cook
Oliver Spence,C,UDC,1.0,27.0,19.0,5.0,0.0,1.0,1.0,0.0,7.0,0.7142857313156128,9.0,1.0,1.0,oliver spence
Anthony Williams,PG,JCSU,1.0,27.0,19.0,2.0,4.0,1.0,0.0,5.0,14.0,0.5,0.0,0.0,1.0,anthony williams
Timothy Parker,PG,SUCA,1.0,31.0,19.0,3.0,1.0,0.0,0.0,0.0,14.0,0.5,7.0,0.7142857313156128,6.0,timothy parker
John Godinez,PG,PSUY,1.0,33.0,19.0,1.0,1.0,1.0,0.0,1.0,16.0,0.5625,1.0,0.0,4.0,john godinez
Colin Mills,PG,SJBK,1.0,34.0,19.0,2.0,1.0,1.0,0.0,3.0,17.0,0.3529411852359772,6.0,0.6666666865348816,6.0,colin mills
Jared White,SF,VSU,1.0,30.0,19.0,4.0,4.0,3.0,0.0,5.0,13.0,0.4615384638309479,2.0,1.0,2.0,jared white
Kameron Taylor,PG,UNCA,32.0,34.71875,18.9375,5.03125,3.03125,0.84375,0.65625,1.21875,14.15625,0.4525386393070221,7.0,0.7008928656578064,2.5625,kameron taylor
A'lahn Sumler,PG,CHSO,28.0,30.321428,18.928572,4.75,3.7857144,0.75,0.14285715,2.107143,14.214286,0.47989949584007263,4.857143,0.654411792755127,2.5,a lahn sumler
Malik Reneau,SF,MIA,35.0,28.971428,18.914286,6.5142856,2.057143,1.0571429,0.8,0.74285716,12.485714,0.5400457382202148,5.9428573,0.7884615659713745,2.8285713,malik reneau
Lewis Walker,SF,NCAT,29.0,34.206898,18.896551,5.034483,1.8275862,0.7241379,0.06896552,1.0,11.275862,0.5076452493667603,7.4827585,0.861751139163971,1.7586207,lewis walker
Cameron Carr,PG,BAY,34.0,33.705883,18.882353,5.7941175,2.6470587,0.88235295,1.3235294,2.264706,12.8529415,0.4942791759967804,4.882353,0.8012048006057739,2.3823528,cameron carr
Ryan Sabol,PG,BUF,32.0,36.25,18.84375,3.21875,3.34375,0.6875,0.0625,3.8125,14.59375,0.4304068386554718,2.875,0.8586956262588501,1.75,ryan sabol
Ryan Conwell,PG,LOU,34.0,30.882353,18.764706,4.7647057,2.6764705,1.117647,0.1764706,3.2941177,14.5,0.40770789980888367,4.382353,0.8322147727012634,2.1470587,ryan conwell
Teagan Moore,PG,WKU,27.0,29.185184,18.74074,5.5555553,1.962963,1.037037,0.33333334,1.1111112,10.925926,0.5288135409355164,7.5925927,0.800000011920929,1.7037038,teagan moore
Javontae Campbell,PG,BGSU,32.0,34.09375,18.6875,4.53125,5.09375,3.03125,0.28125,0.65625,12.9375,0.5,6.71875,0.7581395506858826,2.78125,javontae campbell
Otega Oweh,PG,UK,36.0,32.75,18.63889,4.8055553,2.6666667,1.7777778,0.25,1.25,13.972222,0.4652087390422821,6.0,0.7314814925193787,2.0555556,otega oweh
Davion Bailey,PG,UIW,30.0,35.466667,18.566668,3.4333334,2.0333333,1.1,0.33333334,3.1333334,15.033334,0.39024388790130615,4.8,0.7708333134651184,2.1,davion bailey
Donovan Oday,PG,NKU,34.0,29.058823,18.558823,3.8235295,1.9117647,2.0294118,0.5,1.7352941,12.235294,0.4975961446762085,5.7352943,0.8102564215660095,2.0588236,donovan oday
Hannes Steinbach,SF,WASH,30.0,34.633335,18.533333,11.766666,1.5666667,1.0666667,1.2333333,0.6,12.066667,0.5773480534553528,5.266667,0.7594936490058899,1.9666667,hannes steinbach
Christian Anderson,PG,TTU,33.0,38.333332,18.515152,3.5757575,7.3939395,1.4545455,0.24242425,3.2727273,13.090909,0.4722222089767456,3.5757575,0.805084764957428,3.3030303,christian anderson
Keon Thompson,PG,SFA,34.0,29.705883,18.5,4.8235292,4.4117646,1.117647,0.14705883,0.7941176,13.558824,0.4989154040813446,6.029412,0.6926829218864441,2.6176472,keon thompson
Kyler D'Augustino,PG,IUIN,30.0,32.333332,18.466667,3.2,3.4,1.3,0.06666667,1.3666667,13.933333,0.5311004519462585,2.9,0.7931034564971924,1.8666667,kyler d augustino
Chad Baker-Mazara,PG,USC,26.0,29.653847,18.461538,4.230769,2.7692308,0.7307692,1.2692307,2.3461537,13.0,0.44378697872161865,5.1153846,0.8947368264198303,2.3461537,chad baker mazara
Kevair Kennedy,PG,MRMK,34.0,36.794117,18.441177,4.647059,4.2058825,1.8529412,0.11764706,0.38235295,12.705882,0.4513888955116272,8.1470585,0.8086642622947693,3.0,kevair kennedy
Krystian Lewis,PG,ULM,32.0,36.1875,18.40625,4.46875,3.21875,1.40625,0.0625,1.9375,14.34375,0.3616557717323303,7.25,0.8405172228813171,2.84375,krystian lewis
Ja'Kobi Gillespie,PG,TENN,37.0,34.756756,18.405405,2.837838,5.4324327,2.1351352,0.21621622,2.7837837,15.2972975,0.4098939895629883,3.7837837,0.8142856955528259,2.2972972,ja kobi gillespie
Paulius Murauskas,SF,SMC,33.0,32.151516,18.363636,7.5757575,2.090909,0.6060606,0.54545456,1.0909091,12.636364,0.48201438784599304,6.060606,0.8399999737739563,1.8181819,paulius murauskas
Mark Mitchell Jr.,PG,MIZ,33.0,33.78788,18.333334,5.181818,3.6060605,0.6666667,0.4848485,0.57575756,11.30303,0.5469169020652771,8.060606,0.6691729426383972,2.090909,mark mitchell jr
Jaylin Sellers,PG,PROV,33.0,29.939394,18.333334,4.151515,1.6363636,0.90909094,0.24242425,2.3939395,12.757576,0.4726840853691101,4.5151515,0.8590604066848755,1.7575758,jaylin sellers
TJ Johnson,SF,VMI,31.0,35.548386,18.258064,7.193548,1.3548387,1.451613,0.19354838,3.548387,13.709678,0.39764705300331116,4.645161,0.8194444179534912,1.6129032,tj johnson
Logan Duncomb,C,WIN,32.0,24.34375,18.25,8.90625,1.5625,0.8125,0.75,0.0,10.15625,0.6000000238418579,8.25,0.7348484992980957,1.875,logan duncomb
Dennis Parker Jr.,PG,RAD,32.0,29.25,18.25,5.875,1.28125,1.4375,0.53125,1.875,12.71875,0.48402947187423706,6.1875,0.6565656661987305,2.25,dennis parker jr
Cooper Noard,PG,COR,28.0,27.5,18.214285,3.3214285,2.0,0.42857143,0.2857143,2.857143,12.357142,0.5,3.3214285,0.9032257795333862,1.5714285,cooper noard
Prophet Johnson,PG,SAC,30.0,35.4,18.2,7.4,3.7,2.6,0.33333334,1.6333333,13.6,0.468137264251709,5.1666665,0.7419354915618896,2.3,prophet johnson
Jakobi Heady,PG,BCU,31.0,35.80645,18.193548,5.0,1.8387097,1.483871,0.16129032,1.2580645,10.645162,0.521212100982666,7.2580647,0.804444432258606,1.8387097,jakobi heady
Jaylin Henderson,PG,PRST,31.0,37.258064,18.161291,4.064516,5.83871,1.5806452,0.29032257,1.0645162,14.580646,0.42256638407707214,6.064516,0.7872340679168701,2.935484,jaylin henderson
Leonardo Bettiol,SF,MASS,33.0,28.69697,18.121212,7.818182,2.121212,0.72727275,0.24242425,0.030303031,10.818182,0.6106442809104919,6.939394,0.7030567526817322,2.7272727,leonardo bettiol
Pryce Sandfort,SF,NEB,35.0,33.57143,18.114286,4.857143,2.0,1.0285715,0.25714287,3.6857142,12.942857,0.47902870178222656,2.3714285,0.8554216623306274,0.6857143,pryce sandfort
Derrian Ford,PG,TEM,31.0,35.64516,18.096775,4.322581,1.9354838,0.61290324,0.06451613,1.6129032,13.0,0.4267989993095398,6.322581,0.8520408272743225,1.548387,derrian ford
Andrew Henderson,PG,UCR,32.0,33.28125,18.09375,4.875,2.03125,0.90625,0.84375,2.6875,15.46875,0.4080808162689209,3.5,0.7946428656578064,2.09375,andrew henderson
Robert Wright III,PG,BYU,35.0,34.82857,18.057142,3.4571428,4.6285715,1.2285714,0.028571429,1.6285714,13.942857,0.46721312403678894,4.142857,0.8206896781921387,2.2285714,robert wright iii
Corey Stephenson,PG,FIU,31.0,31.161291,18.032259,6.387097,1.6129032,1.3548387,0.48387095,2.2580645,13.193548,0.4572127163410187,5.0,0.7419354915618896,2.2903225,corey stephenson
Austin Benigni,PG,NAVY,34.0,36.14706,18.0,3.3529413,4.382353,1.2647059,0.23529412,1.7647059,13.029411,0.42437922954559326,5.882353,0.8799999952316284,2.764706,austin benigni
Isaac Peralta,PG,FPU,1.0,27.0,18.0,3.0,2.0,0.0,0.0,1.0,11.0,0.5454545617103577,6.0,0.8333333134651184,0.0,isaac peralta
Aziel Blackwell,PG,KYSU,1.0,29.0,18.0,2.0,0.0,0.0,0.0,2.0,19.0,0.3684210479259491,2.0,1.0,0.0,aziel blackwell
Ignacio Dacunda,PG,STAM,1.0,29.0,18.0,3.0,1.0,1.0,0.0,2.0,12.0,0.5833333134651184,5.0,0.4000000059604645,1.0,ignacio dacunda
Orlando Horton Jr.,PG,MWSU,1.0,25.0,18.0,1.0,1.0,3.0,0.0,0.0,8.0,0.75,7.0,0.8571428656578064,6.0,orlando horton jr
Israel Hall,PG,PDMT,1.0,32.0,18.0,5.0,1.0,3.0,0.0,2.0,9.0,0.6666666865348816,9.0,0.4444444477558136,0.0,israel hall
Henry Smith,PG,PCLT,1.0,29.0,18.0,3.0,0.0,1.0,1.0,4.0,11.0,0.5454545617103577,2.0,1.0,2.0,henry smith
Tate Odvody,SF,CUNE,1.0,34.0,18.0,3.0,3.0,0.0,0.0,1.0,14.0,0.5,3.0,1.0,1.0,tate odvody
Luke Williams,PG,ADSU,1.0,26.0,18.0,3.0,4.0,1.0,0.0,0.0,13.0,0.5384615659713745,5.0,0.800000011920929,3.0,luke williams
Bryce Weinmunson,PG,LCHR,1.0,28.0,18.0,2.0,2.0,2.0,0.0,2.0,18.0,0.4444444477558136,0.0,0.0,3.0,bryce weinmunson
Zander Baker,PG,MAMC,1.0,28.0,18.0,1.0,3.0,2.0,0.0,6.0,9.0,0.6666666865348816,0.0,0.0,0.0,zander baker
Tim Barton,SF,MMA,1.0,34.0,18.0,1.0,4.0,0.0,1.0,3.0,13.0,0.5384615659713745,1.0,1.0,3.0,tim barton
Kai Brown,PG,MNLO,1.0,31.0,18.0,3.0,1.0,0.0,0.0,2.0,10.0,0.5,8.0,0.75,2.0,kai brown
Tanner Overby,PG,WLMT,1.0,24.0,18.0,6.0,3.0,3.0,0.0,0.0,14.0,0.3571428656578064,8.0,1.0,1.0,tanner overby
Tyler Mallory,PG,HNTC,1.0,16.0,18.0,1.0,0.0,1.0,0.0,1.0,14.0,0.4285714328289032,6.0,0.8333333134651184,4.0,tyler mallory
Jaiden Guy,PG,WUDE,1.0,35.0,18.0,11.0,1.0,1.0,0.0,1.0,12.0,0.5833333134651184,5.0,0.6000000238418579,1.0,jaiden guy
Jake Hlywiak,PG,REDL,1.0,27.0,18.0,1.0,1.0,1.0,0.0,4.0,13.0,0.4615384638309479,2.0,1.0,0.0,jake hlywiak
Emanuel Steward,PG,UMW,1.0,35.0,18.0,1.0,3.0,1.0,0.0,3.0,15.0,0.3333333432674408,6.0,0.8333333134651184,4.0,emanuel steward
Kyan Reichhoff,PG,IUC,1.0,29.0,18.0,5.0,1.0,0.0,0.0,5.0,12.0,0.5,2.0,0.5,4.0,kyan reichhoff
Jermayn Baxter,SF,IUC,1.0,33.0,18.0,5.0,4.0,3.0,0.0,0.0,11.0,0.6363636255264282,6.0,0.6666666865348816,12.0,jermayn baxter
Sean Seymour,PG,SALV,1.0,35.0,18.0,3.0,0.0,0.0,0.0,1.0,16.0,0.4375,5.0,0.6000000238418579,3.0,sean seymour
Rayqwan King,PG,JUS,3.0,32.0,18.0,2.3333333,1.3333334,1.3333334,0.0,1.6666666,13.333333,0.44999998807907104,5.3333335,0.8125,0.33333334,rayqwan king
Jarton Davis,PG,RIP,1.0,28.0,18.0,5.0,0.0,0.0,0.0,3.0,10.0,0.699999988079071,2.0,0.5,3.0,jarton davis
Danny Adams,PG,ECMA,1.0,21.0,18.0,4.0,1.0,1.0,0.0,2.0,13.0,0.5384615659713745,4.0,0.5,0.0,danny adams
Gavin Doty,PG,SIE,35.0,36.771427,17.971428,6.9142857,2.2285714,1.2571429,0.057142857,1.3142858,13.285714,0.4580645263195038,5.2285714,0.8579235076904297,1.0,gavin doty
Jalen Cox,PG,COLG,31.0,34.096775,17.935484,5.16129,5.290323,1.7096775,0.2580645,0.61290324,12.935484,0.5211970210075378,4.516129,0.8500000238418579,2.3225806,jalen cox
Keaton Wagler,PG,ILL,37.0,33.91892,17.918919,5.081081,4.243243,0.9189189,0.3783784,2.3513513,12.27027,0.4449339210987091,5.8378377,0.7962962985038757,1.7837838,keaton wagler
Justin Neely,SF,UNCG,34.0,32.32353,17.911764,11.5,2.4117646,0.9117647,0.20588236,0.47058824,10.470589,0.5421348214149475,7.7647057,0.7840909361839294,2.235294,justin neely
Dejour Reaves,PG,FOR,31.0,33.80645,17.870968,4.290323,3.6451614,1.8387097,0.22580644,1.0645162,14.258064,0.4728506803512573,3.8709676,0.8583333492279053,2.387097,dejour reaves
Amir Lindsey,PG,UALB,31.0,37.580647,17.870968,3.2580645,4.903226,1.1612903,0.0,1.967742,14.064516,0.447247713804245,4.193548,0.7923076748847961,2.032258,amir lindsey
Jelani Hamilton,PG,GAST,27.0,31.222221,17.814816,4.5555553,2.2962964,1.925926,0.33333334,1.962963,13.333333,0.3722222149372101,6.703704,0.8839778900146484,1.8888888,jelani hamilton
Tre Carroll,SF,XAV,32.0,31.625,17.8125,5.75,2.59375,0.75,1.25,1.40625,13.78125,0.5011337995529175,3.65625,0.7094017267227173,2.21875,tre carroll
Jemel Jones,PG,NMSU,32.0,28.34375,17.8125,4.375,2.4375,1.28125,0.46875,1.59375,13.96875,0.427293062210083,5.125,0.8353658318519592,1.40625,jemel jones
Tounde Yessoufou,PG,BAY,34.0,32.617645,17.794117,5.852941,1.5882353,1.9705882,0.61764705,1.5588236,14.294118,0.4650205671787262,3.9411764,0.746268630027771,1.882353,tounde yessoufou
Isaiah Moses,PG,EWU,33.0,33.272728,17.787878,3.0,4.181818,0.8181818,0.09090909,2.0,12.727273,0.4523809552192688,4.5757575,0.9337748289108276,2.909091,isaiah moses
Skylar Wicks,PG,SFPA,28.0,33.214287,17.785715,6.714286,2.8214285,1.4285715,0.32142857,2.1785715,15.607142,0.4096109867095947,3.892857,0.7247706651687622,2.6785715,skylar wicks
Ty Harper,PG,ORU,32.0,28.84375,17.78125,2.875,2.40625,0.9375,0.09375,1.8125,13.375,0.41588786244392395,5.71875,0.8469945192337036,2.75,ty harper
Alex Wilkins,PG,FUR,35.0,29.742857,17.77143,1.9714285,4.714286,0.7714286,0.114285715,1.8571428,13.657143,0.4602510333061218,4.0571427,0.8239436745643616,3.8,alex wilkins
Joshua Beadle,PG,CCU,32.0,32.28125,17.75,3.90625,2.9375,0.84375,0.125,0.96875,14.5625,0.42918455600738525,5.375,0.7965116500854492,2.59375,joshua beadle
Tyler Tejada,PG,TOW,32.0,35.5625,17.71875,5.46875,2.28125,0.8125,0.40625,1.34375,14.09375,0.432372510433197,4.75,0.8815789222717285,1.65625,tyler tejada
Delrecco Gillespie,SF,KENT,34.0,32.17647,17.705883,11.264706,1.7352941,0.9705882,1.2352941,0.5,12.1470585,0.508474588394165,6.147059,0.7894737124443054,2.764706,delrecco gillespie
Aaron Nkrumah,PG,TNST,33.0,31.363636,17.69697,5.4848485,3.030303,2.7878788,0.4848485,1.6060606,13.424242,0.43792325258255005,5.5151515,0.7857142686843872,2.3636363,aaron nkrumah
Tai'Reon Joseph,PG,PV,29.0,29.827587,17.689655,2.3448277,0.9310345,1.0689656,0.0,2.2068965,14.862069,0.4153132140636444,4.1034484,0.7647058963775635,1.7241379,tai reon joseph
Jaden Henley,PG,GCU,32.0,31.4375,17.6875,5.65625,2.875,1.59375,0.25,1.03125,12.6875,0.4655172526836395,6.40625,0.7560975551605225,2.75,jaden henley
Larry Hughes II,PG,CSUN,33.0,31.515152,17.666666,2.878788,0.93939394,1.5454545,0.24242425,3.060606,13.606061,0.42093542218208313,3.6666667,0.8595041036605835,1.3636364,larry hughes ii
Quion Williams,PG,UAPB,32.0,36.09375,17.65625,8.15625,5.40625,1.75,0.8125,0.90625,13.53125,0.46420323848724365,5.6875,0.7362637519836426,3.34375,quion williams
Tyler Bilodeau,SF,UCLA,31.0,30.161291,17.64516,5.612903,1.0645162,0.48387095,0.3548387,2.064516,11.387096,0.5184136033058167,4.322581,0.8731343150138855,1.2903225,tyler bilodeau
Brody Robinson,PG,OAK,32.0,35.78125,17.625,2.71875,6.71875,1.3125,0.03125,2.34375,10.75,0.4127906858921051,8.03125,0.7976653575897217,2.5,brody robinson
Jaron Pierre Jr.,PG,SMU,34.0,33.17647,17.617647,4.9117646,2.0882354,0.9705882,0.44117647,2.3529413,14.1470585,0.4615384638309479,2.9117646,0.7575757503509521,1.8529412,jaron pierre jr
Anquan Hill,SF,SHU,27.0,32.407406,17.592592,6.111111,1.1481482,0.6296296,1.074074,1.5185186,13.222222,0.462184876203537,4.888889,0.7878788113594055,1.8888888,anquan hill
Bernie Blunt III,PG,MERC,34.0,30.852942,17.588236,3.1176472,2.1764705,1.1470588,0.029411765,2.0882354,13.323529,0.4194260537624359,5.0,0.8647058606147766,1.2647059,bernie blunt iii
Collin Parker,SF,APSU,31.0,30.64516,17.580645,6.193548,3.1935484,0.9032258,0.3548387,1.8064516,13.129032,0.4766584634780884,4.0,0.8145161271095276,1.6129032,collin parker
Tijan Saine Jr.,PG,WEB,32.0,32.625,17.53125,2.25,4.28125,1.09375,0.0,1.5625,11.625,0.4543010890483856,6.03125,0.8963730335235596,1.8125,tijan saine jr
MJ Collins Jr.,PG,USU,36.0,30.777779,17.5,2.4722223,1.6111112,0.8888889,0.083333336,2.2777777,12.083333,0.4873563349246979,4.25,0.8104575276374817,1.0,mj collins jr
Nigel McKay,PG,STN,2.0,34.0,17.5,5.5,1.0,1.5,0.5,3.5,11.0,0.5909090638160706,1.5,0.6666666865348816,2.5,nigel mckay
Alfred Worrell Jr.,PG,MORG,30.0,28.533333,17.433332,3.8,1.1333333,0.93333334,0.16666667,2.7,12.7,0.3884514570236206,5.5,0.8848484754562378,2.0,alfred worrell jr
Jeremiah Wilkinson,PG,UGA,31.0,25.67742,17.419355,2.032258,1.7419355,1.5806452,0.29032257,2.548387,13.225806,0.4097560942173004,5.129032,0.7861635088920593,1.3548387,jeremiah wilkinson
Larry Johnson,PG,MCN,34.0,25.32353,17.411764,5.470588,1.382353,1.1764706,0.0,0.7352941,12.676471,0.49187934398651123,5.4117646,0.7771739363670349,1.0588236,larry johnson
Cris Carroll,SF,YSU,32.0,30.25,17.40625,5.15625,1.84375,1.21875,0.4375,2.8125,11.9375,0.47643980383872986,4.125,0.7803030014038086,2.71875,cris carroll
Michael Jacobs,PG,SOU,32.0,32.09375,17.34375,3.625,5.125,1.59375,0.125,1.3125,14.0625,0.402222216129303,7.125,0.6622806787490845,2.59375,michael jacobs
Je'Shawn Stevenson,PG,UNT,33.0,32.303032,17.333334,3.4848485,1.969697,2.0,0.3030303,2.2424242,14.212121,0.3837953209877014,5.0,0.8363636136054993,1.5454545,je shawn stevenson
Dailyn Swain,PG,TEX,36.0,32.833332,17.305555,7.5277777,3.5833333,1.6388888,0.30555555,0.8888889,10.972222,0.5417721271514893,5.5555553,0.8149999976158142,2.6666667,dailyn swain
Jackson Paveletzke,PG,OHIO,31.0,36.677418,17.290323,3.032258,5.2580647,0.87096775,0.0,1.0,11.83871,0.46866485476493835,6.451613,0.8050000071525574,2.2580645,jackson paveletzke
Keith Palek III,SF,MOST,34.0,32.735294,17.264706,6.382353,3.5588236,0.9705882,0.32352942,1.1764706,13.529411,0.417391300201416,6.7647057,0.708695650100708,2.6470587,keith palek iii
Tahj Staveskie,PG,UIW,31.0,35.19355,17.258064,3.935484,4.129032,1.0,0.09677419,2.3225806,13.774194,0.43559718132019043,3.6774194,0.7982456088066101,2.7419355,tahj staveskie
Bryce Harris,PG,HOW,35.0,32.37143,17.257143,6.9428573,2.5142858,1.2,1.0571429,1.3142858,11.457143,0.47880297899246216,6.3714285,0.7802690863609314,2.3142858,bryce harris
Del Jones,PG,RAD,32.0,31.71875,17.21875,3.53125,3.53125,0.90625,0.34375,1.34375,13.8125,0.4162895977497101,5.40625,0.8092485666275024,2.96875,del jones
Nils Machowski,PG,WOF,32.0,33.71875,17.21875,5.6875,2.5625,0.6875,0.5,2.84375,13.0625,0.4330143630504608,3.875,0.7903226017951965,1.6875,nils machowski
Meechie Johnson,PG,SC,32.0,31.46875,17.1875,3.3125,4.28125,1.25,0.125,1.8125,12.0,0.4140625,6.71875,0.8093023300170898,2.28125,meechie johnson
Braden Sparks,PG,FAIR,34.0,33.294117,17.17647,3.235294,2.6176472,1.3529412,0.11764706,2.8235295,14.205882,0.41200828552246094,3.2941177,0.8035714030265808,1.6470588,braden sparks
Dylan Faulkner,SF,SAM,30.0,26.133333,17.166666,8.566667,1.8,0.6333333,1.4666667,0.0,10.433333,0.6166134476661682,7.633333,0.5633187890052795,1.3666667,dylan faulkner
Brycen Blaine,PG,CHSO,25.0,28.04,17.16,7.16,3.08,1.28,0.2,3.0,14.0,0.4028571546077728,3.68,0.782608687877655,3.2,brycen blaine
Kenny Noland,PG,COLU,28.0,33.035713,17.142857,3.392857,3.6785715,1.4285715,0.035714287,2.5714285,13.428572,0.44946807622909546,2.7142856,0.9210526347160339,2.4642856,kenny noland
Anthony McComb III,PG,NORF,32.0,34.125,17.125,4.15625,1.40625,1.0625,0.3125,2.0,12.28125,0.41475826501846313,6.25,0.7900000214576721,1.71875,anthony mccomb iii
Travis Harper II,PG,TNST,33.0,31.424242,17.121212,4.121212,1.2121212,1.060606,0.3939394,2.4545455,11.909091,0.47073790431022644,4.030303,0.8571428656578064,1.5151515,travis harper ii
Finley Bizjack,PG,BTLR,31.0,33.967743,17.096775,2.2258065,2.548387,0.7419355,0.09677419,2.1935484,12.354838,0.4255874752998352,5.16129,0.8500000238418579,1.7419355,finley bizjack
Jake Fiegen,PG,COR,24.0,26.083334,17.083334,5.0833335,2.125,0.9166667,0.41666666,2.2916667,11.208333,0.5464683771133423,3.2916667,0.7721518874168396,1.1666666,jake fiegen
Justin Wright,PG,UNCA,32.0,32.96875,17.0625,3.0625,2.96875,1.1875,0.0625,1.46875,12.40625,0.47858941555023193,4.71875,0.7880794405937195,2.34375,justin wright
Thomas Haugh,SF,FLA,34.0,33.32353,17.058823,6.147059,2.1470587,1.0588236,0.9705882,1.7058823,11.764706,0.46000000834465027,5.852941,0.7738693356513977,1.5,thomas haugh
Henri Veesaar,C,UNC,31.0,31.451612,17.032259,8.709678,2.064516,0.58064514,1.1935484,1.2903225,11.032258,0.6081871390342712,3.7741935,0.6153846383094788,1.6774193,henri veesaar
Jackson Mayes,PG,LETU,1.0,18.0,17.0,3.0,0.0,1.0,0.0,2.0,8.0,0.5,7.0,1.0,0.0,jackson mayes
Don McHenry,PG,UTAH,32.0,30.84375,17.0,2.78125,1.75,0.65625,0.0,2.4375,13.03125,0.44364508986473083,3.59375,0.834782600402832,1.0,don mchenry
Tariq Francis,PG,RUTG,34.0,27.794117,17.0,2.2941177,2.9117646,1.0294118,0.029411765,1.5294118,12.705882,0.41898149251937866,5.2941175,0.9111111164093018,1.1764706,tariq francis
Luther Smith Jr.,PG,STL,1.0,27.0,17.0,2.0,1.0,3.0,0.0,3.0,9.0,0.4444444477558136,6.0,1.0,5.0,luther smith jr
Jackson Tackett,SF,WVUT,1.0,31.0,17.0,2.0,0.0,1.0,0.0,3.0,10.0,0.6000000238418579,3.0,0.6666666865348816,2.0,jackson tackett
Mahlik Lindsey,PG,PUGB,1.0,28.0,17.0,2.0,5.0,0.0,0.0,3.0,10.0,0.6000000238418579,3.0,0.6666666865348816,2.0,mahlik lindsey
Tanner Pate,PG,PUGB,1.0,33.0,17.0,4.0,5.0,0.0,0.0,5.0,8.0,0.75,0.0,0.0,1.0,tanner pate
Shawn Walker,PG,TMCN,1.0,21.0,17.0,8.0,2.0,1.0,0.0,0.0,13.0,0.4615384638309479,5.0,1.0,1.0,shawn walker
Sterling Scott,PG,MNFD,1.0,30.0,17.0,8.0,0.0,1.0,0.0,2.0,17.0,0.4117647111415863,3.0,0.3333333432674408,1.0,sterling scott
Antonio Perkins,PG,JWNC,1.0,27.0,17.0,5.0,0.0,0.0,0.0,3.0,11.0,0.5454545617103577,2.0,1.0,0.0,antonio perkins
Gabe Cerda,PG,BMTA,1.0,27.0,17.0,3.0,0.0,2.0,0.0,3.0,11.0,0.5454545617103577,3.0,0.6666666865348816,4.0,gabe cerda
Isaac Dobie,PG,MIT,1.0,29.0,17.0,6.0,1.0,1.0,0.0,1.0,12.0,0.4166666567325592,8.0,0.75,3.0,isaac dobie
Max Alexander,PG,NWOK,1.0,29.0,17.0,0.0,1.0,2.0,0.0,1.0,18.0,0.3333333432674408,6.0,0.6666666865348816,2.0,max alexander
Nathan Medina,PG,CHAM,3.0,27.0,17.0,0.6666667,1.6666666,1.3333334,0.0,3.6666667,13.0,0.4615384638309479,2.0,0.6666666865348816,1.6666666,nathan medina
Robert Harris,PG,PONT,1.0,21.0,17.0,5.0,1.0,1.0,0.0,4.0,12.0,0.5,2.0,0.5,2.0,robert harris
Lucas Gordon,SF,REDL,1.0,30.0,17.0,9.0,1.0,0.0,3.0,3.0,13.0,0.5384615659713745,0.0,0.0,3.0,lucas gordon
Chris Robinson,PG,MNHV,1.0,34.0,17.0,5.0,5.0,4.0,0.0,3.0,13.0,0.38461539149284363,5.0,0.800000011920929,2.0,chris robinson
Da'Vian Brooks,PG,WCBC,3.0,34.666668,17.0,5.0,2.0,1.0,0.0,1.0,21.666666,0.2769230902194977,6.0,0.6666666865348816,5.0,da vian brooks
Korbin Gunn,PG,MCP,1.0,36.0,17.0,4.0,5.0,4.0,0.0,2.0,12.0,0.4166666567325592,6.0,0.8333333134651184,2.0,korbin gunn
JoJo Kelly,PG,PSAB,2.0,32.5,17.0,3.5,4.0,2.0,0.5,0.5,16.0,0.3125,8.5,0.7647058963775635,1.0,jojo kelly
Anthony Parker,PG,FP,1.0,34.0,17.0,7.0,7.0,5.0,0.0,3.0,16.0,0.375,2.0,1.0,3.0,anthony parker
Brendan Boyle,PG,DSLU,1.0,19.0,17.0,2.0,1.0,0.0,0.0,3.0,8.0,0.625,5.0,0.800000011920929,2.0,brendan boyle
Nick Davis,PG,WVWC,1.0,23.0,17.0,4.0,0.0,4.0,1.0,2.0,9.0,0.6666666865348816,3.0,1.0,0.0,nick davis
Liam Gerdts,SF,PCC,1.0,33.0,17.0,1.0,1.0,0.0,3.0,5.0,11.0,0.5454545617103577,0.0,0.0,5.0,liam gerdts
Jordan Trahan,PG,MRCY,1.0,32.0,17.0,5.0,1.0,3.0,0.0,1.0,14.0,0.5,5.0,0.4000000059604645,5.0,jordan trahan
Mykell Lawson,PG,AFST,1.0,24.0,17.0,2.0,4.0,2.0,0.0,4.0,15.0,0.2666666805744171,5.0,1.0,2.0,mykell lawson
Marquise Delahaye,PG,NNMC,1.0,24.0,17.0,6.0,0.0,0.0,0.0,1.0,11.0,0.4545454680919647,7.0,0.8571428656578064,2.0,marquise delahaye
Jovanni Tapia,PG,STN,2.0,30.5,17.0,2.5,1.5,0.5,0.0,1.0,12.0,0.5833333134651184,2.0,1.0,1.0,jovanni tapia
Malique Johnson,PG,ABSU,1.0,21.0,17.0,2.0,1.0,1.0,0.0,1.0,9.0,0.6666666865348816,7.0,0.5714285969734192,3.0,malique johnson
Sonny Wilson,PG,TOL,34.0,36.235294,16.970589,3.7058823,4.5588236,1.3235294,0.029411765,1.2352941,13.264706,0.4900221824645996,3.9411764,0.6940298676490784,1.5588236,sonny wilson
Jake Heidbreder,PG,FRES,30.0,37.0,16.966667,2.7666667,2.3,1.4,0.13333334,2.3,12.766666,0.40731069445610046,4.733333,0.9014084339141846,2.0333333,jake heidbreder
Dai Dai Ames,PG,CAL,34.0,31.794117,16.941177,2.0294118,2.2058823,0.6764706,0.14705883,1.6470588,13.235294,0.46444445848464966,3.5294118,0.8500000238418579,1.7352941,dai dai ames
Michael McNair,PG,BU,34.0,36.058823,16.941177,5.147059,2.1470587,1.0294118,0.38235295,3.235294,11.970589,0.47911548614501953,3.0294118,0.737864077091217,1.2647059,michael mcnair
Toyaz Solomon,SF,UNCA,32.0,33.4375,16.9375,7.375,2.0,1.03125,1.28125,1.03125,13.28125,0.46117648482322693,5.34375,0.6842105388641357,2.1875,toyaz solomon
Ethan Roberts,SF,PENN,23.0,30.47826,16.913044,3.8695652,2.347826,0.95652175,0.13043478,1.7391304,12.695652,0.4006849229335785,6.2608695,0.7986111044883728,1.7826087,ethan roberts
Brett Decker Jr.,PG,LIB,34.0,33.617645,16.911764,2.5588236,1.0882353,0.4117647,0.1764706,3.3529413,11.617647,0.49873417615890503,2.3235295,0.8481012582778931,0.7352941,brett decker jr
Anthony Roy,PG,OKST,31.0,28.709677,16.903225,4.129032,1.3225807,0.5483871,0.22580644,2.903226,11.741936,0.4313186705112457,4.516129,0.8571428656578064,1.5806452,anthony roy
Isaiah Johnson,PG,COLO,32.0,30.625,16.875,2.875,3.0,1.03125,0.03125,1.75,10.40625,0.4864864945411682,6.09375,0.8205128312110901,1.4375,isaiah johnson
Milan Momcilovic,SF,ISU,37.0,30.45946,16.864864,3.108108,1.027027,0.8108108,0.24324325,3.6756756,11.1081085,0.5060827136039734,2.2162163,0.8780487775802612,0.8378378,milan momcilovic
Jaquan Johnson,PG,BRAD,34.0,30.352942,16.852942,3.9411764,3.5588236,2.5,0.029411765,1.5882353,12.088235,0.42335766553878784,6.4117646,0.7844036817550659,1.382353,jaquan johnson
KC Shaw,PG,ODU,29.0,31.241379,16.827587,4.275862,2.2068965,0.44827586,0.27586207,0.06896552,13.827586,0.46633416414260864,5.3448277,0.7225806713104248,2.137931,kc shaw
Ethan Potter,SF,UTU,34.0,31.264706,16.82353,7.8235292,1.9411764,0.7352941,0.8235294,0.0882353,11.117647,0.5978835821151733,4.2941175,0.801369845867157,1.3235294,ethan potter
Aden Holloway,PG,ALA,28.0,28.428572,16.821428,2.75,3.7857144,0.60714287,0.0,2.642857,11.214286,0.48089173436164856,3.9285715,0.8636363744735718,1.4642857,aden holloway
Nijel Pack,PG,OU,37.0,30.54054,16.783783,3.0270271,3.2162163,0.7297297,0.2972973,3.3243244,12.72973,0.47133758664131165,1.7027028,0.8571428656578064,1.8378378,nijel pack
Greyson Uelmen,PG,UND,35.0,27.742857,16.77143,2.8285713,2.3714285,1.2571429,0.057142857,1.1142857,10.742857,0.4973404109477997,6.1714287,0.8055555820465088,2.6,greyson uelmen
Nate Bittle,C,ORE,25.0,31.12,16.76,6.88,2.56,0.88,1.84,1.44,12.48,0.46474358439445496,5.08,0.7322834730148315,2.2,nate bittle
Robert Hinton,PG,HARV,29.0,33.517242,16.758621,4.827586,2.137931,1.3793104,0.1724138,0.86206895,13.137931,0.49081364274024963,3.6206896,0.8285714387893677,1.7931035,robert hinton
Micah Thomas,PG,NWST,32.0,30.1875,16.75,1.96875,2.6875,0.90625,0.125,1.5625,12.875,0.4223301112651825,4.6875,0.9200000166893005,2.28125,micah thomas
Christian Bliss,PG,DEL,31.0,39.741936,16.709677,5.193548,5.935484,1.7741935,0.09677419,2.1612904,11.870968,0.42391303181648254,5.290323,0.8475610017776489,3.096774,christian bliss
Adam Olsen,SF,USA,31.0,35.83871,16.709677,4.064516,0.9354839,1.0,0.12903225,3.2903225,12.67742,0.3994911015033722,3.903226,0.8429751992225647,0.9677419,adam olsen
Elias Ralph,SF,PAC,33.0,34.545456,16.69697,6.787879,1.8484849,0.8787879,0.969697,1.6969697,12.515152,0.4673123359680176,3.8484848,0.8582677245140076,2.0,elias ralph
Nate Ament,SF,TENN,35.0,29.685715,16.685715,6.3428574,2.3428571,0.9714286,0.62857145,1.3142858,12.257143,0.3986014127731323,7.0857143,0.7903226017951965,2.2571428,nate ament
Marcus Banks Jr.,PG,MASS,33.0,32.969696,16.666666,2.6363637,1.7878788,1.2121212,0.060606062,3.3939395,13.454545,0.4144144058227539,2.5454545,0.8333333134651184,1.3333334,marcus banks jr
Corey Camper Jr.,PG,NEV,33.0,32.303032,16.636364,4.757576,2.6666667,1.1515151,0.27272728,2.090909,12.69697,0.4534606337547302,3.7878788,0.800000011920929,1.2424242,corey camper jr
Justyn Fernandez,PG,DEL,28.0,37.392857,16.607143,4.571429,2.142857,0.89285713,0.5,2.2857144,13.035714,0.44109588861465454,3.2142856,0.8777777552604675,3.0357144,justyn fernandez
Gage Lattimore,PG,NCCU,31.0,36.70968,16.580645,4.290323,2.419355,1.2903225,0.2580645,2.6451614,12.4838705,0.39018088579177856,4.83871,0.8666666746139526,1.8709677,gage lattimore
Landon Lewis,SF,BRWN,21.0,30.761906,16.571428,7.2380953,1.9047619,0.95238096,0.85714287,0.2857143,12.523809,0.5513308048248291,4.3809524,0.5652173757553101,2.2857144,landon lewis
Tarence Guinyard,PG,DUQ,32.0,33.34375,16.5625,3.3125,4.6875,1.28125,0.0,2.21875,11.59375,0.4501347839832306,5.46875,0.7142857313156128,2.21875,tarence guinyard
Dailin Smith,PG,CSUB,30.0,29.3,16.533333,2.4333334,0.9,1.1,0.3,1.5,12.333333,0.3513513505458832,7.9,0.8059071898460388,1.5666667,dailin smith
Honor Huff,PG,WVU,35.0,35.885715,16.514286,2.2857144,2.057143,1.0,0.0,3.4285715,12.171429,0.35915493965148926,5.0,0.868571400642395,1.7428571,honor huff
Carter Bobbitt,PG,NGU,2.0,26.5,16.5,4.5,1.0,0.0,0.5,1.5,11.0,0.5909090638160706,2.5,0.800000011920929,3.5,carter bobbitt
Javon Jackson,PG,MUR,33.0,25.636364,16.454546,2.2727273,2.878788,1.1515151,0.060606062,1.6666666,13.090909,0.42824074625968933,4.181818,0.8550724387168884,2.3939395,javon jackson
Nigel James Jr.,PG,MARQ,32.0,29.21875,16.4375,3.4375,4.90625,1.90625,0.3125,1.3125,13.09375,0.4701670706272125,4.0625,0.692307710647583,2.78125,nigel james jr
Michael Ajayi,SF,BTLR,32.0,33.625,16.4375,11.125,3.21875,1.09375,0.90625,0.5625,12.96875,0.45542168617248535,6.21875,0.6532663106918335,2.6875,michael ajayi
Joshua Jefferson,SF,ISU,35.0,30.942858,16.428572,7.428571,4.7714286,1.6285714,0.82857144,1.0857143,11.771428,0.47087377309799194,6.0857143,0.6995305418968201,2.5428572,joshua jefferson
Leroy Blyden Jr.,PG,TOL,34.0,33.411766,16.411764,4.029412,4.5,1.7941177,0.2647059,2.264706,12.176471,0.4613526463508606,3.4411764,0.8461538553237915,1.8529412,leroy blyden jr
Ace Glass,PG,WSU,32.0,28.84375,16.40625,3.0,2.34375,0.78125,0.09375,2.21875,12.5,0.45500001311302185,3.1875,0.8823529481887817,2.375,ace glass
Wes Enis,PG,USF,32.0,34.03125,16.40625,3.5625,2.4375,1.03125,0.0625,3.34375,13.90625,0.39101123809814453,2.6875,0.8139534592628479,1.625,wes enis
Jordan Frison,PG,UTC,32.0,29.875,16.40625,3.25,4.03125,0.75,0.125,1.59375,11.0,0.5568181872367859,3.125,0.8199999928474426,1.65625,jordan frison
TJ Power,SF,PENN,30.0,35.1,16.4,7.633333,2.3666666,1.1,0.6,2.6333334,13.0,0.4512820541858673,3.1333334,0.6489361524581909,2.1,tj power
Tre Donaldson,PG,MIA,35.0,34.028572,16.4,3.6285715,5.742857,1.3714286,0.2,1.7142857,13.085714,0.45414847135543823,3.6571429,0.765625,2.1142857,tre donaldson
Maurice Odum,PG,ASU,33.0,33.666668,16.39394,3.060606,5.6666665,1.3939394,0.09090909,2.6969697,12.545455,0.4057970941066742,4.242424,0.8285714387893677,3.1515152,maurice odum
Marqui Worthy Jr.,PG,UCR,32.0,35.0,16.375,4.65625,3.0,1.3125,0.34375,1.53125,11.84375,0.4353561997413635,5.96875,0.7591623067855835,3.25,marqui worthy jr
Darryl Simmons II,PG,SBU,34.0,35.411766,16.352942,1.882353,2.7941177,0.8235294,0.0,2.764706,13.323529,0.44150111079216003,2.0294118,0.8985507488250732,1.4117647,darryl simmons ii
Jake Hall,PG,UNM,37.0,31.0,16.35135,3.2432432,1.6216216,0.8108108,0.027027028,3.162162,11.405405,0.47867298126220703,2.837838,0.800000011920929,1.054054,jake hall
Robert McCray V,PG,FSU,33.0,28.878788,16.333334,3.8484848,6.060606,1.2727273,0.5151515,1.4848485,12.848485,0.4575471580028534,4.3333335,0.7132866978645325,3.6060605,robert mccray v
Devine Conley,PG,EAWE,3.0,31.333334,16.333334,3.0,0.33333334,1.6666666,1.0,2.3333333,12.333333,0.5405405163764954,1.3333334,0.5,4.6666665,devine conley
Jaylen Brown,PG,VTSJ,3.0,31.0,16.333334,4.0,0.6666667,1.6666666,0.0,2.6666667,12.0,0.5,3.3333333,0.5,3.0,jaylen brown
Zuby Ejiofor,SF,SJU,37.0,30.0,16.324324,7.324324,3.5405405,1.1621622,2.1351352,0.4864865,10.081081,0.5361930131912231,7.0,0.7181467413902283,2.108108,zuby ejiofor
Frank Mitchell,SF,SBU,34.0,33.558823,16.32353,10.176471,2.764706,1.4705882,0.5294118,0.0,12.529411,0.5563380122184753,3.9117646,0.6090225577354431,2.6764705,frank mitchell
Nick Townsend,SF,YALE,30.0,33.366665,16.266666,7.4333334,4.3,1.0666667,0.16666667,1.4666667,10.7,0.5109034180641174,5.133333,0.7532467246055603,2.4333334,nick townsend
Rashaud Marshall,SF,APSU,31.0,29.258064,16.258064,6.83871,1.1612903,1.0,0.9032258,0.0,9.16129,0.6549295783042908,6.322581,0.6734693646430969,1.1612903,rashaud marshall
Bradyn Hubbard,SF,ACU,32.0,28.0625,16.25,4.65625,1.59375,1.75,0.15625,1.40625,13.09375,0.4009546637535095,5.4375,0.7988505959510803,2.3125,bradyn hubbard
Brock Wisne,SF,UNCO,31.0,31.967741,16.225807,6.419355,2.7419355,0.8064516,0.38709676,0.87096775,11.774194,0.567123293876648,2.8064516,0.7126436829566956,2.3548386,brock wisne
Josh Smith,PG,WGA,31.0,27.064516,16.225807,2.064516,2.1290324,0.83870965,0.16129032,2.0,13.806452,0.3971962630748749,4.419355,0.7372262477874756,1.3870968,josh smith
Jamal Fuller,PG,LIU,34.0,33.5,16.205883,5.5,2.5588236,1.0294118,1.0588236,1.617647,10.441176,0.5183098316192627,4.882353,0.7710843086242676,2.1176472,jamal fuller
Johnathan Lawson,PG,LR,31.0,36.70968,16.193548,4.129032,4.064516,1.6451613,0.7096774,2.483871,13.290322,0.39320388436317444,3.935484,0.8278688788414001,2.032258,johnathan lawson
Jalen Haralson,SF,ND,27.0,26.592592,16.185184,3.9629629,2.5555556,0.5185185,0.25925925,0.18518518,11.148149,0.514950156211853,6.703704,0.6740331649780273,2.7407408,jalen haralson
Coleton Benson,PG,NOLA,33.0,34.272728,16.181818,2.969697,1.7272727,0.6969697,0.060606062,2.6969697,12.030303,0.39798489212989807,4.212121,0.9280575513839722,1.8181819,coleton benson
Amon Dörries,C,BUCK,33.0,32.454544,16.181818,4.3636365,1.3939394,0.75757575,0.3939394,0.8484849,11.272727,0.5403226017951965,4.0,0.7878788113594055,2.6969697,amon dorries
Jamir Simpson,PG,UTSA,30.0,34.566666,16.166666,4.1,2.3666666,0.93333334,0.1,1.7666667,14.166667,0.3952941298484802,4.266667,0.75,1.8333334,jamir simpson
Nick Janowski,PG,STMN,34.0,31.558823,16.147058,5.147059,2.1176472,0.7352941,0.20588236,1.8235294,12.235294,0.4951923191547394,3.4411764,0.6410256624221802,1.2941177,nick janowski
Duke Miles,PG,VAN,28.0,29.535715,16.142857,3.0357144,4.5,2.607143,0.21428572,1.7142857,11.0,0.4350649416446686,5.392857,0.9006622433662415,1.8214285,duke miles
Gus Yalden,SF,UVM,31.0,25.516129,16.096775,5.774194,2.096774,0.48387095,0.4516129,1.3225807,12.16129,0.5066313147544861,3.6451614,0.6725663542747498,1.6774193,gus yalden
Preston Edmead,PG,HOF,35.0,33.942856,16.085714,3.5142858,4.4,0.51428574,0.028571429,2.7428572,11.828571,0.40096619725227356,4.6285715,0.8333333134651184,2.2,preston edmead
Tyren Moore,PG,GASO,37.0,29.297297,16.081081,2.8648648,2.5945945,1.4324324,0.054054055,3.2432432,12.324325,0.429824560880661,2.7027028,0.8299999833106995,1.7567568,tyren moore
Kingston Flemings,PG,HOU,37.0,31.64865,16.054054,4.0540543,5.189189,1.5135136,0.3243243,1.1081082,12.594595,0.4763948619365692,3.4864864,0.8449612259864807,1.7837838,kingston flemings
Brayden Burries,PG,ARIZ,39.0,29.794872,16.051283,4.8974357,2.4358974,1.5128205,0.20512821,1.7948718,10.974359,0.49065420031547546,4.3333335,0.8047337532043457,1.4615384,brayden burries
Jaquan Scott,SF,UAPB,31.0,28.516129,16.032259,7.032258,1.1290323,0.9354839,0.58064514,0.4516129,11.225806,0.479885071516037,5.645161,0.8514285683631897,2.419355,jaquan scott
Rob Lee Jr.,PG,LAM,31.0,28.193548,16.032259,3.1935484,2.0,0.61290324,0.09677419,2.387097,12.645162,0.4413265287876129,3.064516,0.8105263113975525,1.516129,rob lee jr
Trey Pettigrew,PG,JCSU,1.0,29.0,16.0,3.0,1.0,1.0,0.0,1.0,13.0,0.5384615659713745,1.0,1.0,1.0,trey pettigrew
Mason Falslev,PG,USU,36.0,32.02778,16.0,5.7222223,3.1111112,1.9444444,0.25,1.3333334,11.305555,0.5135135054588318,4.0,0.7638888955116272,1.5277778,mason falslev
Jayson Easton,SF,LYBG,1.0,21.0,16.0,3.0,0.0,1.0,0.0,2.0,10.0,0.6000000238418579,3.0,0.6666666865348816,1.0,jayson easton
Jonah Pierce,SF,PRES,33.0,32.575756,16.0,9.606061,1.2727273,0.8787879,1.3939394,0.0,11.69697,0.5518134832382202,5.3939395,0.5730336904525757,2.878788,jonah pierce
Cam Danser,PG,WAYN,1.0,28.0,16.0,4.0,1.0,2.0,0.0,2.0,16.0,0.4375,0.0,0.0,1.0,cam danser
Andrew Quinn,PG,MWD,1.0,27.0,16.0,3.0,1.0,1.0,0.0,2.0,10.0,0.699999988079071,0.0,0.0,0.0,andrew quinn
Wesley McIntyre,PG,VTSL,1.0,26.0,16.0,1.0,1.0,2.0,0.0,2.0,12.0,0.3333333432674408,8.0,0.75,3.0,wesley mcintyre
McKane Finkenbine,PG,CAPU,1.0,34.0,16.0,3.0,5.0,0.0,0.0,4.0,15.0,0.4000000059604645,0.0,0.0,3.0,mckane finkenbine
Jacey Canalin,ATH,ERAZ,1.0,24.0,16.0,1.0,3.0,2.0,0.0,4.0,13.0,0.4615384638309479,0.0,0.0,2.0,jacey canalin
Jake Devaney,SF,NYMT,2.0,25.5,16.0,3.5,0.5,1.5,1.0,2.0,13.0,0.42307692766189575,4.0,0.75,2.5,jake devaney
Dahsan King,PG,CPC,3.0,32.666668,16.0,2.3333333,2.0,2.0,0.33333334,2.0,17.0,0.3333333432674408,4.0,0.6666666865348816,3.3333333,dahsan king
Christian Brown,PG,RGNT,2.0,20.5,16.0,3.0,0.5,0.0,0.0,3.5,10.0,0.6000000238418579,0.5,1.0,4.0,christian brown
Jabari Brackett,PG,APPR,1.0,26.0,16.0,5.0,0.0,2.0,1.0,4.0,12.0,0.4166666567325592,2.0,1.0,1.0,jabari brackett
Trey Miller,SF,RDPH,1.0,26.0,16.0,9.0,0.0,0.0,0.0,1.0,15.0,0.3333333432674408,6.0,0.8333333134651184,0.0,trey miller
Pharaoh Lassiter,PG,BLUS,1.0,26.0,16.0,5.0,0.0,2.0,0.0,4.0,8.0,0.625,2.0,1.0,1.0,pharaoh lassiter
Jacob Fotu,SF,WHMN,1.0,26.0,16.0,4.0,1.0,2.0,0.0,4.0,17.0,0.29411765933036804,2.0,1.0,5.0,jacob fotu
Parker Renault,SF,PDMT,1.0,32.0,16.0,7.0,2.0,2.0,0.0,2.0,24.0,0.2916666567325592,3.0,0.0,3.0,parker renault
Dylan Forbord,PG,REGU,1.0,33.0,16.0,3.0,2.0,0.0,0.0,1.0,12.0,0.5,4.0,0.75,0.0,dylan forbord
Devon Brown,SF,APPR,1.0,36.0,16.0,19.0,2.0,1.0,3.0,0.0,13.0,0.5384615659713745,2.0,1.0,1.0,devon brown
Tray Huguley,SF,MUW,1.0,28.0,16.0,12.0,3.0,0.0,1.0,1.0,15.0,0.4000000059604645,3.0,1.0,5.0,tray huguley
Alijah England,PG,SHAW,1.0,26.0,16.0,5.0,3.0,5.0,0.0,0.0,11.0,0.6363636255264282,6.0,0.3333333432674408,1.0,alijah england
Elias Rodl,SF,BRDS,1.0,26.0,16.0,2.0,2.0,1.0,0.0,4.0,12.0,0.5,0.0,0.0,1.0,elias rodl
Raphal Dupouy,SF,HFU,1.0,30.0,16.0,7.0,1.0,1.0,0.0,2.0,13.0,0.5384615659713745,0.0,0.0,0.0,raphal dupouy
Elijah Hernandez,PG,HFU,1.0,37.0,16.0,2.0,0.0,0.0,0.0,4.0,14.0,0.4285714328289032,0.0,0.0,4.0,elijah hernandez
Jamison Lynam,PG,ARCA,1.0,31.0,16.0,3.0,0.0,1.0,0.0,2.0,12.0,0.5,2.0,1.0,1.0,jamison lynam
Darrius Welch,SF,ADR,1.0,30.0,16.0,8.0,4.0,8.0,0.0,0.0,15.0,0.3333333432674408,10.0,0.6000000238418579,4.0,darrius welch
Michael Notias,PG,FDSU,1.0,29.0,16.0,8.0,2.0,0.0,0.0,2.0,16.0,0.4375,0.0,0.0,3.0,michael notias
Ford Okehi,PG,UJ,1.0,24.0,16.0,5.0,6.0,3.0,0.0,2.0,10.0,0.699999988079071,0.0,0.0,3.0,ford okehi
Jayden Brink,PG,BVU,1.0,21.0,16.0,4.0,2.0,2.0,0.0,3.0,9.0,0.5555555820465088,3.0,1.0,0.0,jayden brink
Shamell Ponds,PG,PSHZ,1.0,28.0,16.0,4.0,1.0,2.0,0.0,0.0,13.0,0.4615384638309479,5.0,0.800000011920929,0.0,shamell ponds
Conner Schipper,C,UOO,1.0,27.0,16.0,7.0,3.0,2.0,0.0,2.0,11.0,0.5454545617103577,2.0,1.0,3.0,conner schipper
Jeffrey Selden,SF,FMU,1.0,33.0,16.0,5.0,1.0,1.0,1.0,1.0,11.0,0.4545454680919647,8.0,0.625,2.0,jeffrey selden
Terry Anderson,SF,HPU,36.0,26.86111,15.972222,6.111111,1.7222222,1.4444444,0.41666666,0.5277778,9.611111,0.5578034520149231,6.2222223,0.7589285969734192,1.5,terry anderson
Rob Martin,PG,HPU,35.0,27.285715,15.971429,2.0,3.8857143,1.4857143,0.08571429,1.3714286,11.8,0.4237288236618042,5.4857144,0.8385416865348816,1.6285714,rob martin
Jackson Holcombe,PG,UVU,34.0,30.058823,15.970589,6.970588,3.6176472,2.2058823,1.2647059,0.1764706,11.1470585,0.5303429961204529,5.8235292,0.6818181872367859,2.4117646,jackson holcombe
Ernest Shelton,PG,MRMK,34.0,36.82353,15.941176,3.0882354,0.9117647,1.1764706,0.5294118,2.9117646,11.441176,0.3856041133403778,4.8235292,0.8719512224197388,1.0882353,ernest shelton
Kareem Thomas,PG,DART,26.0,29.153847,15.923077,2.9615386,1.4615384,0.53846157,0.26923078,1.7692307,10.0,0.446153849363327,6.576923,0.7953216433525085,2.3076923,kareem thomas
David Green,SF,TLSA,36.0,27.0,15.916667,4.611111,1.5833334,0.5833333,0.7222222,1.7777778,11.166667,0.49253731966018677,4.5277777,0.6932515501976013,1.3888888,david green
Jurian Dixon,PG,UCI,35.0,30.428572,15.914286,3.6285715,2.5428572,1.1428572,0.057142857,2.0,13.228572,0.42980560660362244,3.2,0.7946428656578064,1.5142857,jurian dixon
Josiah Davis,PG,CSUN,34.0,33.32353,15.911765,4.647059,7.4411764,1.0882353,0.29411766,0.1764706,12.5,0.4588235318660736,6.0882354,0.7004830837249756,4.6764708,josiah davis
Izaiyah Nelson,SF,USF,34.0,27.294117,15.882353,9.588235,1.2058823,1.6470588,1.4117647,0.20588236,10.176471,0.560693621635437,5.882353,0.7250000238418579,1.3529412,izaiyah nelson
Dan Gherezgher,PG,NKU,34.0,29.470589,15.8529415,3.235294,2.7058823,0.7941176,0.05882353,2.8823528,12.941176,0.4227272868156433,2.764706,0.7340425252914429,2.3235295,dan gherezgher
Orlando Lovejoy,PG,DETM,31.0,30.967741,15.83871,3.612903,3.7096775,1.6451613,0.12903225,0.12903225,12.5161295,0.4458763003349304,5.096774,0.892405092716217,2.0,orlando lovejoy
Stefan Vaaks,PG,PROV,31.0,31.483871,15.83871,2.483871,3.1935484,0.83870965,0.2580645,2.935484,12.258064,0.40263158082962036,3.612903,0.8392857313156128,1.9032258,stefan vaaks
Jason Rivera-Torres,SF,MONM,34.0,35.32353,15.823529,8.058824,2.9411764,2.0588236,1.1470588,1.5294118,12.794118,0.40229883790016174,4.9411764,0.8095238208770752,1.882353,jason rivera torres
Shilo Jackson,SF,LEM,27.0,30.74074,15.814815,8.037037,2.1111112,0.5185185,1.5555556,0.037037037,9.444445,0.6313725709915161,5.296296,0.7272727489471436,2.5185184,shilo jackson
Javon Bennett,PG,DAY,37.0,34.51351,15.810811,2.1891892,2.9189188,1.4594594,0.13513513,2.4324324,12.72973,0.3949044644832611,3.7027028,0.8978102207183838,1.4324324,javon bennett
Fred Payne,PG,BC,31.0,34.70968,15.806452,4.193548,2.7096775,1.1290323,0.16129032,2.1612904,14.645162,0.39867842197418213,2.548387,0.7721518874168396,1.4193548,fred payne
Angel Montas Jr.,PG,UML,30.0,29.2,15.766666,5.133333,1.6666666,0.9,0.33333334,1.0,12.366667,0.5094339847564697,3.3666666,0.6435643434524536,1.8333334,angel montas jr
Jlynn Counter,PG,COFC,31.0,30.870968,15.741936,4.967742,5.580645,1.516129,0.22580644,1.0,10.935484,0.4601770043373108,5.806452,0.8055555820465088,2.903226,jlynn counter
Jaiden Glover-Toscano,PG,JOES,34.0,31.411764,15.735294,4.7647057,0.9705882,0.7352941,0.47058824,2.6470587,12.735294,0.41801387071609497,3.3529413,0.7280701994895935,1.4411764,jaiden glover toscano
Zoom Diallo,PG,WASH,33.0,29.636364,15.727273,3.939394,4.4545455,0.6666667,0.0,0.6969697,12.151515,0.4887780547142029,3.8181818,0.8253968358039856,2.5454545,zoom diallo
Ryan Prather Jr.,PG,RMU,33.0,34.090908,15.69697,3.909091,3.6363637,0.90909094,0.060606062,2.5454545,12.454545,0.4403893053531647,2.5757575,0.8470588326454163,0.8181818,ryan prather jr
John Mobley Jr.,PG,OSU,31.0,31.64516,15.67742,2.419355,2.8064516,0.7419355,0.09677419,3.1290324,11.580646,0.4317548871040344,2.935484,0.8681318759918213,1.8387097,john mobley jr
Max Mackinnon,PG,LSU,31.0,31.870968,15.67742,2.612903,2.483871,0.5483871,0.29032257,2.1612904,12.580646,0.41794872283935547,3.419355,0.8773584961891174,2.0,max mackinnon
Zion Bourgeois,PG,ABU,3.0,28.333334,15.666667,2.6666667,2.0,2.0,0.0,0.6666667,10.0,0.5333333611488342,6.0,0.7222222089767456,3.0,zion bourgeois
Jalen Speer,PG,MRSH,32.0,32.53125,15.65625,4.09375,5.46875,1.09375,0.09375,2.84375,13.5625,0.382488489151001,2.9375,0.8297872543334961,2.375,jalen speer
Wyatt Fricks,SF,MRSH,32.0,29.1875,15.65625,5.65625,1.375,0.78125,1.5,1.59375,10.75,0.5523256063461304,3.21875,0.6796116232872009,1.1875,wyatt fricks
Meleek Thomas,PG,ARK,37.0,30.486486,15.648648,3.837838,2.4864864,1.5405406,0.1891892,2.2162163,12.621622,0.4346895217895508,2.9189188,0.8425925970077515,1.0,meleek thomas
Christian Hammond,PG,SCU,34.0,30.352942,15.6470585,2.9705882,2.4705882,1.2352941,0.05882353,1.5588236,11.970589,0.48402947187423706,3.1764705,0.7870370149612427,1.7352941,christian hammond
Karmani Gregory,PG,UPST,31.0,30.516129,15.645162,2.2258065,2.935484,1.0645162,0.19354838,1.9354838,12.967742,0.41542288661003113,3.935484,0.7459016442298889,2.1935484,karmani gregory
Amarri Monroe,SF,QUIN,30.0,33.3,15.633333,8.266666,2.2,2.3,0.8666667,1.2,13.733334,0.4126213490962982,4.0666666,0.7622950673103333,2.6,amarri monroe
Tyler Lundblade,PG,BEL,32.0,34.3125,15.625,2.65625,1.8125,0.28125,0.0625,3.59375,10.90625,0.4297994375228882,2.84375,0.9340659379959106,0.90625,tyler lundblade
DJ Hall,SF,TXST,32.0,29.96875,15.625,7.65625,2.28125,1.375,0.375,0.1875,10.90625,0.5415472984313965,4.59375,0.7891156673431396,1.84375,dj hall
J.R. Konieczny,SF,FGCU,30.0,31.666666,15.6,6.766667,2.1,1.6,0.4,1.4666667,12.833333,0.44415584206581116,3.7333333,0.7321428656578064,1.8333334,j r konieczny
AJ Dancler,PG,CCU,32.0,33.125,15.59375,5.46875,2.09375,0.78125,0.125,2.46875,13.0625,0.4019138813018799,3.46875,0.7567567825317383,1.46875,aj dancler
Caleb Williams,PG,LAF,32.0,31.59375,15.59375,3.46875,3.09375,0.59375,0.15625,2.375,12.625,0.38861384987831116,3.875,0.8790322542190552,2.09375,caleb williams
Trae Broadnax,PG,RICE,31.0,30.612904,15.580646,5.225806,3.2580645,1.2258065,0.29032257,1.2903225,12.193548,0.4365079402923584,4.548387,0.8014184236526489,2.2903225,trae broadnax
Cliff Davis,PG,JMU,33.0,31.363636,15.575758,3.090909,1.6666666,1.1515151,0.030303031,3.0,11.909091,0.4249363839626312,2.8181818,0.8709677457809448,1.1818181,cliff davis
Joel Foxwell,PG,PORT,34.0,35.588234,15.558824,4.2647057,6.5,1.4705882,0.11764706,2.0294118,13.617647,0.39308854937553406,3.5,0.8067227005958557,3.1470587,joel foxwell
Matas Vokietaitis,C,TEX,36.0,26.0,15.555555,7.0555553,0.6388889,0.16666667,0.9166667,0.0,8.305555,0.6187291145324707,7.888889,0.6690140962600708,2.0833333,matas vokietaitis
Thijs De Ridder,SF,UVA,36.0,27.722221,15.555555,6.1666665,1.5833334,0.8333333,0.4722222,1.1111112,10.888889,0.5076530575752258,4.7777777,0.7093023061752319,1.7777778,thijs de ridder
Spudd Webb,PG,GASO,37.0,32.351353,15.540541,4.5945945,2.5135136,1.7297298,0.6486486,1.1621622,9.864865,0.5068492889404297,5.3513513,0.8181818127632141,1.6486486,spudd webb
Nick Anderson,PG,RICE,31.0,29.129032,15.5161295,4.290323,1.1612903,1.1935484,0.32258064,2.7096775,11.129032,0.4376811683177948,3.7741935,0.811965823173523,1.032258,nick anderson
AJ Storr,PG,MISS,35.0,26.285715,15.514286,3.1142857,1.8857143,0.9142857,0.14285715,1.1714286,12.428572,0.4482758641242981,4.0857143,0.7832167744636536,1.4857143,aj storr
Charles Neverdon,PG,TWU,2.0,28.5,15.5,1.5,1.5,2.0,0.0,3.5,13.0,0.38461539149284363,2.5,0.800000011920929,1.0,charles neverdon
Josiah Turner,SF,RIT,2.0,30.5,15.5,5.0,1.5,0.5,1.0,0.0,11.5,0.52173912525177,5.0,0.699999988079071,2.5,josiah turner
Nicholas Cortez,PG,SNYO,2.0,30.0,15.5,4.0,0.5,0.0,0.0,1.5,15.5,0.4516128897666931,0.0,0.0,0.5,nicholas cortez
Chance Westry,PG,UAB,32.0,30.59375,15.46875,3.78125,5.53125,1.34375,0.46875,0.65625,10.84375,0.4870316982269287,6.0,0.7083333134651184,1.90625,chance westry
Dayan Nessah,SF,CLE,26.0,27.384615,15.461538,6.3846154,2.4615386,1.0,0.5769231,0.30769232,9.115385,0.552742600440979,6.769231,0.75,2.6923077,dayan nessah
Emanuel Sharp,PG,HOU,37.0,29.378378,15.459459,2.9729729,1.7297298,1.1891892,0.08108108,2.6216216,11.513514,0.4131455421447754,3.7297297,0.8913043737411499,0.972973,emanuel sharp
Xzayvier Brown,PG,OU,37.0,32.351353,15.405405,3.2162163,3.2972972,1.2972972,0.1891892,1.6756756,11.972973,0.45598194003105164,3.2162163,0.8739495873451233,1.6486486,xzayvier brown
Tahaad Pettiford,PG,AUB,38.0,32.263157,15.394737,3.0,3.8157895,1.0789474,0.6052632,1.9210526,13.184211,0.39321357011795044,3.7631578,0.8251748085021973,2.2368422,tahaad pettiford
Jackson Hicke,PG,PRIN,29.0,33.931034,15.379311,5.206897,2.3793104,0.9310345,0.31034482,1.6896552,11.344828,0.4680851101875305,3.689655,0.8317757248878479,1.9310344,jackson hicke
Tyler Cochran,PG,URI,32.0,30.875,15.375,6.1875,1.8125,2.65625,0.1875,1.71875,11.71875,0.42933332920074463,4.96875,0.7232704162597656,2.09375,tyler cochran
Jordan Battle,PG,ODU,33.0,32.757576,15.363636,4.4242425,2.969697,1.4848485,0.0,2.4242425,9.909091,0.41896024346351624,5.4545455,0.8500000238418579,1.969697,jordan battle
MJ Russell,PG,ULM,32.0,35.6875,15.34375,3.90625,1.9375,1.25,1.09375,1.625,13.625,0.4128440320491791,3.53125,0.6991150379180908,2.0,mj russell
Aiden Tobiason,PG,TEM,32.0,35.34375,15.34375,3.65625,2.03125,1.21875,0.1875,1.46875,10.40625,0.48048049211502075,4.84375,0.800000011920929,1.375,aiden tobiason
Braeden Speed,PG,L-MD,32.0,32.65625,15.34375,4.4375,3.75,1.03125,0.25,1.6875,10.8125,0.4450867176055908,4.90625,0.8216560482978821,1.96875,braeden speed
Jaden Winston,PG,MAN,32.0,35.28125,15.28125,3.0625,3.8125,2.59375,0.03125,1.34375,10.9375,0.4514285624027252,4.9375,0.8227847814559937,2.28125,jaden winston
Rafael Castro,SF,GW,29.0,27.310345,15.275862,9.068966,1.6896552,1.7586207,1.7241379,0.0,8.689655,0.6269841194152832,6.62069,0.6614583134651184,1.8965517,rafael castro
Justin McBride,SF,JMU,31.0,27.129032,15.258064,5.645161,1.451613,0.38709676,0.58064514,1.2258065,11.16129,0.49421966075897217,3.8387096,0.7815126180648804,1.7741935,justin mcbride
Michael Osei-Bonsu,SF,MOST,31.0,27.35484,15.258064,7.322581,2.3225806,1.2258065,0.83870965,0.0,10.225806,0.5899053812026978,6.0,0.5322580933570862,2.419355,michael osei bonsu
Elijah Duval,PG,SUU,31.0,26.35484,15.258064,3.967742,3.612903,1.2258065,0.29032257,0.9677419,12.16129,0.4721485376358032,4.483871,0.6258992552757263,3.612903,elijah duval
Aaron Clark,PG,PEPP,32.0,32.28125,15.25,3.40625,2.71875,1.21875,0.125,1.875,12.125,0.42268040776252747,4.0625,0.7692307829856873,2.75,aaron clark
DeSean Goode,SF,RMU,33.0,30.939394,15.242424,8.69697,1.3636364,0.7878788,0.54545456,1.0909091,9.151515,0.6291390657424927,3.4545455,0.7631579041481018,1.3939394,desean goode
Jeremy Fears Jr.,PG,MSU,35.0,32.42857,15.228572,2.4,9.3714285,1.2857143,0.028571429,1.0,10.4,0.4313186705112457,5.9428573,0.8846153616905212,2.4285715,jeremy fears jr
Hank Alvey,SF,LEH,35.0,30.828571,15.228572,7.0857143,2.0857143,1.0857143,1.7714286,0.14285715,9.571428,0.6238806247711182,4.7714286,0.658682644367218,1.8,hank alvey
Jeremiah Johnson,PG,CAM,34.0,32.35294,15.205882,3.5294118,1.9117647,0.7058824,0.23529412,1.4411764,10.294118,0.44857141375541687,5.2352943,0.8651685118675232,2.1176472,jeremiah johnson
Aidan Kehoe,C,NAVY,34.0,33.52941,15.205882,10.8529415,2.3529413,1.2058823,1.2058823,0.0,8.8529415,0.7308970093727112,4.8235292,0.4695121943950653,1.7647059,aidan kehoe
Kasen Jennings,PG,APP,32.0,32.625,15.1875,4.28125,2.125,1.03125,0.15625,1.8125,12.90625,0.3970944285392761,4.0625,0.7692307829856873,1.5625,kasen jennings
Lateef Patrick,PG,SFA,34.0,28.5,15.176471,3.1470587,1.7352941,1.4117647,0.14705883,2.1176472,13.0,0.3891402781009674,3.6176472,0.8130081295967102,1.4411764,lateef patrick
Quel'Ron House,PG,SIU,30.0,30.1,15.166667,3.4333334,3.2666667,1.6666666,0.13333334,0.46666667,13.1,0.4656488597393036,3.3333333,0.75,2.3,quel ron house
KJ Younger,PG,UNCG,34.0,28.529411,15.1470585,4.7058825,1.2058823,0.88235295,0.1764706,1.8235294,11.176471,0.44736841320991516,4.6764708,0.7106918096542358,1.2058823,kj younger
Kowacie Reeves Jr.,SF,GT,29.0,30.241379,15.137931,3.7931035,1.1724138,0.9310345,0.6551724,2.0689654,11.793103,0.45614033937454224,2.9655173,0.7790697813034058,1.4137931,kowacie reeves jr
Javan Simmons,SF,OHIO,31.0,27.064516,15.129032,5.677419,1.6129032,0.61290324,0.7741935,0.19354838,9.806452,0.5361841917037964,6.451613,0.6850000023841858,1.6774193,javan simmons
Jaden Zimmerman,PG,QUIN,26.0,32.384617,15.115385,2.5,2.3076923,0.7307692,0.5,1.8076923,13.076923,0.3705882430076599,5.3846154,0.6714285612106323,2.3076923,jaden zimmerman
Flash Burton,PG,RID,29.0,32.0,15.103448,3.2068965,2.862069,1.2758621,0.20689656,1.5517242,13.4827585,0.3861892521381378,4.0,0.7844827771186829,2.2068965,flash burton
Ben Defty,SF,BU,33.0,29.484848,15.090909,6.757576,1.8787879,0.3939394,1.7272727,0.0,8.606061,0.6936619877815247,4.6969695,0.6709677577018738,2.2727273,ben defty
Alex Condon,SF,FLA,34.0,30.529411,15.088235,7.470588,3.6176472,0.6764706,1.4117647,0.2647059,10.0,0.5558823347091675,5.7058825,0.6494845151901245,2.4411764,alex condon
Yaxel Lendeborg,SF,MICH,40.0,30.15,15.075,6.775,3.225,1.125,1.225,1.675,9.7,0.5154638886451721,4.125,0.8242424130439758,1.05,yaxel lendeborg
Jimmie Williams,PG,DUQ,33.0,29.666666,15.060606,4.4848485,2.6060605,1.5757576,0.09090909,1.8787879,11.575758,0.463350772857666,3.2424242,0.7570093274116516,1.7272727,jimmie williams
Brian Waddell,SF,BELL,32.0,31.0625,15.03125,4.25,2.09375,0.6875,0.4375,0.8125,9.21875,0.6305084824562073,3.25,0.7980769276618958,1.625,brian waddell
TJ Hurley,PG,UVM,34.0,30.941177,15.029411,3.4705882,1.4117647,0.7058824,0.11764706,2.3235295,10.5,0.47058823704719543,3.235294,0.8727272748947144,0.85294116,tj hurley
Isaiah Evans,PG,DUKE,38.0,28.210526,15.026316,3.2105262,1.2631578,0.7105263,0.65789473,2.6578948,11.315789,0.43255814909935,3.0,0.859649121761322,1.1315789,isaiah evans
Julian Lewis,PG,NWD,1.0,22.0,15.0,3.0,4.0,2.0,1.0,4.0,8.0,0.5,4.0,0.75,1.0,julian lewis
Quentin Beverly,PG,CTLA,1.0,29.0,15.0,2.0,2.0,0.0,0.0,0.0,14.0,0.3571428656578064,5.0,1.0,3.0,quentin beverly
Raven Ortiz,PG,SPGN,1.0,35.0,15.0,3.0,5.0,3.0,0.0,0.0,20.0,0.3499999940395355,2.0,0.5,6.0,raven ortiz
Fisher Darden,PG,PDMT,1.0,31.0,15.0,5.0,1.0,0.0,0.0,2.0,11.0,0.4545454680919647,3.0,1.0,0.0,fisher darden
Cam Edmonds,PG,GCTU,2.0,26.5,15.0,1.5,2.0,3.0,0.5,2.0,13.5,0.29629629850387573,7.0,0.7142857313156128,3.0,cam edmonds
Trevor Smith,PG,ECSU,2.0,28.0,15.0,3.5,2.5,0.5,0.0,3.5,11.0,0.3181818127632141,5.0,0.8999999761581421,2.0,trevor smith
Quentin Meza,PG,HIPU,2.0,33.0,15.0,5.5,4.0,2.0,0.0,2.5,11.5,0.43478259444236755,3.0,0.8333333134651184,2.0,quentin meza
Justin Coleman,PG,UHSP,1.0,25.0,15.0,1.0,0.0,1.0,0.0,1.0,14.0,0.5,0.0,0.0,2.0,justin coleman
Caleb Hawley,SF,BOYC,1.0,32.0,15.0,3.0,3.0,1.0,3.0,1.0,13.0,0.4615384638309479,3.0,0.6666666865348816,3.0,caleb hawley
Matt Yost,SF,REGU,1.0,37.0,15.0,11.0,2.0,1.0,0.0,1.0,13.0,0.5384615659713745,0.0,0.0,4.0,matt yost
Diego Eslava,PG,NCF,2.0,22.5,15.0,3.5,0.5,0.0,0.0,3.5,13.5,0.40740740299224854,0.5,1.0,2.0,diego eslava
Joe Macciocco,PG,MWD,1.0,27.0,15.0,5.0,2.0,1.0,0.0,1.0,19.0,0.31578946113586426,2.0,1.0,4.0,joe macciocco
Cam LaClair,PG,SNYO,2.0,33.0,15.0,3.0,2.0,0.0,0.0,0.5,15.5,0.3870967626571655,4.0,0.625,2.0,cam laclair
TJ Holloway,PG,MRCY,1.0,28.0,15.0,6.0,2.0,0.0,0.0,1.0,9.0,0.4444444477558136,6.0,1.0,2.0,tj holloway
James Bullock Jr.,SF,NCU,1.0,16.0,15.0,2.0,0.0,0.0,0.0,3.0,10.0,0.5,2.0,1.0,1.0,james bullock jr
Rob Elliott,SF,RGIS,1.0,26.0,15.0,4.0,0.0,0.0,1.0,1.0,13.0,0.5384615659713745,0.0,0.0,0.0,rob elliott
Ethan Copeland,PG,STET,33.0,32.060608,15.0,3.6969697,2.060606,1.5151515,0.060606062,3.3030303,11.545455,0.4409448802471161,1.9090909,0.7936508059501648,1.3333334,ethan copeland
Marshawn Smith,PG,NSU,1.0,22.0,15.0,1.0,0.0,2.0,0.0,4.0,11.0,0.4545454680919647,2.0,0.5,1.0,marshawn smith
Joey Brown IV,PG,WAU,2.0,32.5,15.0,4.5,2.0,1.5,0.0,1.0,10.0,0.44999998807907104,5.5,0.9090909361839294,2.5,joey brown iv
Koye Rondeno,PG,MCM,1.0,26.0,15.0,1.0,4.0,1.0,0.0,2.0,12.0,0.4166666567325592,4.0,0.75,4.0,koye rondeno
Anthony Davenport,SF,BLUS,1.0,22.0,15.0,4.0,0.0,0.0,1.0,3.0,9.0,0.6666666865348816,0.0,0.0,2.0,anthony davenport
Michael Harrell,SG,UDC,1.0,21.0,15.0,2.0,0.0,1.0,0.0,0.0,5.0,1.0,6.0,0.8333333134651184,3.0,michael harrell
Jeremy Autin,PG,HNTC,1.0,18.0,15.0,3.0,0.0,0.0,0.0,0.0,9.0,0.7777777910232544,1.0,1.0,2.0,jeremy autin
Isaiah Broady,PG,WNMU,1.0,24.0,15.0,7.0,1.0,3.0,0.0,0.0,9.0,0.4444444477558136,8.0,0.875,3.0,isaiah broady
Javecckio Thomas,SF,CMBS,1.0,29.0,15.0,7.0,4.0,3.0,0.0,0.0,10.0,0.6000000238418579,5.0,0.6000000238418579,1.0,javecckio thomas
Tony Martin,PG,PITG,1.0,24.0,15.0,0.0,0.0,2.0,0.0,1.0,6.0,0.6666666865348816,9.0,0.6666666865348816,0.0,tony martin
Luka Vlajkovic,SF,WNE,1.0,26.0,15.0,4.0,2.0,1.0,0.0,3.0,10.0,0.5,3.0,0.6666666865348816,1.0,luka vlajkovic
Iman Kheirati,PG,CTBR,1.0,37.0,15.0,10.0,2.0,1.0,1.0,1.0,13.0,0.5384615659713745,0.0,0.0,1.0,iman kheirati
Jonah Nesmith,SF,TIFF,1.0,21.0,15.0,3.0,1.0,0.0,0.0,2.0,11.0,0.4545454680919647,4.0,0.75,1.0,jonah nesmith
CJ Campbell,SF,LAW,1.0,26.0,15.0,7.0,0.0,0.0,1.0,2.0,12.0,0.5,4.0,0.25,4.0,cj campbell
Dane Jacobsen,PG,CUNE,1.0,36.0,15.0,5.0,6.0,0.0,0.0,3.0,9.0,0.5555555820465088,2.0,1.0,2.0,dane jacobsen
Nafi Walker-Muhammad,PG,ROW,1.0,21.0,15.0,0.0,0.0,0.0,1.0,5.0,8.0,0.625,0.0,0.0,2.0,nafi walker muhammad
Tarrance Austin,PG,MCP,1.0,30.0,15.0,4.0,2.0,1.0,0.0,0.0,8.0,0.625,5.0,1.0,2.0,tarrance austin
Trevon Beckman,PG,DOAN,1.0,33.0,15.0,5.0,1.0,1.0,0.0,2.0,9.0,0.6666666865348816,1.0,1.0,0.0,trevon beckman
Justus Gardiner,PG,DOAN,1.0,37.0,15.0,8.0,6.0,2.0,0.0,3.0,8.0,0.75,0.0,0.0,0.0,justus gardiner
Hasaan Herrington,PG,UAA,1.0,27.0,15.0,1.0,2.0,4.0,0.0,2.0,8.0,0.625,4.0,0.75,3.0,hasaan herrington
Devin Artis,PG,BFC,1.0,27.0,15.0,0.0,0.0,0.0,0.0,3.0,14.0,0.4285714328289032,0.0,0.0,1.0,devin artis
Landon Miller,SF,YUNE,1.0,19.0,15.0,1.0,0.0,0.0,0.0,4.0,8.0,0.625,2.0,0.5,0.0,landon miller
Josiah Rickards,PG,CONC,1.0,26.0,15.0,3.0,2.0,1.0,0.0,4.0,11.0,0.4545454680919647,1.0,1.0,1.0,josiah rickards
Derek Delgardo Jr,PG,FVSU,1.0,19.0,15.0,1.0,1.0,0.0,0.0,3.0,8.0,0.5,7.0,0.5714285969734192,2.0,derek delgardo jr
Antonio Speed,SF,UMFK,1.0,23.0,15.0,5.0,1.0,1.0,0.0,3.0,13.0,0.38461539149284363,2.0,1.0,1.0,antonio speed
Nygie Stroman,SF,GRNB,1.0,26.0,15.0,4.0,2.0,0.0,2.0,3.0,12.0,0.5,0.0,0.0,1.0,nygie stroman
Nick Million,PG,GEN,1.0,20.0,15.0,0.0,0.0,0.0,0.0,5.0,10.0,0.5,0.0,0.0,0.0,nick million
Ramy Ahmed,PG,MMID,1.0,17.0,15.0,4.0,0.0,1.0,0.0,2.0,8.0,0.5,5.0,1.0,4.0,ramy ahmed
Tyshaun Dukes,SF,PSHZ,1.0,31.0,15.0,8.0,0.0,0.0,0.0,3.0,18.0,0.3333333432674408,0.0,0.0,2.0,tyshaun dukes
Anthony Henderson II,PG,THI,1.0,38.0,15.0,1.0,0.0,0.0,0.0,3.0,13.0,0.4615384638309479,0.0,0.0,1.0,anthony henderson ii
Jerry Couzens,PG,MRRS,1.0,35.0,15.0,5.0,2.0,2.0,0.0,3.0,12.0,0.4166666567325592,2.0,1.0,1.0,jerry couzens
Nate Edwards,PG,PSBH,1.0,32.0,15.0,3.0,2.0,2.0,0.0,3.0,9.0,0.6666666865348816,1.0,0.0,0.0,nate edwards
Christian Gary,SF,ABSU,1.0,33.0,15.0,3.0,1.0,1.0,0.0,0.0,5.0,0.800000011920929,8.0,0.875,3.0,christian gary
Tylen Riley,PG,TLSA,38.0,27.68421,14.973684,3.9210527,4.368421,0.92105263,0.13157895,0.7368421,9.921053,0.4482758641242981,6.131579,0.8712446093559265,2.631579,tylen riley
Terrence Hill Jr.,PG,VCU,36.0,25.055555,14.972222,2.6666667,2.8333333,0.5833333,0.055555556,2.25,10.25,0.46612465381622314,3.75,0.8444444537162781,1.1111112,terrence hill jr
LJ Wells,SF,NKU,33.0,30.272728,14.969697,7.2727275,2.060606,1.2727273,0.8787879,0.45454547,9.242424,0.55409836769104,6.3333335,0.6746411323547363,1.8787879,lj wells
Jabri Fitzpatrick,PG,NHVN,31.0,34.48387,14.967742,4.483871,2.612903,1.7096775,0.06451613,1.1612903,11.4838705,0.449438214302063,4.677419,0.7448275685310364,2.1290324,jabri fitzpatrick
Aidan Mahaney,PG,UCSB,32.0,33.5625,14.9375,1.9375,2.65625,0.75,0.0625,2.34375,12.0625,0.43523314595222473,2.59375,0.8072289228439331,1.28125,aidan mahaney
Koron Davis,PG,AAMU,33.0,29.424242,14.909091,5.242424,0.8181818,0.7878788,0.121212125,1.1818181,10.575758,0.4383954107761383,5.3939395,0.8258426785469055,1.939394,koron davis
Jed Miller,PG,MTST,32.0,34.5,14.90625,5.65625,2.875,1.5625,0.125,2.78125,10.4375,0.46107783913612366,3.125,0.800000011920929,1.25,jed miller
Amani Lyles,SF,AKR,35.0,26.4,14.885715,7.885714,2.1714287,1.0,0.74285716,1.3428571,9.685715,0.5575221180915833,3.8285713,0.7164179086685181,2.2,amani lyles
Dorian Finister,PG,UL,31.0,32.48387,14.870968,4.612903,1.9354838,1.0967742,0.48387095,1.2903225,10.870968,0.4480712115764618,5.16129,0.7437499761581421,1.8387097,dorian finister
Nick Jones,PG,WAG,29.0,32.13793,14.862069,3.586207,2.4827585,1.7586207,0.3448276,1.0344827,11.793103,0.42690059542655945,4.551724,0.8257575631141663,2.6551723,nick jones
KJ Lewis,PG,GTWN,28.0,30.0,14.857142,5.142857,2.5357144,2.107143,0.5714286,1.1428572,11.892858,0.40840840339660645,5.321429,0.7516778707504272,2.2142856,kj lewis
Mykale Mundy,PG,NOB,7.0,27.571428,14.857142,2.857143,1.2857143,1.0,0.0,0.0,13.0,0.450549453496933,4.714286,0.6666666865348816,4.714286,mykale mundy
Rasheed Jones,PG,CCU,32.0,36.1875,14.8125,4.5625,2.90625,0.96875,0.46875,2.25,12.15625,0.3984575867652893,3.5625,0.8070175647735596,1.46875,rasheed jones
Victor Valdes,SF,TROY,33.0,29.242424,14.787879,3.969697,4.4848485,1.3636364,0.3939394,0.93939394,10.787879,0.40449437499046326,6.7272725,0.7612612843513489,3.3333333,victor valdes
Andrew Alekseyenko,SF,COLG,33.0,29.69697,14.787879,6.6666665,2.4242425,0.8181818,0.18181819,1.2424242,11.30303,0.49865952134132385,2.909091,0.78125,2.3030303,andrew alekseyenko
Ezra Ausar,SF,USC,32.0,29.84375,14.78125,6.53125,1.71875,1.0,0.4375,0.0,8.46875,0.5830258131027222,7.28125,0.6738197207450867,2.09375,ezra ausar
Kent Jackson,PG,UNF,32.0,31.84375,14.78125,3.34375,2.15625,0.9375,0.0,3.3125,12.9375,0.3840579688549042,1.65625,0.9245283007621765,1.875,kent jackson
Sebastian Robinson,PG,NJIT,30.0,27.3,14.766666,2.9666667,2.2,1.2666667,0.13333334,0.4,12.166667,0.45205479860305786,4.8,0.7013888955116272,1.9333333,sebastian robinson
Peter Suder,PG,M-OH,33.0,31.09091,14.757576,4.6363635,4.030303,1.3030303,0.3939394,1.2121212,9.878788,0.546012282371521,3.7575758,0.7338709831237793,1.8787879,peter suder
Myron Amey Jr.,PG,LMU,32.0,30.5,14.75,3.875,1.71875,1.53125,0.25,2.5625,12.09375,0.421188622713089,2.59375,0.7710843086242676,1.34375,myron amey jr
Decoreio Smith,PG,MIDW,4.0,22.5,14.75,2.0,2.0,1.25,0.25,1.75,11.0,0.5454545617103577,1.0,1.0,2.5,decoreio smith
Raheem Kone,SF,TOCC,4.0,26.0,14.75,7.0,1.0,1.0,0.0,0.0,13.5,0.42592594027519226,4.75,0.6842105388641357,2.0,raheem kone
Donte Bacchus,SF,UNA,30.0,33.433334,14.733334,5.766667,1.1333333,0.9,0.43333334,0.53333336,10.9,0.483180433511734,5.733333,0.6395348906517029,1.3666667,donte bacchus
Lavell Brodnex,PG,ULM,26.0,31.538462,14.730769,8.461538,2.1538463,0.84615386,0.96153843,0.7692308,9.461538,0.5284552574157715,5.5384617,0.7152777910232544,1.6923077,lavell brodnex
Drew Fielder,C,BOIS,32.0,23.6875,14.71875,5.6875,1.25,0.40625,0.53125,1.1875,9.65625,0.5469255447387695,3.78125,0.7851239442825317,1.71875,drew fielder
Brayden Maldonado,PG,SEA,32.0,30.5625,14.71875,3.40625,2.84375,1.4375,0.125,2.46875,11.375,0.40934064984321594,3.3125,0.8867924809455872,1.59375,brayden maldonado
Tarris Reed Jr.,C,CONN,35.0,27.342857,14.714286,8.971429,2.2857144,0.9142857,1.9714285,0.0,9.885715,0.6069363951683044,4.4,0.6168830990791321,1.8571428,tarris reed jr
Lucas Lorenzen,PG,WIU,31.0,32.870968,14.709678,4.290323,0.9032258,0.7419355,0.09677419,2.1612904,12.064516,0.3903743326663971,3.903226,0.8016529083251953,1.7741935,lucas lorenzen
Barrington Hargress,PG,COLO,33.0,32.454544,14.69697,2.1818182,4.4848485,0.93939394,0.09090909,1.5757576,10.030303,0.5317220687866211,2.939394,0.8350515365600586,1.2424242,barrington hargress
Kintavious Dozier,PG,AAMU,33.0,32.39394,14.69697,3.909091,2.1515152,1.2727273,0.060606062,1.3939394,11.181818,0.43089431524276733,4.3636365,0.8402777910232544,1.6666666,kintavious dozier
Ruben Doria,PG,SWA,3.0,31.0,14.666667,3.3333333,1.6666666,2.3333333,0.0,1.0,14.0,0.2857142984867096,8.666667,0.6538461446762085,3.0,ruben doria
Ronnie Harrison,SF,ETAM,30.0,29.5,14.666667,6.0666666,1.8333334,1.2333333,0.7,1.0666667,11.533334,0.4768786132335663,3.9666667,0.6554622054100037,2.3,ronnie harrison
Jordan Bell,PF,OAKW,3.0,33.333332,14.666667,4.0,1.0,0.6666667,1.0,1.3333334,16.666666,0.3199999928474426,5.0,0.5333333611488342,2.3333333,jordan bell
Kent King,PG,CHAM,3.0,31.666666,14.666667,4.3333335,3.3333333,2.0,0.0,1.3333334,11.666667,0.37142857909202576,6.3333335,0.7368420958518982,1.6666666,kent king
Ricardo Ross,PG,NDMD,3.0,21.333334,14.666667,0.33333334,1.3333334,2.0,0.0,2.3333333,10.333333,0.5483871102333069,1.0,1.0,2.3333333,ricardo ross
Rashaun Agee,SF,TA&M,34.0,26.735294,14.6470585,8.705882,2.3529413,0.9411765,0.7941176,0.6764706,9.970589,0.49262535572052,5.529412,0.75,1.3235294,rashaun agee
Brian Taylor II,PG,ETSU,34.0,33.17647,14.6470585,3.7058823,2.8823528,1.2058823,0.14705883,1.5588236,11.529411,0.4642857015132904,3.1176472,0.7641509175300598,1.5,brian taylor ii
Blake Barkley,SF,ETSU,32.0,28.59375,14.625,5.84375,1.15625,0.84375,0.21875,0.5625,8.59375,0.589090883731842,4.6875,0.8399999737739563,1.625,blake barkley
Joseph Pinion,PG,USF,34.0,30.17647,14.617647,3.9117646,2.3823528,1.7352941,0.23529412,3.264706,12.6470585,0.3930232524871826,1.7941177,0.7868852615356445,1.5,joseph pinion
Joshua O'Garro,PG,CSUN,33.0,33.454544,14.606061,9.030303,2.7575758,1.030303,0.72727275,1.1515151,11.969697,0.47594937682151794,3.4242425,0.6017699241638184,2.5151515,joshua o garro
Braxton Williams,SF,CIT,33.0,29.242424,14.606061,3.1818182,1.6363636,0.75757575,0.27272728,2.3939395,12.515152,0.3995157480239868,2.8484848,0.7765957713127136,1.7878788,braxton williams
Troy Hupstead,SF,TXSO,25.0,29.52,14.6,9.32,1.08,0.56,0.64,0.72,10.2,0.5058823823928833,5.2,0.6846153736114502,1.76,troy hupstead
Brandon Williams,PG,LNCA,5.0,30.2,14.6,2.0,2.8,2.0,0.2,0.8,10.4,0.48076921701431274,5.4,0.7037037014961243,3.8,brandon williams
Elijah Jamison,PG,NORF,32.0,27.40625,14.59375,3.25,2.9375,0.6875,0.03125,0.875,11.3125,0.43922650814056396,4.65625,0.8120805621147156,2.1875,elijah jamison
Jeremiah Burke,SF,DEN,32.0,32.03125,14.59375,5.625,1.46875,0.40625,0.3125,2.28125,12.03125,0.44935065507888794,1.9375,0.774193525314331,2.03125,jeremiah burke
Emmett Adair,SF,L-MD,27.0,25.407408,14.592592,5.4074073,0.962963,0.33333334,0.2962963,1.6666666,12.148149,0.4664634168148041,1.962963,0.8113207817077637,1.3703704,emmett adair
Dylan Williamson,PG,TOW,34.0,35.941177,14.588235,2.5,3.3823528,0.7647059,0.0882353,2.4705882,14.235294,0.3863636255264282,1.5,0.7450980544090271,1.6764706,dylan williamson
Miles Barnstable,PG,TLSA,38.0,30.263159,14.552631,3.8157895,1.3947369,0.7894737,0.39473686,2.7105262,9.605263,0.465753436088562,3.2631578,0.8870967626571655,0.94736844,miles barnstable
Cayden Ward,PG,CP,33.0,29.363636,14.545455,6.3333335,1.6363636,0.8484849,0.18181819,1.6060606,10.393939,0.4577259421348572,4.5454545,0.753333330154419,2.939394,cayden ward
Zion Fruster,PG,EIU,30.0,31.633333,14.533334,3.2,2.2666667,1.4333333,0.06666667,1.0,12.7,0.4120734930038452,3.7666667,0.8141592741012573,1.9333333,zion fruster
Jayme Mitchell Jr.,PG,JKST,32.0,32.78125,14.53125,4.9375,0.90625,1.3125,0.59375,1.96875,11.46875,0.3869209885597229,4.6875,0.7866666913032532,2.28125,jayme mitchell jr
Malik Dia,SF,MISS,35.0,24.342857,14.514286,5.714286,0.82857144,0.6,0.82857144,0.62857145,11.885715,0.45192307233810425,4.6,0.6832298040390015,1.5428572,malik dia
RJ Johnson,PG,KENN,34.0,28.117647,14.5,3.0588236,3.9705882,1.2352941,0.38235295,1.617647,10.8529415,0.4525745213031769,4.8235292,0.6341463327407837,1.882353,rj johnson
Joshua Ward,PG,CSUF,34.0,30.882353,14.5,4.529412,3.4705882,1.6470588,0.47058824,1.3529412,10.705882,0.4395604431629181,4.970588,0.7514792680740356,1.9705882,joshua ward
Quinton McCullough,SF,HIPU,2.0,26.0,14.5,6.0,2.0,0.5,0.5,0.5,10.0,0.6000000238418579,2.5,0.800000011920929,1.0,quinton mccullough
John Davis III,PG,IIT,2.0,27.0,14.5,1.5,1.5,0.5,0.0,2.0,11.0,0.4545454680919647,3.0,0.8333333134651184,1.0,john davis iii
Te'Jon McDaniel-McCormick,SF,MILG,2.0,33.5,14.5,7.5,3.0,1.0,0.0,1.5,11.0,0.5454545617103577,2.0,0.5,2.0,te jon mcdaniel mccormick
Jaunte Jenkins,PG,BRES,2.0,31.5,14.5,4.5,1.5,3.0,0.0,1.5,15.5,0.35483869910240173,2.0,1.0,1.5,jaunte jenkins
Angelo Brizzi,PG,BUF,32.0,29.78125,14.46875,2.75,1.84375,1.8125,0.25,1.5625,9.5,0.4802631437778473,4.53125,0.834482729434967,2.09375,angelo brizzi
Damari Wheeler-Thomas,PG,NDSU,32.0,30.5,14.46875,3.5,2.78125,1.15625,0.0,2.25,11.09375,0.405633807182312,4.1875,0.7686567306518555,1.46875,damari wheeler thomas
Joe Sayler,PG,SDST,32.0,32.46875,14.46875,3.53125,2.375,0.46875,0.125,2.125,11.65625,0.43163537979125977,2.75,0.8295454382896423,1.75,joe sayler
Jeremiah Quigley,PG,BING,30.0,37.1,14.466666,4.866667,6.4,1.2,0.0,0.26666668,10.966666,0.46504560112953186,5.1,0.7843137383460999,3.3,jeremiah quigley
Jamal West Jr.,SF,UTEP,31.0,31.032259,14.451612,6.645161,1.3870968,0.9677419,1.3225807,0.2580645,9.387096,0.5498281717300415,5.83871,0.6629834175109863,1.8709677,jamal west jr
Noah Otshudi,PG,MRSH,31.0,31.580645,14.451612,3.387097,3.548387,0.9032258,0.032258064,0.67741936,11.709678,0.46005508303642273,3.548387,0.8454545736312866,2.7096775,noah otshudi
Thomas Dowd,SF,TROY,34.0,36.02941,14.441176,10.088235,2.1176472,1.2352941,1.2941177,1.9117647,11.1470585,0.44063323736190796,3.3823528,0.800000011920929,1.4117647,thomas dowd
Carl Parrish,PG,PRES,33.0,33.575756,14.424242,2.8181818,2.3636363,0.72727275,0.09090909,2.3030303,11.636364,0.4140625,2.939394,0.8453608155250549,1.6060606,carl parrish
Kobi Williams,PG,MOST,33.0,35.515152,14.424242,2.5757575,1.5757576,0.969697,0.21212122,2.6363637,10.242424,0.40236687660217285,4.212121,0.8417266011238098,1.5151515,kobi williams
Jordan Crawford,PG,SDAK,32.0,31.03125,14.40625,2.875,1.40625,1.15625,0.09375,2.40625,11.625,0.4139784872531891,3.1875,0.7450980544090271,1.28125,jordan crawford
Mason Bendinger,PG,UPST,32.0,29.375,14.40625,3.71875,1.1875,0.40625,0.375,0.71875,13.0,0.4423076808452606,4.0625,0.5384615659713745,1.75,mason bendinger
Kael Robinson,SF,NKU,31.0,26.161291,14.387096,4.451613,1.2580645,0.67741936,0.48387095,2.2903225,10.741936,0.4534534513950348,2.8709676,0.8202247023582458,1.516129,kael robinson
Cameron Fens,C,SDAK,32.0,25.28125,14.375,8.6875,0.84375,0.375,1.46875,0.0,9.71875,0.5787781476974487,5.34375,0.5847952961921692,1.65625,cameron fens
Aidan Hadaway,SF,OHIO,32.0,31.84375,14.375,7.4375,2.125,0.78125,0.71875,1.375,11.90625,0.48556429147720337,2.0625,0.6969696879386902,1.90625,aidan hadaway
Petar Majstorovic,SF,LBSU,32.0,31.15625,14.375,6.375,1.78125,1.6875,0.34375,0.875,10.3125,0.5242424011230469,3.46875,0.7747747898101807,2.21875,petar majstorovic
Chance Gladden,PG,BU,33.0,33.363636,14.363636,3.2424242,4.5454545,0.6666667,0.24242425,1.030303,10.060606,0.47590360045433044,4.3333335,0.867132842540741,2.6666667,chance gladden
Riley Kugel,PG,UCF,31.0,28.903225,14.354838,3.1290324,2.516129,1.032258,0.22580644,1.8709677,12.5161295,0.4149484634399414,2.7419355,0.7647058963775635,1.7419355,riley kugel
Morgan Safford,PG,KENT,32.0,31.15625,14.34375,5.59375,1.46875,0.9375,0.4375,2.125,10.65625,0.4134897291660309,4.25,0.8014705777168274,1.46875,morgan safford
Amani Hansberry,SF,VT,30.0,30.7,14.333333,7.366667,2.4,1.4666667,0.7,1.1333333,10.766666,0.49226006865501404,3.5333333,0.7358490824699402,2.0666666,amani hansberry
CJ Anthony,PG,IONA,31.0,31.806452,14.32258,3.064516,5.354839,1.6451613,0.09677419,1.6774193,10.612904,0.43768996000289917,4.419355,0.7591241002082825,2.8387096,cj anthony
Kory Mincy,PG,GMU,33.0,33.939392,14.30303,3.6363637,2.909091,1.060606,0.030303031,2.060606,10.939394,0.440443217754364,2.939394,0.8865979313850403,1.7272727,kory mincy
Tyshawn Archie,PG,MCN,34.0,25.67647,14.294118,1.9411764,2.8823528,1.6764706,0.3529412,1.9117647,12.1470585,0.4334140419960022,2.0588236,0.8999999761581421,1.5,tyshawn archie
Kanaan Carlyle,PG,FAU,28.0,31.178572,14.285714,3.8214285,2.9285715,1.1071428,0.14285715,2.0714285,11.607142,0.4092307686805725,3.1785715,0.8539325594902039,2.5,kanaan carlyle
Braden Smith,PG,PUR,39.0,34.48718,14.282051,3.5384614,8.846154,1.6923077,0.20512821,1.6410257,11.48718,0.4397321343421936,3.0769231,0.824999988079071,2.897436,braden smith
Grant Asman,SF,LIP,32.0,27.90625,14.25,5.8125,1.75,0.90625,1.0,1.84375,10.09375,0.5170278549194336,2.5625,0.7682926654815674,1.625,grant asman
Chase Ross,PG,MARQ,32.0,32.9375,14.25,4.15625,3.4375,2.25,0.21875,1.1875,11.34375,0.42148759961128235,4.84375,0.7225806713104248,2.1875,chase ross
Tuburu Naivalurua,SF,OAK,32.0,31.90625,14.25,6.0625,1.9375,1.15625,1.03125,0.5625,10.5625,0.5177514553070068,3.84375,0.7154471278190613,1.09375,tuburu naivalurua
Nolan Hodge,PG,UNCW,34.0,32.32353,14.235294,4.5588236,1.5882353,0.7352941,0.5,2.7058823,10.823529,0.4021739065647125,3.6764705,0.7680000066757202,1.0,nolan hodge
Roman Domon,PG,MUR,33.0,25.272728,14.212121,5.181818,1.6363636,1.060606,0.121212125,1.2727273,8.212121,0.47601476311683655,6.6666665,0.7681818008422852,1.6969697,roman domon
Ty Robinson,PG,CARK,34.0,27.617647,14.205882,5.5588236,2.0294118,1.9117647,0.2647059,2.235294,10.529411,0.4720670282840729,2.6470587,0.7666666507720947,1.1470588,ty robinson
Brant Byers,PG,M-OH,34.0,30.82353,14.205882,4.147059,0.5588235,0.5882353,0.3529412,2.0294118,8.794118,0.47826087474823,4.7941175,0.7852760553359985,0.9117647,brant byers
Nyle Ralph-Beyer,PG,SHU,31.0,30.548388,14.193548,3.8387096,0.7419355,0.516129,0.16129032,2.967742,10.774194,0.45209580659866333,1.7741935,0.8363636136054993,1.0,nyle ralph beyer
Tyler Houser,SF,DEL,26.0,33.23077,14.192307,5.423077,1.7307693,0.42307693,0.42307693,1.5769231,10.423077,0.49815496802330017,2.7307692,0.8169013857841492,1.3461539,tyler houser
Justin Pippen,PG,CAL,32.0,30.8125,14.1875,3.90625,4.59375,1.90625,0.59375,1.6875,11.21875,0.3704735338687897,5.0625,0.8271604776382446,2.4375,justin pippen
Brandon Benjamin,SF,FAIR,32.0,31.3125,14.1875,10.40625,1.21875,0.71875,1.59375,0.0625,10.5,0.5654761791229248,3.28125,0.6857143044471741,1.75,brandon benjamin
Asjon Anderson,PG,ALST,28.0,26.571428,14.178572,2.1785715,3.2142856,0.8214286,0.14285715,1.8928572,11.892858,0.34834834933280945,4.821429,0.8296296000480652,3.0357144,asjon anderson
Chris Bell,SF,CAL,34.0,27.794117,14.176471,2.5882354,0.61764705,0.5294118,0.5588235,2.235294,9.735294,0.4592145085334778,3.5,0.8571428656578064,1.2058823,chris bell
Mark Drone,PG,TXST,30.0,30.433332,14.166667,3.2666667,2.9333334,1.0,0.06666667,0.9,12.033334,0.4349030554294586,3.3666666,0.8316831588745117,2.7,mark drone
Mohammad Habhab,SF,EMU,30.0,36.0,14.166667,8.3,3.1,0.8666667,1.4333333,0.26666668,12.9,0.4005168080329895,4.8,0.7430555820465088,2.2666667,mohammad habhab
Trey Kaufman-Renn,SF,PUR,37.0,28.162163,14.162162,8.324325,2.5405405,0.3783784,0.21621622,0.054054055,10.621622,0.5776081681251526,2.891892,0.6355140209197998,1.4054054,trey kaufman renn
Tyler Boston,PG,HC,32.0,32.09375,14.15625,3.65625,3.59375,0.90625,0.0,1.4375,10.4375,0.428143709897995,4.59375,0.8231292366981506,1.8125,tyler boston
Shane Blakeney,PG,DREX,33.0,33.696968,14.151515,5.060606,2.4848485,1.1212121,0.6969697,2.0,12.666667,0.41626793146133423,2.3939395,0.6708860993385315,2.1515152,shane blakeney
Cord Stansberry,PG,WCU,30.0,30.066668,14.133333,3.9666667,2.1,0.8666667,0.0,1.8666667,12.166667,0.3589041233062744,4.4,0.8030303120613098,1.4,cord stansberry
Isaac Johnson,C,HAW,33.0,21.181818,14.121212,5.757576,1.030303,0.57575756,1.030303,1.1212121,9.242424,0.5016393661499023,4.212121,0.8848921060562134,1.7878788,isaac johnson
Koa Peat,SF,ARIZ,36.0,27.777779,14.111111,5.638889,2.5833333,0.6388889,0.6944444,0.19444445,10.527778,0.5277044773101807,4.5,0.6234567761421204,1.6111112,koa peat
Elijah Mahi,SF,SCU,35.0,30.428572,14.085714,4.742857,2.6285715,1.4285715,0.4,1.5714285,11.685715,0.4474327564239502,2.8857143,0.7128713130950928,1.7428571,elijah mahi
Kevin Overton,PG,AUB,38.0,31.68421,14.078947,3.2894738,1.2631578,1.1315789,0.21052632,2.5,9.921053,0.44562333822250366,3.1842105,0.8595041036605835,1.0263158,kevin overton
C.J. O'Hara,PG,GB,33.0,32.60606,14.060606,4.3939395,1.2424242,1.030303,0.24242425,0.21212122,8.454545,0.5698924660682678,5.3030305,0.7942857146263123,1.5454545,c j o hara
Luke Almodovar,PG,SEMO,33.0,26.969696,14.060606,3.6666667,0.6666667,1.030303,0.21212122,2.0,10.939394,0.42382270097732544,3.6666667,0.7603305578231812,0.969697,luke almodovar
David Punch,SF,TCU,34.0,29.647058,14.058824,6.7647057,2.0,1.3235294,1.9411764,0.32352942,10.411765,0.5028248429298401,5.0,0.6529411673545837,1.7058823,david punch
Alden Applewhite,SF,GASO,36.0,31.333334,14.055555,5.861111,1.1944444,1.1944444,0.22222222,1.5277778,8.777778,0.4778481125831604,5.2222223,0.792553186416626,1.1666666,alden applewhite
Fletcher Loyer,PG,PUR,39.0,29.307692,14.051282,2.3333333,2.0512822,0.71794873,0.051282052,2.871795,9.461538,0.4498645067214966,3.0512822,0.8739495873451233,1.0,fletcher loyer
Jah'Likai King,PG,UMBC,32.0,32.125,14.03125,3.34375,1.53125,0.84375,0.25,1.5,11.3125,0.4171270728111267,3.75,0.824999988079071,1.4375,jah likai king
Malachi Davis,PG,LIU,35.0,30.885714,14.028571,3.5142858,3.4,1.2,0.08571429,1.2571429,12.828571,0.4120267331600189,3.5428572,0.6209677457809448,2.8,malachi davis
Yigit Arcan,PG,LC,1.0,16.0,14.0,1.0,0.0,1.0,0.0,4.0,7.0,0.7142857313156128,0.0,0.0,0.0,yigit arcan
Zachary Reinhart,PG,ABSU,1.0,23.0,14.0,3.0,2.0,1.0,0.0,4.0,7.0,0.7142857313156128,0.0,0.0,1.0,zachary reinhart
Asher Nofziger,SF,COLC,1.0,26.0,14.0,7.0,2.0,0.0,0.0,0.0,14.0,0.5,1.0,0.0,2.0,asher nofziger
Gunner Walters,PG,REGU,1.0,40.0,14.0,5.0,4.0,0.0,0.0,2.0,13.0,0.4615384638309479,0.0,0.0,3.0,gunner walters
Adrian Kopec,PG,JJC,1.0,29.0,14.0,3.0,1.0,2.0,0.0,3.0,14.0,0.3571428656578064,2.0,0.5,1.0,adrian kopec
Freddie Dilione V,PG,PSU,32.0,27.46875,14.0,3.1875,2.21875,1.21875,0.1875,1.3125,11.5,0.4728260934352875,2.21875,0.8169013857841492,1.46875,freddie dilione v
Davion Hill,PG,BALL,31.0,26.870968,14.0,4.419355,2.3225806,1.1612903,0.29032257,1.1935484,11.096774,0.4622093141078949,3.387097,0.7523809671401978,1.6129032,davion hill
DeAndre Craig Jr.,PG,PFW,32.0,28.78125,14.0,3.25,2.5625,1.3125,0.03125,1.625,10.59375,0.4365781843662262,3.9375,0.7936508059501648,1.53125,deandre craig jr
Greg Gordon,PG,LIU,35.0,34.0,14.0,5.457143,2.942857,1.7428571,0.74285716,0.17142858,11.085714,0.5644329786300659,3.2285714,0.40707963705062866,1.9428571,greg gordon
Sebastian Medina,SF,VC,1.0,27.0,14.0,2.0,0.0,1.0,0.0,2.0,10.0,0.5,2.0,1.0,2.0,sebastian medina
Anujan Tennathur,PG,WLMT,1.0,25.0,14.0,5.0,4.0,0.0,0.0,1.0,13.0,0.4615384638309479,2.0,0.5,4.0,anujan tennathur
Andrew Jones,PG,BERE,1.0,18.0,14.0,1.0,1.0,0.0,1.0,4.0,11.0,0.4545454680919647,0.0,0.0,1.0,andrew jones
Colby Deluce,PG,CRWN,1.0,17.0,14.0,1.0,0.0,1.0,0.0,2.0,10.0,0.6000000238418579,1.0,0.0,0.0,colby deluce
Ke'Shaun Tonsall,PG,BLU,1.0,25.0,14.0,1.0,0.0,4.0,0.0,0.0,8.0,0.5,7.0,0.8571428656578064,1.0,ke shaun tonsall
Braylon Diggs,SF,HLGU,1.0,29.0,14.0,5.0,2.0,0.0,1.0,0.0,5.0,1.0,4.0,1.0,0.0,braylon diggs
Ethan Blackmon,SF,NESU,1.0,23.0,14.0,6.0,3.0,0.0,0.0,0.0,14.0,0.5,2.0,0.0,2.0,ethan blackmon
Donovan Beard,PG,LC,1.0,18.0,14.0,3.0,1.0,1.0,0.0,2.0,9.0,0.4444444477558136,5.0,0.800000011920929,0.0,donovan beard
Jaden Taylor,PG,MSSU,1.0,29.0,14.0,4.0,4.0,0.0,0.0,0.0,18.0,0.3333333432674408,2.0,1.0,3.0,jaden taylor
Tyson Stevenson,PG,DWU,1.0,27.0,14.0,4.0,3.0,2.0,0.0,3.0,8.0,0.5,4.0,0.75,2.0,tyson stevenson
Jarmell Johnson,PG,ADSU,1.0,28.0,14.0,5.0,0.0,1.0,0.0,0.0,5.0,0.20000000298023224,14.0,0.8571428656578064,4.0,jarmell johnson
Anthony Ignowski,PG,OKCU,1.0,29.0,14.0,1.0,3.0,1.0,0.0,2.0,12.0,0.5,1.0,0.0,0.0,anthony ignowski
Davion James,PG,MLSP,1.0,20.0,14.0,3.0,1.0,3.0,0.0,2.0,10.0,0.6000000238418579,0.0,0.0,1.0,davion james
Jaevian Alston,PG,UMO,1.0,18.0,14.0,8.0,1.0,0.0,0.0,0.0,10.0,0.6000000238418579,4.0,0.5,0.0,jaevian alston
James Glenn,PG,NSU,1.0,19.0,14.0,1.0,0.0,1.0,0.0,4.0,7.0,0.5714285969734192,2.0,1.0,0.0,james glenn
Chase Murray,PG,LANE,1.0,20.0,14.0,3.0,1.0,2.0,0.0,4.0,6.0,0.8333333134651184,0.0,0.0,2.0,chase murray
Jessiah Pierre-Johnson,PG,JCSU,1.0,20.0,14.0,4.0,0.0,1.0,0.0,4.0,14.0,0.3571428656578064,0.0,0.0,4.0,jessiah pierre johnson
Matt Houde,PG,WNE,1.0,32.0,14.0,2.0,9.0,0.0,0.0,3.0,10.0,0.4000000059604645,3.0,1.0,2.0,matt houde
Darius Abraham,SG,SHAW,1.0,34.0,14.0,2.0,3.0,1.0,0.0,4.0,11.0,0.4545454680919647,0.0,0.0,1.0,darius abraham
Isaac Allen,PG,WNWL,1.0,24.0,14.0,0.0,0.0,5.0,0.0,2.0,6.0,1.0,0.0,0.0,2.0,isaac allen
Mohand Ammad,SF,SAOK,1.0,36.0,14.0,5.0,1.0,2.0,0.0,1.0,10.0,0.6000000238418579,4.0,0.25,3.0,mohand ammad
Tyson Clark,PG,HOUG,1.0,34.0,14.0,3.0,4.0,2.0,0.0,0.0,11.0,0.6363636255264282,0.0,0.0,4.0,tyson clark
David Young,PG,UMW,1.0,28.0,14.0,2.0,1.0,2.0,0.0,4.0,7.0,0.7142857313156128,0.0,0.0,1.0,david young
Davion Lawrence,SF,STX,2.0,20.5,14.0,4.0,0.0,0.5,0.5,4.0,11.5,0.43478259444236755,0.5,0.0,3.0,davion lawrence
Jared White,PG,MRHO,1.0,29.0,14.0,5.0,2.0,1.0,0.0,2.0,9.0,0.4444444477558136,6.0,0.6666666865348816,2.0,jared white
Ben Estis,PG,TUTX,1.0,16.0,14.0,1.0,0.0,0.0,0.0,3.0,8.0,0.5,4.0,0.75,1.0,ben estis
Connor Amorosi,SF,W&L,1.0,29.0,14.0,4.0,2.0,1.0,0.0,0.0,14.0,0.5,0.0,0.0,1.0,connor amorosi
Mahari Guerrier,PG,ECMA,1.0,31.0,14.0,4.0,3.0,2.0,1.0,1.0,11.0,0.4545454680919647,11.0,0.27272728085517883,0.0,mahari guerrier
EJay Scroggins,PG,USW,1.0,27.0,14.0,10.0,0.0,3.0,1.0,0.0,15.0,0.3333333432674408,9.0,0.4444444477558136,3.0,ejay scroggins
Cameron Downs,SF,RUC,1.0,22.0,14.0,4.0,1.0,1.0,0.0,0.0,20.0,0.3499999940395355,0.0,0.0,1.0,cameron downs
Sehmaj Mentor,PG,FMU,1.0,35.0,14.0,4.0,0.0,3.0,0.0,1.0,12.0,0.3333333432674408,5.0,1.0,3.0,sehmaj mentor
Tramon Mark,PG,TEX,36.0,28.277779,13.972222,3.4722223,1.8333334,0.9444444,0.5277778,1.4444444,10.777778,0.47422680258750916,3.0833333,0.7477477192878723,1.1666666,tramon mark
Themus Fulks,PG,UCF,33.0,32.848484,13.969697,3.030303,6.7272725,0.75757575,0.030303031,0.6060606,11.545455,0.46194225549697876,3.3939395,0.7946428656578064,3.3636363,themus fulks
Darrion Williams,SF,NCSU,33.0,30.030304,13.969697,4.5757575,2.7878788,1.060606,0.3030303,2.3636363,12.151515,0.4139650762081146,2.0,0.7727272510528564,1.5151515,darrion williams
Makaih Williams,PG,GCU,32.0,27.09375,13.96875,2.71875,2.46875,0.9375,0.15625,1.75,10.46875,0.4298507571220398,4.09375,0.7862595319747925,1.71875,makaih williams
Rodney Brown Jr.,PG,LMU,31.0,32.322582,13.967742,2.387097,1.7096775,0.7096774,0.06451613,2.8064516,11.451612,0.4253521263599396,1.7096775,0.8301886916160583,1.516129,rodney brown jr
Quadir Copeland,PG,NCSU,34.0,28.82353,13.941176,3.6176472,6.529412,1.7941177,0.14705883,0.6764706,9.235294,0.493630588054657,5.352941,0.7747252583503723,2.8235295,quadir copeland
Jake Lemelman,PG,MERC,34.0,30.0,13.941176,2.4705882,3.1764705,1.1470588,0.05882353,1.7941177,12.205882,0.4289156496524811,1.9411764,0.8636363744735718,1.7352941,jake lemelman
Koree Cotton,PG,RGV,33.0,27.060606,13.939394,5.2727275,2.4545455,1.030303,1.1515151,1.6363636,9.787879,0.4736842215061188,3.878788,0.78125,2.4242425,koree cotton
Mikey Lewis,PG,SMC,33.0,26.757576,13.939394,2.6666667,2.121212,0.6969697,0.27272728,2.060606,11.787879,0.3984575867652893,2.8181818,0.8817204236984253,1.3636364,mikey lewis
Dug McDaniel,PG,MEM,32.0,34.375,13.9375,3.6875,4.59375,1.9375,0.0625,1.5,12.71875,0.4127764105796814,2.28125,0.8493150472640991,2.5625,dug mcdaniel
Marcus Hall,SF,GB,30.0,34.533333,13.933333,5.2,2.5333333,0.33333334,0.2,2.1,9.133333,0.4708029329776764,4.233333,0.7637795209884644,1.5666667,marcus hall
Micah Simpson,PG,ALST,32.0,32.75,13.90625,3.84375,3.59375,1.3125,0.1875,2.28125,13.09375,0.35083532333374023,3.1875,0.7647058963775635,2.59375,micah simpson
Bryan Ndjonga,SF,CAN,31.0,32.741936,13.903226,5.774194,1.8387097,0.516129,0.6451613,1.0645162,11.580646,0.42061281204223633,4.064516,0.761904776096344,2.2580645,bryan ndjonga
Dovydas Butka,SF,CAM,31.0,33.80645,13.903226,8.5161295,2.612903,1.2903225,0.09677419,0.16129032,10.83871,0.5029761791229248,5.129032,0.553459107875824,2.3548386,dovydas butka
Andrew Phillips,PG,LAF,32.0,33.375,13.875,4.5625,1.34375,1.15625,0.15625,2.03125,12.25,0.3979591727256775,2.9375,0.7127659320831299,1.0625,andrew phillips
Damon Wilkinson,C,SDST,32.0,23.90625,13.875,6.4375,1.25,0.375,0.84375,0.0,8.90625,0.5894736647605896,4.6875,0.7200000286102295,1.65625,damon wilkinson
Mikale Stevenson,PG,PFW,32.0,29.84375,13.875,3.625,3.0625,1.59375,0.125,1.625,11.71875,0.42399999499320984,2.90625,0.7956989407539368,2.1875,mikale stevenson
Kahlil Singleton,PG,CAN,30.0,34.8,13.866667,3.2,0.93333334,0.23333333,0.06666667,2.9,10.766666,0.40866872668266296,2.4333334,0.8904109597206116,0.56666666,kahlil singleton
Brent Bland,PG,SPU,29.0,33.172413,13.862069,4.965517,1.5172414,2.0344827,0.3448276,2.724138,10.655172,0.3883495032787323,3.6551723,0.7830188870429993,1.0344827,brent bland
Elijah Davis,PG,MORG,26.0,34.76923,13.846154,3.3461537,5.8846154,1.1153846,0.15384616,0.1923077,10.769231,0.44999998807907104,5.4615383,0.7253521084785461,2.6153846,elijah davis
Alonzo Dodd,PG,APP,32.0,31.25,13.84375,5.25,4.15625,0.84375,0.25,1.09375,10.53125,0.4747774600982666,3.90625,0.7039999961853027,2.40625,alonzo dodd
Shelton Henderson,SF,MIA,35.0,31.22857,13.828571,4.9428573,2.1142857,1.1428572,0.34285715,0.37142858,9.571428,0.5671641826629639,4.5142856,0.5759493708610535,1.8,shelton henderson
Paul McNeil Jr.,PG,NCSU,34.0,28.588236,13.823529,3.5588236,0.8235294,0.61764705,0.38235295,3.0882354,9.382353,0.4326018691062927,3.1764705,0.8240740895271301,0.4117647,paul mcneil jr
Kody Clouet,PG,WIN,34.0,28.970589,13.823529,4.852941,1.4411764,0.8235294,0.23529412,2.7058823,9.235294,0.4490445852279663,3.3823528,0.834782600402832,0.88235295,kody clouet
George Marshall,PG,MORE,33.0,30.39394,13.818182,4.4545455,1.9090909,1.3030303,0.27272728,1.9090909,9.515152,0.41719746589660645,4.757576,0.8343949317932129,1.6969697,george marshall
John Camden,SF,CAL,33.0,31.515152,13.787879,4.757576,1.5454545,0.75757575,0.18181819,2.6363637,9.939394,0.4451219439506531,2.8484848,0.8085106611251831,0.969697,john camden
Jakevion Buckley,PG,NOLA,32.0,33.90625,13.78125,4.71875,5.59375,1.71875,0.1875,0.90625,11.3125,0.3922652006149292,5.1875,0.7710843086242676,4.0625,jakevion buckley
Zion Cruz,PG,RID,27.0,32.666668,13.777778,2.9629629,1.925926,0.8888889,0.14814815,1.5555556,14.37037,0.3788659870624542,1.8518518,0.7200000286102295,1.4444444,zion cruz
Derek Simpson,PG,JOES,36.0,33.944443,13.777778,5.25,5.2222223,1.3888888,0.16666667,1.5833334,11.222222,0.4207920730113983,3.0,0.9166666865348816,2.1388888,derek simpson
TJ Nadeau,PG,DETM,31.0,26.483871,13.774194,3.2258065,1.032258,0.58064514,0.19354838,2.2580645,9.4838705,0.4897959232330322,2.580645,0.862500011920929,0.9354839,tj nadeau
DJ Dudley,PG,LT,34.0,30.441177,13.764706,2.8235295,1.9705882,0.8235294,0.20588236,1.7352941,11.794118,0.4314214587211609,2.7058823,0.6847826242446899,2.3529413,dj dudley
Dre Bullock,PG,HAW,33.0,28.333334,13.757576,5.909091,1.9090909,1.7272727,0.45454547,1.060606,11.121212,0.42506811022758484,4.2727275,0.758865237236023,1.8787879,dre bullock
Andrija Bukumirovic,SF,UTM,32.0,29.28125,13.75,7.8125,0.96875,1.21875,0.90625,1.46875,9.9375,0.5157232880592346,3.53125,0.5752212405204773,1.25,andrija bukumirovic
Po'Boigh King,PG,SHSU,31.0,27.741936,13.741936,1.9032258,1.516129,0.6451613,0.16129032,2.1935484,10.806452,0.41791045665740967,2.967742,0.8478260636329651,0.87096775,po boigh king
Kolton Mitchell,PG,IDHO,33.0,30.272728,13.727273,3.3030303,3.7878788,1.2121212,0.121212125,2.2121212,10.454545,0.3971014618873596,4.030303,0.7969924807548523,1.6363636,kolton mitchell
Trey Campbell,PG,UNI,36.0,33.47222,13.722222,3.7777777,3.7777777,1.6666666,0.25,1.8888888,11.166667,0.4378109574317932,2.6388888,0.7789473533630371,2.0277777,trey campbell
DeShawn Gory,SF,FRES,32.0,29.3125,13.71875,6.15625,1.96875,0.78125,0.34375,0.9375,11.4375,0.4836065471172333,2.65625,0.6470588445663452,1.5625,deshawn gory
Isaac Garrett,SF,OAK,28.0,28.928572,13.714286,7.142857,2.3214285,1.1071428,1.0,0.21428572,9.714286,0.5367646813392639,3.8214285,0.8037382960319519,1.8571428,isaac garrett
Addison Patterson,SF,EMU,31.0,29.709677,13.709678,5.322581,2.612903,1.0967742,0.32258064,0.6451613,10.290322,0.5579937100410461,2.1935484,0.720588207244873,2.2903225,addison patterson
Tyler Perkins,PG,VILL,33.0,29.878788,13.69697,5.4242425,1.6060606,1.1818181,0.27272728,2.0,10.878788,0.4401114284992218,2.8484848,0.7446808218955994,0.7878788,tyler perkins
Jaxon Olvera,PG,UL,33.0,29.121212,13.69697,4.4848485,1.8787879,0.54545456,0.060606062,1.7272727,12.939394,0.39344263076782227,2.4848485,0.7195122241973877,2.4242425,jaxon olvera
Devin Royal,SF,OSU,32.0,32.53125,13.6875,5.6875,1.625,0.625,0.15625,0.96875,9.90625,0.4763406813144684,4.09375,0.8015267252922058,1.6875,devin royal
Chase Walker,SF,ILST,32.0,22.59375,13.6875,5.46875,2.125,0.9375,0.5625,0.28125,9.0,0.5451388955116272,5.125,0.7012194991111755,2.28125,chase walker
Jalen Shelley,SF,LMU,25.0,31.12,13.68,6.64,2.72,0.68,0.64,1.0,10.32,0.45736435055732727,4.6,0.7043478488922119,2.28,jalen shelley
Kayden Mingo,PG,PSU,28.0,32.035713,13.678572,3.5,4.321429,2.0714285,0.17857143,0.75,10.785714,0.4768211841583252,3.75,0.7047619223594666,2.0357144,kayden mingo
Jayden Epps,PG,MSST,30.0,27.266666,13.666667,2.5333333,2.3,0.46666667,0.2,1.9666667,12.033334,0.40443214774131775,2.4333334,0.8082191944122314,1.9,jayden epps
Tucker DeVries,SF,IU,32.0,34.21875,13.65625,5.25,3.28125,1.125,0.5625,2.5625,11.34375,0.39669421315193176,2.4375,0.8589743375778198,1.46875,tucker devries
Patrick McMahon,PG,MTST,29.0,29.172413,13.655172,4.4827585,1.9655173,0.6551724,0.1724138,0.4827586,10.689655,0.4580645263195038,4.724138,0.7153284549713135,1.5862069,patrick mcmahon
Ven-Allen Lubin,SF,NCSU,34.0,28.088236,13.6470585,7.0882354,0.85294116,0.47058824,0.88235295,0.0882353,7.7941175,0.6679245233535767,4.2352943,0.7430555820465088,0.8235294,ven allen lubin
Marcus Kell,SF,WCU,31.0,29.32258,13.645162,4.83871,0.9354839,0.61290324,0.19354838,1.3870968,10.83871,0.4464285671710968,3.7419355,0.6896551847457886,1.1290323,marcus kell
Ponce James,PG,DSU,27.0,32.851852,13.62963,2.925926,3.4074075,1.8518518,0.037037037,1.4814814,12.333333,0.3843843936920166,3.148148,0.8470588326454163,2.074074,ponce james
Jackson Rasmussen,SF,IDHO,35.0,30.971428,13.6285715,4.6571426,1.2571429,0.5714286,0.37142858,1.0,10.514286,0.48641303181648254,3.5142858,0.6829268336296082,1.8857143,jackson rasmussen
Justin Allen,PG,GB,32.0,26.375,13.625,3.65625,1.65625,0.53125,0.09375,0.71875,10.21875,0.48012232780456543,3.75,0.824999988079071,1.21875,justin allen
Bryce Hopkins,SF,SJU,37.0,28.783783,13.621622,6.216216,1.945946,1.081081,0.27027026,0.8918919,9.918919,0.46866485476493835,4.810811,0.7134831547737122,1.2702702,bryce hopkins
Malik Mack,PG,GTWN,34.0,32.264706,13.617647,3.0,4.147059,0.85294116,0.14705883,1.6470588,11.882353,0.38118812441825867,3.5588236,0.8181818127632141,2.0,malik mack
Ryan Beasley,PG,SF,31.0,33.29032,13.612904,3.3548386,4.0,1.1935484,0.12903225,1.5806452,10.225806,0.4069400727748871,4.483871,0.8273381590843201,1.6451613,ryan beasley
Massamba Diop,C,ASU,33.0,29.636364,13.606061,5.848485,1.060606,0.6363636,2.090909,0.24242425,9.0,0.5690235495567322,4.3636365,0.7152777910232544,1.8787879,massamba diop
Davante Hackett,PG,STO,33.0,27.757576,13.606061,4.090909,1.4545455,0.90909094,0.45454547,1.939394,10.939394,0.42105263471603394,3.3333333,0.7363636493682861,1.3333334,davante hackett
Patrick Wessler,SF,UNCW,34.0,26.764706,13.588235,9.529411,1.1470588,0.61764705,0.9117647,0.0,9.088235,0.598705530166626,4.852941,0.5575757622718811,1.4117647,patrick wessler
Cameron Corhen,SF,PITT,33.0,33.81818,13.575758,6.818182,1.939394,0.969697,0.5151515,0.42424244,9.787879,0.5325077176094055,3.939394,0.692307710647583,2.2424242,cameron corhen
Riley Allenspach,SF,GMU,32.0,24.9375,13.5625,6.09375,0.84375,0.5625,0.28125,0.65625,9.0625,0.565517246723175,3.90625,0.6800000071525574,1.28125,riley allenspach
Tey Barbour,PG,HARV,29.0,33.58621,13.551724,5.206897,1.4482758,0.6551724,0.31034482,2.689655,9.137931,0.46037736535072327,3.0,0.8160919547080994,1.2758621,tey barbour
Ian Scott,SF,INST,32.0,30.0,13.53125,6.46875,2.59375,1.1875,0.96875,0.59375,8.15625,0.6321839094161987,3.625,0.7241379022598267,2.09375,ian scott
Trent Mosquera,PG,LEM,32.0,31.78125,13.53125,5.75,2.28125,1.40625,0.6875,2.40625,11.28125,0.40443214774131775,2.71875,0.7356321811676025,2.0,trent mosquera
CJ Ray,SF,CHST,32.0,31.125,13.53125,4.6875,1.5,0.84375,0.09375,1.3125,11.90625,0.42257216572761536,2.53125,0.8518518805503845,1.3125,cj ray
Micah Tucker,PG,GAST,31.0,31.516129,13.5161295,2.064516,2.967742,1.0,0.12903225,1.2258065,10.16129,0.4253968298435211,4.483871,0.8129496574401855,1.8709677,micah tucker
David Coit,PG,MD,33.0,26.69697,13.515152,1.8484849,2.7575758,0.6060606,0.030303031,2.1515152,10.969697,0.4116021990776062,2.7272727,0.855555534362793,1.8181819,david coit
David Terrell Jr.,PG,UNT,33.0,32.78788,13.515152,3.6969697,4.848485,1.7272727,0.27272728,0.54545456,10.363636,0.429824560880661,6.030303,0.6733668446540833,2.090909,david terrell jr
Tre White,PG,KU,35.0,31.342857,13.514286,6.6571426,1.7714286,0.5714286,0.37142858,1.6,9.342857,0.44954127073287964,4.0285716,0.8723404407501221,1.8285714,tre white
Jayden Stone,PG,MIZ,26.0,30.076923,13.5,5.076923,1.8846154,0.88461536,0.23076923,1.9230769,9.076923,0.48728814721107483,3.3461537,0.8160919547080994,1.0,jayden stone
Dashon Gittens,PG,SHU,32.0,34.0,13.5,5.84375,2.78125,1.53125,0.8125,1.4375,8.96875,0.5087108016014099,3.9375,0.7460317611694336,1.875,dashon gittens
Tyler Nickel,SF,VAN,36.0,30.555555,13.5,3.25,1.1944444,0.7777778,0.5277778,3.0555556,10.166667,0.4453551769256592,1.6388888,0.8474576473236084,0.7222222,tyler nickel
Donovan Atwell,PG,TTU,34.0,34.617645,13.5,3.2058823,0.7941176,1.1764706,0.11764706,3.8235295,9.264706,0.4634920656681061,1.2941177,0.8409090638160706,0.4117647,donovan atwell
Jonas Tester,PG,SHTU,2.0,28.0,13.5,2.5,1.0,1.5,0.0,1.0,10.0,0.5,2.5,1.0,2.5,jonas tester
Andrej Stojakovic,PG,ILL,34.0,26.32353,13.5,4.529412,1.0,0.38235295,0.44117647,0.5882353,9.882353,0.5,3.764706,0.8046875,1.2941177,andrej stojakovic
Carmelo Adkins,PG,UPST,32.0,29.90625,13.5,4.90625,1.5625,0.9375,0.0625,1.9375,11.125,0.3848314583301544,3.71875,0.8067227005958557,2.0,carmelo adkins
Ben Bradford,PG,CLT,34.0,28.205883,13.5,3.8235295,1.5588236,1.0,0.0882353,0.9411765,9.823529,0.45209580659866333,4.6764708,0.7861635088920593,2.0294118,ben bradford
Jaiden Feroah,SF,SUU,32.0,29.875,13.5,6.71875,1.78125,0.9375,1.625,1.21875,8.90625,0.5543859601020813,2.78125,0.8651685118675232,2.1875,jaiden feroah
Elijah Bredwood,PG,MILG,2.0,27.5,13.5,2.0,1.5,0.0,0.0,2.0,17.0,0.2647058963775635,3.0,0.8333333134651184,3.5,elijah bredwood
Bryce Shoto,PG,IIT,2.0,23.5,13.5,1.5,5.0,2.0,0.0,0.0,8.5,0.7058823704719543,2.5,0.6000000238418579,1.5,bryce shoto
Carson Brown,SF,TASA,2.0,17.5,13.5,2.0,0.0,1.0,0.0,1.0,11.0,0.40909090638160706,5.5,0.6363636255264282,2.0,carson brown
Ruben Salazar,SF,ERSK,2.0,26.5,13.5,5.0,1.5,1.0,0.5,0.5,12.0,0.5416666865348816,0.0,0.0,2.0,ruben salazar
Zyree Collins,PG,APSU,31.0,29.290323,13.4838705,3.096774,4.2580647,2.1290324,0.0,1.0,10.4838705,0.4307692348957062,4.612903,0.748251736164093,2.548387,zyree collins
Denzel Aberdeen,PG,UK,36.0,30.555555,13.472222,2.4722223,3.4166667,0.6666667,0.083333336,1.7222222,10.388889,0.4331550896167755,3.4444444,0.7983871102333069,1.3055556,denzel aberdeen
Tamin Lipsey,PG,ISU,34.0,31.5,13.470589,3.9117646,5.0882354,2.264706,0.029411765,1.2352941,10.764706,0.4590163826942444,3.5882354,0.6557376980781555,1.5294118,tamin lipsey
AJ Casey,SF,EVAN,32.0,29.8125,13.46875,5.90625,1.96875,1.21875,0.59375,0.65625,9.78125,0.5111821293830872,3.8125,0.7377049326896667,2.0,aj casey
Leland Walker,PG,WYO,33.0,28.666666,13.454545,3.030303,3.7575758,0.8484849,0.21212122,1.030303,11.151515,0.40760868787765503,4.030303,0.8270676732063293,2.2727273,leland walker
Alton Hamilton IV,SF,EWU,33.0,28.09091,13.454545,5.7272725,2.2121212,0.8181818,0.6666667,0.4848485,8.575758,0.5724381804466248,4.151515,0.7591241002082825,2.060606,alton hamilton iv
Ronald Jessamy,SF,CSUB,31.0,25.967741,13.451612,6.645161,1.1935484,1.1935484,1.8064516,0.09677419,9.67742,0.5233333110809326,4.774194,0.6756756901741028,2.7741935,ronald jessamy
Michael Cooper,PG,WRST,31.0,26.451612,13.419354,2.7419355,2.1935484,0.6451613,0.22580644,1.548387,11.0,0.44281524419784546,2.6451614,0.8048780560493469,1.1935484,michael cooper
Jayden Johnson,PG,SCST,32.0,27.46875,13.40625,3.0,3.46875,1.375,0.03125,1.15625,10.34375,0.43202418088912964,4.5625,0.7260273694992065,2.5625,jayden johnson
Madden Collins,PG,AMER,32.0,21.84375,13.40625,4.78125,1.96875,1.25,0.4375,0.65625,10.15625,0.5076923370361328,3.46875,0.7027027010917664,1.53125,madden collins
Mike Nwoko,SF,LSU,32.0,21.8125,13.375,5.9375,0.8125,0.4375,0.84375,0.0,7.9375,0.6102362275123596,4.84375,0.7612903118133545,1.8125,mike nwoko
AJ Lopez,PG,RICH,32.0,25.9375,13.375,2.21875,1.25,1.0,0.5,1.28125,8.75,0.46785715222358704,4.53125,0.8620689511299133,0.90625,aj lopez
Styles Phipps,PG,PEPP,32.0,33.96875,13.375,5.875,5.21875,1.5,0.1875,0.625,10.53125,0.42136499285697937,4.9375,0.7848101258277893,2.84375,styles phipps
De'Shayne Montgomery,PG,DAY,36.0,30.583334,13.361111,4.0277777,2.1111112,2.1388888,0.5833333,1.4444444,10.138889,0.4904109537601471,2.5,0.7888888716697693,1.9166666,de shayne montgomery
Daniel Mayfield,SF,MVSU,28.0,29.392857,13.357142,6.071429,1.2857143,0.96428573,0.8214286,0.64285713,11.964286,0.4298507571220398,3.0714285,0.7906976938247681,2.0357144,daniel mayfield
Kwame Evans Jr.,SF,ORE,30.0,30.866667,13.333333,7.4333334,1.9666667,0.96666664,1.3,1.0333333,9.033334,0.45387452840805054,5.133333,0.798701286315918,1.9,kwame evans jr
Diego Fernandez,PG,TCJ,3.0,33.0,13.333333,3.3333333,3.3333333,1.0,0.0,2.0,14.333333,0.23255814611911774,5.3333335,0.875,5.3333335,diego fernandez
DJ Armstrong Jr.,PG,UMBC,33.0,32.424244,13.333333,2.939394,2.0,0.7878788,0.3030303,2.7272727,9.212121,0.4638157784938812,2.2424242,0.9189189076423645,1.030303,dj armstrong jr
Zane Nelson,PG,DEN,30.0,24.7,13.333333,3.6,2.5333333,1.0,0.16666667,1.9333333,10.0,0.4300000071525574,3.6,0.7777777910232544,1.5666667,zane nelson
Lequan Washington,PG,ARBA,3.0,22.333334,13.333333,2.6666667,0.0,3.0,0.6666667,0.0,11.0,0.39393940567970276,4.6666665,1.0,2.0,lequan washington
David Mirkovic,SF,ILL,37.0,29.45946,13.324325,8.027027,2.5675676,0.43243244,0.3783784,1.5405406,9.837838,0.48351648449897766,3.0,0.7567567825317383,1.8918918,david mirkovic
Rienk Mast,SF,NEB,34.0,29.17647,13.323529,5.7647057,3.0882354,0.4117647,0.29411766,1.4705882,11.235294,0.44240838289260864,2.3235295,0.8227847814559937,1.6764706,rienk mast
Jayden Brewer,PG,WMU,31.0,25.419355,13.32258,7.032258,1.0967742,0.83870965,1.0,0.38709676,10.32258,0.45625001192092896,4.967742,0.7077922224998474,1.7741935,jayden brewer
Ryan Curry,PG,ARMY,31.0,33.774193,13.32258,4.096774,4.516129,1.0645162,0.09677419,2.451613,11.129032,0.3942028880119324,2.580645,0.8125,2.1935484,ryan curry
Jordan Burks,SF,UCF,33.0,28.181818,13.30303,4.818182,0.6666667,1.030303,0.5151515,1.8181819,10.0,0.4545454680919647,3.060606,0.7821782231330872,0.8787879,jordan burks
Donovan Dent,PG,UCLA,35.0,34.4,13.285714,2.9142857,7.571429,1.6857142,0.34285715,0.51428574,12.171429,0.4084506928920746,4.3142858,0.6556291580200195,1.8285714,donovan dent
Jaden Bradley,PG,ARIZ,39.0,30.589743,13.282051,3.4102564,4.3589745,1.4358975,0.102564104,0.6666667,9.410256,0.46321526169776917,4.820513,0.8085106611251831,1.7435898,jaden bradley
Kamari Lands,PG,MTSU,32.0,29.15625,13.28125,3.6875,2.15625,0.96875,0.40625,1.90625,11.0,0.40340909361839294,3.09375,0.808080792427063,1.40625,kamari lands
Chauncey Wiggins,SF,FSU,32.0,27.84375,13.28125,3.90625,0.90625,0.3125,0.21875,2.25,9.65625,0.4789643883705139,2.09375,0.8507462739944458,0.96875,chauncey wiggins
Makhai Valentine,PG,NIU,29.0,30.586206,13.275862,5.3103447,0.9655172,1.0,0.1724138,2.3793104,10.103448,0.41296929121017456,3.137931,0.8131868243217468,1.2413793,makhai valentine
Connor Sevilla,PG,UCD,31.0,31.193548,13.258064,1.6774193,0.8064516,0.7741935,0.06451613,2.1612904,9.032258,0.41428571939468384,4.0,0.9032257795333862,1.3870968,connor sevilla
Flory Bidunga,SF,KU,35.0,31.6,13.257143,8.971429,1.4857143,0.74285716,2.6,0.0,8.8,0.6396104097366333,3.057143,0.6542056202888489,1.5428572,flory bidunga
Anthony Johnson,PG,ASU,33.0,24.818182,13.242424,3.2424242,1.7272727,1.3333334,0.33333334,0.7878788,9.151515,0.4536423981189728,5.4545455,0.7611111402511597,2.1515152,anthony johnson
Lazar Djokovic,SF,VCU,35.0,27.657143,13.228572,5.2285714,1.0571429,0.51428574,1.2,0.6571429,7.8285713,0.5,6.0571427,0.7830188870429993,1.4571428,lazar djokovic
Austin Green,SF,UML,27.0,27.481482,13.222222,7.962963,1.1851852,0.4074074,0.4814815,0.0,8.555555,0.5670995712280273,5.7777777,0.6089743375778198,1.3333334,austin green
Ben Hammond,PG,VT,32.0,31.46875,13.21875,2.28125,3.21875,2.0,0.09375,1.375,9.625,0.43831169605255127,3.9375,0.8650793433189392,1.4375,ben hammond
Armani Mighty,C,MER,32.0,31.125,13.21875,10.59375,1.0625,0.65625,1.6875,0.0,8.09375,0.6447876691818237,5.15625,0.539393961429596,1.625,armani mighty
Josh Dix,PG,CREI,34.0,32.882355,13.205882,3.735294,2.3235295,0.9117647,0.29411766,2.0294118,11.0,0.4385026693344116,1.7647059,0.8666666746139526,1.1764706,josh dix
Isaac Celiscar,SF,YALE,31.0,31.096775,13.193548,6.290323,3.1935484,0.7419355,0.29032257,0.7741935,8.16129,0.573122501373291,3.8387096,0.7983193397521973,1.3225807,isaac celiscar
Cory Wells,SF,PV,37.0,33.08108,13.189189,7.0540543,2.108108,1.2702702,1.1621622,1.1621622,11.27027,0.3884892165660858,4.4054055,0.7423312664031982,2.2432432,cory wells
Cam'Ron Fletcher,SF,HPU,27.0,22.11111,13.185185,7.111111,0.9259259,1.2592592,0.5925926,1.2592592,9.333333,0.5436508059501648,2.4814816,0.7164179086685181,1.1481482,cam ron fletcher
Latrell Wrightsell Jr.,PG,ALA,27.0,27.333334,13.185185,3.074074,1.8888888,1.074074,0.037037037,2.8148148,10.740741,0.40344828367233276,2.148148,0.7931034564971924,0.8518519,latrell wrightsell jr
Kareem Rozier,PG,WIN,33.0,29.60606,13.181818,2.3030303,3.3030303,1.3030303,0.0,2.7272727,11.606061,0.37597912549972534,2.2121212,0.7808219194412231,1.0,kareem rozier
Cam Morris III,SF,ETSU,33.0,25.636364,13.181818,5.212121,1.5454545,1.1818181,1.1212121,0.3030303,8.30303,0.5729926824569702,5.030303,0.6686747074127197,1.3939394,cam morris iii
Connor Hollenbeck,SF,IDST,33.0,29.848484,13.181818,4.7272725,1.6060606,0.90909094,0.3939394,1.3333334,9.181818,0.45214521884918213,4.4848485,0.7905405163764954,1.8181819,connor hollenbeck
Alex Karaban,SF,CONN,40.0,34.275,13.175,5.275,2.35,0.825,0.825,1.925,10.125,0.4641975164413452,2.175,0.8505747318267822,1.075,alex karaban
Joshua Dent,PG,SMC,33.0,36.21212,13.151515,2.4848485,5.6060605,1.5757576,0.15151516,1.8484849,9.212121,0.46710526943206787,2.939394,0.9175257682800293,2.3030303,joshua dent
William Kermoury,PG,NE,27.0,26.851852,13.148149,3.1851852,2.2592592,1.037037,0.0,2.7407408,10.296296,0.4460431635379791,1.7037038,0.717391312122345,1.4444444,william kermoury
Fred King,C,MUR,32.0,24.8125,13.125,8.40625,0.78125,0.6875,2.09375,0.1875,7.90625,0.6482213735580444,4.375,0.6142857074737549,1.90625,fred king
CJ Gunn,PG,DEP,32.0,27.625,13.125,3.71875,1.90625,1.09375,0.625,1.75,11.96875,0.3994778096675873,2.5,0.7250000238418579,1.9375,cj gunn
Torey Alston,SF,MTSU,32.0,29.28125,13.125,7.90625,1.4375,0.5,1.125,0.0625,8.21875,0.5551331043243408,6.1875,0.6363636255264282,1.90625,torey alston
Jordan Ellerbee,PG,FGCU,34.0,26.911764,13.117647,3.4117646,2.1176472,0.88235295,0.0882353,1.617647,10.1470585,0.46666666865348816,2.764706,0.7340425252914429,1.7352941,jordan ellerbee
Jordan Pope,PG,TEX,36.0,29.027779,13.111111,2.0833333,1.8888888,0.41666666,0.055555556,2.3888888,10.5,0.39947089552879333,2.7777777,0.8399999737739563,0.8888889,jordan pope
Morez Johnson Jr.,SF,MICH,40.0,25.125,13.1,7.325,1.2,0.675,1.1,0.3,7.825,0.6230031847953796,3.9,0.7820512652397156,1.325,morez johnson jr
Nolan Winter,SF,WIS,31.0,30.709677,13.096774,8.451612,1.548387,0.48387095,1.2258065,1.0,8.67742,0.5687732100486755,3.0,0.7419354915618896,0.8064516,nolan winter
Elijah Jones,SF,UTEP,31.0,28.064516,13.096774,5.419355,0.516129,0.61290324,1.1290323,1.5806452,10.5161295,0.47852760553359985,2.096774,0.692307710647583,1.032258,elijah jones
Marquel Sutton,SF,LSU,32.0,31.3125,13.09375,7.28125,0.65625,0.59375,0.28125,1.03125,9.5,0.4572368562221527,4.09375,0.8244274854660034,0.96875,marquel sutton
Collin Kuhl,SF,STET,32.0,23.5625,13.09375,6.25,0.71875,0.90625,0.25,0.09375,8.09375,0.6563706398010254,3.84375,0.6178861856460571,1.46875,collin kuhl
Kaden Metheny,PG,LIB,33.0,33.848484,13.090909,3.0,3.090909,0.72727275,0.0,3.0,10.212121,0.4540059268474579,1.0909091,0.75,1.2121212,kaden metheny
Tomislav Buljan,SF,UNM,35.0,25.914286,13.085714,10.285714,1.4571428,1.1142857,0.51428574,0.22857143,9.2,0.5403726696968079,4.8,0.6071428656578064,1.8285714,tomislav buljan
Jacob Theodosiou,PG,L-MD,27.0,23.25926,13.074074,3.6296296,2.7407408,1.6296296,0.14814815,1.074074,9.555555,0.46124032139778137,4.740741,0.671875,2.5185184,jacob theodosiou
Zaire Williams,PG,MER,32.0,28.5625,13.0625,3.3125,1.53125,1.4375,0.09375,2.21875,10.0625,0.4440993666648865,2.28125,0.835616409778595,1.3125,zaire williams
Reese Dixon-Waters,PG,SDSU,32.0,30.03125,13.0625,3.59375,1.25,0.8125,0.125,1.625,10.21875,0.428134560585022,3.0625,0.8775510191917419,1.375,reese dixon waters
Blue Cain,PG,UGA,33.0,27.787878,13.060606,5.090909,2.5757575,1.3939394,0.18181819,1.3636364,9.969697,0.4680851101875305,2.6060605,0.9069767594337463,1.0909091,blue cain
Josiah Lake II,PG,ORST,33.0,34.151516,13.060606,4.090909,4.181818,1.3939394,0.3939394,1.1212121,8.333333,0.4618181884288788,5.151515,0.8235294222831726,2.3333333,josiah lake ii
Justice Shoats,PG,SIE,35.0,35.57143,13.057143,2.6285715,4.457143,1.4,0.2857143,0.4,11.6,0.46305418014526367,2.8285713,0.6767676472663879,2.5714285,justice shoats
Marcus Tankersley,PG,CHST,30.0,30.6,13.033334,3.1,2.5,0.7,0.033333335,0.23333333,10.933333,0.45426830649375916,4.366667,0.6564885377883911,2.0333333,marcus tankersley
Baba Miller,SF,CIN,31.0,31.838709,13.032258,10.32258,3.7096775,0.7419355,1.1612903,0.32258064,9.032258,0.5285714268684387,4.806452,0.6577181220054626,2.1935484,baba miller
Peter Bandelj,PG,CP,32.0,30.8125,13.03125,4.0,3.3125,1.25,0.1875,1.8125,9.46875,0.4125412404537201,4.0,0.8515625,2.4375,peter bandelj
Filip Brankovic,SF,RGV,32.0,24.03125,13.03125,4.40625,1.9375,0.40625,0.40625,1.09375,9.6875,0.5258064270019531,2.09375,0.8358209133148193,1.53125,filip brankovic
Trevon Brazile,SF,ARK,36.0,31.5,13.027778,7.3333335,1.5555556,1.4722222,1.6111112,1.25,8.944445,0.5248447060585022,3.3333333,0.7166666388511658,1.0555556,trevon brazile
Tae Davis,SF,OU,37.0,29.64865,13.027027,5.6216216,2.2972972,0.6486486,0.1891892,0.3243243,9.72973,0.4972222149372101,4.2702703,0.7088607549667358,1.8648648,tae davis
Grant Newell,SF,WKU,32.0,25.875,13.0,4.53125,0.96875,0.4375,0.46875,1.8125,10.03125,0.3987538814544678,4.1875,0.7611940503120422,0.96875,grant newell
Guy Fauntleroy,PG,BOWE,1.0,36.0,13.0,5.0,1.0,2.0,0.0,1.0,11.0,0.27272728085517883,6.0,1.0,5.0,guy fauntleroy
Troy'reon Ramos,PG,SAR,1.0,30.0,13.0,4.0,4.0,3.0,0.0,1.0,15.0,0.4000000059604645,1.0,0.0,3.0,troy reon ramos
Izaiah Shaw-Glen,SF,RIVI,1.0,28.0,13.0,6.0,2.0,0.0,2.0,1.0,8.0,0.625,2.0,1.0,1.0,izaiah shaw glen
Raymond Baka,C,FP,1.0,26.0,13.0,9.0,0.0,1.0,2.0,0.0,10.0,0.6000000238418579,2.0,0.5,5.0,raymond baka
Thomas Curlee,PG,BAP,1.0,29.0,13.0,7.0,0.0,0.0,0.0,0.0,16.0,0.25,5.0,1.0,1.0,thomas curlee
Terrance Hill,PG,SMWC,1.0,21.0,13.0,2.0,0.0,1.0,0.0,0.0,8.0,0.625,3.0,1.0,0.0,terrance hill
Trae Oetting,PG,JBU,1.0,27.0,13.0,3.0,0.0,1.0,0.0,0.0,14.0,0.3571428656578064,4.0,0.75,2.0,trae oetting
Bobby Vander Woude,PG,CTDM,1.0,37.0,13.0,4.0,1.0,0.0,0.0,3.0,13.0,0.38461539149284363,0.0,0.0,3.0,bobby vander woude
Bryce Merchant,PG,MLLY,1.0,36.0,13.0,0.0,1.0,0.0,1.0,1.0,14.0,0.4285714328289032,0.0,0.0,0.0,bryce merchant
Cortaviaus Seales,PG,WNMU,1.0,35.0,13.0,3.0,2.0,0.0,0.0,1.0,11.0,0.4545454680919647,2.0,1.0,4.0,cortaviaus seales
John Henderson,SF,LYBG,1.0,19.0,13.0,11.0,1.0,1.0,0.0,0.0,11.0,0.3636363744735718,8.0,0.625,1.0,john henderson
Matt Kirby,PG,UMO,1.0,27.0,13.0,3.0,3.0,1.0,0.0,0.0,13.0,0.3076923191547394,5.0,1.0,1.0,matt kirby
Elijah Cathcart,PG,WPEA,1.0,26.0,13.0,3.0,1.0,1.0,0.0,3.0,13.0,0.3076923191547394,2.0,1.0,1.0,elijah cathcart
Jamarcus Brown,SF,LYBG,1.0,30.0,13.0,6.0,2.0,1.0,1.0,1.0,11.0,0.5454545617103577,2.0,0.0,2.0,jamarcus brown
Joffrey Nunnally,PG,SFIL,1.0,31.0,13.0,1.0,2.0,1.0,0.0,3.0,11.0,0.4545454680919647,0.0,0.0,8.0,joffrey nunnally
Parker Penrod,PG,OHCU,1.0,37.0,13.0,0.0,4.0,0.0,0.0,3.0,12.0,0.4166666567325592,0.0,0.0,2.0,parker penrod
Jaxson Provost,PG,ERKA,2.0,23.5,13.0,1.0,3.5,1.5,0.0,2.0,14.0,0.3571428656578064,1.5,0.6666666865348816,2.0,jaxson provost
Sam Maddox,PG,RHDS,2.0,22.5,13.0,1.0,2.5,0.0,0.0,4.0,12.5,0.36000001430511475,0.0,0.0,1.5,sam maddox
Bryceson Burns,PG,UTPB,1.0,30.0,13.0,3.0,1.0,1.0,1.0,3.0,13.0,0.38461539149284363,0.0,0.0,3.0,bryceson burns
Diarmid Stewart,PG,MNFD,1.0,20.0,13.0,4.0,0.0,2.0,0.0,0.0,8.0,0.625,6.0,0.5,6.0,diarmid stewart
Aidan Werth,SF,BNIL,1.0,21.0,13.0,3.0,1.0,0.0,0.0,3.0,10.0,0.5,0.0,0.0,1.0,aidan werth
Jared Weakly,SF,MLLY,1.0,34.0,13.0,7.0,5.0,2.0,0.0,1.0,16.0,0.375,0.0,0.0,2.0,jared weakly
Tyler Di Silvio,SF,NCU,1.0,20.0,13.0,2.0,0.0,0.0,0.0,1.0,6.0,0.5,6.0,1.0,3.0,tyler di silvio
Aamyr Sullivan,PG,RGIS,1.0,29.0,13.0,5.0,4.0,2.0,1.0,1.0,10.0,0.5,2.0,1.0,3.0,aamyr sullivan
James Bodily,PG,EOU,2.0,21.0,13.0,3.0,0.0,0.5,0.0,3.0,8.5,0.5882353186607361,0.0,0.0,2.0,james bodily
Jordan Malveaux,PG,MCM,1.0,23.0,13.0,0.0,0.0,1.0,0.0,2.0,10.0,0.5,2.0,0.5,3.0,jordan malveaux
Jack Flannery,PG,MMA,1.0,31.0,13.0,3.0,1.0,1.0,0.0,3.0,11.0,0.3636363744735718,4.0,0.5,1.0,jack flannery
Jamison Eklund,SF,NWD,1.0,32.0,13.0,6.0,0.0,3.0,0.0,0.0,13.0,0.3076923191547394,5.0,1.0,3.0,jamison eklund
Jaden Lee,PG,RWC,1.0,25.0,13.0,1.0,1.0,3.0,0.0,3.0,8.0,0.5,2.0,1.0,2.0,jaden lee
Josh Balami,PG,CALT,1.0,30.0,13.0,2.0,2.0,2.0,0.0,1.0,13.0,0.38461539149284363,3.0,0.6666666865348816,1.0,josh balami
Gavin Shannon,SF,BMCU,2.0,32.5,13.0,5.5,1.5,1.0,0.0,1.5,15.5,0.29032257199287415,3.5,0.7142857313156128,2.0,gavin shannon
Michael Hill,PG,BMCU,2.0,24.5,13.0,3.5,1.5,1.0,0.0,2.0,8.5,0.5882353186607361,1.0,1.0,3.0,michael hill
Ty Keffer,PG,PITG,1.0,23.0,13.0,0.0,0.0,2.0,0.0,3.0,11.0,0.4545454680919647,0.0,0.0,1.0,ty keffer
Omari Ferguson,PG,REDL,1.0,25.0,13.0,6.0,4.0,4.0,1.0,0.0,15.0,0.3333333432674408,4.0,0.75,4.0,omari ferguson
Alex Wineholt,SF,MOBU,1.0,15.0,13.0,3.0,1.0,0.0,0.0,1.0,6.0,1.0,0.0,0.0,2.0,alex wineholt
Zane Miller,PG,PUG,1.0,25.0,13.0,4.0,2.0,1.0,0.0,3.0,10.0,0.4000000059604645,2.0,1.0,1.0,zane miller
Kamren Wires,PG,CUST,1.0,24.0,13.0,0.0,2.0,0.0,0.0,3.0,12.0,0.4166666567325592,0.0,0.0,1.0,kamren wires
Benjamin Noonan,PG,WBU,1.0,36.0,13.0,2.0,4.0,3.0,2.0,1.0,8.0,0.5,4.0,1.0,2.0,benjamin noonan
Jadon Melvin,PG,BREW,2.0,23.5,13.0,2.5,0.0,0.0,0.0,3.0,7.5,0.6666666865348816,0.5,0.0,1.5,jadon melvin
Elijah Morris,PG,PLAT,1.0,27.0,13.0,2.0,2.0,2.0,0.0,2.0,8.0,0.5,3.0,1.0,1.0,elijah morris
Andre Campbell,PG,PSHZ,1.0,40.0,13.0,4.0,3.0,3.0,1.0,1.0,14.0,0.3571428656578064,2.0,1.0,3.0,andre campbell
Zay Little,PG,B&SA,1.0,30.0,13.0,4.0,0.0,2.0,1.0,3.0,15.0,0.3333333432674408,1.0,0.0,3.0,zay little
Jayden Orsi-Pedersen,SF,GLDT,1.0,22.0,13.0,3.0,1.0,1.0,0.0,0.0,11.0,0.5454545617103577,1.0,1.0,3.0,jayden orsi pedersen
Terrell Pollard,PG,MHAM,1.0,29.0,13.0,2.0,0.0,1.0,2.0,1.0,12.0,0.4166666567325592,4.0,0.5,5.0,terrell pollard
Eugene Johnson Jr.,SF,NYCA,1.0,30.0,13.0,5.0,0.0,0.0,1.0,0.0,14.0,0.4285714328289032,2.0,0.5,3.0,eugene johnson jr
Khalif Bettis,SF,UMA,1.0,30.0,13.0,2.0,3.0,3.0,0.0,2.0,13.0,0.38461539149284363,2.0,0.5,0.0,khalif bettis
TJ Wainwright,PG,PAC,33.0,31.848484,12.969697,3.8181818,1.3939394,0.6969697,0.0,2.1515152,10.454545,0.417391300201416,2.2727273,0.9200000166893005,1.5151515,tj wainwright
Shammah Scott,PG,AKR,35.0,26.714285,12.942857,2.4857142,2.8857143,0.31428573,0.08571429,2.4,10.114285,0.4548022747039795,1.7428571,0.7704917788505554,1.1714286,shammah scott
Timofei Rudovskii,SF,BRY,31.0,31.548388,12.935484,4.677419,1.8064516,0.9677419,0.7419355,2.1612904,9.903226,0.4104234576225281,3.1612904,0.8367347121238708,2.548387,timofei rudovskii
Chandler Pigge,PG,HARV,29.0,33.58621,12.931034,5.1034484,3.310345,1.6896552,0.27586207,0.9655172,10.689655,0.4612903296947479,2.7931035,0.7530864477157593,2.0344827,chandler pigge
Justin Menard,PG,MRST,31.0,29.258064,12.903226,2.903226,3.8064516,1.2580645,0.12903225,1.8387097,10.16129,0.4444444477558136,2.1935484,0.9264705777168274,2.1612904,justin menard
Cayden Charles,PG,SBU,34.0,33.205883,12.882353,6.617647,2.0882354,1.5294118,0.3529412,0.85294116,9.176471,0.43910256028175354,5.0,0.7941176295280457,1.5,cayden charles
Jaidon Lipscomb,PG,CLE,33.0,27.454546,12.878788,3.060606,3.0,1.1818181,0.3030303,2.909091,8.909091,0.44897958636283875,2.3030303,0.8552631735801697,2.0,jaidon lipscomb
Giovanni Emejuru,C,ECU,31.0,32.741936,12.870968,9.225806,0.5483871,0.83870965,1.7096775,0.0,7.419355,0.591304361820221,6.612903,0.6195122003555298,1.8064516,giovanni emejuru
Nasir Meyer,PG,WYO,31.0,27.580645,12.870968,4.903226,2.419355,0.9354839,0.09677419,1.6129032,9.67742,0.4633333384990692,3.032258,0.7553191781044006,1.8387097,nasir meyer
Lance Waddles,PG,OMA,33.0,29.424242,12.848485,4.818182,2.060606,0.8181818,0.121212125,2.3636363,10.636364,0.4444444477558136,1.5454545,0.6666666865348816,1.4242424,lance waddles
Solo Ball,PG,CONN,39.0,28.358974,12.846154,3.025641,1.5128205,0.43589744,0.20512821,1.9743589,10.666667,0.39182692766189575,2.9487178,0.852173924446106,1.2051282,solo ball
Hermann Koffi,PG,STO,32.0,35.4375,12.84375,2.75,1.34375,0.46875,0.03125,2.4375,11.0625,0.40395480394363403,1.65625,0.8867924809455872,1.25,hermann koffi
Cole Certa,PG,ND,31.0,26.838709,12.83871,1.7419355,0.83870965,0.3548387,0.0,2.612903,9.741936,0.374172180891037,3.2903225,0.8921568393707275,0.67741936,cole certa
Tamario Adley,PG,CMU,31.0,29.032259,12.83871,4.677419,3.516129,1.548387,0.2580645,1.0645162,9.806452,0.47039473056793213,3.483871,0.7314814925193787,2.2258065,tamario adley
Elijah Price,SF,NEV,37.0,29.972973,12.837838,8.540541,1.1351352,1.2162162,1.6756756,0.2972973,7.6216216,0.44326239824295044,7.891892,0.732876718044281,1.8918918,elijah price
Kimani Hamilton,SF,UNLV,35.0,29.314285,12.828571,4.9428573,2.2857144,1.1714286,0.37142858,1.0,9.285714,0.4769230782985687,4.0857143,0.7272727489471436,1.5714285,kimani hamilton
Kiree Huie,SF,EWU,33.0,25.242424,12.818182,5.181818,0.7878788,0.45454547,1.2727273,0.0,9.393939,0.5483871102333069,4.3333335,0.5804196000099182,1.969697,kiree huie
Viljami Vartiainen,PG,WEB,26.0,29.923077,12.807693,3.2307692,1.0,0.8076923,0.115384616,2.9230769,9.461538,0.46341463923454285,1.4230769,0.7837837934494019,0.65384614,viljami vartiainen
Moustapha Thiam,C,CIN,31.0,27.161291,12.806452,7.129032,0.516129,0.7741935,1.6129032,0.48387095,9.83871,0.5245901346206665,3.1612904,0.6326530575752258,1.3548387,moustapha thiam
Robbie Avila,C,SLU,35.0,26.37143,12.8,4.457143,4.114286,0.62857145,0.54285717,1.8857143,8.171429,0.4965035021305084,3.4857142,0.8032786846160889,1.7428571,robbie avila
Alex Huibregtse,PG,BRAD,34.0,31.205883,12.794118,3.0588236,1.7352941,0.7941176,0.20588236,3.0294118,9.8529415,0.4388059675693512,1.3235294,0.8444444537162781,0.9705882,alex huibregtse
Asher Woods,PG,TULN,33.0,30.878788,12.787879,3.2121212,2.030303,1.3333334,0.0,0.93939394,9.121212,0.4053156077861786,5.242424,0.849711000919342,1.7878788,asher woods
Pat Curtin,PG,BUCK,27.0,25.074074,12.777778,4.296296,1.5185186,1.4074074,0.037037037,1.1851852,10.703704,0.4221453368663788,3.1851852,0.8023256063461304,1.8148148,pat curtin
Rob Lawson,PG,MORG,30.0,32.9,12.766666,3.6333334,3.9666667,0.6666667,0.13333334,1.3,11.533334,0.3612716794013977,3.8333333,0.8173912763595581,2.5,rob lawson
Braden East,SF,LAM,30.0,23.966667,12.766666,9.133333,0.6666667,0.46666667,1.0333333,0.16666667,9.566667,0.5331010222434998,3.4,0.7058823704719543,1.6666666,braden east
Martel Williams,PG,CBU,33.0,33.18182,12.757576,4.848485,1.5151515,0.72727275,0.121212125,1.0909091,11.484848,0.3984168767929077,3.2424242,0.7757009267807007,1.7272727,martel williams
Owen Dease,SF,VAL,32.0,27.75,12.75,3.21875,1.28125,0.5,0.25,1.59375,9.90625,0.4511041045188904,2.6875,0.8255813717842102,1.3125,owen dease
Nate Johnson,PG,KSU,32.0,32.71875,12.75,4.90625,4.5625,2.21875,0.25,2.0,9.65625,0.446601927280426,2.5,0.8500000238418579,2.4375,nate johnson
Christian Harmon,PG,ARST,32.0,27.5625,12.75,3.65625,2.53125,0.9375,0.125,2.625,10.0625,0.3913043439388275,2.75,0.8181818127632141,2.0,christian harmon
Kevon Washington,PG,PSSH,4.0,34.0,12.75,3.5,2.0,0.25,0.0,2.75,16.75,0.2985074520111084,0.0,0.0,2.0,kevon washington
Wesley Yates III,PG,WASH,27.0,31.37037,12.740741,3.2592592,1.2962962,1.5185186,0.25925925,1.962963,11.481482,0.3709677457809448,2.8888888,0.7820512652397156,1.5925926,wesley yates iii
Theo Seng,SF,TROY,28.0,28.678572,12.714286,5.821429,1.1071428,0.5,0.25,0.9285714,8.75,0.518367350101471,3.5357144,0.7676767706871033,0.9285714,theo seng
B.J. Edwards,PG,SMU,28.0,33.17857,12.714286,5.892857,4.928571,2.3214285,0.17857143,1.5,9.785714,0.47445255517959595,2.5,0.7714285850524902,1.9285715,b j edwards
Melvin Council Jr.,PG,KU,35.0,34.771427,12.714286,5.0,5.0571427,1.0285715,0.31428573,1.0571429,12.6,0.39229023456573486,2.2857144,0.7749999761581421,1.8857143,melvin council jr
Miles Sulka,SG,BTHS,7.0,28.142857,12.714286,3.7142856,2.2857144,1.4285715,0.14285715,1.1428572,12.142858,0.364705890417099,3.2857144,0.8260869383811951,2.142857,miles sulka
Xavier Edmonds,SF,TCU,35.0,22.857143,12.714286,6.542857,1.1714286,0.9714286,0.8857143,0.6857143,7.9142857,0.570397138595581,4.6571426,0.6441717743873596,1.8571428,xavier edmonds
Chevalier Emery,PG,CLE,33.0,21.939394,12.69697,1.2121212,2.030303,0.3939394,0.21212122,1.5151515,8.727273,0.4618055522441864,4.0,0.7803030014038086,1.969697,chevalier emery
Lajae Jones,PG,FSU,33.0,29.484848,12.69697,5.7272725,1.1212121,1.2424242,1.0,1.6666666,9.727273,0.4267912805080414,3.5757575,0.7627118825912476,1.030303,lajae jones
David Fuchs,SF,SF,29.0,24.034483,12.689655,7.7586207,1.4482758,0.4827586,0.3448276,0.3448276,8.0,0.517241358757019,6.3103447,0.6448087692260742,1.862069,david fuchs
Sam Orme,SF,BEL,29.0,25.689655,12.689655,5.034483,1.7931035,0.9310345,0.6896552,1.6551725,9.0,0.5593869686126709,1.5172414,0.6363636255264282,1.1034483,sam orme
Eian Elmer,PG,M-OH,34.0,30.294117,12.676471,5.882353,1.1470588,1.2352941,0.6764706,2.1176472,8.382353,0.49824562668800354,2.9117646,0.7575757503509521,1.2352941,eian elmer
Adam Clark,PG,HALL,33.0,30.636364,12.666667,2.969697,4.939394,1.969697,0.060606062,0.27272728,10.818182,0.43697479367256165,3.939394,0.7461538314819336,2.6363637,adam clark
Andre Guajardo Mancilla,PG,SWA,3.0,33.333332,12.666667,3.6666667,1.3333334,2.0,0.0,1.3333334,10.666667,0.4375,2.0,1.0,2.3333333,andre guajardo mancilla
Terrance Jones,PG,MAN,32.0,28.21875,12.65625,4.59375,1.75,1.59375,0.09375,1.53125,10.40625,0.402402400970459,2.96875,0.9263157844543457,1.15625,terrance jones
Jesse Hafemeister,SF,CHSO,32.0,26.3125,12.65625,5.34375,1.0,0.5,0.09375,2.28125,9.6875,0.4677419364452362,1.96875,0.6666666865348816,1.4375,jesse hafemeister
Cameron Wallace,SF,LR,32.0,28.5,12.65625,6.90625,1.78125,0.9375,0.25,0.03125,10.6875,0.48830410838127136,3.8125,0.5737704634666443,1.6875,cameron wallace
Javan Buchanan,SF,BOIS,31.0,27.870968,12.645162,4.967742,1.548387,0.6451613,0.16129032,1.032258,9.064516,0.4234875440597534,4.709677,0.835616409778595,1.0645162,javan buchanan
Tre Beard,PG,CLE,30.0,31.0,12.633333,3.1666667,3.3333333,1.0333333,0.033333335,2.8333333,8.9,0.42696627974510193,2.5666666,0.8571428656578064,1.1666666,tre beard
Bryson Dawkins,PG,YSU,32.0,26.84375,12.625,4.59375,1.4375,0.6875,0.125,0.96875,9.6875,0.5193548202514648,2.59375,0.6144578456878662,1.5,bryson dawkins
Jordan Pyke,SF,UIW,27.0,25.444445,12.592592,5.148148,1.5925926,0.6296296,0.37037036,0.8518519,8.925926,0.5228216052055359,3.4074075,0.70652174949646,1.2592592,jordan pyke
Jonah Hinton,PG,URI,29.0,32.37931,12.586206,2.9655173,2.0689654,0.6551724,0.13793103,2.6206896,11.0,0.36050155758857727,2.4827585,0.8194444179534912,1.9655173,jonah hinton
Amar Augillard,PG,MILW,31.0,20.838709,12.580646,2.6451614,1.0645162,0.83870965,0.22580644,1.8387097,10.645162,0.3909091055393219,2.903226,0.8333333134651184,1.8387097,amar augillard
Dezayne Mingo,PG,CLT,33.0,27.757576,12.575758,3.3939395,4.6060605,0.90909094,0.030303031,1.6666666,9.545455,0.4317460358142853,3.5151515,0.7586206793785095,2.0,dezayne mingo
Trent Perry,PG,UCLA,35.0,29.885714,12.571428,3.0,2.7714286,0.9142857,0.14285715,1.3428571,8.514286,0.43624159693717957,4.428571,0.8580645322799683,1.3428571,trent perry
Christian King,SF,MTST,28.0,27.25,12.571428,4.464286,0.96428573,0.9285714,0.25,2.0,10.607142,0.40740740299224854,2.392857,0.8059701323509216,1.5714285,christian king
Marcell McCreary,PG,UTA,32.0,29.375,12.5625,4.96875,1.625,1.5625,0.21875,1.59375,9.46875,0.42904290556907654,3.34375,0.8504672646522522,1.75,marcell mccreary
Michael Houge,SF,OAK,27.0,26.592592,12.555555,5.4444447,0.7777778,0.7407407,0.37037036,0.14814815,9.407408,0.5314960479736328,3.3333333,0.7222222089767456,1.7407408,michael houge
Xavier Abreu,PG,NE,29.0,21.0,12.551724,2.724138,1.0344827,0.7241379,0.10344828,0.8965517,10.137931,0.4591836631298065,3.1034484,0.7555555701255798,1.1034483,xavier abreu
Barry Dunning Jr.,PG,PITT,33.0,31.727272,12.545455,5.878788,0.8181818,0.72727275,0.8484849,1.7878788,9.818182,0.4660493731498718,2.2424242,0.7162162065505981,1.0909091,barry dunning jr
Connor Dow,PG,ORU,33.0,31.90909,12.545455,3.969697,1.8484849,1.060606,0.6060606,2.4545455,10.151515,0.41791045665740967,1.969697,0.8153846263885498,1.9090909,connor dow
Jaxon Kohler,SF,MSU,35.0,27.742857,12.542857,8.914286,1.2857143,0.6,0.6571429,1.6571429,9.3714285,0.5,1.7428571,0.868852436542511,1.3714286,jaxon kohler
Adam Hinton,PG,COR,28.0,24.607143,12.535714,3.107143,1.8928572,0.8214286,0.5,2.0,9.25,0.48262548446655273,2.0714285,0.7758620977401733,1.25,adam hinton
Jalen Smith,PG,RICE,31.0,32.64516,12.5161295,2.935484,2.3225806,0.9354839,0.32258064,2.580645,10.612904,0.41033434867858887,1.9032258,0.6440678238868713,2.064516,jalen smith
Kaseem Watson,SF,UTEP,31.0,31.290323,12.5161295,5.0,1.451613,0.9032258,0.32258064,1.8709677,10.548388,0.38837921619415283,3.0,0.8172042965888977,1.7096775,kaseem watson
Takai Simpkins,PG,ORE,31.0,32.0,12.5161295,2.935484,2.3548386,0.9032258,0.19354838,1.6129032,9.612904,0.42617449164390564,3.1935484,0.8484848737716675,2.064516,takai simpkins
Gabe Warren,PG,HC,33.0,31.666666,12.515152,4.5454545,1.5454545,1.1515151,0.33333334,0.8787879,8.878788,0.4744027256965637,4.3939395,0.7310344576835632,1.3030303,gabe warren
JT Pettigrew,SF,VAL,33.0,27.787878,12.515152,6.757576,1.7575758,0.90909094,0.42424244,0.6666667,9.909091,0.38532111048698425,5.6666665,0.7433155179023743,1.8181819,jt pettigrew
Elijah Tucker,SF,LONG,32.0,26.28125,12.5,6.84375,1.09375,0.78125,0.375,0.03125,7.96875,0.5882353186607361,4.34375,0.7122302055358887,2.6875,elijah tucker
Keionte Cornelius,PG,CNSU,2.0,19.5,12.5,0.5,0.0,0.5,0.0,3.5,12.0,0.375,0.0,0.0,0.0,keionte cornelius
Garrison Carter,SF,IIT,2.0,28.5,12.5,5.0,2.0,1.5,0.0,2.5,11.0,0.4545454680919647,0.0,0.0,3.0,garrison carter
Cooper Campbell,PG,TROY,34.0,33.85294,12.5,3.4411764,4.2058825,1.5882353,0.05882353,2.0,9.794118,0.4324324429035187,2.4411764,0.8313252925872803,1.8529412,cooper campbell
Asim Jones,PG,QUIN,32.0,28.78125,12.5,2.40625,3.9375,1.1875,0.15625,1.40625,10.5,0.4404761791229248,2.4375,0.7564102411270142,2.15625,asim jones
Clyde Frasier,PG,CHEY,2.0,24.0,12.5,2.5,2.0,2.0,0.0,0.0,7.0,0.6428571343421936,5.5,0.6363636255264282,2.0,clyde frasier
Ryan Reasbeck,PG,BCWV,2.0,27.5,12.5,4.5,3.0,2.0,0.0,2.0,9.0,0.5,3.0,0.5,2.5,ryan reasbeck
Kam Sanders,PG,AF,32.0,29.875,12.5,4.15625,3.78125,1.09375,0.0625,1.28125,9.96875,0.3887147307395935,4.75,0.7302631735801697,2.3125,kam sanders
Derrick Jones Jr.,SF,WAU,2.0,25.0,12.5,5.5,2.5,1.5,0.5,2.5,10.0,0.44999998807907104,1.0,1.0,2.0,derrick jones jr
Joshua Wilson,PG,SHTU,2.0,30.5,12.5,0.5,1.5,0.0,0.5,1.5,4.5,0.4444444477558136,9.0,0.7777777910232544,5.0,joshua wilson
Matas Deniusas,SF,UTM,33.0,25.969696,12.484848,5.212121,1.5454545,0.7878788,0.8484849,1.3939394,9.69697,0.42500001192092896,3.7878788,0.7519999742507935,1.8181819,matas deniusas
Royce Parham,SF,MARQ,31.0,28.741936,12.4838705,4.903226,0.9354839,0.7096774,0.8064516,1.0967742,8.83871,0.5218977928161621,3.3225806,0.6504854559898376,1.3548387,royce parham
Trent Middleton Jr.,PG,NCAT,29.0,29.586206,12.4827585,3.5517242,3.137931,0.86206895,0.10344828,1.1034483,9.620689,0.4516128897666931,3.5172415,0.7647058963775635,2.310345,trent middleton jr
Keanu Dawes,SF,UTAH,32.0,30.78125,12.46875,8.78125,2.15625,0.5,0.375,1.0,8.46875,0.5461254715919495,3.0625,0.7244898080825806,1.8125,keanu dawes
Dylan Andrews,PG,BOIS,32.0,29.25,12.46875,2.5,3.15625,0.65625,0.0625,1.4375,9.375,0.3799999952316284,4.40625,0.8865247964859009,2.0625,dylan andrews
Rob Dockery,PG,LAS,32.0,27.125,12.46875,6.125,2.34375,1.5,0.25,0.4375,8.28125,0.49056604504585266,5.0625,0.7716049551963806,2.875,rob dockery
Greg Jones,SF,AMER,32.0,30.3125,12.46875,4.78125,2.03125,1.03125,0.03125,0.9375,9.5625,0.40522876381874084,4.6875,0.8066666722297668,1.5,greg jones
Antonio Munoz,SF,GRAM,28.0,24.785715,12.464286,3.5,1.9642857,0.6785714,0.4642857,0.035714287,8.857142,0.4717741906642914,6.142857,0.6627907156944275,2.5357144,antonio munoz
Marcus Wilson,PG,UCD,33.0,26.39394,12.454545,3.2424242,3.909091,1.1212121,0.121212125,1.0,9.727273,0.42990654706954956,3.939394,0.7846153974533081,2.1515152,marcus wilson
Armoni Zeigler,PG,BALL,31.0,32.387096,12.451612,5.096774,3.2903225,1.3870968,0.32258064,1.0,10.419354,0.40247678756713867,3.935484,0.7786885499954224,2.6774194,armoni zeigler
Duke Brennan,SF,VILL,32.0,30.96875,12.4375,10.25,1.96875,0.8125,0.53125,0.0,6.9375,0.6576576828956604,5.40625,0.6127167344093323,2.0,duke brennan
Roberts Blums,PG,DAV,32.0,22.25,12.4375,3.375,1.125,0.59375,0.0,2.40625,9.3125,0.4563758373260498,2.40625,0.6363636255264282,0.9375,roberts blums
Jalik Dunkley,PG,NICH,30.0,28.566668,12.433333,6.733333,1.1,1.0,0.6333333,0.43333334,8.4,0.5595238208770752,5.0,0.5199999809265137,1.5333333,jalik dunkley
Donald Hand Jr.,PG,BC,28.0,30.75,12.428572,4.428571,1.2857143,0.5,0.10714286,1.1785715,11.357142,0.33018869161605835,5.25,0.7142857313156128,1.7142857,donald hand jr
Zion Russell,PG,SFPA,28.0,29.321428,12.428572,4.0,2.892857,1.5714285,0.071428575,1.5357143,9.964286,0.4301075339317322,3.3214285,0.698924720287323,2.0357144,zion russell
TJ Burch,PG,WRST,34.0,24.735294,12.411765,2.4117646,3.5588236,2.5882354,0.29411766,0.7647059,10.3529415,0.4573863744735718,2.9705882,0.7326732873916626,2.0588236,tj burch
Isaiah Elohim,PG,FAU,32.0,28.09375,12.40625,4.15625,1.03125,0.53125,0.34375,1.21875,9.6875,0.46451613306999207,3.3125,0.6603773832321167,0.875,isaiah elohim
Achile Spadone,PG,BUCK,33.0,34.848484,12.393939,6.121212,1.9090909,1.7878788,0.27272728,1.3030303,10.666667,0.4119318127632141,2.909091,0.7916666865348816,1.8787879,achile spadone
Jacob Meyer,PG,UAB,28.0,28.392857,12.392858,3.7857144,1.0714285,0.85714287,0.10714286,1.1428572,11.428572,0.40937501192092896,2.357143,0.8030303120613098,1.1428572,jacob meyer
Malik Thomas,PG,UVA,36.0,22.61111,12.388889,3.8055556,1.5277778,0.4722222,0.11111111,1.8611112,9.916667,0.4117647111415863,3.1666667,0.7456140518188477,1.5,malik thomas
Julian Mackey,PG,FIU,30.0,22.766666,12.366667,2.3666666,1.8333334,0.93333334,0.26666668,1.8333334,9.366667,0.4234875440597534,3.5666666,0.7289719581604004,1.4,julian mackey
Curtis Williams Jr.,PG,TULN,33.0,32.121212,12.363636,4.818182,1.1818181,1.2727273,0.5151515,2.060606,10.909091,0.4000000059604645,1.9090909,0.8253968358039856,1.5454545,curtis williams jr
Jovan Milicevic,SF,XAV,33.0,26.121212,12.363636,3.939394,1.4242424,0.6666667,0.6060606,2.030303,9.636364,0.4433962404727936,2.4545455,0.7283950448036194,1.2727273,jovan milicevic
Nils Cooper,PG,UCD,27.0,24.777779,12.333333,4.6296296,1.8518518,1.5185186,0.37037036,0.37037036,7.962963,0.5488371849060059,4.3703704,0.7372881174087524,1.5555556,nils cooper
Christopher Hood,PG,ARBA,3.0,21.333334,12.333333,2.6666667,2.0,0.33333334,0.0,0.33333334,10.333333,0.5161290168762207,1.3333334,1.0,2.0,christopher hood
Bryson Cokley,PG,ELON,32.0,27.03125,12.3125,3.8125,1.25,0.6875,0.125,1.9375,9.375,0.4533333480358124,2.34375,0.800000011920929,0.96875,bryson cokley
Joey Niesman,PG,FDU,32.0,33.875,12.3125,3.75,3.1875,1.15625,0.0625,1.84375,10.28125,0.4133738577365875,2.65625,0.7411764860153198,1.9375,joey niesman
Thomas Batties III,SF,HARV,29.0,33.068966,12.310345,5.37931,2.310345,0.6896552,1.5172414,2.0,9.448276,0.4708029329776764,1.6206896,0.8723404407501221,1.5517242,thomas batties iii
Chance Trujillo,PG,UTU,33.0,32.969696,12.30303,3.3636363,2.6666667,0.93939394,0.27272728,2.2121212,9.818182,0.4135802388191223,2.4242425,0.8125,1.4545455,chance trujillo
Bryce Lindsay,PG,VILL,33.0,28.60606,12.30303,2.090909,2.060606,0.6969697,0.0,2.3636363,10.454545,0.38260868191719055,2.5151515,0.7710843086242676,1.1515151,bryce lindsay
Sam Wright,SF,COLG,33.0,25.666666,12.30303,4.3939395,0.7878788,0.5151515,0.09090909,1.1818181,9.575758,0.4968354403972626,2.6666667,0.6022727489471436,0.969697,sam wright
Will Heimbrodt,SF,SEA,34.0,30.82353,12.294118,5.2352943,2.2058823,1.2941177,2.6470587,0.5588235,10.970589,0.4235925078392029,4.117647,0.5928571224212646,2.4117646,will heimbrodt
Jacoi Hutchinson,PG,LONG,31.0,28.419355,12.290322,3.3225806,3.1935484,1.4193548,0.12903225,0.5483871,9.741936,0.4370861053466797,3.7419355,0.8620689511299133,1.7741935,jacoi hutchinson
Nathan Claerbaut,C,CMU,31.0,29.096775,12.290322,5.516129,1.548387,0.41935483,2.064516,0.0,9.16129,0.577464759349823,2.516129,0.6794871687889099,1.4193548,nathan claerbaut
Sebastian Rancik,SF,COLO,29.0,28.068966,12.275862,5.551724,1.9655173,0.9310345,0.51724136,1.3448275,8.793103,0.40392157435417175,4.448276,0.8604651093482971,1.7241379,sebastian rancik
Kylan Boswell,PG,ILL,30.0,30.066668,12.266666,4.0,3.0,0.73333335,0.0,1.1666666,9.166667,0.44363635778427124,3.8,0.780701756477356,1.1,kylan boswell
Arlandus Keyes,PG,MSM,30.0,29.466667,12.266666,3.4333334,3.1333334,1.6,0.5,2.7666667,11.133333,0.38323354721069336,1.5,0.644444465637207,2.1666667,arlandus keyes
Malachi Brown,PG,GAST,32.0,31.0625,12.25,3.75,3.0,1.3125,0.0,1.90625,10.5,0.3958333432674408,2.5625,0.792682945728302,2.1875,malachi brown
Biko Johnson,PG,IDHO,36.0,27.61111,12.25,3.7777777,2.4166667,1.1111112,0.027777778,1.6944444,10.416667,0.3733333349227905,3.8333333,0.7246376872062683,1.75,biko johnson
Jaden Jackson,PG,SDST,32.0,31.90625,12.25,4.1875,2.53125,1.53125,0.125,2.125,11.15625,0.3781512677669525,2.15625,0.782608687877655,1.28125,jaden jackson
Andre Mills,PG,MD,33.0,26.666666,12.242424,4.121212,1.6363636,0.5151515,0.3030303,1.6666666,10.0,0.40909090638160706,3.121212,0.7669903039932251,1.6969697,andre mills
Corneilous Williams,SF,UNA,29.0,32.517242,12.24138,9.275862,0.82758623,0.44827586,0.82758623,0.0,8.137931,0.5508474707603455,4.5172415,0.7251908183097839,1.3103448,corneilous williams
Tyrone Riley IV,PG,SF,31.0,31.806452,12.225806,4.83871,1.2258065,1.032258,0.48387095,1.3548387,9.709678,0.4717608094215393,2.419355,0.7066666483879089,0.87096775,tyrone riley iv
CJ Shaw,PG,UCSB,32.0,29.09375,12.21875,2.03125,2.28125,1.0625,0.09375,1.28125,7.5625,0.5165289044380188,3.78125,0.8264462947845459,1.8125,cj shaw
Jahari Long,PG,GMU,33.0,33.848484,12.212121,3.3333333,3.969697,0.6060606,0.15151516,1.4848485,8.818182,0.4536082446575165,3.3030303,0.8256880640983582,1.7575758,jahari long
Nate Kingz,PG,SYR,32.0,31.34375,12.1875,3.625,1.25,0.875,0.59375,2.03125,9.0625,0.4931034445762634,1.96875,0.6190476417541504,0.71875,nate kingz
Raysean Seamster,SF,UTA,32.0,29.6875,12.1875,6.4375,1.9375,1.4375,0.75,0.4375,10.0,0.4937500059604645,3.25,0.5769230723381042,2.0625,raysean seamster
Leo Beath,SF,UCSD,34.0,30.117647,12.176471,5.0588236,1.617647,1.2352941,0.44117647,1.4411764,10.088235,0.4285714328289032,2.8235295,0.7395833134651184,1.4705882,leo beath
Jaxson Bell,PG,ARMY,30.0,25.266666,12.166667,4.9666667,1.5,1.1,0.2,1.7333333,8.8,0.4166666567325592,3.8333333,0.8086956739425659,2.0,jaxson bell
Acaden Lewis,PG,VILL,33.0,30.515152,12.151515,3.030303,5.3333335,1.9090909,0.09090909,0.8181818,10.424242,0.45639535784721375,3.121212,0.582524299621582,2.1515152,acaden lewis
Karmello Branch,PG,KC,28.0,29.642857,12.142858,2.642857,1.5,0.42857143,0.14285715,2.392857,11.035714,0.36245954036712646,2.0714285,0.8448275923728943,1.5,karmello branch
TJ Long,PG,UVM,29.0,29.551723,12.137931,4.793103,1.137931,0.82758623,0.20689656,2.0344827,10.4827585,0.38486841320991516,2.5517242,0.7972972989082336,1.1034483,tj long
Zawdie Jackson,PG,FIU,31.0,29.064516,12.129032,2.516129,3.096774,1.2903225,0.032258064,0.9354839,7.709677,0.4476987421512604,4.935484,0.8692810535430908,1.3548387,zawdie jackson
Devin Dinkins,PG,MAN,32.0,33.59375,12.125,1.625,2.59375,1.0625,0.03125,1.46875,9.34375,0.3645485043525696,4.34375,0.8848921060562134,1.75,devin dinkins
Bradley Douglas,PG,JMU,32.0,27.5,12.125,2.0,3.53125,0.6875,0.03125,1.65625,9.6875,0.4161290228366852,3.28125,0.7333333492279053,2.3125,bradley douglas
Jamil Muttilib,PG,GRAM,33.0,26.878788,12.121212,3.3636363,0.54545456,1.3939394,0.45454547,1.7272727,9.333333,0.4350649416446686,2.7575758,0.8241758346557617,1.1818181,jamil muttilib
Aday Mara,C,MICH,40.0,23.375,12.1,6.75,2.425,0.35,2.575,0.075,7.525,0.6677740812301636,3.5,0.5642856955528259,1.975,aday mara
Reese Miller,PG,W&M,30.0,24.466667,12.1,2.4666667,2.4333334,0.56666666,0.26666668,1.4,9.266666,0.4532374143600464,3.1333334,0.7340425252914429,1.4333333,reese miller
Neoklis Avdalas,PG,VT,31.0,31.709677,12.096774,3.096774,4.580645,0.58064514,0.5483871,1.5806452,10.774194,0.386227548122406,3.2580645,0.6732673048973083,2.2258065,neoklis avdalas
Declan Wucherpfennig,PG,FAIR,34.0,31.588236,12.088235,8.470589,1.617647,0.7647059,0.5,0.5882353,9.029411,0.524429976940155,3.0882354,0.6571428775787354,1.2352941,declan wucherpfennig
Brandon Mitchell-Day,SF,DART,27.0,27.962963,12.074074,9.037037,2.3333333,0.5925926,0.8888889,0.8888889,8.962963,0.4876033067703247,3.2592592,0.75,2.6296296,brandon mitchell day
Jan Vide,PG,LMU,27.0,28.74074,12.074074,2.9629629,4.0,0.7407407,0.22222222,0.37037036,10.555555,0.4526315927505493,2.851852,0.7532467246055603,2.2962964,jan vide
Rhyjon Blackwell,PG,MRST,31.0,30.064516,12.064516,3.8064516,1.8387097,0.7419355,0.032258064,1.6129032,10.193548,0.40506330132484436,2.387097,0.9189189076423645,1.3870968,rhyjon blackwell
Uzziah Buntyn,PG,SDAK,31.0,30.35484,12.064516,2.8387096,3.516129,1.2580645,0.032258064,1.0,8.419354,0.38697317242622375,5.387097,0.8443113565444946,2.2580645,uzziah buntyn
Andrew Meadow,SF,BOIS,32.0,29.9375,12.0625,3.625,1.0,0.5625,0.03125,1.375,8.15625,0.50957852602005,3.625,0.6551724076271057,0.90625,andrew meadow
Juan Cranford Jr.,PG,EKU,32.0,26.0,12.0625,2.53125,1.625,0.6875,0.125,2.53125,10.0625,0.4068323075771332,1.6875,0.7962962985038757,1.375,juan cranford jr
AJ Bates,PG,LT,34.0,33.35294,12.058824,2.7941177,5.9411764,1.2058823,0.05882353,1.0588236,11.117647,0.37037035822868347,3.5294118,0.7833333611488342,2.4117646,aj bates
Kyle Evans,SF,UCI,35.0,28.6,12.057143,8.657143,0.9142857,0.4,3.2857144,0.057142857,7.885714,0.6195651888847351,2.8285713,0.7878788113594055,0.8857143,kyle evans
Jahmere Tripp,SF,URI,27.0,24.518518,12.037037,4.296296,1.4814814,1.2962962,0.37037036,1.2592592,8.481482,0.4585152864456177,4.0740743,0.7363636493682861,1.925926,jahmere tripp
Tyler Shirley,SF,FAMU,31.0,30.451612,12.032258,5.096774,1.967742,1.0,0.41935483,0.9032258,10.451612,0.43209877610206604,2.6774194,0.7831325531005859,2.7741935,tyler shirley
Daniel Rivera,SF,UAB,32.0,29.3125,12.03125,6.65625,1.15625,0.84375,1.03125,0.09375,8.90625,0.5438596606254578,3.875,0.5806451439857483,1.25,daniel rivera
Coen Carr,SF,MSU,35.0,29.22857,12.028571,5.4,1.2285714,0.45714286,0.8,0.6,8.542857,0.5183946490287781,4.0857143,0.6293706297874451,1.3714286,coen carr
RJ Godfrey,SF,CLEM,35.0,25.171429,12.028571,5.3428574,1.6285714,0.62857145,0.6,0.057142857,7.571429,0.6113207340240479,4.114286,0.6597222089767456,1.3714286,rj godfrey
Jusaun Holt,PG,UTU,33.0,31.575758,12.0,4.121212,3.4242425,0.8181818,0.8181818,1.6969697,9.242424,0.4131147563457489,3.3030303,0.8073394298553467,3.1818182,jusaun holt
Shakur Poteat,PG,ABSU,1.0,20.0,12.0,1.0,6.0,0.0,0.0,1.0,7.0,0.4285714328289032,6.0,0.8333333134651184,2.0,shakur poteat
Michael Imariagbe,SF,WRST,34.0,24.147058,12.0,7.0882354,1.8235294,0.5294118,0.8235294,0.1764706,7.2941175,0.5887096524238586,4.7352943,0.6832298040390015,1.7647059,michael imariagbe
Cahlib Edwards,PG,PONT,1.0,24.0,12.0,3.0,1.0,2.0,0.0,0.0,12.0,0.25,8.0,0.75,9.0,cahlib edwards
Terrin Dickey,SF,WPAC,1.0,23.0,12.0,3.0,0.0,2.0,1.0,0.0,9.0,0.4444444477558136,4.0,1.0,3.0,terrin dickey
Kyle Gruhler,PG,UMW,1.0,36.0,12.0,1.0,1.0,0.0,1.0,2.0,11.0,0.3636363744735718,2.0,1.0,0.0,kyle gruhler
Cole Kadoguchi,PG,WUUT,2.0,20.5,12.0,3.0,0.5,0.0,0.0,4.0,7.5,0.5333333611488342,0.0,0.0,2.0,cole kadoguchi
Landon Seaman,SF,CSUF,34.0,20.794117,12.0,3.3235295,1.2058823,0.61764705,0.38235295,0.9411765,8.264706,0.5409252643585205,3.4411764,0.6153846383094788,1.0588236,landon seaman
Brandon Rechsteiner,PG,CSU,34.0,27.764706,12.0,2.1764705,2.5294118,0.7941176,0.05882353,2.5294118,9.264706,0.45079365372657776,1.382353,0.8085106611251831,1.7058823,brandon rechsteiner
Isaiah Reece,PG,UVF,1.0,25.0,12.0,3.0,2.0,2.0,1.0,0.0,12.0,0.25,7.0,0.8571428656578064,0.0,isaiah reece
Grant Mason,PG,STAM,1.0,28.0,12.0,0.0,2.0,0.0,0.0,2.0,9.0,0.5555555820465088,0.0,0.0,0.0,grant mason
Michael Wilson,PG,DMCA,2.0,26.5,12.0,1.5,1.0,1.0,0.0,2.5,8.0,0.5,1.5,1.0,0.5,michael wilson
Ahmad Henderson II,PG,UIC,35.0,21.22857,12.0,1.6,2.2571428,0.94285715,0.114285715,1.2285714,9.6,0.3898809552192688,3.7714286,0.8712121248245239,1.8285714,ahmad henderson ii
Colin Ryan,PG,W&L,1.0,27.0,12.0,3.0,2.0,0.0,0.0,0.0,13.0,0.4615384638309479,0.0,0.0,1.0,colin ryan
Dakota Gasca,PG,MLSP,1.0,18.0,12.0,1.0,0.0,0.0,0.0,2.0,6.0,0.8333333134651184,0.0,0.0,1.0,dakota gasca
Jarvis Moss,PG,MOBL,1.0,21.0,12.0,5.0,1.0,1.0,0.0,4.0,16.0,0.25,0.0,0.0,1.0,jarvis moss
Erin Wright,PG,JVCU,2.0,29.5,12.0,0.5,0.0,1.0,0.0,0.5,6.5,0.4615384638309479,7.5,0.7333333492279053,1.5,erin wright
Redford Dunton,SF,UMO,1.0,20.0,12.0,2.0,0.0,2.0,0.0,2.0,8.0,0.625,0.0,0.0,1.0,redford dunton
Teigan Edwards,PG,LETU,1.0,31.0,12.0,6.0,4.0,2.0,2.0,1.0,12.0,0.25,6.0,0.8333333134651184,3.0,teigan edwards
Jaquantae Harris,PG,ECSU,2.0,27.0,12.0,4.5,2.5,2.5,0.0,0.5,12.0,0.375,2.5,1.0,3.5,jaquantae harris
Josh Niusulu,PG,HIPU,2.0,32.0,12.0,1.5,3.0,0.5,0.5,2.5,9.5,0.4736842215061188,1.0,0.5,0.5,josh niusulu
Nian Allen,SF,SUCA,1.0,30.0,12.0,2.0,1.0,2.0,0.0,1.0,10.0,0.30000001192092896,6.0,0.8333333134651184,3.0,nian allen
Jadon Yeh,PG,TMCN,1.0,26.0,12.0,5.0,4.0,1.0,0.0,1.0,7.0,0.7142857313156128,1.0,1.0,4.0,jadon yeh
Thomas Fleming,PG,DALL,2.0,22.5,12.0,3.0,1.0,0.5,0.0,1.5,12.0,0.3333333432674408,2.5,1.0,0.0,thomas fleming
Braylon Mullins,PG,CONN,33.0,28.272728,12.0,3.5151515,1.4242424,1.0,0.6363636,2.1818182,10.515152,0.4207492768764496,1.0909091,0.8888888955116272,1.2121212,braylon mullins
Jaqai Murray,SF,AGSU,1.0,22.0,12.0,1.0,1.0,1.0,1.0,0.0,6.0,0.5,10.0,0.6000000238418579,2.0,jaqai murray
Logan Turner,PG,OGLE,1.0,20.0,12.0,4.0,0.0,0.0,0.0,3.0,9.0,0.4444444477558136,2.0,0.5,3.0,logan turner
Carson Kelly,PG,WNMU,1.0,33.0,12.0,0.0,6.0,0.0,0.0,1.0,8.0,0.375,5.0,1.0,3.0,carson kelly
Isaiah Howard,ATH,LSUA,1.0,23.0,12.0,3.0,4.0,5.0,0.0,0.0,8.0,0.625,3.0,0.6666666865348816,2.0,isaiah howard
Anthony Walters,PG,UJ,1.0,17.0,12.0,0.0,0.0,1.0,0.0,3.0,8.0,0.5,2.0,0.5,3.0,anthony walters
Rashid Potter,SF,NWWA,1.0,26.0,12.0,5.0,1.0,0.0,1.0,1.0,7.0,0.7142857313156128,1.0,1.0,2.0,rashid potter
Tyasin Burns,PG,NWIC,3.0,28.666666,12.0,1.0,4.0,0.33333334,0.33333334,1.0,10.666667,0.3125,5.0,0.8666666746139526,4.3333335,tyasin burns
Andre Treadwell,PG,LC,1.0,22.0,12.0,4.0,0.0,1.0,0.0,0.0,13.0,0.4615384638309479,0.0,0.0,0.0,andre treadwell
Jory Valencia,PG,GLDT,1.0,25.0,12.0,1.0,1.0,1.0,0.0,2.0,8.0,0.625,0.0,0.0,3.0,jory valencia
Luke Pavia,PG,MITC,1.0,21.0,12.0,1.0,0.0,0.0,0.0,2.0,6.0,0.6666666865348816,2.0,1.0,0.0,luke pavia
Twain Wilson,PG,BRE,1.0,26.0,12.0,1.0,0.0,2.0,0.0,1.0,10.0,0.5,1.0,1.0,2.0,twain wilson
Tyler Stringfellow,PG,WLMT,1.0,12.0,12.0,1.0,2.0,1.0,1.0,4.0,6.0,0.6666666865348816,0.0,0.0,1.0,tyler stringfellow
Brandon Peters,PG,MRHO,1.0,37.0,12.0,7.0,4.0,0.0,1.0,2.0,8.0,0.625,0.0,0.0,1.0,brandon peters
Camden Edmonds,PG,CVU,1.0,36.0,12.0,2.0,4.0,2.0,0.0,2.0,18.0,0.2777777910232544,0.0,0.0,2.0,camden edmonds
Caleb Kent,PG,MLSP,1.0,22.0,12.0,4.0,0.0,0.0,0.0,0.0,7.0,0.5714285969734192,6.0,0.6666666865348816,0.0,caleb kent
Brady Adams,PG,THMC,1.0,6.0,12.0,0.0,0.0,0.0,0.0,3.0,4.0,1.0,2.0,0.5,0.0,brady adams
Cameron Mercadel,PG,NSU,1.0,20.0,12.0,2.0,2.0,1.0,0.0,2.0,8.0,0.375,5.0,0.800000011920929,1.0,cameron mercadel
Jacob Lafferty,SF,EVU,1.0,26.0,12.0,8.0,1.0,1.0,0.0,0.0,6.0,0.6666666865348816,4.0,1.0,1.0,jacob lafferty
Djordje Lazarevic,PG,WHMN,1.0,35.0,12.0,1.0,2.0,2.0,0.0,3.0,10.0,0.30000001192092896,5.0,0.6000000238418579,0.0,djordje lazarevic
Charlie Kapranos,SF,PCLT,1.0,32.0,12.0,11.0,4.0,0.0,0.0,1.0,15.0,0.3333333432674408,2.0,0.5,1.0,charlie kapranos
Cam Rice,SF,PCLT,1.0,20.0,12.0,3.0,1.0,1.0,0.0,0.0,5.0,0.800000011920929,4.0,1.0,1.0,cam rice
John Simpson,SF,NWD,1.0,18.0,12.0,3.0,1.0,0.0,1.0,0.0,7.0,0.8571428656578064,0.0,0.0,0.0,john simpson
Tom Parsons,SF,JSP,1.0,16.0,12.0,6.0,2.0,2.0,0.0,2.0,10.0,0.5,0.0,0.0,1.0,tom parsons
Keonjay Carter,PG,RWC,1.0,32.0,12.0,4.0,1.0,0.0,0.0,2.0,14.0,0.2142857164144516,7.0,0.5714285969734192,2.0,keonjay carter
Darius Coleman,PG,MLLY,1.0,24.0,12.0,6.0,2.0,1.0,0.0,1.0,10.0,0.4000000059604645,4.0,0.75,2.0,darius coleman
Damarcies Moore,SF,SFIL,1.0,19.0,12.0,7.0,1.0,1.0,1.0,1.0,7.0,0.5714285969734192,3.0,1.0,1.0,damarcies moore
Antonio Cochran,PG,UTSO,1.0,25.0,12.0,3.0,2.0,0.0,0.0,2.0,8.0,0.5,2.0,1.0,3.0,antonio cochran
Jackson Gray,PG,ULV,1.0,21.0,12.0,1.0,1.0,0.0,0.0,2.0,9.0,0.4444444477558136,3.0,0.6666666865348816,0.0,jackson gray
Ayden Hamilton,SF,LPU,2.0,23.0,12.0,1.5,0.5,0.5,1.0,0.0,8.5,0.529411792755127,4.5,0.6666666865348816,1.0,ayden hamilton
Malachi McNair,SF,HNVR,1.0,27.0,12.0,10.0,0.0,2.0,1.0,0.0,11.0,0.5454545617103577,0.0,0.0,2.0,malachi mcnair
AJ Reed,PG,NESU,1.0,23.0,12.0,3.0,3.0,3.0,0.0,1.0,7.0,0.5714285969734192,3.0,1.0,1.0,aj reed
Eamon Monahan,PG,EOU,2.0,24.0,12.0,3.5,1.0,2.0,0.5,1.5,12.5,0.4000000059604645,1.0,0.5,1.0,eamon monahan
Dashon Lewis,SF,GWYD,1.0,15.0,12.0,0.0,0.0,0.0,0.0,0.0,9.0,0.5555555820465088,3.0,0.6666666865348816,1.0,dashon lewis
James Locke,PG,MAMC,1.0,30.0,12.0,2.0,1.0,0.0,0.0,2.0,10.0,0.4000000059604645,2.0,1.0,2.0,james locke
Zamorian Singleton,PG,BFC,1.0,41.0,12.0,6.0,4.0,1.0,0.0,0.0,13.0,0.38461539149284363,3.0,0.6666666865348816,1.0,zamorian singleton
Marcus Bucknall,SF,BFC,1.0,33.0,12.0,3.0,4.0,2.0,1.0,0.0,9.0,0.5555555820465088,3.0,0.6666666865348816,4.0,marcus bucknall
Isaiah Borders,SF,CTON,1.0,24.0,12.0,2.0,1.0,2.0,0.0,0.0,13.0,0.3076923191547394,5.0,0.800000011920929,3.0,isaiah borders
Matthew Stokes,C,CMBL,1.0,21.0,12.0,3.0,0.0,1.0,0.0,0.0,8.0,0.75,0.0,0.0,1.0,matthew stokes
Jaden Juarez,PG,CAMR,1.0,21.0,12.0,2.0,0.0,0.0,0.0,2.0,9.0,0.4444444477558136,2.0,1.0,1.0,jaden juarez
Jaxon Hurla,PG,MCC,1.0,23.0,12.0,2.0,1.0,1.0,0.0,2.0,10.0,0.5,0.0,0.0,1.0,jaxon hurla
Jaiden Gaston,PG,SJLI,1.0,24.0,12.0,4.0,2.0,1.0,0.0,2.0,11.0,0.3636363744735718,2.0,1.0,2.0,jaiden gaston
Jevon Blackmore,PG,WPAC,1.0,21.0,12.0,3.0,2.0,1.0,1.0,0.0,8.0,0.75,0.0,0.0,4.0,jevon blackmore
Bruce Wilder Jr.,PG,NYCB,1.0,22.0,12.0,3.0,3.0,0.0,0.0,2.0,10.0,0.5,0.0,0.0,6.0,bruce wilder jr
Joseph Gargiulo,PG,VTSJ,3.0,24.666666,12.0,0.6666667,2.3333333,0.33333334,0.0,2.0,11.0,0.39393940567970276,2.6666667,0.5,1.0,joseph gargiulo
Adam Bryte,SF,BVU,1.0,17.0,12.0,1.0,1.0,0.0,1.0,3.0,7.0,0.5714285969734192,2.0,0.5,1.0,adam bryte
Tyler Weathington,PG,MMID,1.0,30.0,12.0,4.0,2.0,1.0,0.0,0.0,6.0,0.5,6.0,1.0,3.0,tyler weathington
James Crimaudo,PG,SMMD,2.0,28.0,12.0,2.5,1.0,0.5,0.0,1.5,9.0,0.4444444477558136,3.5,0.7142857313156128,4.5,james crimaudo
Damyen Jackson,PG,LOR,1.0,19.0,12.0,4.0,1.0,2.0,0.0,0.0,8.0,0.25,10.0,0.800000011920929,1.0,damyen jackson
Mekhi Gidney,PG,STJF,1.0,17.0,12.0,3.0,1.0,1.0,0.0,2.0,7.0,0.4285714328289032,4.0,1.0,1.0,mekhi gidney
Kareem Irby,PG,KEAN,1.0,27.0,12.0,3.0,0.0,0.0,0.0,1.0,8.0,0.5,5.0,0.6000000238418579,1.0,kareem irby
Daniel Dextraze,SF,KEAN,1.0,34.0,12.0,6.0,0.0,0.0,0.0,2.0,14.0,0.3571428656578064,0.0,0.0,3.0,daniel dextraze
Greg Thurman,PG,B&SO,1.0,28.0,12.0,1.0,0.0,0.0,0.0,2.0,17.0,0.29411765933036804,0.0,0.0,1.0,greg thurman
Robert Peirson,SF,RUC,1.0,20.0,12.0,2.0,0.0,0.0,1.0,4.0,9.0,0.4444444477558136,0.0,0.0,1.0,robert peirson
Sean Shenker,SF,UOO,1.0,25.0,12.0,2.0,3.0,3.0,1.0,2.0,10.0,0.5,0.0,0.0,5.0,sean shenker
Colton Seymour,SF,SKC,1.0,37.0,12.0,3.0,3.0,2.0,0.0,1.0,15.0,0.20000000298023224,6.0,0.8333333134651184,2.0,colton seymour
Junseok Yeo,SF,SEA,34.0,30.794117,11.970589,4.029412,1.5588236,0.5588235,0.3529412,1.5294118,9.6470585,0.43292683362960815,3.0,0.6960784196853638,2.0294118,junseok yeo
Marcus Millender,PG,UGA,33.0,26.121212,11.969697,2.7575758,4.090909,0.93939394,0.0,1.8484849,8.909091,0.4523809552192688,2.4545455,0.8395061492919922,1.7575758,marcus millender
Tycen McDaniels,SF,ALCN,32.0,27.28125,11.96875,6.09375,1.03125,1.34375,1.21875,0.0625,8.34375,0.5243445634841919,4.1875,0.753731369972229,2.625,tycen mcdaniels
Max Frazier,SF,CCSU,30.0,28.133333,11.966666,7.2,0.9,0.8666667,1.7333333,0.0,7.8,0.6581196784973145,2.8333333,0.6000000238418579,1.3333334,max frazier
Jaeden Marshall,PG,LAS,25.0,27.68,11.96,2.2,1.24,0.32,0.04,1.84,9.68,0.3677685856819153,3.48,0.8620689511299133,1.12,jaeden marshall
Elijah Lewis,PG,MRST,24.0,29.541666,11.958333,4.4583335,2.125,0.9166667,0.16666667,0.5416667,8.916667,0.4719626307487488,3.5416667,0.8470588326454163,1.1666666,elijah lewis
Trevian Carson,PG,NDSU,35.0,31.62857,11.942857,6.457143,2.857143,1.8,0.4,1.2857143,9.4,0.48024314641952515,2.0285714,0.8028169274330139,1.6,trevian carson
Amaël L'Etang,SF,DAY,33.0,25.39394,11.939394,5.939394,1.6060606,0.45454547,1.2424242,1.060606,7.969697,0.4904943108558655,4.0,0.7651515007019043,2.060606,amael l etang
Ace Valentine,PG,UMBC,32.0,32.59375,11.9375,4.09375,3.9375,0.84375,0.03125,1.34375,8.40625,0.5055761933326721,2.71875,0.7701149582862854,1.34375,ace valentine
Tru Washington,PG,MIA,31.0,27.483871,11.935484,4.0,1.7741935,1.8064516,0.0,1.1935484,9.67742,0.44333332777023315,2.903226,0.7444444298744202,1.4193548,tru washington
Braeden Shrewsberry,PG,ND,31.0,32.70968,11.935484,3.064516,1.9354838,0.41935483,0.12903225,2.8387096,9.935484,0.3896103799343109,1.7419355,0.7777777910232544,1.1290323,braeden shrewsberry
Javohn Garcia,PG,MCN,30.0,29.7,11.933333,3.1333334,1.6333333,1.7,0.73333335,1.3333334,9.133333,0.45985400676727295,2.8666666,0.7674418687820435,0.6,javohn garcia
Jaylon Johnson,PG,RAD,29.0,31.275862,11.931034,2.8275862,3.413793,2.0689654,0.1724138,2.3448277,10.24138,0.35353535413742065,2.9310346,0.800000011920929,2.137931,jaylon johnson
Asa Thomas,PG,FUR,28.0,27.357143,11.928572,3.7857144,1.8928572,0.39285713,0.42857143,2.8214285,9.571428,0.40671640634536743,1.7857143,0.7400000095367432,0.64285713,asa thomas
Nick Shogbonyo,PG,AMCC,28.0,26.857143,11.928572,3.4642856,1.3928572,1.0,0.035714287,1.7142857,7.857143,0.44090908765792847,4.071429,0.8070175647735596,1.7142857,nick shogbonyo
Jalen Griffith,PG,WMU,27.0,22.814816,11.925926,1.4814814,3.4074075,0.8888889,0.0,1.7407408,9.0,0.45679011940956116,2.4074075,0.8153846263885498,1.7407408,jalen griffith
Jefferson De La Cruz Monegro,PG,CSUF,33.0,29.030304,11.909091,4.5757575,2.2727273,0.969697,0.36363637,1.0909091,8.787879,0.40689656138420105,4.121212,0.8897058963775635,1.030303,jefferson de la cruz monegro
Xavier Spencer,PG,UML,33.0,33.909092,11.909091,4.4242425,2.909091,1.2424242,0.27272728,1.5454545,9.757576,0.4409937858581543,2.2727273,0.7733333110809326,1.939394,xavier spencer
Sam Towns,SF,BGSU,32.0,31.90625,11.90625,7.34375,1.8125,1.15625,0.5625,1.0625,9.71875,0.4276527464389801,3.34375,0.7570093274116516,1.625,sam towns
Colin Smith,SF,UCSB,31.0,29.290323,11.903226,4.193548,1.451613,0.516129,0.19354838,1.516129,7.870968,0.4549180269241333,4.032258,0.800000011920929,1.7096775,colin smith
Jamier Jones,SF,PROV,31.0,25.709677,11.903226,4.548387,1.3548387,0.87096775,0.2580645,0.38709676,7.645161,0.5696202516555786,4.225806,0.6641221642494202,1.7419355,jamier jones
Leon Bond III,SF,UNI,36.0,32.805557,11.888889,4.7222223,1.4722222,0.75,0.7222222,1.2777778,9.638889,0.47262248396873474,2.0,0.75,1.0833334,leon bond iii
Eli King,PG,UND,35.0,31.714285,11.885715,5.2285714,1.9714285,2.057143,0.82857144,1.3142858,10.142858,0.4169014096260071,2.9714286,0.7115384340286255,0.7714286,eli king
Brenen Lorient,SF,WVU,34.0,29.411764,11.882353,5.2352943,1.9117647,0.6764706,1.3235294,0.7058824,8.970589,0.5409836173057556,2.0882354,0.7042253613471985,1.9411764,brenen lorient
Zach Cleveland,SF,LIB,33.0,34.939392,11.878788,7.5757575,6.818182,1.2727273,1.2727273,0.0,8.090909,0.6067415475845337,3.878788,0.53125,3.1818182,zach cleveland
Tunde Vahlberg Fasasi,SF,W&M,32.0,26.84375,11.875,4.125,2.5,1.15625,0.78125,1.5625,8.8125,0.4609929025173187,2.78125,0.7865168452262878,1.40625,tunde vahlberg fasasi
Camp Wagner,PG,INST,32.0,28.75,11.875,4.375,1.875,0.8125,0.25,2.53125,10.65625,0.37536656856536865,1.46875,0.914893627166748,1.71875,camp wagner
Tyrin Jones,SF,UNLV,32.0,27.03125,11.875,5.03125,1.40625,1.03125,2.21875,0.0625,7.78125,0.5943775177001953,5.25,0.488095223903656,1.0625,tyrin jones
Isaiah Brickner,PG,IDHO,35.0,20.571428,11.857142,3.8857143,0.94285715,0.6857143,0.114285715,1.3142858,8.6285715,0.48013246059417725,2.9714286,0.7596153616905212,1.2,isaiah brickner
Dorian McMillian,PG,JKST,28.0,29.535715,11.857142,4.392857,1.3571428,1.0,0.21428572,2.0357144,10.857142,0.37828946113586426,2.142857,0.75,2.107143,dorian mcmillian
Trevan Leonhardt,PG,UVU,34.0,34.441177,11.8529415,5.382353,6.029412,2.0882354,0.5882353,1.2352941,8.617647,0.5051194429397583,2.5294118,0.7558139562606812,2.735294,trevan leonhardt
Noah Bolanga,PG,UTU,34.0,32.705883,11.8529415,6.0,2.235294,1.3235294,0.4117647,1.7352941,10.382353,0.4135977327823639,2.264706,0.6753246784210205,2.1470587,noah bolanga
AJ Staton-McCray,PG,HALL,33.0,27.515152,11.848485,3.2121212,1.3636364,1.5151515,0.57575756,1.6363636,10.424242,0.3982558250427246,2.1818182,0.875,1.3333334,aj staton mccray
Braden Frager,SF,NEB,33.0,23.575758,11.848485,3.7575758,1.030303,0.72727275,0.060606062,1.7272727,8.333333,0.4872727394104004,2.4848485,0.8048780560493469,1.030303,braden frager
David Bolden,PG,NJIT,33.0,29.818182,11.848485,2.7878788,2.7575758,1.8787879,0.0,2.121212,10.787879,0.32022473216056824,3.5151515,0.8017241358757019,2.0,david bolden
Michael Zanoni,SF,PENN,30.0,28.833334,11.833333,2.0,0.6666667,0.46666667,0.033333335,1.8333334,9.7,0.4364261031150818,1.6666666,0.9200000166893005,0.5,michael zanoni
Kevin de Kovachich,PG,UNA,30.0,31.133333,11.833333,2.2333333,2.1666667,1.5333333,0.06666667,1.1666666,9.533334,0.41258740425109863,3.5333333,0.7924528121948242,1.7666667,kevin de kovachich
Zyier Beverly,SF,BING,29.0,25.034483,11.827586,4.9310346,0.37931034,0.6551724,1.3448275,0.10344828,7.551724,0.6027397513389587,4.0689654,0.6440678238868713,1.7241379,zyier beverly
Braxton Stacker,PG,SEMO,33.0,28.151516,11.818182,3.4242425,1.3939394,1.030303,0.5151515,1.3939394,9.212121,0.4111842215061188,3.5454545,0.8034188151359558,1.3636364,braxton stacker
Jaylen Searles,PG,NICH,32.0,25.59375,11.8125,3.78125,2.0,0.90625,0.5625,1.875,9.8125,0.41082802414894104,2.8125,0.6666666865348816,1.5625,jaylen searles
Maguire Mitchell,PG,IUIN,32.0,26.28125,11.8125,2.28125,1.15625,1.3125,0.53125,2.59375,10.0,0.4156250059604645,1.15625,0.7837837934494019,0.875,maguire mitchell
Hayden Wood,PG,JAX,32.0,26.9375,11.8125,3.15625,1.25,0.4375,0.65625,1.78125,8.8125,0.457446813583374,2.75,0.7159090638160706,0.84375,hayden wood
Jayden Williams,SF,DART,26.0,27.307692,11.807693,3.8846154,1.0769231,0.7692308,0.46153846,2.4615386,9.538462,0.41129031777381897,1.7692307,0.8478260636329651,1.8846154,jayden williams
Sheldon Williams,SF,AMCC,33.0,25.363636,11.787879,6.878788,1.030303,0.6969697,0.3939394,0.33333334,8.454545,0.5448028445243835,3.4848485,0.643478274345398,1.4242424,sheldon williams
Caleb Van De Griend,SF,IDST,33.0,18.242424,11.787879,6.3939395,0.6363636,0.4848485,0.6363636,0.42424244,8.181818,0.5518518686294556,3.4545455,0.6754385828971863,1.1212121,caleb van de griend
Tyler Hendricks,PG,UVU,28.0,29.75,11.785714,4.285714,1.8928572,1.1785715,0.75,2.142857,8.571428,0.49166667461395264,1.5357143,0.7906976938247681,1.3214285,tyler hendricks
Doyel Cockrill III,PG,CHST,28.0,24.321428,11.785714,2.607143,1.9642857,0.96428573,0.0,2.107143,9.214286,0.3798449635505676,3.2142856,0.8333333134651184,1.0357143,doyel cockrill iii
Yann Farell,SF,SHU,32.0,30.75,11.78125,4.9375,1.28125,0.6875,0.4375,2.09375,8.21875,0.4486691951751709,2.84375,0.8131868243217468,1.0625,yann farell
Jordan Mason,PG,TEM,32.0,33.71875,11.78125,3.09375,3.96875,1.125,0.15625,0.625,9.78125,0.43130990862846375,3.40625,0.7981651425361633,1.625,jordan mason
Baye Ndongo,SF,GT,27.0,27.185184,11.777778,8.148149,2.3703704,0.8148148,1.0,0.18518518,8.333333,0.5555555820465088,3.2592592,0.7159090638160706,2.4444444,baye ndongo
AC Bryant,PG,JXST,31.0,27.709677,11.774194,3.935484,0.9032258,1.0645162,0.09677419,2.8387096,9.741936,0.3973509967327118,1.7419355,0.6851851940155029,0.67741936,ac bryant
Allen Graves,SF,SCU,35.0,22.571428,11.771428,6.5142856,1.8,1.9142857,0.94285715,1.0857143,8.085714,0.5123674869537354,3.2,0.75,0.71428573,allen graves
LeJuan Watts,SF,TTU,33.0,27.333334,11.757576,6.030303,2.4242425,0.6666667,0.24242425,0.75757575,9.090909,0.4333333373069763,4.060606,0.7686567306518555,2.4848485,lejuan watts
Daniel Rouzan,SF,BCU,32.0,23.59375,11.75,4.9375,1.3125,0.25,0.59375,0.15625,9.3125,0.5134228467941284,2.96875,0.6842105388641357,1.5,daniel rouzan
Tye Dorset,PG,MRMK,34.0,36.32353,11.735294,3.1176472,2.1764705,1.7647059,0.38235295,1.7352941,10.176471,0.40751445293426514,2.2058823,0.7733333110809326,0.9411765,tye dorset
Montavious Myrick,SF,EKU,30.0,30.166666,11.733334,6.9333334,1.6,0.9,0.73333335,0.0,7.5333333,0.5398229956626892,5.6,0.6428571343421936,1.5,montavious myrick
Luke McEldon,SF,MSM,30.0,25.633333,11.733334,6.2,1.3333334,0.4,0.56666666,0.0,8.266666,0.6451612710952759,2.5333333,0.42105263471603394,1.9333333,luke mceldon
TJ Biel,SF,ME,30.0,32.566666,11.733334,4.233333,1.3333334,0.5,1.2666667,1.2,10.1,0.4455445408821106,2.2333333,0.6865671873092651,1.0333333,tj biel
Deyton Albury,PG,UNM,35.0,24.828571,11.714286,3.6857142,2.9714286,1.4571428,0.14285715,0.5714286,7.457143,0.517241358757019,4.4,0.7792207598686218,2.2571428,deyton albury
Trayvon Martinez,PG,CBS,7.0,24.714285,11.714286,3.2857144,1.0,1.5714285,0.0,1.1428572,13.142858,0.32608696818351746,2.857143,0.699999988079071,2.857143,trayvon martinez
Derrion Reid,SF,OU,37.0,27.486486,11.7027025,4.4324327,1.1351352,0.45945945,0.24324325,0.9189189,7.3783784,0.5091575384140015,4.2972975,0.7610062956809998,1.027027,derrion reid
Jaquan Sanders,PG,FAMU,30.0,31.8,11.7,3.0666666,3.6333334,1.0,0.2,1.9666667,9.366667,0.39145907759666443,2.8666666,0.8372092843055725,2.4333334,jaquan sanders
Kachi Nzeh,SF,LR,32.0,28.40625,11.6875,4.78125,1.3125,0.78125,0.96875,1.53125,9.1875,0.4659864008426666,2.28125,0.698630154132843,1.84375,kachi nzeh
NJ Benson,SF,DEP,32.0,25.96875,11.6875,7.59375,1.21875,0.4375,0.78125,0.0,7.8125,0.6359999775886536,3.46875,0.5045045018196106,1.34375,nj benson
Rob Whaley Jr.,SF,KENT,32.0,23.6875,11.6875,4.15625,1.625,0.78125,0.5625,0.25,8.21875,0.5133079886436462,4.8125,0.6233766078948975,2.09375,rob whaley jr
Matt Hayman,PG,ARST,31.0,22.67742,11.67742,3.1290324,2.2903225,1.0645162,0.12903225,1.967742,10.548388,0.4067278206348419,1.4193548,0.7954545617103577,1.8064516,matt hayman
Andrew Holifield,SF,LAM,31.0,28.612904,11.67742,4.580645,1.451613,0.8064516,1.7419355,1.6774193,9.741936,0.3807947039604187,3.096774,0.8333333134651184,1.5806452,andrew holifield
Alex Mirhosseini,PG,UAPB,31.0,31.774193,11.67742,2.3548386,2.7096775,1.516129,0.2580645,2.548387,10.741936,0.3543543517589569,2.1290324,0.7121211886405945,1.6129032,alex mirhosseini
Rahmir Barno,PG,FGCU,34.0,31.558823,11.676471,2.7941177,4.970588,1.4117647,0.11764706,0.5294118,9.6470585,0.45426830649375916,3.6470587,0.6532257795333862,1.9705882,rahmir barno
Dante Harris,PG,TNST,33.0,32.363636,11.666667,3.6060605,4.5151515,1.6666666,0.0,0.45454547,10.454545,0.417391300201416,3.4242425,0.7256637215614319,1.939394,dante harris
Connor Jenkins,PG,CPC,3.0,23.666666,11.666667,2.0,2.3333333,0.6666667,0.0,1.6666666,8.666667,0.38461539149284363,4.3333335,0.7692307829856873,4.0,connor jenkins
Sean Craig,SF,TOL,34.0,31.617647,11.6470585,7.2647057,1.5,0.7647059,0.23529412,1.0882353,8.705882,0.48986485600471497,2.7058823,0.75,1.0588236,sean craig
Ja'Sean Glover,PG,OMA,31.0,25.903225,11.645162,4.0,2.451613,0.7419355,0.22580644,0.9032258,8.193548,0.437007874250412,4.129032,0.8671875,2.0,ja sean glover
Kenyon Goodin,PG,BELL,31.0,32.741936,11.645162,2.8387096,2.032258,0.87096775,0.12903225,2.1290324,7.516129,0.4849785268306732,2.548387,0.8734177350997925,0.7419355,kenyon goodin
Preston Ruedinger,PG,GB,33.0,35.333332,11.636364,3.8484848,5.5454545,1.0,0.09090909,2.030303,8.727273,0.4305555522441864,2.3030303,0.9078947305679321,1.4545455,preston ruedinger
Tony Osburn,PG,OMA,29.0,32.793102,11.620689,3.0,2.3448277,1.2068965,0.06896552,2.310345,9.4827585,0.41090908646583557,1.9310344,0.7857142686843872,1.0344827,tony osburn
Jamichael Stillwell,SF,UCF,31.0,28.387096,11.612904,8.16129,2.1612904,1.0645162,0.16129032,0.38709676,8.580646,0.5037593841552734,3.6774194,0.7017543911933899,1.6129032,jamichael stillwell
Markhi Strickland,PG,NDSU,35.0,24.257143,11.6,3.4,1.2857143,0.8,0.2,0.0,8.6285715,0.5960264801979065,2.7142856,0.4842105209827423,1.2857143,markhi strickland
Eric Dailey Jr.,PG,UCLA,35.0,27.62857,11.6,5.7714286,1.3428571,0.8857143,0.25714287,0.8857143,9.114285,0.4858934283256531,2.6571429,0.698924720287323,1.3428571,eric dailey jr
Xaivian Lee,PG,FLA,35.0,27.4,11.6,3.6857142,4.2,1.1714286,0.114285715,1.6285714,9.657143,0.4201183319091797,2.4285715,0.7647058963775635,1.7428571,xaivian lee
Boogie Fland,PG,FLA,35.0,30.0,11.6,2.4571428,3.4571428,1.7428571,0.14285715,0.85714287,9.4,0.44680851697921753,3.2285714,0.7256637215614319,1.5714285,boogie fland
CJ Evans,PG,KC,30.0,30.5,11.6,2.5,3.8,1.5333333,0.033333335,0.36666667,10.566667,0.41640380024909973,3.4333334,0.708737850189209,2.8333333,cj evans
Kanon Catchings,SF,UGA,32.0,23.3125,11.59375,4.75,1.15625,0.78125,0.375,2.125,9.6875,0.42258065938949585,1.96875,0.6507936716079712,1.21875,kanon catchings
Qadir Martin,SF,MERC,34.0,31.294117,11.588235,6.970588,1.0294118,0.9411765,2.4411764,0.11764706,8.588235,0.5821917653083801,2.5294118,0.5813953280448914,0.9117647,qadir martin
Zaon Collins,PG,FRES,26.0,30.692308,11.576923,3.4230769,4.576923,1.9615384,0.0,0.65384614,9.230769,0.4625000059604645,3.3461537,0.7126436829566956,2.7692308,zaon collins
Langston Reynolds,PG,MINN,33.0,33.272728,11.575758,4.3333335,4.5454545,0.75757575,0.121212125,0.33333334,8.272727,0.5384615659713745,3.939394,0.5923076868057251,2.6060605,langston reynolds
Myles Colvin,PG,WAKE,35.0,27.114286,11.571428,4.3714285,1.3714286,1.1714286,0.31428573,1.6857142,8.714286,0.4032786786556244,3.2857144,0.8695651888847351,1.7428571,myles colvin
Jaxon Edwards,PG,IUIN,30.0,22.933332,11.566667,5.6,1.8666667,1.2666667,0.73333335,0.33333334,8.9,0.5318351984024048,2.4,0.7361111044883728,1.8,jaxon edwards
Julien Soumaoro,PG,WCU,27.0,26.222221,11.555555,3.1111112,2.1851852,0.7777778,0.037037037,2.3703704,9.592592,0.42084941267967224,1.4444444,0.7692307829856873,1.7037038,julien soumaoro
Day Day Thomas,PG,CIN,33.0,30.424242,11.545455,3.121212,3.4545455,0.969697,0.5151515,2.1818182,9.757576,0.3726707994937897,2.3636363,0.8846153616905212,1.7272727,day day thomas
Kyle Jorgensen,SF,CSU,28.0,25.535715,11.535714,4.321429,2.1785715,0.64285713,0.5,1.4642857,7.75,0.52073734998703,2.5,0.800000011920929,1.3928572,kyle jorgensen
Trae English,PG,NICH,30.0,30.733334,11.533334,2.0666666,3.3333333,1.8333334,0.06666667,1.2333333,10.166667,0.38688525557518005,3.0,0.8111110925674438,1.7666667,trae english
Zach Bloch,PG,UNCO,32.0,32.53125,11.53125,2.5,2.34375,1.4375,0.03125,2.90625,8.625,0.42391303181648254,1.65625,0.7924528121948242,0.96875,zach bloch
Jacob Walker,PG,SHSU,34.0,25.705883,11.529411,2.1764705,2.4705882,0.9117647,0.0882353,1.1470588,7.882353,0.43656715750694275,4.6764708,0.74842768907547,1.8529412,jacob walker
Johnny Kinziger,PG,ILST,36.0,32.166668,11.527778,2.4722223,3.3055556,1.25,0.055555556,1.7222222,10.0,0.4000000059604645,2.3333333,0.773809552192688,2.1111112,johnny kinziger
Trevor Mullin,PG,YALE,31.0,27.161291,11.5161295,2.387097,2.7419355,0.5483871,0.06451613,1.9354838,8.935484,0.41516244411468506,2.419355,0.8933333158493042,1.0645162,trevor mullin
J'Vonne Hadley,PG,LOU,34.0,28.0,11.5,5.0882354,1.7647059,1.0,0.29411766,1.0882353,7.647059,0.5615384578704834,2.5882354,0.7045454382896423,0.85294116,j vonne hadley
Armonie Ramey,PG,HWPU,2.0,16.5,11.5,2.5,0.5,2.0,0.5,1.5,10.0,0.3499999940395355,4.0,0.75,1.5,armonie ramey
Bangot Dak,SF,COLO,32.0,25.71875,11.5,6.53125,1.4375,0.6875,1.5625,0.4375,9.21875,0.49152541160583496,2.71875,0.7356321811676025,1.3125,bangot dak
Camron Durr,PG,BTHS,6.0,23.166666,11.5,1.1666666,1.8333334,0.33333334,0.0,1.6666666,14.166667,0.2705882489681244,2.6666667,0.8125,3.0,camron durr
Tyriq Brown,PG,TOCC,4.0,26.5,11.5,3.25,1.25,1.0,0.25,1.75,8.25,0.3636363744735718,4.75,0.7894737124443054,2.0,tyriq brown
Nicolas Ortiz,PG,IIT,2.0,25.0,11.5,2.0,3.0,3.0,0.0,2.0,7.5,0.6000000238418579,1.0,0.5,1.0,nicolas ortiz
Devin Dowell,PG,LGC,2.0,15.0,11.5,1.0,0.0,0.0,1.0,1.0,13.5,0.37037035822868347,1.0,0.5,1.5,devin dowell
Tyler Jasek,SF,RHDS,2.0,21.5,11.5,2.5,0.0,0.5,0.5,3.0,7.0,0.5,2.5,0.6000000238418579,1.5,tyler jasek
Ramar Pryor,PG,CNSU,2.0,26.0,11.5,3.0,2.0,2.0,0.5,0.0,11.0,0.40909090638160706,3.0,0.8333333134651184,1.0,ramar pryor
Markell Hood,PG,KCU,4.0,20.5,11.5,2.5,0.5,0.25,0.5,1.0,11.0,0.3863636255264282,2.5,0.800000011920929,3.0,markell hood
Caleb Campbell,PG,HTU,2.0,27.0,11.5,4.5,2.0,3.0,0.0,0.5,8.5,0.47058823704719543,4.5,0.6666666865348816,3.0,caleb campbell
Liviu Anton,PG,MILG,2.0,18.5,11.5,3.0,0.0,0.0,0.5,1.0,7.5,0.5333333611488342,3.0,0.8333333134651184,1.0,liviu anton
Tony Frohlich-Fair,PG,ESC,2.0,26.0,11.5,5.0,1.0,0.0,0.5,1.0,11.5,0.3913043439388275,3.0,0.5,3.0,tony frohlich fair
Noel Duplechain,PG,JVCU,2.0,35.0,11.5,3.0,2.0,1.0,0.0,0.5,7.5,0.5333333611488342,3.5,0.8571428656578064,4.0,noel duplechain
Jesse White,PG,HSKL,2.0,31.0,11.5,5.0,5.0,3.0,1.0,1.5,19.0,0.2368421107530594,1.0,1.0,2.5,jesse white
Rihards Vavers,SF,WSU,29.0,25.275862,11.4827585,4.0,0.44827586,0.6551724,0.27586207,2.5172415,8.137931,0.4661017060279846,1.5517242,0.8888888955116272,0.82758623,rihards vavers
Jermaine Washington,PG,SJSU,25.0,34.68,11.48,1.84,2.92,1.04,0.0,2.16,9.96,0.4016064405441284,2.12,0.6226415038108826,1.68,jermaine washington
Josh Reed,SF,PSU,32.0,28.21875,11.46875,4.09375,1.03125,1.03125,0.09375,1.0,7.6875,0.4878048896789551,3.40625,0.8715596199035645,1.09375,josh reed
Arterio Morris,PG,BCU,30.0,27.733334,11.466666,3.8333333,2.8666666,1.4666667,0.8666667,0.6,10.6,0.41194969415664673,3.7666667,0.5663716793060303,3.0,arterio morris
Derin Saran,PG,UCI,35.0,29.714285,11.457143,5.3142858,3.4,1.7428571,0.057142857,0.74285716,11.142858,0.4025641083717346,2.5428572,0.6853932738304138,2.2285714,derin saran
Te'Jon Sawyer,SF,MONT,34.0,27.794117,11.441176,5.4411764,1.117647,0.5294118,0.47058824,1.0,8.088235,0.5745454430580139,1.6470588,0.6964285969734192,1.7058823,te jon sawyer
Javon Cooley,PG,PEPP,32.0,30.125,11.4375,4.6875,1.125,1.03125,0.28125,1.28125,9.34375,0.41137123107910156,2.96875,0.8315789699554443,1.4375,javon cooley
Davion Cunningham,PG,MORE,32.0,26.96875,11.4375,4.125,1.875,0.90625,0.28125,0.65625,9.375,0.4166666567325592,4.0625,0.7307692170143127,1.90625,davion cunningham
Lucas Hobin,SF,AF,32.0,28.96875,11.4375,1.96875,0.625,0.375,0.125,2.1875,9.40625,0.35880398750305176,3.0,0.8333333134651184,1.3125,lucas hobin
Blair Thompson,SF,COLU,28.0,30.964285,11.428572,4.75,1.1428572,1.0357143,0.42857143,1.6071428,8.321428,0.5021459460258484,2.2857144,0.640625,0.8214286,blair thompson
Triston Wilson,PG,PRES,33.0,30.666666,11.424242,3.3030303,3.8484848,1.0909091,0.060606062,0.6666667,8.484848,0.42500001192092896,4.3030305,0.8239436745643616,2.3939395,triston wilson
Garrett Johnson,SF,GW,29.0,22.551723,11.413794,3.3793104,1.1724138,0.37931034,0.13793103,1.8275862,9.206897,0.40449437499046326,2.5517242,0.837837815284729,1.0344827,garrett johnson
Belal El Shakery,SF,UNH,29.0,26.586206,11.413794,8.24138,1.5172414,1.0689656,0.7241379,0.06896552,11.0,0.4294670820236206,3.862069,0.4910714328289032,2.0344827,belal el shakery
Amari Allen,SF,ALA,32.0,28.25,11.40625,6.9375,3.125,1.03125,0.6875,1.46875,8.46875,0.446494460105896,3.21875,0.737864077091217,1.375,amari allen
Sincere Malone,SF,NICH,32.0,32.75,11.40625,4.28125,2.96875,1.84375,0.375,0.53125,7.625,0.5040983557701111,4.0,0.796875,2.5,sincere malone
Grant Randall,SF,QUIN,32.0,31.625,11.40625,6.625,0.75,0.9375,0.71875,1.25,8.625,0.45652174949645996,3.09375,0.7373737096786499,0.59375,grant randall
Lamin Sabally,SF,IONA,31.0,30.258064,11.387096,8.193548,3.1612904,1.5806452,0.4516129,0.032258064,7.7419353,0.574999988079071,4.16129,0.5891472697257996,1.8709677,lamin sabally
Sincere Parker,PG,MEM,31.0,19.483871,11.387096,3.6774194,1.1290323,0.67741936,0.3548387,0.9032258,9.709678,0.41528239846229553,3.032258,0.7978723645210266,0.87096775,sincere parker
Kacper Klaczek,SF,ELON,24.0,28.041666,11.375,6.0,2.8333333,1.0833334,1.0416666,1.2916666,8.166667,0.5306122303009033,2.2083333,0.6415094137191772,1.8333334,kacper klaczek
Logan Kinsey,SF,DEN,32.0,29.28125,11.375,4.03125,1.0,0.71875,0.21875,0.4375,7.6875,0.5569105744361877,3.03125,0.7835051417350769,0.9375,logan kinsey
Linus Holmstrom,PG,VMI,31.0,27.193548,11.354838,2.483871,1.6774193,1.0645162,0.16129032,2.516129,8.903226,0.4384058117866516,1.3548387,0.761904776096344,1.4193548,linus holmstrom
Veljko Ilic,SF,SHSU,34.0,24.205883,11.3529415,6.529412,2.1764705,0.7941176,0.5882353,0.0,8.3529415,0.591549277305603,3.264706,0.45045045018196106,1.5882353,veljko ilic
Corey Washington,SF,SMU,34.0,27.735294,11.3529415,4.9117646,0.88235295,0.9117647,0.47058824,1.3235294,7.5882354,0.4806201457977295,3.5588236,0.7685950398445129,1.0,corey washington
Zamoku Weluche-Ume,SF,NCAT,29.0,30.655172,11.344828,7.2413793,0.9310345,0.82758623,0.86206895,0.7241379,9.275862,0.44609665870666504,3.724138,0.6296296119689941,2.2413793,zamoku weluche ume
Chas Stinson,PG,STO,32.0,27.96875,11.34375,5.46875,1.59375,1.0,1.0625,0.25,8.8125,0.457446813583374,4.3125,0.7028985619544983,2.0625,chas stinson
Nikolaos Chitikoudis,SF,RMU,32.0,26.15625,11.34375,7.65625,1.8125,0.71875,0.65625,0.0,9.25,0.5472972989082336,3.0625,0.3979591727256775,1.3125,nikolaos chitikoudis
Dion Brown,PG,SLU,35.0,23.657143,11.342857,5.4,1.6285714,0.85714287,0.2857143,0.6857143,7.6571426,0.6156716346740723,1.6285714,0.7543859481811523,1.6857142,dion brown
Djahi Binet,SF,USM,35.0,26.485714,11.342857,7.885714,0.85714287,0.6857143,1.0857143,0.114285715,6.885714,0.6265560388565063,3.6571429,0.7109375,1.3428571,djahi binet
Daniel Hankins-Sanford,SF,MASS,30.0,28.566668,11.333333,7.1,1.3666667,0.6666667,0.6333333,0.43333334,9.333333,0.46071428060531616,3.7,0.6216216087341309,1.3,daniel hankins sanford
Riley Young,SF,CPC,3.0,27.0,11.333333,2.3333333,1.3333334,0.33333334,0.6666667,3.3333333,10.333333,0.35483869910240173,1.3333334,0.5,2.3333333,riley young
Jayden Cooper,PG,USA,33.0,30.060606,11.333333,2.6060605,1.0,1.060606,0.09090909,1.6666666,10.0,0.4121212065219879,2.1515152,0.6619718074798584,0.7878788,jayden cooper
Jordan Hill,SF,OAKW,3.0,22.0,11.333333,4.6666665,0.6666667,1.0,0.0,0.33333334,9.333333,0.3928571343421936,4.3333335,0.8461538553237915,2.3333333,jordan hill
Jaquay Randolph,SF,SWES,3.0,28.0,11.333333,8.666667,1.0,0.33333334,0.6666667,0.0,9.666667,0.4137931168079376,5.6666665,0.5882353186607361,1.6666666,jaquay randolph
Josh Omojafo,PG,USF,34.0,27.17647,11.323529,5.3235292,1.7058823,0.7941176,0.1764706,0.64705884,6.852941,0.45493561029434204,5.6764708,0.7823834419250488,1.1764706,josh omojafo
Jailen Bedford,PG,VT,31.0,26.0,11.32258,3.2580645,1.2903225,0.5483871,0.06451613,1.6774193,10.225806,0.400630921125412,2.0,0.725806474685669,1.0967742,jailen bedford
Francis Folefac,SF,SIE,35.0,28.085714,11.314285,5.285714,2.2,0.85714287,1.2285714,0.17142858,7.8285713,0.514598548412323,4.1714287,0.7397260069847107,2.0,francis folefac
Josiah Shackelford,PG,BGSU,32.0,22.875,11.3125,3.53125,0.875,0.75,0.0625,1.28125,8.75,0.4464285671710968,2.96875,0.7473683953285217,1.03125,josiah shackelford
Toneari Lane,PG,USD,33.0,26.787878,11.30303,1.969697,0.72727275,0.6363636,0.121212125,2.5757575,8.818182,0.4364261031150818,1.2121212,0.8500000238418579,0.6666667,toneari lane
LJ Thomas,PG,ODU,30.0,27.6,11.3,3.6333334,3.3,1.1,0.16666667,0.3,9.3,0.4659498333930969,3.1333334,0.7446808218955994,1.9666667,lj thomas
Justin Ray,PG,MONM,34.0,28.441177,11.294118,2.0882354,1.2352941,1.0882353,0.14705883,1.9411764,8.5,0.439446359872818,2.1176472,0.8888888955116272,0.64705884,justin ray
Macon Emory,SF,DEL,31.0,37.129032,11.290322,6.612903,1.2258065,1.1290323,0.61290324,1.3870968,9.741936,0.4271523058414459,2.096774,0.7538461685180664,1.7096775,macon emory
Bryce Roberts,PG,TXSO,25.0,29.48,11.28,2.16,1.96,1.2,0.04,2.12,9.76,0.4098360538482666,1.4,0.8285714387893677,1.2,bryce roberts
Miles Rubin,C,LUC,33.0,29.69697,11.272727,7.060606,2.2727273,0.6666667,2.3030303,0.0,8.333333,0.585454523563385,2.7878788,0.54347825050354,2.030303,miles rubin
Brendan Terry,SF,SEMO,33.0,25.060606,11.272727,5.2727275,2.030303,0.6666667,0.8787879,0.27272728,8.060606,0.5413534045219421,3.6969697,0.6147540807723999,1.8484849,brendan terry
Danilo Dožic,C,PEPP,27.0,31.25926,11.259259,2.7037036,1.5185186,0.4074074,0.5185185,1.6666666,9.111111,0.43089431524276733,2.2592592,0.7704917788505554,1.3333334,danilo dozic
Ilias Kamardine,PG,MISS,35.0,31.057142,11.257143,3.4285715,3.7714286,1.3428571,0.37142858,1.1714286,10.114285,0.4209039509296417,2.057143,0.7638888955116272,1.9714285,ilias kamardine
Simeon Williams,SF,FISK,4.0,32.25,11.25,6.75,2.75,1.75,1.0,1.0,12.0,0.3333333432674408,2.5,0.8999999761581421,2.75,simeon williams
Jalyke Gaines-Wyatt,PG,HAMP,29.0,26.275862,11.24138,1.4482758,2.9655173,0.6896552,0.06896552,0.6551724,8.137931,0.39830508828163147,5.3448277,0.7677419185638428,2.275862,jalyke gaines wyatt
Najimi George,PG,NHVN,30.0,33.7,11.233334,3.5666666,1.6,0.76666665,0.33333334,1.0,9.566667,0.407665491104126,3.8,0.640350878238678,1.6,najimi george
Tre'Von Spillers,SF,WAKE,35.0,29.142857,11.228572,5.8,1.7428571,1.0,1.5142857,0.34285715,8.114285,0.5704225301742554,2.142857,0.7599999904632568,1.1714286,tre von spillers
Jack Graham,PG,UNH,30.0,27.9,11.2,3.0333333,1.0,1.0666667,0.3,1.8666667,9.666667,0.41034483909606934,2.1,0.6666666865348816,1.3,jack graham
Andy Johnson,PG,UIC,35.0,28.657143,11.2,3.4857142,1.7142857,0.8857143,0.17142858,1.5428572,8.742857,0.379084974527359,3.5428572,0.8548387289047241,1.3428571,andy johnson
Mekhi Cameron,PG,TNTC,31.0,26.67742,11.193548,3.8064516,1.1935484,0.41935483,0.032258064,1.4193548,8.4838705,0.3916349709033966,3.903226,0.8016529083251953,1.3225807,mekhi cameron
JaJuan Nicholls,SF,TNTC,31.0,17.967741,11.193548,5.290323,0.41935483,0.38709676,0.83870965,0.0,7.0,0.6267281174659729,3.580645,0.6756756901741028,0.9677419,jajuan nicholls
Rylan Griffen,PG,TA&M,32.0,25.96875,11.1875,2.71875,2.5,1.5625,0.4375,1.96875,7.9375,0.4527558982372284,2.625,0.773809552192688,1.5,rylan griffen
Toby Harris,SF,IONA,32.0,26.125,11.1875,3.40625,0.65625,0.375,0.3125,2.8125,8.5625,0.43795621395111084,0.96875,0.9032257795333862,0.96875,toby harris
Damarion Dennis,PG,WYO,32.0,23.90625,11.1875,3.1875,1.34375,0.84375,0.25,1.0625,7.875,0.5198412537574768,2.25,0.8611111044883728,0.625,damarion dennis
Jon Carroll,SF,MORE,33.0,24.545454,11.181818,7.939394,0.6666667,0.8181818,0.5151515,0.0,7.060606,0.5879828333854675,4.030303,0.7142857313156128,1.2121212,jon carroll
Ross Candelino,PG,LIP,28.0,24.857143,11.178572,5.214286,1.4285715,0.64285713,0.17857143,2.357143,7.892857,0.4751131236553192,1.8928572,0.698113203048706,0.9285714,ross candelino
Trey Deveaux,SF,MSM,28.0,26.607143,11.178572,4.464286,0.85714287,0.60714287,0.2857143,0.89285713,8.714286,0.43852460384368896,3.5357144,0.747474730014801,1.6785715,trey deveaux
Jameel Morris,PG,ALCN,30.0,29.433332,11.166667,2.4666667,2.9,2.1,0.13333334,0.6666667,9.066667,0.4485294222831726,3.0,0.7888888716697693,2.2,jameel morris
Billy Richmond III,PG,ARK,37.0,27.567568,11.162162,4.2972975,2.0,1.1081082,0.8108108,0.4054054,8.162162,0.5629138946533203,2.0,0.7837837934494019,1.2162162,billy richmond iii
Keegan Harvey,SF,BRY,31.0,26.387096,11.16129,4.903226,1.0967742,0.2580645,0.6451613,0.9032258,7.0,0.539170503616333,3.2580645,0.8316831588745117,2.032258,keegan harvey
Christian Moore,SF,CIT,31.0,25.064516,11.16129,3.064516,1.0,0.3548387,0.09677419,2.032258,9.032258,0.4285714328289032,2.064516,0.671875,0.9677419,christian moore
Ofri Naveh,SF,ORU,32.0,29.03125,11.15625,6.0,1.78125,1.3125,0.5,0.5,8.28125,0.4679245352745056,4.3125,0.6739130616188049,2.03125,ofri naveh
Aiden Sherrell,SF,ALA,34.0,23.852942,11.1470585,6.1764708,1.1470588,0.5882353,2.235294,0.7941176,7.0882354,0.5394191145896912,3.7941177,0.713178277015686,0.9411765,aiden sherrell
Will Hornseth,SF,UNI,35.0,26.285715,11.142858,4.6285715,2.2285714,0.51428574,0.62857145,0.114285715,8.028571,0.6014235019683838,2.6,0.5274725556373596,1.4571428,will hornseth
Jayson Petty,PG,KC,31.0,31.096775,11.129032,3.967742,1.6451613,1.2258065,0.41935483,1.7741935,9.387096,0.3951890170574188,2.3225806,0.8333333134651184,1.9032258,jayson petty
Colin Porter,PG,LIB,32.0,34.34375,11.125,3.03125,3.4375,1.4375,0.09375,1.9375,8.28125,0.41886791586875916,2.46875,0.9113923907279968,1.28125,colin porter
Devon Ellis,SF,NORF,32.0,27.3125,11.125,4.375,1.5625,0.65625,0.375,0.65625,7.59375,0.547325074672699,3.15625,0.6831682920455933,1.28125,devon ellis
Dasear Haskins,PG,JOES,36.0,27.75,11.111111,6.361111,1.4166666,0.5833333,0.6111111,1.0555556,9.027778,0.47999998927116394,2.0555556,0.6756756901741028,1.1944444,dasear haskins
Milos Uzan,PG,HOU,37.0,32.972973,11.1081085,2.6756756,4.0,0.972973,0.13513513,1.945946,10.513514,0.38046273589134216,1.5675676,0.7413793206214905,1.2972972,milos uzan
Jeremy Elyzee,SF,SELA,31.0,29.387096,11.096774,4.451613,1.7741935,1.0967742,0.7419355,0.3548387,9.0,0.4695340394973755,3.2580645,0.7029703259468079,1.9032258,jeremy elyzee
Hudson Mayes,PG,UCSD,33.0,23.818182,11.090909,5.6969695,1.7272727,0.969697,0.27272728,0.33333334,7.3333335,0.5454545617103577,3.4545455,0.7982456088066101,1.2424242,hudson mayes
Adrian Myers,SF,SJSU,28.0,28.428572,11.071428,4.857143,1.0357143,1.0,0.75,1.7142857,9.25,0.4285714328289032,1.9642857,0.7272727489471436,1.0357143,adrian myers
Bryce Eaton,PG,SPU,29.0,27.206896,11.068966,2.9655173,4.0,1.1724138,0.10344828,1.5172414,10.206897,0.36486485600471497,2.5517242,0.8243243098258972,2.3448277,bryce eaton
Christian Reeves,C,COFC,31.0,21.387096,11.064516,7.806452,0.38709676,0.29032257,1.4193548,0.0,6.806452,0.6540284156799316,3.580645,0.6036036014556885,0.9032258,christian reeves
Layden Blocker,PG,DEP,32.0,29.0625,11.0625,2.46875,3.5,1.625,0.28125,1.09375,9.46875,0.35973596572875977,3.8125,0.8278688788414001,2.15625,layden blocker
Kooper Jacobi,SF,EIU,33.0,33.333332,11.060606,6.3939395,1.8181819,1.030303,0.33333334,0.72727275,10.757576,0.4140844941139221,2.7272727,0.5222222208976746,1.1818181,kooper jacobi
Josh Scovens,PG,DAV,33.0,24.787878,11.060606,4.3030305,1.9090909,0.8787879,0.54545456,0.33333334,8.0,0.5530303120613098,2.939394,0.6391752362251282,1.2121212,josh scovens
Tyon Grant-Foster,PG,GONZ,35.0,21.514286,11.057143,4.9714284,1.1714286,0.8,1.0857143,0.4857143,8.485714,0.4747474789619446,4.114286,0.6111111044883728,1.3714286,tyon grant foster
Carson Cooper,C,MSU,35.0,26.685715,11.057143,7.0857143,1.4571428,0.6,0.9714286,0.057142857,6.6,0.5844155550003052,4.1714287,0.7876712083816528,1.5428572,carson cooper
Jay Rodgers,PG,CCSU,30.0,29.233334,11.033334,2.2,6.866667,0.4,0.06666667,1.1333333,9.0,0.42592594027519226,2.7333333,0.8170731663703918,2.6666667,jay rodgers
Fraser Roxburgh,SF,MAN,32.0,30.625,11.03125,5.84375,1.125,0.5,0.5,1.3125,9.78125,0.4472843408584595,1.25,0.7749999761581421,1.65625,fraser roxburgh
Tayshawn Comer,PG,NEV,37.0,25.18919,11.027027,1.8108108,3.5945945,0.9189189,0.027027028,1.081081,9.243243,0.3830409348011017,3.5945945,0.7969924807548523,1.972973,tayshawn comer
Ryan Myers,PG,WKU,32.0,22.59375,11.0,2.15625,1.59375,0.46875,0.0,2.3125,8.46875,0.3948339521884918,2.1875,0.9142857193946838,1.09375,ryan myers
James Nichols III,SF,GCSU,1.0,18.0,11.0,5.0,0.0,0.0,0.0,1.0,7.0,0.5714285969734192,2.0,1.0,2.0,james nichols iii
Kolby Williams,SF,RIP,1.0,30.0,11.0,5.0,2.0,1.0,0.0,0.0,14.0,0.2142857164144516,8.0,0.625,1.0,kolby williams
Darion Williams,C,KCC,1.0,37.0,11.0,12.0,1.0,1.0,1.0,0.0,8.0,0.625,2.0,0.5,3.0,darion williams
ND Okafor,SF,WSU,32.0,23.21875,11.0,5.65625,0.90625,0.5,1.4375,0.0,7.875,0.5833333134651184,2.8125,0.644444465637207,2.09375,nd okafor
Luke Krawczyk,SF,GCSU,1.0,11.0,11.0,4.0,0.0,0.0,0.0,3.0,5.0,0.800000011920929,0.0,0.0,2.0,luke krawczyk
Todd Rochelle,PG,CALD,1.0,27.0,11.0,5.0,0.0,0.0,0.0,1.0,12.0,0.3333333432674408,2.0,1.0,3.0,todd rochelle
Christoph Tilly,C,OSU,32.0,26.03125,11.0,4.71875,2.3125,0.65625,0.53125,0.40625,7.4375,0.4789915978908539,4.75,0.7302631735801697,1.53125,christoph tilly
Jake Bender,PG,BRDS,1.0,26.0,11.0,5.0,1.0,1.0,1.0,3.0,8.0,0.5,0.0,0.0,1.0,jake bender
Eamon Kelly,PG,SLC,1.0,19.0,11.0,4.0,0.0,1.0,0.0,3.0,9.0,0.4444444477558136,0.0,0.0,0.0,eamon kelly
Silas Mulligan,PG,PDMT,1.0,11.0,11.0,1.0,0.0,2.0,0.0,1.0,7.0,0.5714285969734192,3.0,0.6666666865348816,0.0,silas mulligan
Nas Johnson,PG,ARCA,1.0,20.0,11.0,3.0,3.0,0.0,1.0,2.0,13.0,0.23076923191547394,4.0,0.75,3.0,nas johnson
Corey Attivo,SF,ARCA,1.0,20.0,11.0,1.0,1.0,0.0,0.0,1.0,8.0,0.625,0.0,0.0,0.0,corey attivo
Mack Hepper,PG,PCLT,1.0,22.0,11.0,5.0,1.0,0.0,0.0,3.0,8.0,0.5,0.0,0.0,4.0,mack hepper
Jackson Kemp,PG,OGLE,1.0,28.0,11.0,5.0,5.0,0.0,0.0,2.0,7.0,0.5714285969734192,2.0,0.5,0.0,jackson kemp
Koji Anderson,PG,AL,1.0,24.0,11.0,1.0,2.0,1.0,0.0,1.0,8.0,0.5,2.0,1.0,2.0,koji anderson
Omari Bryson,PG,VRHS,1.0,21.0,11.0,2.0,0.0,0.0,0.0,3.0,10.0,0.4000000059604645,0.0,0.0,3.0,omari bryson
Lendy Holmes,PG,SAOK,1.0,32.0,11.0,2.0,0.0,0.0,0.0,3.0,9.0,0.4444444477558136,0.0,0.0,1.0,lendy holmes
Dorian Booker,C,SUNO,1.0,25.0,11.0,3.0,2.0,0.0,3.0,0.0,11.0,0.4545454680919647,1.0,1.0,2.0,dorian booker
Zaveion Bineyard,SF,CAPH,1.0,28.0,11.0,4.0,2.0,0.0,1.0,1.0,12.0,0.3333333432674408,3.0,0.6666666865348816,1.0,zaveion bineyard
James Lewis,SG,KCC,1.0,27.0,11.0,6.0,1.0,2.0,0.0,2.0,10.0,0.4000000059604645,2.0,0.5,1.0,james lewis
Jake Jensen,SF,MMU,2.0,26.0,11.0,4.0,0.0,1.0,0.5,1.5,11.5,0.3478260934352875,1.5,1.0,0.5,jake jensen
Carter Gittens,SF,OUAZ,1.0,17.0,11.0,1.0,1.0,1.0,1.0,1.0,8.0,0.5,4.0,0.5,3.0,carter gittens
Will Kelly,PG,CIU,2.0,23.5,11.0,1.0,1.5,1.0,0.0,1.0,9.5,0.31578946113586426,5.5,0.7272727489471436,3.5,will kelly
Khalik Gardner,PG,RWC,1.0,21.0,11.0,4.0,1.0,0.0,0.0,1.0,16.0,0.25,4.0,0.5,5.0,khalik gardner
Guillermo Narbona,SF,STAM,1.0,24.0,11.0,6.0,4.0,3.0,0.0,1.0,7.0,0.5714285969734192,2.0,1.0,8.0,guillermo narbona
Trent Rozich,SF,PITG,1.0,32.0,11.0,3.0,1.0,1.0,0.0,0.0,9.0,0.3333333432674408,6.0,0.8333333134651184,1.0,trent rozich
Sawyer Butler,PG,FRN,1.0,12.0,11.0,2.0,1.0,0.0,0.0,1.0,7.0,0.4285714328289032,4.0,1.0,2.0,sawyer butler
Daethan Harris,PG,VRHS,1.0,19.0,11.0,1.0,0.0,0.0,0.0,0.0,3.0,0.6666666865348816,9.0,0.7777777910232544,2.0,daethan harris
Tareeq Roper,PG,B&SO,1.0,25.0,11.0,6.0,2.0,0.0,0.0,1.0,12.0,0.4166666567325592,2.0,0.0,0.0,tareeq roper
Kenton Steele,SF,PONT,1.0,32.0,11.0,5.0,0.0,1.0,0.0,1.0,12.0,0.25,4.0,1.0,2.0,kenton steele
Shaeden Olden,PG,MHAM,1.0,29.0,11.0,3.0,5.0,3.0,0.0,3.0,9.0,0.4444444477558136,1.0,0.0,1.0,shaeden olden
Will Young II,PG,NWD,1.0,33.0,11.0,7.0,3.0,3.0,2.0,2.0,13.0,0.3076923191547394,4.0,0.25,3.0,will young ii
Phat Phat Brooks,PG,CMU,31.0,28.032259,11.0,2.935484,3.903226,1.3225807,0.29032257,0.19354838,8.741936,0.4206642210483551,4.709677,0.732876718044281,2.2580645,phat phat brooks
Jamaal Unuakhalu,SF,MNLO,1.0,23.0,11.0,8.0,0.0,0.0,2.0,1.0,9.0,0.4444444477558136,2.0,1.0,2.0,jamaal unuakhalu
Jarrell Love,PG,LANE,1.0,19.0,11.0,3.0,2.0,0.0,1.0,1.0,10.0,0.30000001192092896,4.0,1.0,2.0,jarrell love
Khalil Baker,SF,ROW,1.0,18.0,11.0,7.0,0.0,0.0,2.0,0.0,8.0,0.375,7.0,0.7142857313156128,3.0,khalil baker
Donovan Loudermill,PG,HOUG,1.0,35.0,11.0,5.0,0.0,0.0,0.0,3.0,9.0,0.4444444477558136,0.0,0.0,2.0,donovan loudermill
Naz Welch,PG,AL,1.0,28.0,11.0,2.0,1.0,0.0,0.0,1.0,6.0,0.6666666865348816,2.0,1.0,5.0,naz welch
Isaiah Buckley,PG,SHAW,1.0,40.0,11.0,5.0,4.0,3.0,0.0,1.0,11.0,0.4545454680919647,2.0,0.0,2.0,isaiah buckley
Toate Sika,PG,PUGB,1.0,21.0,11.0,2.0,0.0,3.0,1.0,3.0,8.0,0.5,0.0,0.0,1.0,toate sika
Carter Brown,PG,OCC,1.0,25.0,11.0,2.0,0.0,2.0,0.0,2.0,7.0,0.5714285969734192,3.0,0.3333333432674408,3.0,carter brown
Pharoah Fields,PG,BLU,1.0,16.0,11.0,0.0,0.0,1.0,0.0,3.0,10.0,0.30000001192092896,2.0,1.0,1.0,pharoah fields
Quentin Thompson,PG,MNLO,1.0,18.0,11.0,1.0,0.0,1.0,0.0,1.0,5.0,0.6000000238418579,5.0,0.800000011920929,1.0,quentin thompson
Ra Briggs,SF,CBVU,1.0,25.0,11.0,3.0,2.0,0.0,0.0,3.0,9.0,0.4444444477558136,0.0,0.0,2.0,ra briggs
Alex McCleery Brown,PG,OXY,1.0,23.0,11.0,2.0,2.0,2.0,0.0,0.0,8.0,0.625,2.0,0.5,1.0,alex mccleery brown
Nasir Luna,PG,OXY,1.0,27.0,11.0,3.0,1.0,3.0,0.0,1.0,10.0,0.5,0.0,0.0,1.0,nasir luna
Christian Wells,ATH,ERAZ,1.0,26.0,11.0,1.0,1.0,0.0,0.0,2.0,8.0,0.5,2.0,0.5,1.0,christian wells
Elijah Greer Dawson,PG,LANE,1.0,22.0,11.0,2.0,2.0,2.0,1.0,0.0,5.0,0.6000000238418579,5.0,1.0,4.0,elijah greer dawson
Timayahs Bracey,PG,AVER,2.0,25.0,11.0,1.0,1.5,1.0,0.0,0.5,12.5,0.23999999463558197,5.0,0.8999999761581421,4.0,timayahs bracey
Marcel Dalcourt,PG,ABU,3.0,24.333334,11.0,2.6666667,3.3333333,1.6666666,0.0,1.6666666,10.0,0.46666666865348816,0.0,0.0,2.3333333,marcel dalcourt
Gavin Carter,PG,UCCS,1.0,23.0,11.0,2.0,4.0,0.0,0.0,3.0,7.0,0.5714285969734192,2.0,0.0,1.0,gavin carter
Brant Smithers,PG,CMBS,1.0,18.0,11.0,0.0,0.0,0.0,0.0,3.0,10.0,0.4000000059604645,0.0,0.0,3.0,brant smithers
Stephen Ovia,SF,WVWC,1.0,30.0,11.0,5.0,2.0,1.0,1.0,0.0,12.0,0.4166666567325592,2.0,0.5,3.0,stephen ovia
Jahsan Upshaw,SF,RUST,1.0,28.0,11.0,5.0,1.0,1.0,1.0,0.0,12.0,0.25,6.0,0.8333333134651184,2.0,jahsan upshaw
Josiah Lawson,SF,MRHO,1.0,27.0,11.0,3.0,2.0,0.0,0.0,2.0,9.0,0.4444444477558136,2.0,0.5,0.0,josiah lawson
Theo Briscoe IV,PG,RIVI,1.0,37.0,11.0,5.0,0.0,1.0,0.0,3.0,21.0,0.190476194024086,0.0,0.0,2.0,theo briscoe iv
TJ Blackmon,PG,THMC,1.0,24.0,11.0,7.0,2.0,2.0,1.0,1.0,11.0,0.3636363744735718,4.0,0.5,5.0,tj blackmon
Ty Rogers,SF,NSU,1.0,21.0,11.0,2.0,0.0,0.0,0.0,1.0,8.0,0.625,0.0,0.0,3.0,ty rogers
Bryce Whitaker,PG,WHTR,2.0,26.5,11.0,1.5,1.5,0.5,0.0,2.5,10.0,0.4000000059604645,1.0,0.5,3.0,bryce whitaker
Brandon Adorno,PG,TRCC,1.0,23.0,11.0,0.0,1.0,2.0,0.0,1.0,10.0,0.5,0.0,0.0,5.0,brandon adorno
Jake Benham,PG,MILG,2.0,27.5,11.0,4.0,0.0,0.5,0.0,2.5,11.0,0.3636363744735718,1.0,0.5,0.0,jake benham
Braeden Jordan,PG,UHSP,1.0,26.0,11.0,0.0,2.0,1.0,0.0,0.0,8.0,0.5,6.0,0.5,6.0,braeden jordan
Kamran Ensley,SF,CAPU,1.0,23.0,11.0,5.0,0.0,0.0,1.0,1.0,4.0,0.75,6.0,0.6666666865348816,1.0,kamran ensley
Chris Mitchell,SF,CAPU,1.0,22.0,11.0,11.0,0.0,1.0,1.0,1.0,7.0,0.7142857313156128,0.0,0.0,3.0,chris mitchell
Jackson Weiland,PG,MIT,1.0,31.0,11.0,9.0,2.0,1.0,0.0,1.0,4.0,0.75,4.0,1.0,1.0,jackson weiland
Chris Tippins,SF,NWOK,1.0,23.0,11.0,3.0,0.0,1.0,0.0,0.0,7.0,0.5714285969734192,4.0,0.75,2.0,chris tippins
Fred'travious Benjamin,PG,CHCC,6.0,24.833334,11.0,2.1666667,1.6666666,1.0,0.33333334,1.5,10.833333,0.38461539149284363,1.3333334,0.875,2.5,fred travious benjamin
D'Amare Hood,PG,OCU,2.0,28.5,11.0,2.5,1.0,3.0,0.5,1.0,13.5,0.29629629850387573,2.0,1.0,1.0,d amare hood
Dontarius Coleman,SF,CTLA,1.0,20.0,11.0,0.0,0.0,0.0,0.0,3.0,10.0,0.4000000059604645,0.0,0.0,2.0,dontarius coleman
Dylan Kurt,PG,LOR,1.0,19.0,11.0,3.0,1.0,1.0,0.0,1.0,10.0,0.5,0.0,0.0,0.0,dylan kurt
Ikemba Otuonye,SF,CMBS,1.0,9.0,11.0,2.0,0.0,0.0,0.0,0.0,7.0,0.7142857313156128,1.0,1.0,1.0,ikemba otuonye
William Herald,PG,HNVR,1.0,18.0,11.0,1.0,1.0,1.0,0.0,3.0,8.0,0.5,0.0,0.0,0.0,william herald
Myles Shields,PG,REGU,1.0,32.0,11.0,3.0,0.0,1.0,0.0,1.0,15.0,0.3333333432674408,0.0,0.0,3.0,myles shields
Kamerin Carter,PG,BCKB,1.0,22.0,11.0,3.0,2.0,0.0,0.0,2.0,8.0,0.5,1.0,1.0,2.0,kamerin carter
Evan Jordan,PG,BCKB,1.0,26.0,11.0,0.0,2.0,2.0,0.0,3.0,12.0,0.3333333432674408,0.0,0.0,1.0,evan jordan
Talon Brooks,PG,PSC,1.0,32.0,11.0,3.0,2.0,2.0,0.0,3.0,15.0,0.2666666805744171,0.0,0.0,1.0,talon brooks
Corey Skillman,PG,MAMC,1.0,31.0,11.0,2.0,3.0,1.0,0.0,1.0,13.0,0.38461539149284363,1.0,0.0,0.0,corey skillman
Malachi Cooper,PG,SWES,3.0,22.666666,11.0,3.3333333,1.3333334,0.33333334,0.0,2.3333333,9.0,0.48148149251937866,0.0,0.0,1.0,malachi cooper
Jamal Entezami,SF,HAWH,1.0,19.0,11.0,4.0,0.0,1.0,0.0,1.0,8.0,0.625,2.0,0.0,1.0,jamal entezami
Dash Johnson,PG,MCP,1.0,21.0,11.0,1.0,0.0,1.0,0.0,3.0,10.0,0.30000001192092896,2.0,1.0,3.0,dash johnson
Evin Eversole,SF,AL,1.0,27.0,11.0,13.0,3.0,0.0,0.0,0.0,11.0,0.4545454680919647,2.0,0.5,2.0,evin eversole
Emmanuel Karkari-Mensah,PG,ELMR,1.0,25.0,11.0,4.0,1.0,1.0,0.0,3.0,8.0,0.5,0.0,0.0,0.0,emmanuel karkari mensah
Alec Mercer,PG,ELMR,1.0,18.0,11.0,3.0,0.0,0.0,0.0,3.0,10.0,0.4000000059604645,0.0,0.0,1.0,alec mercer
Cameron Downie,PG,NWWA,1.0,20.0,11.0,1.0,0.0,0.0,0.0,3.0,6.0,0.5,2.0,1.0,0.0,cameron downie
Nick Brunetti,PG,CMBL,1.0,35.0,11.0,1.0,1.0,0.0,1.0,1.0,8.0,0.5,3.0,0.6666666865348816,4.0,nick brunetti
Thomas Tangle,PG,CAMR,1.0,29.0,11.0,11.0,0.0,1.0,0.0,2.0,8.0,0.375,6.0,0.5,2.0,thomas tangle
Jordan Mitchell,PG,CAMR,1.0,21.0,11.0,0.0,3.0,3.0,0.0,0.0,8.0,0.5,4.0,0.75,3.0,jordan mitchell
Terrell Neal,SF,PSUY,1.0,34.0,11.0,6.0,4.0,0.0,0.0,0.0,10.0,0.4000000059604645,4.0,0.75,1.0,terrell neal
Chad Napoleon,SF,WPAC,1.0,30.0,11.0,3.0,1.0,0.0,0.0,3.0,10.0,0.4000000059604645,0.0,0.0,0.0,chad napoleon
James York Jr.,PG,FISH,1.0,15.0,11.0,1.0,0.0,0.0,0.0,3.0,6.0,0.6666666865348816,0.0,0.0,0.0,james york jr
Marquay Tanksley,PG,NYCB,1.0,24.0,11.0,6.0,1.0,0.0,1.0,1.0,10.0,0.5,0.0,0.0,0.0,marquay tanksley
Jacob Idowu,PG,SJBK,1.0,22.0,11.0,3.0,3.0,0.0,0.0,1.0,15.0,0.3333333432674408,1.0,0.0,1.0,jacob idowu
Keenan Rahn,PG,RIP,1.0,25.0,11.0,5.0,2.0,1.0,0.0,3.0,6.0,0.5,2.0,1.0,2.0,keenan rahn
Connor Hanavan,PG,ECMA,1.0,15.0,11.0,3.0,0.0,0.0,0.0,2.0,5.0,0.800000011920929,1.0,1.0,3.0,connor hanavan
Brennan Webb,PG,STTX,1.0,22.0,11.0,2.0,0.0,1.0,0.0,3.0,8.0,0.5,0.0,0.0,2.0,brennan webb
Kenny Maira,SF,CTNJ,1.0,17.0,11.0,1.0,0.0,0.0,0.0,2.0,3.0,0.6666666865348816,6.0,0.8333333134651184,3.0,kenny maira
Ries Naugle,PG,BBU,1.0,25.0,11.0,0.0,1.0,0.0,1.0,3.0,7.0,0.5714285969734192,0.0,0.0,1.0,ries naugle
Maximus Michalski,SF,STJF,1.0,23.0,11.0,7.0,0.0,1.0,0.0,0.0,9.0,0.5555555820465088,2.0,0.5,5.0,maximus michalski
Jordan Bledsoe,PG,AQUI,1.0,24.0,11.0,5.0,1.0,1.0,0.0,3.0,6.0,0.5,3.0,0.6666666865348816,7.0,jordan bledsoe
Nathan Richardson,PG,UOO,1.0,23.0,11.0,3.0,1.0,1.0,0.0,1.0,9.0,0.5555555820465088,0.0,0.0,0.0,nathan richardson
Jeremiah Landers,PG,IUE,2.0,26.0,11.0,3.0,2.5,0.5,0.0,1.0,10.0,0.4000000059604645,3.5,0.5714285969734192,3.0,jeremiah landers
Trey Autry,PG,GW,34.0,28.705883,10.970589,3.5294118,1.4705882,0.7941176,0.23529412,2.4705882,8.176471,0.43525180220603943,1.7058823,0.8103448152542114,0.9117647,trey autry
Mahmoud Fofana,SF,CSUN,34.0,29.558823,10.970589,7.882353,1.5294118,1.0882353,0.8235294,0.029411765,7.0,0.6302521228790283,3.5,0.605042040348053,1.0588236,mahmoud fofana
Randall Pettus II,PG,ELON,32.0,27.25,10.96875,3.0625,1.21875,1.375,0.375,2.09375,9.71875,0.3794212341308594,1.96875,0.761904776096344,1.75,randall pettus ii
Keith McKnight,PG,QUIN,32.0,24.75,10.96875,5.875,1.125,1.3125,0.71875,0.125,7.78125,0.5461847186088562,3.75,0.625,1.25,keith mcknight
Kosy Akametu,PG,IONA,29.0,24.275862,10.965517,4.965517,0.8965517,0.4827586,0.3448276,0.9655172,9.206897,0.41947564482688904,2.9655173,0.7674418687820435,1.4827586,kosy akametu
Isaac McKneely,PG,LOU,35.0,28.914286,10.942857,3.0,1.4285715,0.54285717,0.057142857,2.7428572,8.3714285,0.4163822531700134,1.4285715,0.8600000143051147,0.85714287,isaac mckneely
Braedan Lue,SF,KENN,35.0,26.514286,10.942857,5.257143,1.2,0.9142857,1.4285715,0.6571429,9.285714,0.45230770111083984,2.7142856,0.6947368383407593,1.4571428,braedan lue
Isaac Davis,SF,UVU,34.0,19.117647,10.941176,3.735294,1.3235294,0.85294116,0.29411766,0.20588236,6.9411764,0.6228813529014587,3.1176472,0.6698113083839417,1.8235294,isaac davis
Nik Graves,PG,CREI,34.0,26.852942,10.941176,3.0,4.382353,0.9411765,0.11764706,1.117647,8.3529415,0.38732394576072693,3.9705882,0.8444444537162781,1.6470588,nik graves
Benny Gealer,PG,STAN,33.0,29.545454,10.939394,2.5454545,1.6969697,1.5757576,0.121212125,2.6060605,7.787879,0.43579766154289246,1.7272727,0.8947368264198303,0.6969697,benny gealer
J.J. Starling,PG,SYR,30.0,29.0,10.933333,2.6666667,2.4,0.8666667,0.2,0.8,10.733334,0.4192546606063843,2.0666666,0.5483871102333069,1.3666667,j j starling
Micah Robinson,SF,TCU,35.0,26.885714,10.914286,4.714286,1.6857142,1.1714286,0.34285715,1.2857143,8.3714285,0.3924914598464966,4.0285716,0.758865237236023,1.3428571,micah robinson
Rueben Chinyelu,C,FLA,35.0,24.457144,10.914286,11.228572,0.6571429,0.7714286,1.0285715,0.0,7.3428574,0.5836575627326965,3.3714285,0.694915235042572,1.4857143,rueben chinyelu
Malik Messina-Moore,PG,XAV,33.0,33.21212,10.909091,2.969697,3.7575758,1.060606,0.121212125,1.5151515,9.212121,0.38486841320991516,2.878788,0.800000011920929,1.4545455,malik messina moore
Dasonte Bowen,PG,SBU,33.0,34.363636,10.909091,3.0,4.848485,1.2424242,0.0,0.54545456,9.181818,0.4125412404537201,3.2727273,0.8518518805503845,2.121212,dasonte bowen
Mike Sharavjamts,PG,SC,32.0,29.78125,10.90625,5.5625,2.3125,0.65625,0.875,0.90625,7.71875,0.4898785352706909,2.78125,0.8764045238494873,1.375,mike sharavjamts
Zion Sensley,PG,UCSB,32.0,25.21875,10.90625,7.5625,0.75,0.4375,0.125,1.84375,8.90625,0.4350877106189728,1.59375,0.8235294222831726,1.0,zion sensley
Roderick Coffee III,SF,GRAM,31.0,33.548386,10.903226,4.580645,4.225806,1.8387097,0.09677419,1.451613,8.4838705,0.4182509481906891,3.1290324,0.7525773048400879,2.612903,roderick coffee iii
Austin Swartz,PG,CREI,30.0,21.533333,10.9,2.8333333,1.4,0.6666667,0.13333334,2.1333334,9.2,0.44565218687057495,0.8,0.7083333134651184,1.1666666,austin swartz
Keyon Kensie Jr.,PG,PRST,29.0,30.37931,10.896552,6.9310346,1.137931,1.2758621,0.6551724,0.79310346,9.034483,0.4236641228199005,3.3793104,0.7244898080825806,1.3448275,keyon kensie jr
CJ Brown,PG,USF,34.0,26.647058,10.882353,3.8823528,4.7058825,1.0294118,0.2647059,0.47058824,9.029411,0.38110747933387756,4.852941,0.7272727489471436,2.0,cj brown
Roddie Anderson III,PG,XAV,33.0,23.757576,10.878788,3.3333333,2.2424242,1.3333334,0.15151516,1.1515151,9.757576,0.39751553535461426,2.7272727,0.7222222089767456,1.3333334,roddie anderson iii
Jaylen Peterson,SF,PRES,33.0,29.969696,10.878788,7.4545455,0.8484849,0.969697,1.4545455,0.030303031,7.3333335,0.6115702390670776,3.4242425,0.5486725568771362,1.4848485,jaylen peterson
Marvin McGhee III,PG,RGV,33.0,29.636364,10.878788,5.090909,0.8787879,0.6969697,0.0,2.3636363,7.818182,0.45348837971687317,1.6363636,0.8703703880310059,0.6666667,marvin mcghee iii
Isaac Asuma,PG,MINN,33.0,34.303032,10.878788,3.969697,3.7272727,1.2424242,0.5151515,1.7575758,9.606061,0.39747634530067444,2.0,0.7424242496490479,2.1515152,isaac asuma
BJ Ward,PG,SEMO,33.0,30.212122,10.878788,2.121212,3.6969697,0.8787879,0.09090909,1.5151515,10.060606,0.3885542154312134,1.9090909,0.8095238208770752,2.0,bj ward
Ari Fulton,PG,NJIT,33.0,28.363636,10.878788,6.212121,1.2121212,0.6363636,0.54545456,0.8484849,8.424242,0.4208633005619049,3.7272727,0.7886179089546204,1.4545455,ari fulton
Naithan George,PG,SYR,32.0,32.09375,10.875,3.0,5.4375,1.46875,0.3125,1.125,8.5625,0.4051094949245453,3.375,0.8333333134651184,3.0625,naithan george
Jack Stanton,PG,PRIN,23.0,31.0,10.869565,3.5217392,1.6521739,0.9130435,0.13043478,2.4782608,8.130435,0.3957219123840332,2.0869565,0.9375,0.9130435,jack stanton
Armelo Boone,PG,WKU,29.0,24.413794,10.862069,6.1034484,2.0,1.3448275,0.41379312,0.7241379,10.896552,0.37974682450294495,2.724138,0.6835442781448364,1.7241379,armelo boone
Karon Boyd,SF,WICH,36.0,33.86111,10.861111,5.75,1.5833334,0.6944444,0.44444445,1.2777778,9.138889,0.4224924147129059,2.9166667,0.6380952596664429,1.5555556,karon boyd
Filip Borovicanin,SF,XAV,33.0,31.09091,10.848485,7.4242425,4.212121,1.1818181,0.5151515,1.1212121,9.30303,0.43322476744651794,1.9090909,0.8730158805847168,1.7878788,filip borovicanin
BJ Davis,PG,SDSU,33.0,22.212122,10.848485,3.1515152,2.1818182,1.060606,0.121212125,1.1212121,7.757576,0.43359375,3.5151515,0.8534482717514038,0.93939394,bj davis
MJ Thomas,SF,NOLA,32.0,26.65625,10.84375,8.0,1.46875,0.84375,0.6875,0.0625,7.0,0.53125,4.5625,0.732876718044281,1.8125,mj thomas
Kobe Knox,PG,SC,32.0,29.9375,10.84375,3.59375,2.0625,1.09375,0.1875,0.71875,7.3125,0.49145299196243286,3.875,0.7580645084381104,1.3125,kobe knox
Shane Lancaster,PG,ALCN,32.0,28.65625,10.84375,2.34375,2.21875,0.96875,0.28125,1.90625,8.1875,0.4198473393917084,2.84375,0.7252747416496277,1.21875,shane lancaster
Aiden Disu,SF,HC,29.0,27.448277,10.827586,5.1034484,0.82758623,0.6896552,0.79310346,0.7241379,8.655172,0.45816734433174133,2.724138,0.797468364238739,1.6206896,aiden disu
Kashie Natt,PG,SHSU,34.0,26.411764,10.823529,8.176471,2.3823528,2.0294118,0.5,0.9117647,8.0,0.43014705181121826,3.8823528,0.7803030014038086,1.2352941,kashie natt
Ade Popoola,PG,TLSA,38.0,28.710526,10.815789,4.1578946,1.3157895,1.3157895,0.2631579,2.6052632,8.578947,0.4141104221343994,1.4210526,0.7777777910232544,1.2105263,ade popoola
Gianni Hunt,PG,ETAM,32.0,31.03125,10.8125,4.21875,4.90625,1.625,0.125,1.25,8.46875,0.39114391803741455,3.84375,0.7642276287078857,2.375,gianni hunt
Jahvin Carter,PG,MTSU,32.0,26.78125,10.8125,3.1875,3.5625,0.84375,0.0,1.4375,9.71875,0.40514469146728516,1.96875,0.761904776096344,1.59375,jahvin carter
Leif Moeller,PG,EVAN,32.0,32.40625,10.8125,3.75,4.0,0.875,0.3125,1.5,9.03125,0.4048442840576172,2.59375,0.7710843086242676,2.75,leif moeller
Jacen Holloway,SF,ARMY,31.0,28.225807,10.806452,3.6451614,2.096774,0.4516129,0.16129032,0.5483871,7.83871,0.5102880597114563,3.483871,0.6481481194496155,1.5806452,jacen holloway
Aiden Argabright,PG,RICH,31.0,23.32258,10.806452,1.967742,2.032258,1.1612903,0.0,0.9032258,6.354839,0.42131978273391724,5.483871,0.8294117450714111,0.7741935,aiden argabright
Connor Hickman,PG,COFC,25.0,30.92,10.8,3.32,1.48,1.04,0.04,1.56,9.8,0.38367345929145813,2.2,0.7818182110786438,1.4,connor hickman
Cam Gillus,PG,HOW,35.0,32.8,10.8,4.285714,4.6857142,1.7142857,0.028571429,1.4,7.428571,0.4423076808452606,3.7428572,0.7557252049446106,2.3428571,cam gillus
Parker Friedrichsen,PG,DAV,34.0,25.264706,10.794118,2.4705882,1.4411764,1.1470588,0.029411765,2.0,8.264706,0.41992881894111633,2.4705882,0.75,1.1764706,parker friedrichsen
KyeRon Lindsay-Martin,SF,UAB,28.0,22.607143,10.785714,6.357143,0.5714286,0.5,0.89285713,0.035714287,7.928571,0.5360360145568848,2.9642856,0.759036123752594,0.96428573,kyeron lindsay martin
Deng Garang,PG,LEM,32.0,30.09375,10.78125,5.1875,1.0,1.09375,0.5625,1.34375,8.65625,0.454873651266098,2.1875,0.7142857313156128,1.53125,deng garang
Vyctorius Miller,PG,OKST,32.0,25.5,10.78125,2.71875,1.75,1.09375,0.21875,1.40625,7.84375,0.4183267056941986,3.28125,0.8571428656578064,1.5625,vyctorius miller
Shaquil Bender,PG,LBSU,31.0,21.935484,10.774194,1.8064516,1.3870968,0.58064514,0.2580645,1.5806452,9.806452,0.41447368264198303,1.4193548,0.75,2.0,shaquil bender
Dylan Ducommun,PG,NIU,26.0,30.615385,10.769231,2.8846154,3.4230769,0.8076923,0.23076923,2.1153846,11.038462,0.33101046085357666,1.9230769,0.699999988079071,2.8846154,dylan ducommun
JJ Harper,PG,LIB,34.0,26.882353,10.764706,2.7058823,1.5294118,1.3529412,1.0294118,0.85294116,6.5588236,0.591928243637085,2.8235295,0.7604166865348816,0.5,jj harper
Darius Adams,PG,MD,33.0,25.636364,10.757576,3.4242425,1.6363636,0.5151515,0.15151516,1.0,9.515152,0.35350319743156433,4.242424,0.7142857313156128,1.969697,darius adams
Rob Brown III,PG,STBK,32.0,31.09375,10.75,3.125,1.3125,0.46875,0.21875,2.15625,9.28125,0.37710437178611755,1.84375,0.8644067645072937,1.03125,rob brown iii
Okechukwu Okeke,SF,UALB,32.0,29.71875,10.75,7.34375,0.90625,0.96875,2.0625,0.03125,6.96875,0.6905829310417175,1.9375,0.5645161271095276,2.15625,okechukwu okeke
Zion Obanla,PG,UMES,32.0,22.0,10.75,5.875,0.9375,0.65625,0.375,0.03125,6.78125,0.6036866307258606,3.59375,0.7043478488922119,1.59375,zion obanla
Parker Watts,PG,KCU,4.0,21.0,10.75,3.25,1.0,1.0,0.25,1.0,11.25,0.3333333432674408,3.25,0.692307710647583,2.25,parker watts
Trey Green,PG,SLU,34.0,23.617647,10.735294,2.8529413,1.7352941,0.9117647,0.0,2.7058823,7.6764708,0.4636015295982361,1.0588236,0.8611111044883728,0.6764706,trey green
Bol Dengdit,SF,UCSD,34.0,23.411764,10.735294,5.2352943,1.7058823,0.5,0.5294118,0.7352941,8.176471,0.48201438784599304,3.2941177,0.6428571343421936,1.8235294,bol dengdit
Drew Scharnowski,SF,BEL,30.0,21.766666,10.733334,6.0333333,2.6,0.76666665,1.3,0.033333335,6.366667,0.6806282997131348,4.6666665,0.4357142746448517,1.7666667,drew scharnowski
KiJan Robinson,PG,UNH,26.0,25.461538,10.730769,1.6153846,2.2692308,0.5,0.0,1.1538461,8.615385,0.40625,3.1153846,0.8271604776382446,1.5769231,kijan robinson
Jacob Hogarth,SF,GWEB,33.0,25.0,10.727273,7.060606,1.3030303,0.6969697,0.6969697,0.18181819,7.6060605,0.525896430015564,3.6060605,0.7058823704719543,2.3636363,jacob hogarth
Derrius Ward,PG,GRAM,32.0,30.65625,10.71875,3.15625,2.4375,0.96875,0.28125,1.5625,8.875,0.38732394576072693,2.90625,0.7849462628364563,2.21875,derrius ward
Kalen Garry,PG,SDST,32.0,29.0,10.71875,5.15625,3.1875,0.625,0.125,1.8125,9.21875,0.4203389883041382,1.78125,0.6491228342056274,1.5,kalen garry
Mark Butler,PG,LAF,32.0,33.9375,10.71875,2.1875,4.21875,0.9375,0.09375,0.15625,8.96875,0.4285714328289032,3.78125,0.7603305578231812,1.125,mark butler
Kilian Brockhoff,SF,W&M,32.0,21.75,10.71875,3.5625,2.09375,0.875,0.75,1.28125,8.0,0.4609375,2.75,0.75,2.1875,kilian brockhoff
Wes Peterson Jr.,PG,BING,28.0,35.67857,10.714286,4.428571,1.4285715,0.78571427,0.35714287,1.1785715,9.25,0.4092664122581482,2.5357144,0.7746478915214539,1.8214285,wes peterson jr
Ose Okojie,PG,HOW,35.0,25.914286,10.714286,3.8,1.6857142,1.4571428,0.4,0.42857143,7.0,0.5551020503044128,4.0571427,0.6197183132171631,1.2,ose okojie
Renars Sondors,SF,ULM,28.0,28.5,10.714286,4.178571,0.96428573,0.32142857,0.39285713,1.5714285,8.107142,0.44052863121032715,2.9285715,0.6829268336296082,1.3571428,renars sondors
Harry Rouhliadeff,SF,HAW,31.0,25.548388,10.709678,5.032258,1.3870968,0.48387095,0.48387095,1.1290323,7.16129,0.5270270109176636,2.516129,0.807692289352417,1.516129,harry rouhliadeff
Austin Parks,C,TOL,34.0,25.17647,10.705882,5.5882354,1.8529412,0.61764705,1.2941177,0.0882353,6.529412,0.6171171069145203,3.5882354,0.7131147384643555,1.7941177,austin parks
Obi Agbim,PG,BAY,33.0,33.333332,10.69697,2.6969697,3.090909,0.8484849,0.09090909,2.3636363,9.69697,0.375,1.2424242,0.8536585569381714,1.0909091,obi agbim
Jacob Hudson,PG,GWEB,29.0,27.034483,10.689655,3.9655173,1.6896552,1.4137931,0.37931034,0.44827586,8.5172415,0.4615384638309479,3.6551723,0.650943398475647,1.5862069,jacob hudson
Jack Doumbia Jr.,SF,TOW,32.0,23.875,10.6875,5.5625,1.78125,1.09375,0.46875,0.15625,8.90625,0.4385964870452881,4.15625,0.6541353464126587,2.0,jack doumbia jr
Stefanos Spartalis,SF,MONM,32.0,23.53125,10.6875,5.0625,0.9375,0.59375,0.4375,0.125,8.59375,0.45818182826042175,3.15625,0.8514851331710815,1.53125,stefanos spartalis
KeShawn Murphy,SF,AUB,31.0,23.870968,10.67742,6.774194,1.2903225,0.9677419,0.9677419,0.41935483,7.2580647,0.5600000023841858,2.903226,0.7333333492279053,0.9354839,keshawn murphy
Andre Pasha,SF,NHVN,31.0,31.741936,10.67742,5.225806,1.8387097,0.8064516,0.7096774,1.2903225,9.451612,0.447098970413208,1.1290323,0.8285714387893677,1.548387,andre pasha
Carey Booth,SF,CSU,34.0,24.588236,10.676471,5.617647,0.6764706,0.44117647,1.0,1.0294118,6.5,0.5248869061470032,3.4117646,0.8275862336158752,1.0294118,carey booth
Samet Yigitoglu,C,SMU,34.0,28.852942,10.676471,7.852941,1.5588236,0.5,1.2647059,0.0,7.2647057,0.6275303363800049,3.1470587,0.4953271150588989,1.7352941,samet yigitoglu
K'Jei Parker,PG,MASS,33.0,20.69697,10.666667,1.9090909,2.0,0.6666667,0.0,1.939394,7.969697,0.44486692547798157,1.8181819,0.8999999761581421,1.3636364,k jei parker
Christian Henry,PG,FOR,30.0,28.333334,10.666667,3.3666666,5.133333,1.2666667,0.06666667,1.0,9.9,0.3670033812522888,4.266667,0.5625,2.6,christian henry
Cam Parker,PG,CHCC,6.0,26.0,10.666667,3.8333333,1.8333334,0.8333333,0.33333334,2.5,9.833333,0.38983049988746643,0.5,1.0,2.6666667,cam parker
Rikus Schulte,SF,FOR,32.0,30.03125,10.65625,9.09375,1.4375,1.5,0.5625,0.1875,7.9375,0.5629921555519104,2.46875,0.6202531456947327,1.875,rikus schulte
Eric Parnell,PG,FDU,32.0,25.65625,10.65625,2.21875,0.71875,0.4375,0.09375,2.5,9.84375,0.37142857909202576,1.03125,0.8181818127632141,0.5,eric parnell
Luke Wilson,C,APP,32.0,28.125,10.65625,8.28125,0.59375,0.375,1.84375,0.0,5.40625,0.6416184902191162,6.5625,0.5666666626930237,1.125,luke wilson
Andrej Shoshkikj,PG,STBK,32.0,25.90625,10.65625,2.625,2.40625,1.46875,0.21875,1.4375,7.59375,0.49794238805770874,1.71875,0.9636363387107849,1.8125,andrej shoshkikj
Jakai Sanders,PG,LEM,29.0,29.965517,10.655172,3.4482758,4.3103447,0.8965517,0.0,0.9310345,7.7586207,0.4000000059604645,4.724138,0.7445255517959595,2.4482758,jakai sanders
Kanye Clary,PG,OKST,34.0,28.17647,10.6470585,2.8529413,4.617647,1.1764706,0.029411765,1.2941177,8.470589,0.3854166567325592,3.5,0.8067227005958557,2.0,kanye clary
Boden Kapke,SF,BC,31.0,26.806452,10.645162,5.7419353,0.7419355,0.3548387,0.3548387,0.9354839,8.354838,0.47876447439193726,2.419355,0.7066666483879089,1.2903225,boden kapke
Isaiah Griffin,SF,WIU,31.0,28.419355,10.645162,3.419355,1.0967742,0.61290324,0.06451613,0.9354839,9.032258,0.3678571283817291,4.2580647,0.7196969985961914,1.5806452,isaiah griffin
Cameron Williams,SF,PORT,31.0,23.903225,10.645162,4.645161,0.9677419,0.41935483,0.22580644,0.3548387,7.935484,0.5040650367736816,2.8709676,0.7977527976036072,1.1290323,cameron williams
Malek Abdelgowad,SF,SOU,28.0,17.142857,10.642858,6.178571,0.53571427,0.60714287,0.39285713,0.17857143,6.392857,0.6089385747909546,3.6785715,0.7281553149223328,1.5357143,malek abdelgowad
Sam Lewis,PG,UVA,36.0,25.416666,10.638889,3.6111112,1.4166666,0.8055556,0.25,1.7222222,8.25,0.4545454680919647,1.8888888,0.75,1.3055556,sam lewis
Christian May,PG,UNCW,33.0,29.727272,10.636364,5.5151515,1.4848485,0.6969697,0.3939394,1.939394,9.393939,0.4096774160861969,1.5454545,0.6470588445663452,1.5757576,christian may
Chandler Jackson,PG,ARST,32.0,26.90625,10.625,3.40625,4.5625,1.125,0.0625,0.4375,7.3125,0.4871794879436493,4.34375,0.7050359845161438,2.09375,chandler jackson
Johan Nziemi,SF,LONG,29.0,25.965517,10.620689,6.034483,1.7931035,1.1034483,0.41379312,0.27586207,6.448276,0.49732619524002075,5.37931,0.7307692170143127,2.0344827,johan nziemi
Oscar Cluff,C,PUR,39.0,24.74359,10.615385,7.4871793,1.7692307,0.4871795,0.9230769,0.0,6.1538463,0.6833333373069763,3.1538463,0.6991869807243347,0.7948718,oscar cluff
Isaiah Gaines,SF,SELA,31.0,28.225807,10.612904,6.225806,1.6129032,0.8064516,1.0645162,0.032258064,6.967742,0.5462962985038757,4.677419,0.634482741355896,1.9354838,isaiah gaines
Julius Mims,SF,NMSU,31.0,27.451612,10.612904,8.387096,0.6451613,0.48387095,0.6451613,0.32258064,7.451613,0.5757575631141663,2.6451614,0.6463414430618286,1.032258,julius mims
Uriah Tenette,PG,UNM,36.0,27.527779,10.611111,2.7777777,2.8888888,1.4444444,0.055555556,1.2222222,8.361111,0.4053156077861786,3.1388888,0.8318583965301514,0.9444444,uriah tenette
Kris Barnett,SF,CHCC,5.0,25.4,10.6,4.8,0.8,1.0,1.2,1.2,10.0,0.41999998688697815,1.4,0.7142857313156128,2.0,kris barnett
Caleb Blackwell,PG,UTEP,28.0,30.357143,10.571428,2.642857,2.892857,1.2857143,0.071428575,1.7142857,9.428572,0.40909090638160706,1.6428572,0.695652186870575,1.6785715,caleb blackwell
Tom Beattie,PG,UCSD,34.0,31.235294,10.558824,5.2941175,3.4117646,1.2941177,0.23529412,1.2647059,8.588235,0.4623287618160248,2.3529413,0.574999988079071,1.4705882,tom beattie
Anton Bonke,C,CLT,34.0,25.617647,10.558824,8.264706,1.0294118,0.23529412,1.5,0.38235295,7.2058825,0.5755102038383484,2.8823528,0.6530612111091614,1.5588236,anton bonke
Chance Moore,PG,WVU,29.0,22.310345,10.551724,5.827586,0.7586207,0.7241379,0.6551724,0.31034482,7.3448277,0.5305164456367493,4.3448277,0.5634920597076416,1.2758621,chance moore
Dani Pounds,SF,TNTC,29.0,17.586206,10.551724,4.8965516,0.6896552,0.6551724,0.7241379,0.20689656,6.4827585,0.521276593208313,4.551724,0.7878788113594055,1.862069,dani pounds
Casey Simmons,PG,YALE,31.0,26.548388,10.548388,3.935484,1.0967742,0.6451613,0.58064514,0.58064514,7.2580647,0.5600000023841858,2.8064516,0.6551724076271057,0.6451613,casey simmons
Isaiah Johnson-Arigu,SF,STMN,33.0,21.363636,10.545455,3.969697,1.1212121,0.6363636,0.57575756,0.7878788,6.969697,0.54347825050354,3.2727273,0.6666666865348816,1.2727273,isaiah johnson arigu
Kayde Dotson,PG,LUC,28.0,26.678572,10.535714,2.7857144,1.9642857,0.53571427,0.035714287,2.2142856,8.357142,0.39743590354919434,2.1785715,0.7704917788505554,1.5714285,kayde dotson
Milhan Charles,PG,UAPB,30.0,30.2,10.533334,4.0,1.4,0.8,0.5,0.2,6.7,0.5422885417938232,4.233333,0.7244094610214233,1.7666667,milhan charles
Izzy Miles,PG,NWST,32.0,24.34375,10.53125,2.53125,1.25,0.75,0.1875,0.90625,7.34375,0.4340425431728363,4.46875,0.7272727489471436,1.625,izzy miles
Cash Chavis,PG,UTA,32.0,27.0625,10.53125,2.59375,3.46875,1.15625,0.375,0.4375,9.09375,0.3848797380924225,3.9375,0.7857142686843872,2.34375,cash chavis
Damian Garcia,PG,ETAM,32.0,26.09375,10.53125,3.3125,2.1875,1.03125,0.46875,1.65625,9.1875,0.40816327929496765,2.40625,0.5714285969734192,1.5625,damian garcia
Amari McCottry,PG,SLU,34.0,22.794117,10.529411,5.2941175,2.8529413,1.1470588,0.5588235,0.5294118,7.852941,0.516853928565979,3.235294,0.581818163394928,2.4117646,amari mccottry
Isaiah Malone,SF,FGCU,34.0,22.441177,10.529411,5.8235292,0.5294118,0.64705884,1.882353,0.32352942,6.2058825,0.5924170613288879,3.6470587,0.7822580933570862,1.4117647,isaiah malone
Brandon Maclin,PG,DEP,29.0,27.51724,10.5172415,4.5172415,2.7931035,1.2758621,0.27586207,0.7586207,8.24138,0.4393305480480194,3.6206896,0.6952381134033203,1.8275862,brandon maclin
Cian Medley,PG,KENT,33.0,33.363636,10.515152,2.3333333,6.4242425,1.3333334,0.060606062,1.6363636,8.757576,0.34602075815200806,3.7878788,0.7440000176429749,3.090909,cian medley
Elliot Cadeau,PG,MICH,40.0,27.3,10.5,2.725,5.85,0.85,0.2,1.625,8.275,0.4108761250972748,2.925,0.7094017267227173,2.4,elliot cadeau
Juanse Gorosito,PG,USD,32.0,24.3125,10.5,2.71875,2.15625,1.0625,0.09375,2.125,8.90625,0.4000000059604645,1.5,0.8333333134651184,1.3125,juanse gorosito
Ayme Daguilh,PG,WORC,2.0,27.5,10.5,3.5,0.5,1.5,0.0,1.0,11.0,0.40909090638160706,1.5,0.3333333432674408,0.5,ayme daguilh
Nick Medeiros,PG,DMCA,2.0,29.0,10.5,3.5,7.0,1.5,0.0,2.0,11.0,0.3636363744735718,0.5,1.0,2.5,nick medeiros
Clayton Robinson,PG,PFEI,2.0,23.5,10.5,1.5,2.0,1.0,0.0,2.5,10.0,0.4000000059604645,0.5,0.0,1.5,clayton robinson
Peyton Frey,SG,OWU,2.0,20.5,10.5,4.0,1.5,0.0,0.5,0.0,6.0,0.5833333134651184,4.5,0.7777777910232544,1.5,peyton frey
Johnny Annan,SF,WORC,2.0,24.5,10.5,5.0,0.5,2.0,0.5,0.0,7.5,0.46666666865348816,5.0,0.699999988079071,1.0,johnny annan
Anthony Seoage,PG,WCMD,2.0,12.5,10.5,1.0,1.0,0.5,0.0,3.0,6.5,0.4615384638309479,2.0,0.75,2.0,anthony seoage
Fed Pernell,PG,SFST,2.0,23.5,10.5,4.5,2.0,0.5,0.0,1.5,9.5,0.3684210479259491,3.0,0.6666666865348816,2.0,fed pernell
Preston Olney,PG,HSKL,2.0,24.5,10.5,2.0,3.0,1.0,0.0,1.5,8.5,0.4117647111415863,2.0,1.0,3.5,preston olney
Darius Best,PG,DMCA,2.0,27.5,10.5,4.5,4.5,0.0,0.0,0.0,7.5,0.3333333432674408,6.0,0.9166666865348816,2.0,darius best
Ali Sakho,C,UNKY,2.0,22.5,10.5,7.5,0.0,0.5,0.5,0.0,7.5,0.6000000238418579,4.0,0.375,1.5,ali sakho
Alonzo Rhodes Jr.,PG,BTTN,2.0,13.5,10.5,3.0,0.0,0.0,0.5,0.0,3.5,0.8571428656578064,5.0,0.8999999761581421,1.0,alonzo rhodes jr
Mark Wise,PG,JVCU,2.0,33.5,10.5,6.0,1.5,3.0,0.0,1.0,12.5,0.2800000011920929,4.5,0.5555555820465088,4.5,mark wise
Jasen Green,SF,CREI,33.0,28.39394,10.484848,6.3333335,2.4242425,0.75757575,0.90909094,0.6060606,7.5151515,0.5443548560142517,2.5454545,0.6666666865348816,1.3939394,jasen green
Ethan Duncan,PG,LIP,31.0,21.161291,10.4838705,1.967742,1.032258,0.7419355,0.06451613,2.096774,8.709678,0.43703705072402954,0.83870965,0.9230769276618958,0.6451613,ethan duncan
Stevie Elam,PG,MILW,25.0,26.16,10.48,4.68,0.8,0.96,0.32,2.04,8.72,0.38532111048698425,2.12,0.8113207817077637,0.48,stevie elam
Mayar Wol,SF,BGSU,32.0,19.9375,10.46875,2.71875,0.71875,0.96875,0.4375,1.5625,7.71875,0.4858299493789673,1.96875,0.7142857313156128,1.03125,mayar wol
Julen Iturbe,SF,AMER,32.0,25.8125,10.46875,4.9375,2.28125,0.78125,0.25,1.375,8.1875,0.48091602325439453,1.8125,0.6724137663841248,1.75,julen iturbe
Ryan Abelman,PG,NAU,30.0,32.266666,10.466666,5.133333,1.9333333,1.3,0.13333334,1.7333333,9.166667,0.4000000059604645,1.5666667,0.8936170339584351,1.0666667,ryan abelman
Logan McIntire,PG,CMU,30.0,24.566668,10.466666,2.3,1.3666667,1.0,0.16666667,2.6666667,8.266666,0.4193548262119293,1.1,0.7878788113594055,1.3666667,logan mcintire
Daylen Berry,PG,WIN,28.0,24.464285,10.464286,3.5,1.9285715,0.85714287,0.10714286,1.5,8.357142,0.4017094075679779,3.1785715,0.7078651785850525,1.3214285,daylen berry
Joshua Ingram,PG,LEH,35.0,34.857143,10.457143,5.2,3.2857144,1.4,0.6857143,1.3714286,7.7714286,0.49264705181121826,1.9714285,0.7246376872062683,1.9428571,joshua ingram
Meechie White,PG,EIU,33.0,30.39394,10.454545,3.6969697,3.090909,2.030303,0.09090909,1.060606,8.121212,0.43283581733703613,2.7575758,0.8571428656578064,1.7575758,meechie white
Isaac Williams IV,PG,BAY,34.0,25.0,10.441176,2.235294,3.2941177,0.7352941,0.5,0.7058824,6.882353,0.5641025900840759,2.8823528,0.6836734414100647,1.617647,isaac williams iv
Cayden Vasko,PG,WOF,32.0,31.875,10.4375,4.5,4.09375,1.09375,0.28125,1.6875,8.9375,0.3986014127731323,2.03125,0.800000011920929,1.0625,cayden vasko
Motiejus Krivas,C,ARIZ,39.0,25.333334,10.435898,8.153846,1.1025641,0.71794873,1.8717948,0.102564104,6.1282053,0.569037675857544,4.3076925,0.7797619104385376,1.3589743,motiejus krivas
Sami Pissis,PG,AAMU,30.0,29.8,10.433333,3.2333333,4.0,1.2,0.1,1.2,9.033334,0.3985239863395691,2.8,0.726190447807312,1.8,sami pissis
Treyson Anderson,SF,NDSU,35.0,18.2,10.428572,5.257143,0.8,0.4,0.94285715,1.0857143,7.257143,0.5,3.1714287,0.6576576828956604,1.4,treyson anderson
Miles Byrd,PG,SDSU,33.0,28.060606,10.424242,4.6969695,2.6060605,1.9090909,1.2424242,1.3333334,8.606061,0.40492957830429077,2.6666667,0.7954545617103577,1.939394,miles byrd
Caleb Walker,SF,AF,24.0,21.625,10.416667,5.0,0.7916667,0.45833334,0.45833334,0.0,6.1666665,0.6689189076423645,4.6666665,0.4642857015132904,1.9583334,caleb walker
Tomislav Ivisic,C,ILL,34.0,25.382353,10.411765,5.647059,1.5588236,0.29411766,0.5882353,1.4705882,7.970588,0.4833948314189911,1.5882353,0.7777777910232544,1.3529412,tomislav ivisic
Ivan Kharchenkov,SF,ARIZ,39.0,28.358974,10.410256,4.3076925,2.2820513,1.3589743,0.2820513,0.84615386,7.820513,0.49180328845977783,2.5897436,0.7227723002433777,1.4615384,ivan kharchenkov
Frankquon Sherman,SF,KENN,35.0,25.22857,10.4,8.485714,0.9714286,0.9142857,0.71428573,0.71428573,7.0857143,0.4677419364452362,4.1714287,0.732876718044281,1.2571429,frankquon sherman
Kyle Pulliam,PG,W&M,30.0,24.4,10.4,3.4333334,1.8666667,1.1666666,0.43333334,0.93333334,6.8333335,0.44878047704696655,4.0666666,0.8196721076965332,1.0333333,kyle pulliam
Jaeden Mustaf,PG,GT,29.0,27.758621,10.379311,4.3103447,2.4482758,0.55172414,0.1724138,0.7241379,7.965517,0.43290042877197266,3.7931035,0.7272727489471436,1.5172414,jaeden mustaf
Noah Pagotto,SF,ETAM,32.0,26.0625,10.375,5.65625,1.0,0.875,0.5625,0.59375,7.09375,0.5506607890129089,2.5625,0.7682926654815674,1.0,noah pagotto
Akai Fleming,PG,GT,30.0,25.533333,10.366667,3.2,1.3333334,0.53333336,0.3,0.93333334,8.5,0.37254902720451355,3.8,0.8157894611358643,1.7,akai fleming
Redd Thompson Jr.,PG,LONG,32.0,22.0625,10.34375,1.59375,1.96875,0.59375,0.0,1.5,8.1875,0.4007633626461029,2.59375,0.8795180916786194,1.6875,redd thompson jr
Nigel Burris,SF,WEB,32.0,23.1875,10.34375,4.90625,0.625,0.5625,0.21875,0.65625,6.59375,0.5260663628578186,3.25,0.8461538553237915,1.1875,nigel burris
Quentin Heady,SF,BCU,32.0,25.71875,10.34375,3.71875,1.1875,1.03125,0.46875,0.3125,7.375,0.48728814721107483,3.875,0.7338709831237793,1.34375,quentin heady
Dalton Gayman,SF,UNF,32.0,23.5625,10.34375,5.5625,1.46875,0.625,0.15625,0.71875,7.3125,0.4743589758872986,3.53125,0.76106196641922,1.5,dalton gayman
Rakim Chaney,PG,VAL,33.0,28.121212,10.333333,3.4242425,2.7878788,1.3939394,0.27272728,1.8181819,8.909091,0.39115646481513977,2.090909,0.739130437374115,1.5757576,rakim chaney
Roland Banks II,PG,CHAM,3.0,25.333334,10.333333,1.6666666,3.3333333,1.6666666,0.0,0.33333334,7.0,0.523809552192688,3.6666667,0.7272727489471436,2.3333333,roland banks ii
Owen Bronston Jr.,PG,SCST,27.0,21.074074,10.333333,2.5555556,0.6296296,0.6666667,0.037037037,2.1851852,9.407408,0.374015748500824,1.4444444,0.7692307829856873,0.6296296,owen bronston jr
Oziyah Sellers,PG,SJU,37.0,28.594595,10.324325,2.7297297,1.6216216,0.5405405,0.27027026,1.4324324,8.621622,0.4294670820236206,1.7297298,0.859375,0.6756757,oziyah sellers
Kylin Green,PG,HCU,32.0,31.1875,10.3125,3.84375,4.53125,0.90625,0.03125,0.71875,8.84375,0.36395758390426636,4.28125,0.7372262477874756,2.5,kylin green
Garrett Anderson,PG,UND,32.0,29.1875,10.3125,4.28125,1.3125,1.375,0.34375,1.65625,9.875,0.3734177350997925,1.71875,0.7454545497894287,1.28125,garrett anderson
Darrel Yepdo,PG,UML,33.0,31.484848,10.30303,3.121212,3.2424242,0.75757575,0.09090909,1.6060606,9.121212,0.3920265734195709,2.060606,0.75,2.3030303,darrel yepdo
Christian Coleman,PG,OKST,34.0,25.264706,10.294118,5.5882354,1.0,0.7647059,0.88235295,0.47058824,8.0,0.5073529481887817,2.5588236,0.6666666865348816,1.2058823,christian coleman
Marcus Hill,PG,TA&M,34.0,22.764706,10.294118,3.1470587,1.5882353,0.9705882,0.11764706,0.44117647,7.6764708,0.48275861144065857,3.4117646,0.7155172228813171,1.117647,marcus hill
Jahari Williamson,PG,KENT,34.0,25.117647,10.294118,1.9411764,0.8235294,0.85294116,0.029411765,2.3823528,6.970588,0.4472573697566986,2.0294118,0.8260869383811951,0.38235295,jahari williamson
Tanner Hayhurst,PG,SUU,31.0,29.258064,10.290322,3.387097,1.516129,0.67741936,0.032258064,1.7096775,7.129032,0.48868778347969055,1.8387097,0.8771929740905762,0.9354839,tanner hayhurst
Tyler Byrd,PG,ALST,31.0,24.129032,10.290322,3.3225806,1.1612903,1.7096775,0.516129,0.7741935,7.967742,0.4655870497226715,2.7096775,0.773809552192688,1.4193548,tyler byrd
David Castillo,PG,KSU,32.0,28.125,10.28125,1.9375,1.78125,0.40625,0.03125,1.75,9.0625,0.4000000059604645,1.5625,0.8199999928474426,1.34375,david castillo
Luke Skaljac,PG,M-OH,32.0,27.96875,10.28125,2.96875,4.65625,1.4375,0.21875,1.28125,7.96875,0.47058823704719543,1.90625,0.7868852615356445,1.8125,luke skaljac
Taeshaud Jackson,SF,FDU,32.0,29.53125,10.28125,8.375,1.59375,0.96875,0.4375,0.34375,8.0,0.46484375,3.28125,0.761904776096344,1.78125,taeshaud jackson
Jae Slack,SF,NCCU,26.0,23.846153,10.269231,3.2692308,0.84615386,0.6923077,0.07692308,0.96153843,7.1923075,0.4224599003791809,4.3076925,0.75,1.1923077,jae slack
Madison Durr,PG,UNCW,34.0,21.647058,10.264706,2.7941177,2.1764705,0.5588235,0.05882353,0.64705884,6.970588,0.37974682450294495,5.7352943,0.7538461685180664,1.1764706,madison durr
James Graham III,PG,AAMU,27.0,25.11111,10.259259,4.037037,0.8148148,0.33333334,0.4814815,0.9259259,7.740741,0.4880382716655731,2.3333333,0.761904776096344,1.4074074,james graham iii
Braxton Bayless,PG,LR,32.0,32.96875,10.25,3.9375,3.3125,1.4375,0.125,1.0625,9.34375,0.4080267548561096,2.21875,0.7042253613471985,2.40625,braxton bayless
Khaden Bennett,PG,WYO,33.0,28.242424,10.242424,4.878788,2.7575758,1.4545455,0.09090909,1.3636364,7.6666665,0.4110671877861023,3.2121212,0.801886796951294,1.3030303,khaden bennett
Osiris Grady,SF,UCR,32.0,31.0,10.21875,5.6875,1.6875,0.34375,0.6875,0.28125,8.78125,0.4519572854042053,3.09375,0.6464646458625793,1.8125,osiris grady
Carter Welling,SF,CLEM,32.0,20.84375,10.21875,5.4375,1.09375,0.84375,0.75,0.53125,6.78125,0.4930875599384308,4.28125,0.7007299065589905,1.25,carter welling
Tavion Banks,PG,IOWA,37.0,23.35135,10.216216,4.6216216,1.1351352,0.972973,0.21621622,0.5135135,6.6486487,0.5203251838684082,3.5135136,0.7923076748847961,1.4054054,tavion banks
Bobby Durkin,SF,MINN,33.0,32.81818,10.212121,3.1818182,1.8484849,0.8181818,0.15151516,2.4242425,7.787879,0.4319066107273102,1.2121212,0.875,0.7878788,bobby durkin
Arrinten Page,SF,NU,29.0,22.827587,10.206897,4.4827585,1.8275862,0.86206895,1.1724138,0.37931034,7.137931,0.5458937287330627,3.1034484,0.6555555462837219,1.2413793,arrinten page
Nathan Chatelain,PG,LNCA,5.0,26.8,10.2,4.4,0.8,0.8,1.2,1.2,8.0,0.4749999940395355,2.2,0.6363636255264282,0.8,nathan chatelain
Mike Loughnane,PG,NE,31.0,30.967741,10.193548,2.935484,3.7741935,0.87096775,0.41935483,1.2580645,8.419354,0.4521072804927826,1.6774193,0.7884615659713745,1.5806452,mike loughnane
Tan Yildizoglu,PG,VMI,31.0,31.096775,10.193548,3.580645,4.709677,1.451613,0.032258064,1.032258,9.451612,0.3993174135684967,2.548387,0.6329113841056824,2.3225806,tan yildizoglu
Brennan Watkins,PG,UTC,32.0,25.15625,10.1875,2.8125,1.75,0.5625,0.0,2.125,6.625,0.46226415038108826,2.1875,0.8857142925262451,1.21875,brennan watkins
Josh Pascarelli,PG,CSU,27.0,26.407408,10.185185,2.8148148,1.4074074,0.6296296,0.037037037,2.2592592,7.851852,0.4575471580028534,0.8518519,0.8695651888847351,0.8148148,josh pascarelli
Jaylen Washington,PG,RGV,33.0,26.878788,10.181818,2.2727273,4.151515,1.1212121,0.121212125,0.4848485,7.3030305,0.5269709825515747,2.3636363,0.8461538553237915,1.4545455,jaylen washington
Rubén Dominguez,PG,TA&M,34.0,23.32353,10.176471,2.3235295,1.382353,0.4117647,0.11764706,2.5294118,7.4411764,0.4071146249771118,1.8235294,0.8709677457809448,0.38235295,ruben dominguez
Evan Mahaffey,PG,AKR,35.0,28.571428,10.171429,5.571429,3.4285715,1.6857142,0.7714286,0.4,7.5142856,0.5779467821121216,1.8857143,0.5757575631141663,1.2571429,evan mahaffey
Ivan Juric,SF,PSU,30.0,26.366667,10.166667,5.266667,0.8,0.4,0.23333333,0.5,6.3,0.5767195820808411,3.6333334,0.6605504751205444,1.9333333,ivan juric
Jaden Kempson,PG,UALB,24.0,31.0,10.166667,4.375,2.9583333,1.4583334,0.625,0.9583333,9.333333,0.3794642984867096,3.4166667,0.6219512224197388,2.0416667,jaden kempson
Solomon Callaghan,PG,WRST,33.0,28.121212,10.151515,1.939394,1.060606,0.4848485,0.0,2.121212,7.3333335,0.41735535860061646,2.060606,0.9264705777168274,0.8181818,solomon callaghan
Vaughn Weems,PG,NEV,34.0,24.970589,10.1470585,4.1764708,0.85294116,1.0,0.2647059,0.7647059,6.617647,0.54666668176651,2.7941177,0.7684210538864136,1.1470588,vaughn weems
Jayden Pierre,PG,TCU,35.0,30.428572,10.142858,2.142857,2.8,1.0,0.2857143,1.4857143,8.828571,0.41747573018074036,1.5714285,0.8181818127632141,1.2857143,jayden pierre
Charlie Williams,C,LIP,32.0,21.25,10.125,2.5625,2.28125,0.625,0.6875,1.0625,8.40625,0.4684014916419983,1.5,0.7916666865348816,1.71875,charlie williams
Eemeli Yalaho,SF,WSU,32.0,28.375,10.125,5.6875,1.65625,0.46875,0.28125,1.59375,7.375,0.47033897042274475,2.0,0.796875,1.75,eemeli yalaho
Silas Demary Jr.,PG,CONN,39.0,28.384615,10.102564,4.5128207,5.8717947,1.5897436,0.25641027,0.8974359,7.179487,0.4464285671710968,3.4871795,0.8014705777168274,2.2307692,silas demary jr
Gavin Griffiths,PG,TEM,30.0,29.333334,10.1,4.866667,1.3666667,1.2,1.7666667,2.1,9.366667,0.4056939482688904,0.76666665,0.52173912525177,1.0666667,gavin griffiths
Jackson Benigni,PG,BING,30.0,31.466667,10.1,2.8,0.8333333,1.0666667,0.033333335,2.0333333,6.366667,0.46073299646377563,2.4666667,0.8918918967247009,0.8666667,jackson benigni
Cbo Newton,PG,ACU,30.0,25.7,10.1,2.1666667,1.2,1.1333333,0.2,1.0,8.066667,0.4628099203109741,2.3666666,0.6901408433914185,1.4666667,cbo newton
Patrick Ngongba II,C,DUKE,32.0,21.90625,10.09375,5.8125,2.0,0.59375,1.0625,0.25,5.875,0.6063829660415649,4.09375,0.6641221642494202,1.3125,patrick ngongba ii
Bryce Cofield,PG,CSUF,34.0,21.264706,10.088235,4.7941175,2.3823528,0.6764706,0.47058824,0.1764706,7.8235292,0.4624060094356537,4.5,0.5947712659835815,2.2058823,bryce cofield
Donald Whitehead Jr.,PG,UNCG,34.0,26.17647,10.088235,1.5882353,2.4117646,0.7058824,0.029411765,1.5,8.6470585,0.3707483112812042,3.1470587,0.6915887594223022,1.0588236,donald whitehead jr
Lance Williams,PG,PV,37.0,35.54054,10.081081,3.2162163,3.1891892,1.081081,0.24324325,0.7567568,6.864865,0.4488188922405243,3.945946,0.801369845867157,1.5405406,lance williams
Jaylen Curry,PG,OKST,33.0,23.787878,10.060606,3.1515152,3.5151515,1.2424242,0.060606062,0.75757575,8.272727,0.4175824224948883,2.969697,0.8061224222183228,1.3939394,jaylen curry
Jayden Reid,PG,NU,34.0,25.794117,10.058824,1.4117647,5.029412,1.0,0.14705883,0.9411765,8.588235,0.3904109597206116,2.9411764,0.8199999928474426,1.8529412,jayden reid
Trevor Hennig,PG,WEB,26.0,24.384615,10.038462,2.7692308,1.5769231,0.5769231,0.23076923,0.6923077,7.730769,0.4776119291782379,3.0,0.6538461446762085,1.5384616,trevor hennig
Keaton Norris,PG,SAM,28.0,32.92857,10.035714,4.285714,4.857143,0.60714287,0.0,1.4642857,8.857142,0.3911290466785431,1.9642857,0.8363636136054993,1.4285715,keaton norris
Sola Adebisi,SF,CIT,30.0,32.166668,10.033334,5.766667,1.4666667,1.2,1.2333333,0.53333336,6.5333333,0.5969387888908386,2.5333333,0.6710526347160339,1.4,sola adebisi
Kasheem Grady II,PG,KC,30.0,25.7,10.033334,3.1666667,1.1666666,1.0333333,0.16666667,1.2666667,8.533334,0.3984375,2.4333334,0.8082191944122314,1.5333333,kasheem grady ii
Shareef Jackson,SF,LAF,30.0,22.0,10.033334,4.9666667,1.5666667,0.73333335,0.73333335,0.0,7.5333333,0.5707964897155762,2.7333333,0.5243902206420898,2.1,shareef jackson
Hamed Olayinka,SF,FIU,32.0,23.65625,10.03125,6.6875,0.90625,1.0,1.34375,0.0625,7.5625,0.5454545617103577,3.15625,0.5445544719696045,1.53125,hamed olayinka
Daniel Johnson,PG,HAMP,32.0,25.0625,10.03125,5.03125,0.6875,1.0,0.46875,1.15625,9.40625,0.39534884691238403,1.96875,0.7301587462425232,0.9375,daniel johnson
Jacoby Hill,PG,JXST,32.0,30.53125,10.03125,3.875,1.6875,1.0,0.03125,0.6875,6.875,0.5136363506317139,3.21875,0.708737850189209,1.40625,jacoby hill
Isaiah Sy,SF,ORST,33.0,27.969696,10.030303,4.6060605,1.6666666,0.6060606,0.3939394,1.939394,8.272727,0.34065935015678406,2.8181818,0.8709677457809448,1.3030303,isaiah sy
Christian Jones,PG,GW,34.0,26.441177,10.029411,2.9705882,3.0882354,1.117647,0.14705883,1.2647059,8.3529415,0.4542253613471985,1.7941177,0.6557376980781555,2.1176472,christian jones
James O'Donnell,SF,PORT,34.0,22.441177,10.029411,4.382353,1.0882353,0.44117647,0.5588235,0.0,6.147059,0.6507176756858826,3.3529413,0.6052631735801697,1.8529412,james o donnell
Caleb White,PG,PRCP,1.0,17.0,10.0,2.0,0.0,0.0,0.0,1.0,6.0,0.5,4.0,0.75,2.0,caleb white
Jessiya Villa,PG,HAWH,1.0,21.0,10.0,0.0,2.0,0.0,0.0,0.0,8.0,0.625,0.0,0.0,0.0,jessiya villa
Jordan Simpson,PG,CAT,1.0,25.0,10.0,1.0,1.0,3.0,0.0,2.0,12.0,0.3333333432674408,0.0,0.0,0.0,jordan simpson
Kyle Jones,PG,UVF,1.0,25.0,10.0,5.0,1.0,0.0,0.0,0.0,8.0,0.5,3.0,0.6666666865348816,1.0,kyle jones
Angel Johnson,PG,STTX,1.0,32.0,10.0,6.0,7.0,4.0,0.0,2.0,6.0,0.3333333432674408,4.0,1.0,1.0,angel johnson
Sean Conroy,PG,FDSU,1.0,31.0,10.0,5.0,2.0,2.0,2.0,2.0,18.0,0.2222222238779068,0.0,0.0,2.0,sean conroy
Elijah Bailey,PG,OKCU,1.0,19.0,10.0,1.0,3.0,0.0,0.0,2.0,5.0,0.6000000238418579,2.0,1.0,1.0,elijah bailey
Joshua Okocha,PG,ARCA,1.0,30.0,10.0,5.0,3.0,4.0,1.0,1.0,12.0,0.25,4.0,0.75,0.0,joshua okocha
Jamir Stewart,PG,JJC,1.0,32.0,10.0,3.0,1.0,0.0,0.0,2.0,14.0,0.2857142984867096,0.0,0.0,3.0,jamir stewart
Phil Dotson,PG,RHDS,2.0,14.5,10.0,1.5,2.0,1.5,0.0,2.0,9.5,0.42105263471603394,0.0,0.0,2.0,phil dotson
Ashton Lovette,PG,PSC,1.0,25.0,10.0,2.0,1.0,0.0,0.0,2.0,8.0,0.5,1.0,0.0,3.0,ashton lovette
Stephen Coleman Jr.,PG,LOUR,1.0,32.0,10.0,9.0,2.0,0.0,0.0,0.0,14.0,0.3571428656578064,0.0,0.0,2.0,stephen coleman jr
Sterling Young,PG,INST,30.0,23.4,10.0,1.5333333,1.8333334,0.6666667,0.033333335,1.6,8.966666,0.3977695107460022,1.4666667,0.8636363744735718,1.6,sterling young
Kycen Pruett,PG,COGA,3.0,22.0,10.0,1.3333334,1.3333334,0.33333334,0.0,2.6666667,9.666667,0.37931033968925476,0.0,0.0,1.3333334,kycen pruett
Dominic Commisso,SF,STL,1.0,33.0,10.0,4.0,1.0,0.0,1.0,0.0,10.0,0.5,0.0,0.0,2.0,dominic commisso
Jaylon Hicks,PG,SUNO,1.0,37.0,10.0,8.0,3.0,2.0,0.0,1.0,12.0,0.25,6.0,0.5,1.0,jaylon hicks
Robenson Baguidy,PG,RIVI,1.0,36.0,10.0,0.0,2.0,0.0,0.0,2.0,10.0,0.30000001192092896,2.0,1.0,1.0,robenson baguidy
Damon Werts,SG,KCC,1.0,38.0,10.0,3.0,3.0,3.0,0.0,2.0,15.0,0.2666666805744171,0.0,0.0,5.0,damon werts
Mike Bell Jr.,PG,UTSO,1.0,23.0,10.0,4.0,0.0,1.0,0.0,2.0,9.0,0.4444444477558136,0.0,0.0,1.0,mike bell jr
Shawn Lefresne,PG,NCF,2.0,27.5,10.0,5.0,2.5,0.0,0.0,1.0,9.5,0.42105263471603394,1.5,0.6666666865348816,6.0,shawn lefresne
Jae'dyn Gist,PG,BERE,1.0,24.0,10.0,6.0,2.0,1.0,0.0,0.0,11.0,0.3636363744735718,2.0,1.0,2.0,jae dyn gist
Bryce Riley,PG,BERE,1.0,26.0,10.0,6.0,2.0,0.0,0.0,2.0,11.0,0.27272728085517883,3.0,0.6666666865348816,2.0,bryce riley
Curtis Davenport,SF,OCC,1.0,24.0,10.0,0.0,2.0,0.0,0.0,1.0,7.0,0.4285714328289032,4.0,0.75,3.0,curtis davenport
Jack Olis,SF,SHTU,2.0,26.5,10.0,2.0,1.0,2.0,0.0,0.5,9.0,0.4444444477558136,2.0,0.75,0.5,jack olis
Dejuan Taylor,SF,EU,1.0,25.0,10.0,7.0,2.0,0.0,0.0,0.0,11.0,0.27272728085517883,4.0,1.0,5.0,dejuan taylor
Zephaniah Jones,SF,GRNB,1.0,11.0,10.0,2.0,0.0,0.0,1.0,0.0,9.0,0.5555555820465088,0.0,0.0,0.0,zephaniah jones
Maximo Moratinos,SF,FMU,1.0,24.0,10.0,4.0,0.0,0.0,1.0,1.0,6.0,0.5,4.0,0.75,2.0,maximo moratinos
Tayvion Fisher,PG,PQC,1.0,17.0,10.0,1.0,1.0,2.0,0.0,0.0,7.0,0.2857142984867096,6.0,1.0,1.0,tayvion fisher
Caden Diggs,SF,UMBC,32.0,22.8125,10.0,3.75,0.90625,0.625,0.375,0.8125,7.90625,0.48221343755722046,2.0625,0.7575757503509521,1.28125,caden diggs
Riley Fox,SF,YALE,31.0,17.967741,10.0,2.096774,0.7419355,0.3548387,0.0,1.451613,8.064516,0.4560000002384186,1.483871,0.804347813129425,0.3548387,riley fox
Jamari Williams,SF,RIVI,1.0,23.0,10.0,2.0,1.0,4.0,1.0,0.0,13.0,0.3076923191547394,3.0,0.6666666865348816,3.0,jamari williams
Raul Perez,PG,UMO,1.0,24.0,10.0,3.0,1.0,0.0,0.0,1.0,10.0,0.30000001192092896,4.0,0.75,2.0,raul perez
Tyler Whitehurst,PG,WPEA,1.0,20.0,10.0,2.0,2.0,0.0,0.0,2.0,5.0,0.800000011920929,0.0,0.0,0.0,tyler whitehurst
Chuks Ezeonu,SF,WPEA,1.0,22.0,10.0,3.0,1.0,0.0,0.0,0.0,5.0,1.0,0.0,0.0,0.0,chuks ezeonu
Corwin Holland II,PG,PSBW,2.0,20.0,10.0,4.5,0.0,1.0,0.0,1.5,10.0,0.30000001192092896,4.0,0.625,2.5,corwin holland ii
Justin Skelton,PG,BOBJ,3.0,23.666666,10.0,3.3333333,0.6666667,0.33333334,0.0,0.6666667,8.666667,0.4615384638309479,2.0,0.6666666865348816,3.3333333,justin skelton
Connor Storr,SF,LBC,1.0,23.0,10.0,6.0,4.0,1.0,0.0,2.0,17.0,0.23529411852359772,0.0,0.0,4.0,connor storr
Rony Hogarth,PG,MBAL,2.0,20.0,10.0,2.0,0.0,0.0,0.0,1.0,10.0,0.3499999940395355,3.0,0.6666666865348816,3.0,rony hogarth
Jeremy Arnum,PG,FNU,1.0,25.0,10.0,6.0,1.0,1.0,1.0,1.0,14.0,0.2857142984867096,1.0,1.0,2.0,jeremy arnum
Kieran Farrell,PG,STAM,1.0,30.0,10.0,2.0,1.0,0.0,1.0,1.0,5.0,0.800000011920929,1.0,1.0,0.0,kieran farrell
Isaiah Edden,PG,COGA,3.0,21.666666,10.0,0.33333334,2.3333333,1.0,0.33333334,2.3333333,6.6666665,0.5,1.0,1.0,2.3333333,isaiah edden
Irwayne Connell Jr.,SF,PLAT,1.0,30.0,10.0,0.0,2.0,0.0,0.0,1.0,7.0,0.2857142984867096,6.0,0.8333333134651184,3.0,irwayne connell jr
Tyray Cooper,PG,MANR,2.0,31.5,10.0,5.0,2.5,2.0,0.5,0.0,8.5,0.47058823704719543,2.0,1.0,3.0,tyray cooper
Josiah King,PG,STE,1.0,26.0,10.0,1.0,3.0,0.0,1.0,0.0,7.0,0.5714285969734192,3.0,0.6666666865348816,3.0,josiah king
Zach Smith,SF,CCSC,2.0,27.0,10.0,3.5,0.5,1.0,0.5,1.0,8.0,0.375,3.5,0.8571428656578064,0.0,zach smith
Kenny Burns Iii,PG,NWOK,1.0,25.0,10.0,4.0,0.0,0.0,0.0,1.0,11.0,0.3636363744735718,2.0,0.5,2.0,kenny burns iii
Azariah Harrison,PG,JWU,2.0,30.0,10.0,1.5,1.0,1.5,0.0,2.0,14.0,0.2857142984867096,0.0,0.0,0.5,azariah harrison
Julian King,SF,WAU,2.0,20.0,10.0,4.0,0.0,0.0,0.5,0.5,6.5,0.4615384638309479,4.5,0.7777777910232544,2.0,julian king
Roman Siulepa,SF,PITT,33.0,26.60606,10.0,5.4545455,0.93939394,1.030303,0.6060606,0.8787879,8.151515,0.460966557264328,3.2121212,0.5,0.969697,roman siulepa
MJ Williams,PG,EKU,32.0,23.6875,10.0,3.53125,4.15625,1.5,0.03125,1.75,8.5625,0.38686132431030273,2.15625,0.7536231875419617,1.96875,mj williams
Ty'Reek Coleman,PG,ILST,35.0,22.742857,10.0,2.6571429,1.7714286,0.8857143,0.14285715,1.0571429,6.8,0.5042017102241516,2.9714286,0.7019230723381042,1.6285714,ty reek coleman
Amar Hot,PG,FPU,1.0,18.0,10.0,2.0,0.0,1.0,0.0,2.0,10.0,0.4000000059604645,0.0,0.0,0.0,amar hot
Jaxon Toney,PG,MLSP,1.0,17.0,10.0,5.0,0.0,2.0,1.0,1.0,9.0,0.4444444477558136,2.0,0.5,5.0,jaxon toney
Jonathan Duley,PG,WHTR,2.0,25.5,10.0,2.0,0.5,0.0,0.0,1.5,10.5,0.2857142984867096,3.5,0.7142857313156128,0.0,jonathan duley
Matas Piktuizis,SF,BMTA,1.0,22.0,10.0,0.0,1.0,1.0,0.0,0.0,7.0,0.7142857313156128,0.0,0.0,0.0,matas piktuizis
Harrison Doennig,SF,EVU,1.0,26.0,10.0,7.0,2.0,3.0,0.0,2.0,7.0,0.5714285969734192,2.0,0.0,2.0,harrison doennig
Bernard Dzesi,SF,WHMN,1.0,14.0,10.0,3.0,1.0,2.0,0.0,2.0,10.0,0.4000000059604645,2.0,0.0,1.0,bernard dzesi
James Sitter,SF,ALLG,1.0,29.0,10.0,1.0,1.0,0.0,2.0,2.0,10.0,0.30000001192092896,2.0,1.0,1.0,james sitter
Xavier Bell,PG,LANE,1.0,28.0,10.0,1.0,1.0,1.0,0.0,2.0,8.0,0.5,0.0,0.0,0.0,xavier bell
Carter Carbonell,PG,JBU,1.0,20.0,10.0,2.0,0.0,0.0,0.0,2.0,4.0,0.5,4.0,1.0,6.0,carter carbonell
Jordan Brown,PG,RWC,1.0,33.0,10.0,2.0,3.0,3.0,0.0,1.0,10.0,0.4000000059604645,3.0,0.3333333432674408,1.0,jordan brown
Jaylin Horsey,PG,WUDE,1.0,35.0,10.0,2.0,2.0,2.0,0.0,2.0,17.0,0.23529411852359772,0.0,0.0,1.0,jaylin horsey
Noah Hicks,PG,CALT,1.0,23.0,10.0,5.0,5.0,0.0,0.0,0.0,9.0,0.4444444477558136,2.0,1.0,2.0,noah hicks
De'Marreon Baldwin,PG,UTSO,1.0,21.0,10.0,3.0,3.0,0.0,0.0,0.0,10.0,0.5,0.0,0.0,0.0,de marreon baldwin
Khalil Black,PG,BRE,1.0,16.0,10.0,3.0,0.0,0.0,0.0,1.0,4.0,1.0,3.0,0.3333333432674408,0.0,khalil black
Jared Davis,SF,JCSU,1.0,27.0,10.0,7.0,4.0,0.0,0.0,0.0,6.0,0.6666666865348816,4.0,0.5,4.0,jared davis
DaRon Sherman,PG,EU,1.0,32.0,10.0,3.0,1.0,0.0,0.0,2.0,7.0,0.4285714328289032,3.0,0.6666666865348816,1.0,daron sherman
Connor Fleet,PG,EU,1.0,23.0,10.0,5.0,1.0,0.0,0.0,2.0,10.0,0.4000000059604645,0.0,0.0,1.0,connor fleet
Justin Ezeukwu,PG,EU,1.0,14.0,10.0,1.0,0.0,0.0,0.0,2.0,7.0,0.4285714328289032,2.0,1.0,0.0,justin ezeukwu
Josh Hardeman,PG,LPU,2.0,24.0,10.0,2.0,0.5,0.5,0.0,3.0,6.5,0.4615384638309479,1.5,0.6666666865348816,1.0,josh hardeman
Cam Brown,PG,REDL,1.0,21.0,10.0,2.0,1.0,0.0,0.0,0.0,6.0,0.6666666865348816,4.0,0.5,2.0,cam brown
Sterling McClanahan,PG,UCME,1.0,27.0,10.0,3.0,1.0,2.0,2.0,2.0,11.0,0.1818181872367859,4.0,1.0,1.0,sterling mcclanahan
Pawllos Habtom,PG,UCME,1.0,24.0,10.0,3.0,1.0,1.0,0.0,0.0,10.0,0.4000000059604645,2.0,1.0,2.0,pawllos habtom
Davyon Butler,PG,MWSU,1.0,24.0,10.0,5.0,1.0,1.0,0.0,0.0,8.0,0.5,2.0,1.0,3.0,davyon butler
Hugo Rutherfurd,C,PUG,1.0,23.0,10.0,1.0,2.0,0.0,0.0,1.0,6.0,0.3333333432674408,6.0,0.8333333134651184,2.0,hugo rutherfurd
Daniel Smith,PG,WNWL,1.0,21.0,10.0,1.0,2.0,0.0,0.0,0.0,9.0,0.3333333432674408,4.0,1.0,2.0,daniel smith
Ellis Wright,SF,SHEN,1.0,16.0,10.0,0.0,0.0,0.0,0.0,2.0,8.0,0.5,0.0,0.0,1.0,ellis wright
Kelton Brown,PG,ELMR,1.0,25.0,10.0,7.0,3.0,0.0,0.0,0.0,13.0,0.3076923191547394,4.0,0.5,2.0,kelton brown
Tyler Cardello,SF,ELMR,1.0,19.0,10.0,3.0,0.0,0.0,0.0,1.0,6.0,0.3333333432674408,6.0,0.8333333134651184,2.0,tyler cardello
Regan Burke,PG,BFC,1.0,30.0,10.0,10.0,3.0,3.0,1.0,0.0,8.0,0.5,2.0,1.0,2.0,regan burke
Elijah Burney,PG,SAOK,1.0,27.0,10.0,2.0,0.0,2.0,0.0,0.0,6.0,0.5,4.0,1.0,3.0,elijah burney
Bryce Cowns,PG,SAOK,1.0,34.0,10.0,6.0,2.0,0.0,0.0,1.0,14.0,0.2142857164144516,4.0,0.75,5.0,bryce cowns
Adolphus Cast,PG,HSSU,1.0,14.0,10.0,3.0,1.0,0.0,0.0,1.0,8.0,0.5,1.0,1.0,4.0,adolphus cast
Kolter Merritt,PG,UMW,1.0,21.0,10.0,7.0,1.0,0.0,0.0,0.0,8.0,0.5,4.0,0.5,0.0,kolter merritt
Micah Young,PG,CONC,1.0,19.0,10.0,5.0,1.0,1.0,0.0,2.0,16.0,0.25,0.0,0.0,4.0,micah young
Eric Jackson,SF,IUC,1.0,12.0,10.0,2.0,1.0,0.0,0.0,0.0,5.0,0.800000011920929,2.0,1.0,1.0,eric jackson
Jordan Carter,PG,MCC,1.0,17.0,10.0,1.0,2.0,0.0,0.0,1.0,9.0,0.3333333432674408,6.0,0.5,2.0,jordan carter
Pat Spenard,SF,SALV,1.0,37.0,10.0,5.0,1.0,0.0,0.0,0.0,7.0,0.5714285969734192,2.0,1.0,4.0,pat spenard
Ronnie McIntyre,SF,JJC,1.0,22.0,10.0,5.0,2.0,0.0,0.0,2.0,7.0,0.5714285969734192,0.0,0.0,0.0,ronnie mcintyre
Dylon Stanley,SF,FDSU,1.0,18.0,10.0,4.0,0.0,0.0,3.0,0.0,9.0,0.5555555820465088,3.0,0.0,0.0,dylon stanley
Akeem Taylor,PG,WUDE,1.0,38.0,10.0,7.0,1.0,1.0,0.0,0.0,9.0,0.4444444477558136,2.0,1.0,1.0,akeem taylor
JaColby Williams,PG,SWCU,3.0,24.0,10.0,1.0,0.6666667,1.0,0.33333334,1.6666666,8.333333,0.4000000059604645,3.0,0.5555555820465088,0.6666667,jacolby williams
Devin Strickland,PG,CTNJ,1.0,15.0,10.0,1.0,0.0,1.0,0.0,0.0,7.0,0.7142857313156128,0.0,0.0,1.0,devin strickland
Easton Neuendorf,PG,DWU,1.0,23.0,10.0,0.0,2.0,0.0,0.0,2.0,8.0,0.5,0.0,0.0,0.0,easton neuendorf
Mekhi Johnson,SF,PQC,1.0,18.0,10.0,7.0,1.0,0.0,0.0,0.0,4.0,0.75,6.0,0.6666666865348816,3.0,mekhi johnson
David Onyeogaziri,SF,PUGB,1.0,14.0,10.0,2.0,0.0,0.0,0.0,0.0,5.0,1.0,0.0,0.0,0.0,david onyeogaziri
Ben Francis,SG,UMA,1.0,14.0,10.0,1.0,3.0,1.0,0.0,1.0,8.0,0.5,1.0,1.0,1.0,ben francis
J.P. Estrella,SF,TENN,33.0,18.333334,9.969697,5.3939395,0.8181818,0.27272728,0.36363637,0.121212125,7.121212,0.5957446694374084,2.1515152,0.6338028311729431,0.90909094,j p estrella
Elijah Strong,SF,SC,32.0,17.09375,9.96875,2.34375,0.9375,0.375,0.1875,0.84375,8.71875,0.4444444477558136,1.8125,0.7586206793785095,0.9375,elijah strong
Trevon Payton,PG,UAPB,32.0,33.84375,9.96875,3.625,2.9375,1.03125,0.21875,2.0625,6.75,0.5185185074806213,1.1875,0.7631579041481018,1.8125,trevon payton
Demarco Bethea,SF,HCU,32.0,25.65625,9.96875,4.90625,1.21875,0.75,0.09375,0.0,7.03125,0.5733333230018616,3.3125,0.5754716992378235,1.65625,demarco bethea
Scooter Williams,PG,LT,28.0,21.071428,9.964286,2.9285715,1.3928572,0.6785714,0.42857143,0.6785714,8.071428,0.43805310130119324,3.3214285,0.6666666865348816,0.89285713,scooter williams
Tyler Doyle,PG,BELL,26.0,27.692308,9.961538,2.8076923,3.8461537,0.5769231,0.115384616,0.53846157,7.6923075,0.5249999761581421,1.7692307,0.760869562625885,1.5769231,tyler doyle
Jacob Cofie,SF,USC,32.0,30.46875,9.9375,6.84375,1.9375,0.9375,1.75,0.65625,7.59375,0.5102880597114563,2.53125,0.604938268661499,1.65625,jacob cofie
Spence Sims,PG,GWEB,32.0,24.5,9.9375,1.9375,0.78125,0.40625,0.03125,2.21875,7.6875,0.45121949911117554,1.03125,0.7575757503509521,1.625,spence sims
Andre Henry,PG,UCI,31.0,22.516129,9.935484,2.483871,1.0645162,0.87096775,0.06451613,1.2580645,7.774194,0.44398340582847595,2.1612904,0.8208954930305481,0.9032258,andre henry
Jahni Summers,PG,SAC,31.0,25.774193,9.935484,2.451613,0.9354839,0.8064516,0.12903225,1.8387097,7.548387,0.45299145579338074,1.6774193,0.75,1.0967742,jahni summers
Mark Lavrenov,SF,SAC,31.0,25.935484,9.935484,7.032258,0.4516129,0.38709676,0.29032257,0.32258064,6.7419353,0.4449760913848877,4.387097,0.8235294222831726,1.0,mark lavrenov
Trey McKenney,PG,MICH,40.0,22.075,9.925,2.75,0.875,0.4,0.05,1.7,6.825,0.4615384638309479,2.15,0.895348846912384,0.9,trey mckenney
Almar Atlason,SF,M-OH,34.0,18.794117,9.911765,2.5,1.0588236,0.20588236,0.2647059,1.7647059,6.970588,0.4514767825603485,2.2941177,0.807692289352417,0.7647059,almar atlason
Sean Blake,PG,UVM,34.0,28.617647,9.911765,4.1764708,3.8823528,0.7352941,0.2647059,0.5588235,7.7941175,0.4679245352745056,2.9705882,0.6930692791938782,2.3823528,sean blake
Ibu Yamazaki,SF,UNCO,32.0,27.15625,9.90625,3.5625,0.8125,0.46875,0.1875,1.96875,7.65625,0.41632652282714844,1.71875,0.9090909361839294,1.03125,ibu yamazaki
Rich Smith,PG,ACU,32.0,29.46875,9.90625,3.90625,4.6875,1.875,0.3125,0.09375,6.875,0.5090909004211426,4.40625,0.6382978558540344,2.5625,rich smith
Victor Panov,SF,DREX,31.0,28.741936,9.903226,4.935484,1.6129032,0.9677419,0.61290324,1.8064516,7.548387,0.4316239356994629,2.2903225,0.6901408433914185,1.3225807,victor panov
Tyler King,PG,SIUE,30.0,21.066668,9.9,2.5333333,1.0,0.76666665,0.1,1.4,8.1,0.4485596716403961,2.0333333,0.6065573692321777,0.73333335,tyler king
Antonio Baker Jr.,PG,FAMU,29.0,26.965517,9.896552,3.5517242,1.9310344,1.2413793,0.3448276,0.3448276,8.0,0.45258620381355286,2.7586207,0.8374999761581421,1.8965517,antonio baker jr
Bryson Wilson,PG,BING,28.0,28.178572,9.892858,4.357143,0.9285714,0.78571427,0.64285713,0.4642857,7.607143,0.4178403615951538,3.9642856,0.7747747898101807,1.9642857,bryson wilson
Ryan Mela,PG,PROV,33.0,25.787878,9.878788,5.3030305,2.0,0.7878788,0.09090909,0.54545456,7.3030305,0.5020747184753418,2.4848485,0.8048780560493469,1.5757576,ryan mela
Jaylen Petty,PG,TTU,33.0,30.484848,9.878788,3.909091,2.2424242,0.57575756,0.030303031,2.090909,8.212121,0.40590405464172363,1.4545455,0.7708333134651184,0.90909094,jaylen petty
De'Vion Lavergne,PG,UL,33.0,30.30303,9.878788,3.3030303,2.8181818,0.93939394,0.36363637,1.2121212,9.969697,0.3677811622619629,1.8787879,0.7096773982048035,1.5454545,de vion lavergne
Drew Steffe,PG,SIU,32.0,30.84375,9.875,3.0625,2.53125,0.875,0.40625,1.53125,8.75,0.4035714268684387,1.90625,0.6721311211585999,1.5625,drew steffe
Mateo Esmeraldo,PG,LIP,32.0,30.09375,9.875,3.78125,6.96875,1.40625,0.0,1.0,7.28125,0.46351930499076843,2.5625,0.8292682766914368,1.59375,mateo esmeraldo
Jordan Stiemke,PG,L-MD,32.0,27.46875,9.875,3.0625,1.375,0.75,0.46875,1.71875,8.78125,0.38790035247802734,1.65625,0.8113207817077637,0.875,jordan stiemke
Tyler Spratt,PG,DETM,32.0,24.6875,9.875,3.625,1.53125,0.6875,0.3125,1.71875,7.75,0.41129031777381897,2.28125,0.7808219194412231,0.9375,tyler spratt
Ziare Wells,PG,OAK,32.0,26.71875,9.875,4.53125,1.78125,1.34375,0.28125,0.71875,8.09375,0.4903475046157837,1.71875,0.7090908885002136,1.1875,ziare wells
Tre-Vaughn Minott,C,PRST,31.0,28.580645,9.870968,8.806452,0.32258064,0.58064514,1.0967742,0.0,6.193548,0.65625,2.8387096,0.6136363744735718,1.0645162,tre vaughn minott
DaMariee Jones,SF,SOU,30.0,25.333334,9.866667,6.5333333,1.3666667,1.0666667,0.8666667,0.0,6.733333,0.5891088843345642,2.9,0.6666666865348816,0.93333334,damariee jones
Tate Darner,PG,UTC,30.0,27.4,9.866667,4.4333334,1.7,0.73333335,0.2,1.7666667,7.5333333,0.45132744312286377,1.7666667,0.7358490824699402,1.0666667,tate darner
Jinwoo Kim,PG,NAVY,34.0,30.441177,9.8529415,3.1176472,1.7647059,0.5882353,0.11764706,1.6470588,8.058824,0.3978102207183838,2.1470587,0.835616409778595,0.9117647,jinwoo kim
Willie Williams,SF,NWST,26.0,29.76923,9.846154,8.5,1.5,0.96153843,0.7307692,0.07692308,7.1923075,0.614973247051239,2.0769231,0.4444444477558136,1.4230769,willie williams
Turner Buttry,PG,EKU,32.0,26.40625,9.84375,1.8125,2.84375,0.46875,0.0625,1.8125,6.9375,0.38288289308547974,3.0,0.90625,1.15625,turner buttry
Tennessee Rainwater,PG,LEM,32.0,24.5,9.84375,4.3125,1.71875,0.75,0.21875,0.65625,5.5,0.5795454382896423,4.1875,0.6716417670249939,1.75,tennessee rainwater
Adrian McIntyre,PG,USD,32.0,24.75,9.84375,3.5625,2.90625,1.21875,0.03125,0.78125,7.25,0.517241358757019,2.125,0.7352941036224365,1.53125,adrian mcintyre
Solomon Washington,SF,MD,25.0,31.92,9.84,9.2,1.0,1.12,0.8,0.36,7.64,0.4397905766963959,4.36,0.6330274939537048,1.84,solomon washington
Malique Ewin,SF,ARK,37.0,21.0,9.837838,5.7027025,1.027027,0.6756757,1.1081082,0.08108108,6.0,0.5900900959968567,3.6216216,0.7388059496879578,1.1891892,malique ewin
Charles Johnston,SF,FUR,35.0,28.257143,9.828571,8.971429,1.7142857,0.7714286,0.74285716,1.1142857,7.5142856,0.48669201135635376,2.1142857,0.662162184715271,1.4571428,charles johnston
Alex Anderson,PG,TXSO,28.0,23.5,9.821428,3.607143,1.9285715,0.85714287,0.14285715,0.10714286,5.964286,0.514970064163208,4.964286,0.7194244861602783,1.5,alex anderson
Devin Askew,PG,VILL,33.0,23.151516,9.818182,2.5757575,2.060606,1.0909091,0.121212125,1.969697,8.242424,0.4007352888584137,1.4242424,0.8723404407501221,1.1515151,devin askew
Antwone Woolfolk,SF,M-OH,33.0,23.363636,9.818182,5.3333335,1.5454545,1.3636364,0.75757575,0.36363637,6.3636365,0.6285714507102966,2.6363637,0.5517241358757019,1.5454545,antwone woolfolk
Pop Isaacs,PG,TA&M,33.0,22.30303,9.818182,2.4848485,2.6060605,0.6666667,0.09090909,1.8484849,7.3939395,0.42213115096092224,2.2727273,0.7599999904632568,1.6060606,pop isaacs
Youri Fritz,SF,NE,25.0,25.84,9.8,5.4,1.52,0.8,0.88,0.04,6.52,0.5950919985771179,3.84,0.5208333134651184,1.56,youri fritz
Treysen Eaglestaff,SF,WVU,35.0,28.542856,9.8,4.6285715,1.4285715,0.8857143,0.37142858,1.7142857,8.914286,0.39743590354919434,1.3428571,0.7446808218955994,1.4,treysen eaglestaff
Jomo Goings,PG,LIU,35.0,30.742857,9.8,4.4857144,2.2,1.3428571,0.6571429,1.0571429,8.085714,0.39929327368736267,2.7142856,0.8421052694320679,2.1714287,jomo goings
Christian Ford,PG,ECCL,5.0,28.0,9.8,2.8,1.0,0.6,0.2,0.0,10.0,0.4000000059604645,2.8,0.6428571343421936,3.8,christian ford
Antoine Lorick III,SF,TNST,33.0,21.424242,9.787879,5.060606,1.060606,1.1212121,1.4242424,0.3030303,7.151515,0.5254237055778503,3.0,0.6565656661987305,1.4848485,antoine lorick iii
Luka Bogavac,PG,UNC,33.0,24.30303,9.787879,2.4848485,2.2121212,0.36363637,0.0,1.5757576,8.212121,0.40221402049064636,2.1818182,0.7361111044883728,1.1515151,luka bogavac
Jaylen Wysinger,PG,TXSO,28.0,22.5,9.785714,2.142857,1.9642857,1.5714285,0.17857143,1.25,7.964286,0.40807175636291504,2.5357144,0.8028169274330139,2.0,jaylen wysinger
Javion Guy-King,PG,CARK,32.0,22.4375,9.78125,4.21875,1.8125,1.09375,0.125,1.4375,7.8125,0.42800000309944153,2.375,0.6973684430122375,1.28125,javion guy king
Darion Ramos,PG,CBS,9.0,21.333334,9.777778,2.0,0.6666667,0.5555556,0.11111111,2.3333333,8.888889,0.4000000059604645,0.33333334,1.0,1.8888888,darion ramos
Jamarques Lawrence,PG,NEB,35.0,27.942858,9.771428,2.3714285,3.8,0.8857143,0.028571429,1.5714285,7.742857,0.4206642210483551,2.2285714,0.7564102411270142,1.9714285,jamarques lawrence
Xzavier Long,SF,HAMP,30.0,34.466667,9.766666,9.566667,1.8666667,1.0666667,0.6333333,0.7,7.366667,0.4162895977497101,4.3333335,0.6769230961799622,1.9666667,xzavier long
Gianni Cobb,PG,NIU,30.0,29.0,9.766666,2.7,3.8666666,1.7,0.0,0.6333333,8.266666,0.4233871102333069,3.5666666,0.5981308221817017,2.4,gianni cobb
Darius Williams,PG,PSSH,4.0,30.5,9.75,4.25,4.0,0.75,0.25,1.75,8.0,0.40625,1.75,0.8571428656578064,3.25,darius williams
Jaylen Jones,PG,JAX,31.0,26.935484,9.741936,3.516129,2.612903,1.3548387,0.032258064,0.9032258,8.419354,0.4406130313873291,2.1290324,0.6666666865348816,2.096774,jaylen jones
Amare Bynum,SF,OSU,34.0,28.470589,9.735294,4.9411764,1.0882353,0.61764705,0.8235294,0.8235294,7.5,0.5058823823928833,1.8235294,0.725806474685669,1.117647,amare bynum
Alex Chaikin,PG,UCSD,34.0,25.0,9.735294,2.0588236,1.1764706,0.5882353,0.2647059,2.235294,7.529412,0.39453125,1.9411764,0.8030303120613098,1.2058823,alex chaikin
Dez White,PG,ORST,30.0,29.6,9.733334,2.7333333,2.1,0.9,0.1,2.2,8.5,0.3764705955982208,1.4333333,0.7906976938247681,1.2666667,dez white
Kellen Thames,PG,SLU,33.0,17.09091,9.727273,4.7272725,1.8181819,1.3030303,0.15151516,0.09090909,6.151515,0.6502463221549988,2.6060605,0.6279069781303406,1.2727273,kellen thames
Demari Williams,PG,HCU,29.0,21.896551,9.724138,3.2068965,0.86206895,0.7586207,0.10344828,0.5862069,6.7586207,0.4693877696990967,3.5172415,0.7941176295280457,1.1724138,demari williams
Will Johnston,PG,RICH,32.0,27.46875,9.71875,2.96875,2.21875,0.5,0.0625,1.8125,8.09375,0.3861003816127777,1.90625,0.868852436542511,0.875,will johnston
Titas Sargiunas,SF,LIP,32.0,23.625,9.71875,2.125,1.875,0.84375,0.03125,1.5,7.71875,0.42105263471603394,2.34375,0.7333333492279053,1.5,titas sargiunas
Emanuel Richards,PG,LONG,32.0,25.90625,9.71875,3.40625,1.125,0.96875,0.1875,0.78125,7.71875,0.43319839239120483,3.0625,0.7346938848495483,1.53125,emanuel richards
Chandler Jackson,SF,MILW,24.0,22.958334,9.708333,2.75,0.9166667,1.0,0.33333334,0.9583333,6.625,0.5031446814537048,2.625,0.7936508059501648,1.125,chandler jackson
Chris Fields Jr.,SF,CAM,27.0,18.703703,9.703704,6.851852,1.5925926,1.1111112,0.33333334,0.037037037,7.5185184,0.46305418014526367,4.185185,0.6460176706314087,2.0,chris fields jr
Austin Rapp,SF,WIS,30.0,23.1,9.7,3.9666667,1.5666667,0.46666667,0.5,1.9333333,7.633333,0.4192139804363251,1.6,0.8541666865348816,0.8333333,austin rapp
Damoni Harrison,PG,CLT,30.0,20.733334,9.7,2.2,0.8,0.26666668,0.13333334,2.1,7.0666666,0.46226415038108826,1.4,0.761904776096344,0.96666664,damoni harrison
Ben Schwieger,SF,UNI,36.0,27.805555,9.694445,4.6944447,1.8611112,1.0555556,0.5833333,0.9722222,7.4722223,0.48327139019966125,2.1944444,0.6835442781448364,1.1111112,ben schwieger
Collin Chandler,PG,UK,36.0,27.11111,9.694445,2.75,2.25,1.2222222,0.2777778,2.0277777,7.2222223,0.4346153736114502,1.6666666,0.8333333134651184,1.0833334,collin chandler
Kaden Cooper,PG,LT,29.0,25.896551,9.689655,7.724138,1.137931,1.5172414,0.62068963,0.6551724,7.7586207,0.47111111879348755,2.5517242,0.6756756901741028,1.3793104,kaden cooper
Mekhi Gray,PG,ME,28.0,26.535715,9.678572,2.9285715,1.8571428,1.0714285,0.25,0.6785714,6.607143,0.4864864945411682,3.7142856,0.692307710647583,1.8571428,mekhi gray
Khamari McGriff,SF,KSU,28.0,20.178572,9.678572,4.392857,1.0,0.64285713,1.0714285,0.035714287,5.821429,0.6809815764427185,2.5714285,0.6666666865348816,1.0,khamari mcgriff
Tate McCubbin,PG,APSU,31.0,29.548388,9.67742,4.806452,1.3870968,1.3225807,0.22580644,2.064516,8.354838,0.37451738119125366,1.7096775,0.7924528121948242,0.8064516,tate mccubbin
Nakavieon White,SF,GASO,37.0,20.054054,9.675675,3.1351352,2.2702703,0.8108108,0.5945946,1.027027,7.783784,0.375,4.189189,0.6709677577018738,1.6486486,nakavieon white
Malik Abdullahi,SF,PRIN,27.0,28.555555,9.666667,5.6666665,1.2592592,0.4074074,0.25925925,0.074074075,6.0740743,0.5609756112098694,3.851852,0.7211538553237915,1.4814814,malik abdullahi
Tajuan Simpkins,PG,HALL,33.0,25.09091,9.666667,2.7575758,1.2121212,1.0909091,0.45454547,1.1212121,7.3636365,0.403292179107666,3.3636363,0.7747747898101807,1.0909091,tajuan simpkins
Valdy Zephir,SF,SWES,3.0,20.666666,9.666667,2.6666667,0.0,1.0,0.33333334,1.0,8.666667,0.38461539149284363,3.0,0.6666666865348816,0.6666667,valdy zephir
Marlon Lewis,PG,NDMD,3.0,19.0,9.666667,5.0,0.6666667,1.0,1.3333334,0.33333334,11.333333,0.4117647111415863,0.0,0.0,0.6666667,marlon lewis
Makael Reynolds,PG,LSIU,3.0,29.666666,9.666667,5.0,0.6666667,1.3333334,0.6666667,1.3333334,13.666667,0.2926829159259796,0.6666667,0.5,2.6666667,makael reynolds
Jaxon Ellingsworth,SF,ARST,32.0,22.625,9.65625,4.84375,0.6875,0.75,0.15625,1.03125,6.875,0.4727272689342499,2.8125,0.7555555701255798,1.3125,jaxon ellingsworth
Logan Carey,PG,ME,32.0,25.40625,9.65625,2.8125,2.4375,1.5625,0.15625,0.65625,6.96875,0.4932735562324524,3.28125,0.6476190686225891,1.75,logan carey
Chace Watley,PG,WOF,32.0,24.78125,9.65625,3.3125,1.34375,0.5625,0.125,0.9375,7.84375,0.39840638637542725,3.21875,0.7669903039932251,1.125,chace watley
Cam Amboree,PG,SOU,28.0,26.892857,9.642858,2.4642856,3.642857,1.6785715,0.035714287,1.6071428,8.357142,0.3589743673801422,2.5357144,0.8028169274330139,2.0714285,cam amboree
AK Okereke,SF,VAN,36.0,26.166666,9.638889,3.6388888,2.0,0.5277778,0.6388889,1.1111112,6.5833335,0.4810126721858978,2.8333333,0.7745097875595093,1.1388888,ak okereke
TJ Robinson,PG,SPU,27.0,19.481482,9.62963,1.8888888,2.7037036,0.8148148,0.0,0.4814815,7.2222223,0.37948718667030334,4.962963,0.7388059496879578,1.8888888,tj robinson
Jestin Porter,PG,CLEM,35.0,27.0,9.6285715,1.8,1.3428571,1.2285714,0.22857143,1.8571428,8.571428,0.3733333349227905,1.8,0.761904776096344,0.7714286,jestin porter
Brent Moss,PG,UTSA,29.0,26.724138,9.620689,4.724138,0.9310345,1.3793104,0.3448276,1.7241379,9.620689,0.3584229350090027,1.3448275,0.7435897588729858,0.9655172,brent moss
Boden Skunberg,PG,ILST,35.0,27.085714,9.6,4.4,1.4285715,0.4857143,0.057142857,1.6857142,7.8,0.43589743971824646,1.5428572,0.7222222089767456,1.2,boden skunberg
Adrian Nelson,PG,ECCL,5.0,28.6,9.6,2.4,1.4,1.0,0.2,1.4,8.2,0.4878048896789551,0.6,0.3333333432674408,3.2,adrian nelson
Josiah Parker,PG,FAU,32.0,21.8125,9.59375,6.0,1.15625,0.59375,0.25,0.125,7.4375,0.5084033608436584,3.09375,0.6161616444587708,1.3125,josiah parker
DJ Patrick,PG,UNCA,29.0,33.86207,9.586206,3.9655173,0.7586207,0.8965517,0.31034482,2.413793,8.0,0.3836206793785095,1.4137931,0.7317073345184326,0.9655172,dj patrick
Jalen Tot,PG,APP,31.0,25.064516,9.580646,1.8709677,1.1290323,0.67741936,0.06451613,2.612903,8.806452,0.34065935015678406,1.3870968,0.6976743936538696,0.83870965,jalen tot
Robert Davis Jr.,PG,ODU,26.0,29.653847,9.576923,2.5,1.4230769,0.5,0.115384616,2.2692308,9.769231,0.33070865273475647,1.0384616,0.8148148059844971,1.0769231,robert davis jr
Zaire Hayes,PG,TXSO,28.0,27.392857,9.571428,1.7857143,1.1071428,0.89285713,0.14285715,1.3928572,7.785714,0.4220183491706848,1.8928572,0.849056601524353,1.4285715,zaire hayes
Urban Klavzar,PG,FLA,35.0,20.714285,9.571428,1.5428572,1.2571429,0.34285715,0.057142857,2.0285714,6.6857142,0.4444444477558136,1.7714286,0.9032257795333862,0.82857144,urban klavzar
Narit Chotikavanic,PG,SFA,34.0,22.529411,9.558824,2.7941177,0.61764705,0.9117647,0.05882353,2.5588236,7.8235292,0.39849624037742615,1.0882353,0.7027027010917664,0.4117647,narit chotikavanic
Jadrian Tracey,PG,VCU,36.0,21.916666,9.555555,2.8055556,1.75,0.7777778,0.3611111,1.7222222,7.9722223,0.4111498296260834,1.8611112,0.6865671873092651,1.75,jadrian tracey
Darius Livingston,PG,RMU,27.0,25.666666,9.555555,1.962963,3.0,0.9259259,0.33333334,2.2592592,8.777778,0.39662447571754456,0.5185185,0.6428571343421936,2.5555556,darius livingston
Lamar Washington,PG,GT,29.0,28.48276,9.551724,4.6896553,5.1034484,1.5172414,0.27586207,0.6551724,8.103448,0.3914893567562103,3.3793104,0.7551020383834839,2.689655,lamar washington
Melo Sanchez,PG,CCSU,29.0,24.655172,9.551724,2.1034484,0.7586207,0.86206895,0.13793103,2.0344827,7.3103447,0.4575471580028534,1.0344827,0.800000011920929,0.8965517,melo sanchez
Biggie Patterson,PG,HOF,31.0,20.838709,9.548388,5.580645,0.3548387,0.58064514,0.09677419,1.1290323,8.225806,0.40784314274787903,2.2903225,0.7464788556098938,0.87096775,biggie patterson
Miles Webb,SF,DSU,26.0,27.307692,9.538462,5.8846154,0.6923077,0.6923077,0.34615386,0.34615386,7.3461537,0.5602094531059265,2.0,0.48076921701431274,1.5769231,miles webb
Connor Amundsen,PG,DART,26.0,29.153847,9.538462,1.9615384,3.6923077,0.46153846,0.0,1.5,7.8076925,0.3842364549636841,2.7307692,0.7464788556098938,1.1153846,connor amundsen
Jamie Kaiser Jr.,PG,BTLR,30.0,29.066668,9.533334,4.3333335,1.0,1.2,0.06666667,1.3333334,7.5,0.4355555474758148,2.2,0.7575757503509521,0.7,jamie kaiser jr
Anthony Isaac,SF,MAN,32.0,23.78125,9.53125,7.21875,0.90625,0.875,0.4375,0.0625,6.78125,0.48847925662994385,4.03125,0.7054263353347778,1.125,anthony isaac
Dylan Grant,SF,RUTG,34.0,24.0,9.529411,4.2352943,0.5294118,0.5588235,0.44117647,0.64705884,7.4117646,0.4404761791229248,3.235294,0.7272727489471436,1.1470588,dylan grant
Brian Moore Jr.,PG,GCU,29.0,27.586206,9.5172415,2.3793104,2.586207,0.6551724,0.10344828,0.6896552,6.827586,0.4898989796638489,3.0689654,0.6966292262077332,1.6206896,brian moore jr
Tayton Conerway,PG,IU,29.0,21.275862,9.5172415,2.7586207,3.310345,1.0689656,0.1724138,0.62068963,6.206897,0.5611110925674438,2.6206896,0.7368420958518982,2.0,tayton conerway
Lilian Marville,PG,UNCG,31.0,26.193548,9.5161295,1.967742,2.2903225,0.67741936,0.0,1.548387,6.967742,0.45370370149612427,2.1935484,0.75,1.2903225,lilian marville
Chris Cenac Jr.,SF,HOU,37.0,24.81081,9.513514,7.864865,0.7297297,0.7567568,0.4864865,0.8108108,7.972973,0.4847457706928253,1.5675676,0.6206896305084229,0.8918919,chris cenac jr
Jorge Ochoa,SF,DMCA,2.0,26.5,9.5,4.5,1.5,0.0,1.0,1.5,10.5,0.380952388048172,0.0,0.0,2.5,jorge ochoa
Andrew Reichart,PF,COCU,2.0,21.0,9.5,3.0,0.0,1.0,0.0,0.5,7.5,0.5333333611488342,3.0,0.3333333432674408,3.5,andrew reichart
Malik Petty,PG,CSJ,2.0,29.5,9.5,4.5,2.5,0.0,0.0,1.0,7.5,0.46666666865348816,2.0,0.75,3.5,malik petty
Aaron Davis III,SF,BRY,30.0,23.2,9.5,3.5,0.73333335,1.0333333,0.4,1.9333333,7.8,0.4017094075679779,1.9333333,0.6724137663841248,1.1,aaron davis iii
Sutton Arend,SF,MMU,2.0,17.5,9.5,5.5,0.5,0.5,0.0,0.5,6.0,0.5833333134651184,2.5,0.800000011920929,0.0,sutton arend
Diego Martinez,SF,SFST,2.0,14.0,9.5,2.0,1.0,0.5,0.0,1.5,7.5,0.46666666865348816,1.5,0.6666666865348816,0.5,diego martinez
Chandler O'Bannon,SF,CCSC,2.0,27.0,9.5,4.5,2.0,0.0,1.0,1.0,7.5,0.4000000059604645,2.5,1.0,1.0,chandler o bannon
Austin Harrell,PG,CCSC,2.0,21.5,9.5,0.5,1.0,0.0,0.0,2.5,5.0,0.699999988079071,0.0,0.0,1.5,austin harrell
Miles Franklin,PG,COLU,26.0,24.0,9.5,4.1538463,0.9230769,0.9230769,0.5,0.61538464,8.423077,0.4429223835468292,2.1923077,0.6491228342056274,1.0,miles franklin
Mushin Muhammad,PG,RIT,2.0,20.5,9.5,5.0,1.0,0.0,0.0,1.5,7.5,0.46666666865348816,1.0,1.0,2.5,mushin muhammad
Zac Ditzel,PG,RIT,2.0,32.0,9.5,5.5,2.0,1.0,0.5,0.5,11.5,0.3478260934352875,1.5,0.6666666865348816,1.5,zac ditzel
Michael Frazier,SF,WUUT,2.0,21.0,9.5,4.5,1.0,0.5,0.0,0.5,12.0,0.375,0.0,0.0,2.0,michael frazier
Braydon Murphy,SF,DMIL,2.0,14.0,9.5,3.0,2.5,0.0,0.5,0.0,6.0,0.5833333134651184,3.0,0.8333333134651184,1.5,braydon murphy
Tyler Hudson,PG,TOUG,2.0,28.0,9.5,3.5,3.0,3.0,0.0,1.0,10.0,0.4000000059604645,1.0,0.5,3.5,tyler hudson
Willie Anderson,PG,TOUG,2.0,23.5,9.5,4.5,1.5,0.5,0.5,0.5,11.5,0.260869562625885,5.5,0.5454545617103577,1.5,willie anderson
Mekhi Wilson,PG,STX,2.0,19.5,9.5,1.0,0.5,1.5,0.0,1.5,8.5,0.3529411852359772,3.0,0.6666666865348816,0.0,mekhi wilson
Jaden Stewart,PG,BCWV,2.0,14.5,9.5,4.5,0.0,0.0,2.0,1.5,7.5,0.5333333611488342,0.0,0.0,1.0,jaden stewart
Tylon Toliver,PG,CSJ,2.0,27.5,9.5,4.0,0.5,0.0,0.0,1.5,10.0,0.3499999940395355,1.0,1.0,2.0,tylon toliver
Cole Henry,PG,IUE,2.0,20.0,9.5,5.0,0.5,0.5,2.5,1.0,10.0,0.4000000059604645,1.5,0.3333333432674408,2.5,cole henry
Devin McGlockton,SF,VAN,36.0,25.305555,9.472222,6.7777777,1.2222222,0.3611111,0.6388889,0.7777778,6.8055553,0.5551020503044128,1.5555556,0.7321428656578064,0.9722222,devin mcglockton
Julius Halaifonua,C,GTWN,32.0,19.75,9.46875,4.375,1.28125,0.28125,0.71875,0.1875,5.8125,0.6075268983840942,2.96875,0.7473683953285217,0.75,julius halaifonua
Rolyns Aligbe,SF,SIU,32.0,24.46875,9.46875,7.40625,0.6875,0.96875,0.625,0.75,7.625,0.46721312403678894,2.40625,0.6623376607894897,1.15625,rolyns aligbe
Ahmad Robinson,PG,UAB,26.0,24.038462,9.461538,2.3076923,2.7692308,1.5,0.03846154,1.3076923,8.692307,0.3761062026023865,2.2692308,0.7118644118309021,1.1923077,ahmad robinson
Dan Skillings Jr.,PG,BAY,29.0,25.448277,9.448276,5.6551723,1.9655173,0.9655172,0.13793103,0.7586207,7.724138,0.4464285671710968,2.5172415,0.7123287916183472,1.2413793,dan skillings jr
Baboucarr Njie,SF,UTSA,29.0,25.586206,9.448276,5.206897,1.4827586,0.79310346,1.5862069,0.06896552,7.6896553,0.46188339591026306,3.586207,0.6346153616905212,2.4482758,baboucarr njie
Ian Jackson,PG,SJU,36.0,18.25,9.444445,2.2777777,1.2777778,0.75,0.22222222,1.3611112,7.75,0.40860214829444885,1.9444444,0.8999999761581421,1.4444444,ian jackson
Ty Pence,PG,ILST,36.0,23.527779,9.444445,4.4166665,1.5555556,0.4722222,0.33333334,0.75,6.7777777,0.5368852615356445,2.0277777,0.698630154132843,0.9444444,ty pence
Jevin Muniz,PG,CSU,34.0,30.441177,9.441176,3.9705882,4.9117646,0.88235295,0.1764706,1.0882353,7.147059,0.47325101494789124,2.264706,0.701298713684082,1.5294118,jevin muniz
Trey Williams Jr.,PG,MOST,34.0,30.617647,9.441176,2.0294118,3.2058823,0.9411765,0.20588236,1.8529412,7.882353,0.38805970549583435,2.0588236,0.7142857313156128,1.3235294,trey williams jr
Curtis Givens III,PG,MEM,25.0,25.6,9.44,2.12,2.28,0.84,0.2,1.4,7.52,0.4308510720729828,2.36,0.6610169410705566,1.6,curtis givens iii
Micah Davis,PG,IUIN,32.0,25.34375,9.4375,2.125,2.875,1.21875,0.09375,1.625,8.625,0.4021739065647125,1.25,0.699999988079071,1.75,micah davis
Mason Gibson,PG,AMCC,30.0,21.533333,9.433333,1.8,1.2,1.1,0.1,1.5666667,7.6666665,0.40434783697128296,2.4333334,0.6849315166473389,1.0666667,mason gibson
Noah Treadwell,PG,SCST,31.0,22.548388,9.419354,1.3548387,0.67741936,0.3548387,0.09677419,2.3225806,7.774194,0.3692946135997772,2.0,0.6774193644523621,1.2903225,noah treadwell
Noah Ross,PG,UNCW,34.0,29.205883,9.411765,5.147059,1.8529412,0.88235295,0.2647059,0.5882353,8.441176,0.4355400800704956,2.1176472,0.6944444179534912,0.8235294,noah ross
Luke Moore,PG,CARK,34.0,29.705883,9.411765,2.8823528,3.4705882,1.5294118,0.0882353,1.2352941,8.382353,0.39649122953414917,2.7058823,0.5652173757553101,1.4411764,luke moore
Niko Rocak,SF,UCD,32.0,24.1875,9.40625,5.15625,1.75,0.71875,1.5625,0.9375,5.8125,0.5161290168762207,3.625,0.681034505367279,1.84375,niko rocak
Ben Tweedy,PG,COLG,33.0,29.454546,9.393939,3.060606,2.5757575,0.57575756,0.030303031,1.2727273,6.6666665,0.4636363685131073,2.7575758,0.7032967209815979,1.3333334,ben tweedy
Carter Bjerke,SF,STMN,34.0,24.794117,9.382353,3.3529413,1.2058823,0.5,0.2647059,2.3235295,6.529412,0.4954954981803894,1.0,0.5882353186607361,0.7352941,carter bjerke
Tuongthach Gatkek,SF,LR,29.0,31.37931,9.379311,5.862069,2.0,1.5517242,1.7241379,0.03448276,6.62069,0.5885416865348816,2.3448277,0.6617646813392639,1.7586207,tuongthach gatkek
Isaac Abidde,SF,UALB,32.0,25.25,9.375,4.40625,0.59375,0.6875,0.65625,1.4375,7.625,0.46721312403678894,1.25,0.6499999761581421,1.3125,isaac abidde
TJ Caldwell,PG,ARST,32.0,20.1875,9.375,2.65625,0.96875,0.78125,0.28125,1.375,7.34375,0.3914893567562103,2.71875,0.8275862336158752,1.28125,tj caldwell
Tyler Ringgold,SF,TULN,32.0,24.71875,9.375,3.9375,1.375,1.125,0.9375,0.71875,6.9375,0.44144144654273987,4.03125,0.6279069781303406,1.46875,tyler ringgold
German Plotnikov,PG,HOF,33.0,32.333332,9.363636,3.3333333,0.7878788,0.8787879,0.72727275,1.7878788,7.4242425,0.4285714328289032,1.4242424,0.8510638475418091,0.75757575,german plotnikov
Filip Radakovic,PG,UTM,28.0,26.25,9.357142,4.142857,2.607143,0.89285713,0.035714287,0.32142857,6.785714,0.37368419766426086,4.857143,0.8161764740943909,2.5357144,filip radakovic
Xavier Lipscomb,PG,MSM,31.0,32.677418,9.354838,4.645161,3.8709676,1.1290323,0.032258064,1.2903225,6.064516,0.3989361822605133,3.6451614,0.8849557638168335,2.548387,xavier lipscomb
Jacari White,PG,UVA,31.0,17.870968,9.354838,2.2903225,1.2258065,0.516129,0.06451613,2.2258065,6.83871,0.46226415038108826,0.9677419,0.8333333134651184,1.0967742,jacari white
Brady Shoulders,PG,MER,29.0,30.758621,9.344828,6.827586,1.8965517,1.6896552,0.27586207,0.8965517,7.413793,0.4372093081474304,2.7931035,0.7037037014961243,1.3448275,brady shoulders
Dorion Staples,SF,UMES,32.0,24.25,9.34375,2.96875,1.75,0.53125,0.125,1.4375,7.6875,0.43089431524276733,1.625,0.7884615659713745,1.1875,dorion staples
Joseph Locandro,SF,UMES,32.0,19.375,9.34375,3.25,0.46875,0.28125,0.46875,1.15625,7.4375,0.49159663915634155,1.21875,0.7179487347602844,1.5625,joseph locandro
Tayden Owens,PG,TCJ,3.0,18.0,9.333333,1.6666666,0.0,1.3333334,0.0,0.6666667,9.333333,0.3571428656578064,2.6666667,0.75,3.3333333,tayden owens
Jimmie Proctor,PG,WCBC,3.0,26.333334,9.333333,2.3333333,1.3333334,0.33333334,0.0,1.0,8.666667,0.3076923191547394,4.6666665,0.6428571343421936,1.6666666,jimmie proctor
Jaden Baker,PG,WAG,24.0,31.75,9.333333,3.625,3.1666667,0.6666667,0.29166666,1.4166666,8.958333,0.37674418091773987,1.5,0.7777777910232544,2.125,jaden baker
Jaden Walker,SF,JUS,3.0,26.333334,9.333333,5.6666665,1.0,1.3333334,0.33333334,0.33333334,10.0,0.30000001192092896,4.0,0.75,1.6666666,jaden walker
Jase Butler,PG,CSU,34.0,25.852942,9.323529,3.0882354,1.7647059,0.61764705,0.05882353,1.3529412,5.7647057,0.45408162474632263,3.3529413,0.8157894611358643,1.0882353,jase butler
Myles Corey,PG,URI,32.0,25.40625,9.3125,3.125,1.71875,1.25,0.46875,0.5625,6.6875,0.5,2.8125,0.7333333492279053,1.46875,myles corey
Chance Mallory,PG,UVA,36.0,24.027779,9.305555,3.7222223,3.3611112,1.5833334,0.1388889,1.0833334,6.4444447,0.42241379618644714,3.5833333,0.7751938104629517,1.1388888,chance mallory
Somtochukwu Cyril,C,UGA,33.0,21.151516,9.30303,5.4242425,0.57575756,0.6363636,2.2424242,0.0,4.787879,0.7594936490058899,3.5151515,0.5775862336158752,1.060606,somtochukwu cyril
Kevon Vanderhorst,PG,DREX,33.0,29.939394,9.30303,2.8181818,2.909091,1.030303,0.060606062,0.75757575,7.6666665,0.45059287548065186,2.1515152,0.7605633735656738,1.5151515,kevon vanderhorst
Eric Dibami,SF,FIU,30.0,28.966667,9.3,7.4333334,1.3666667,1.4333333,1.4333333,0.0,6.9,0.5265700221061707,3.9,0.5213675498962402,1.5666667,eric dibami
Sam Hoiberg,PG,NEB,35.0,32.37143,9.285714,5.257143,4.4857144,2.0,0.08571429,0.9142857,6.542857,0.5414847135543823,1.7142857,0.75,1.2,sam hoiberg
Noah Feddersen,SF,NDSU,35.0,21.171429,9.285714,5.0,1.0,0.37142858,1.0285715,0.4857143,5.885714,0.5145630836486816,3.4285715,0.800000011920929,1.2571429,noah feddersen
Tobe Awaka,SF,ARIZ,39.0,20.76923,9.282051,9.051282,0.7948718,0.35897437,0.64102566,0.12820514,5.717949,0.5874439477920532,3.7948718,0.6418918967247009,1.0,tobe awaka
Chris Lockett Jr.,PG,JAX,32.0,24.4375,9.28125,3.0625,1.6875,1.0,0.09375,1.03125,8.0,0.38671875,2.4375,0.8461538553237915,0.8125,chris lockett jr
Nana Owusu-Anane,SF,GCU,32.0,32.5625,9.28125,8.5,1.78125,1.40625,0.75,1.3125,7.5625,0.43388429284095764,1.9375,0.725806474685669,1.1875,nana owusu anane
Sean Smith,PG,MTSU,32.0,23.15625,9.28125,2.28125,3.46875,1.25,0.46875,0.9375,7.78125,0.4538152515888214,1.6875,0.7592592835426331,1.5,sean smith
Joshua Hughes,SF,EVAN,32.0,27.5625,9.28125,4.65625,0.8125,0.4375,0.40625,1.34375,6.84375,0.4840182662010193,1.75,0.75,1.125,joshua hughes
Grant Stubblefield,PG,OMA,26.0,28.461538,9.269231,3.0769231,3.3076923,1.6923077,0.30769232,0.5,6.5,0.5207100510597229,2.5769231,0.7761194109916687,1.5769231,grant stubblefield
Denver Anglin,PG,IONA,31.0,28.096775,9.258064,2.096774,1.9032258,0.9354839,0.09677419,1.8064516,9.387096,0.34364262223243713,1.2580645,0.7948718070983887,0.9677419,denver anglin
Patton Pinkins,PG,MISS,35.0,24.942858,9.257143,1.8857143,0.8857143,0.4857143,0.08571429,1.2285714,6.571429,0.46521738171577454,2.2285714,0.8589743375778198,0.2857143,patton pinkins
Owen Aquino,SF,HPU,36.0,26.5,9.25,5.7777777,2.4166667,1.1388888,1.6666666,0.44444445,6.138889,0.5429864525794983,3.2777777,0.6525423526763916,1.75,owen aquino
Jerry Taylor Jr.,SF,BRYN,4.0,15.25,9.25,2.5,1.0,0.5,0.25,0.25,8.5,0.44117647409439087,3.0,0.5,1.5,jerry taylor jr
Zee Hamoda,PG,NICH,29.0,20.862068,9.24138,2.7586207,1.1724138,0.55172414,0.5862069,1.9655173,7.7586207,0.41777777671813965,1.0,0.7931034564971924,1.1034483,zee hamoda
Matt Hodge,SF,VILL,29.0,27.62069,9.24138,3.586207,0.6896552,0.41379312,0.5862069,1.7241379,7.172414,0.45192307233810425,1.5862069,0.6521739363670349,0.7241379,matt hodge
Alex Williams,SF,DUQ,31.0,17.741936,9.225806,3.451613,0.87096775,0.5483871,0.16129032,1.3548387,6.451613,0.4399999976158142,2.7096775,0.8095238208770752,1.0967742,alex williams
Tre Holloman,PG,NCSU,32.0,25.5625,9.21875,1.84375,2.09375,0.9375,0.28125,1.59375,6.75,0.42129629850387573,2.375,0.8157894611358643,1.1875,tre holloman
Jordan Derkack,PG,DAY,32.0,24.84375,9.21875,4.8125,2.53125,1.15625,0.125,0.5,5.8125,0.3655914068222046,6.1875,0.7222222089767456,1.6875,jordan derkack
Jake Johnson,PG,STET,32.0,28.375,9.21875,3.0625,1.4375,0.5,0.0,1.6875,7.28125,0.3862660825252533,2.4375,0.7820512652397156,1.0,jake johnson
Elyjah Freeman,PG,AUB,38.0,26.894737,9.210526,5.236842,1.1842105,1.2894737,0.6052632,0.92105263,7.0,0.4436090290546417,2.9736843,0.6991150379180908,1.0789474,elyjah freeman
Mike Evbagharu,PG,CAN,30.0,33.233334,9.2,6.9666667,3.1,1.2,0.1,0.4,7.4333334,0.47533631324768066,2.6666667,0.6499999761581421,2.3666666,mike evbagharu
Filaun Paythress,PG,VUL,10.0,25.0,9.2,2.6,1.9,0.8,0.2,0.7,12.7,0.28346458077430725,2.4,0.5416666865348816,3.0,filaun paythress
Edwin Suarez Jr.,SF,WEB,31.0,21.548388,9.193548,6.032258,1.1612903,1.3225807,0.48387095,0.0,7.096774,0.5181818008422852,3.1935484,0.5757575631141663,1.967742,edwin suarez jr
Geoff Sprouse,PG,AMER,32.0,26.75,9.1875,2.3125,1.9375,1.09375,0.03125,2.375,7.5625,0.41322314739227295,0.75,0.75,0.90625,geoff sprouse
Chase Lowe,PG,W&M,32.0,23.40625,9.1875,5.78125,3.75,1.25,0.15625,0.03125,5.6875,0.5769230723381042,3.5625,0.7280701994895935,1.65625,chase lowe
Isaac Finlinson,SF,HAW,33.0,22.666666,9.181818,3.6363637,0.75757575,0.57575756,0.24242425,1.030303,6.2727275,0.48792269825935364,3.090909,0.656862735748291,1.2424242,isaac finlinson
Christian Williams,PG,CSUF,34.0,26.117647,9.176471,3.4705882,2.1764705,1.9117647,0.14705883,1.882353,7.6764708,0.4176245331764221,1.0588236,0.8333333134651184,1.3529412,christian williams
Quimari Peterson,PG,WASH,33.0,30.878788,9.151515,2.8181818,2.2121212,1.3333334,0.18181819,2.1515152,8.030303,0.38867923617362976,0.969697,0.78125,0.8787879,quimari peterson
Gytis Nemeiksa,SF,HAW,33.0,23.787878,9.151515,4.787879,1.0,0.6363636,0.6060606,0.72727275,7.151515,0.43644067645072937,2.878788,0.75789475440979,1.060606,gytis nemeiksa
Kevin Hymes,PG,NOB,7.0,22.857143,9.142858,3.857143,1.8571428,1.0,0.14285715,0.0,9.0,0.380952388048172,3.142857,0.7272727489471436,2.2857144,kevin hymes
Ty Tabales,PG,BRY,30.0,27.866667,9.133333,2.1666667,3.4666667,1.3,0.16666667,1.5666667,9.866667,0.31418919563293457,1.7,0.8039215803146362,2.4666667,ty tabales
Rich Rolf,SF,YSU,31.0,26.612904,9.129032,4.548387,2.064516,0.83870965,0.32258064,1.483871,7.0,0.460829496383667,1.3548387,0.8809523582458496,1.0,rich rolf
Jordan Chatman,PG,FAMU,31.0,26.483871,9.129032,3.1612904,1.0967742,0.6451613,0.4516129,1.8709677,6.709677,0.4038461446762085,2.419355,0.7599999904632568,1.1612903,jordan chatman
Devon Barnes,PG,BALL,31.0,20.870968,9.129032,1.4193548,1.967742,1.0,0.032258064,1.3870968,7.516129,0.3733905553817749,2.612903,0.8148148059844971,1.0,devon barnes
Brody Whitaker,PG,VAL,31.0,25.967741,9.129032,2.6774194,1.548387,0.61290324,0.032258064,1.3548387,7.032258,0.4357798099517822,1.967742,0.8360655903816223,0.7096774,brody whitaker
Ryan Bartley,PG,HCU,32.0,29.40625,9.125,2.71875,1.25,0.6875,0.625,1.34375,8.0625,0.41472867131233215,1.40625,0.7777777910232544,1.0,ryan bartley
Marqueas Bell,PG,SEMO,33.0,22.030304,9.121212,5.151515,1.7878788,0.6060606,0.09090909,0.121212125,6.121212,0.5247524976730347,3.4848485,0.739130437374115,1.4242424,marqueas bell
Greedy Williams,PG,UNCW,34.0,30.588236,9.117647,2.6764705,4.0882354,1.0,0.11764706,0.7058824,6.382353,0.4377880096435547,3.6470587,0.774193525314331,1.7352941,greedy williams
Jaylen Smith,PG,ETSU,34.0,24.617647,9.117647,2.5588236,2.9411764,1.2941177,0.20588236,1.5294118,7.9117646,0.3977695107460022,1.617647,0.800000011920929,1.7058823,jaylen smith
Eli Shetlar,PG,DRKE,34.0,27.882353,9.117647,4.2941175,1.3235294,0.7647059,0.23529412,2.264706,7.029412,0.43096235394477844,1.2058823,0.6585366129875183,0.61764705,eli shetlar
Nick Davidson,SF,CLEM,35.0,21.942858,9.114285,4.0,1.0857143,0.45714286,0.4,0.82857144,6.3714285,0.5112107396125793,2.6285715,0.6739130616188049,1.0285715,nick davidson
Ishan Sharma,SF,SLU,35.0,22.22857,9.114285,2.6571429,1.4857143,0.6857143,0.057142857,2.2857144,6.4,0.4375,1.4285715,0.8600000143051147,0.54285717,ishan sharma
Andy Stefonowicz,PG,NDSU,35.0,32.42857,9.114285,3.1142857,4.7714286,1.6571429,0.14285715,1.5714285,7.142857,0.41600000858306885,1.7714286,0.9032257795333862,2.057143,andy stefonowicz
Adrian Uchidiuno,PG,BRWN,27.0,25.37037,9.111111,2.6666667,1.1111112,0.962963,0.25925925,1.4074074,9.666667,0.3486590087413788,1.1851852,0.8125,1.4074074,adrian uchidiuno
Damien Mayo Jr.,PG,SIU,31.0,25.290323,9.096774,2.935484,2.2580645,1.451613,0.29032257,1.1612903,7.290323,0.4557522237300873,1.6451613,0.7843137383460999,1.2580645,damien mayo jr
Jeremiah Davis,PG,MTST,31.0,24.67742,9.096774,2.6774194,1.2903225,1.3870968,0.32258064,1.0967742,6.322581,0.5153061151504517,1.9354838,0.7666666507720947,1.1290323,jeremiah davis
Martin Kheil,PG,IDST,31.0,29.548388,9.096774,2.3548386,1.1935484,0.67741936,0.06451613,2.1612904,7.516129,0.3733905553817749,1.6774193,0.7884615659713745,0.87096775,martin kheil
Cole McCormick,SF,CARK,32.0,22.21875,9.09375,3.375,1.21875,0.96875,0.21875,1.0,6.46875,0.483091801404953,2.5,0.737500011920929,0.96875,cole mccormick
Brett White II,PG,OAK,32.0,23.96875,9.09375,3.1875,0.625,0.59375,0.4375,2.28125,7.34375,0.4000000059604645,1.3125,0.7142857313156128,0.375,brett white ii
Nojus Indrusaitis,PG,PITT,33.0,23.545454,9.090909,3.060606,1.6666666,0.90909094,0.09090909,1.6666666,7.969697,0.4030418395996094,1.5757576,0.6346153616905212,1.1818181,nojus indrusaitis
Avery Thomas II,SF,LT,33.0,25.181818,9.090909,7.212121,0.6060606,1.1818181,0.4848485,1.0909091,7.818182,0.40310078859329224,2.1818182,0.7777777910232544,0.75757575,avery thomas ii
Quentin Jones,PG,SLU,35.0,26.457144,9.085714,3.857143,2.9714286,0.8857143,0.85714287,0.9714286,6.9428573,0.45267489552497864,2.2857144,0.800000011920929,1.8571428,quentin jones
Tristan Smith,SF,UNI,28.0,21.142857,9.071428,5.142857,1.9285715,0.89285713,0.5714286,0.10714286,6.25,0.5428571701049805,3.2142856,0.6777777671813965,1.1428572,tristan smith
Brandon Muntu,PG,TNTC,31.0,24.838709,9.064516,2.935484,0.8064516,0.67741936,0.0,1.7419355,7.709677,0.4184100329875946,0.9354839,0.931034505367279,0.48387095,brandon muntu
Justin Rochelin,PG,PAC,33.0,27.151516,9.060606,6.3939395,1.0,0.93939394,0.15151516,0.969697,6.7272725,0.45045045018196106,2.5454545,0.7976190447807312,1.7878788,justin rochelin
Isaac Jack,SF,PAC,33.0,21.636364,9.060606,5.2727275,0.5151515,0.33333334,0.42424244,0.0,5.757576,0.6736842393875122,2.1818182,0.5972222089767456,0.8484849,isaac jack
Jayden Jackson,PG,CBU,28.0,29.035715,9.035714,3.1785715,1.7142857,0.60714287,0.32142857,1.9285715,8.607142,0.3195020854473114,2.142857,0.75,1.3928572,jayden jackson
Teddy Washington Jr.,PG,UTC,31.0,21.838709,9.032258,3.2903225,1.4193548,1.0967742,0.12903225,0.7741935,7.709677,0.41004183888435364,2.483871,0.7792207598686218,1.0,teddy washington jr
Howie Fleming Jr.,PG,UNLV,32.0,29.0,9.03125,6.34375,3.65625,1.15625,0.125,0.8125,6.625,0.4386792480945587,3.0,0.8020833134651184,1.96875,howie fleming jr
Josh Dixon,PG,MILW,32.0,18.53125,9.03125,1.09375,1.5625,0.53125,0.0625,0.90625,8.25,0.3901515007019043,1.9375,0.8709677457809448,1.3125,josh dixon
Elijah Saunders,SF,MD,33.0,30.636364,9.030303,4.3636365,0.93939394,0.42424244,0.27272728,1.7575758,7.151515,0.4406779706478119,1.2121212,0.800000011920929,1.060606,elijah saunders
Cobi Campbell,PG,TROY,33.0,27.848484,9.030303,1.7878788,1.5151515,0.969697,0.0,2.121212,7.4545455,0.41056910157203674,0.969697,0.8125,0.8787879,cobi campbell
Quinn Woidke,PG,KENT,34.0,19.558823,9.029411,2.5588236,1.5294118,0.61764705,0.029411765,1.9705882,6.2647057,0.43192487955093384,2.0588236,0.800000011920929,0.9411765,quinn woidke
Sam Hughes,SF,BU,34.0,30.147058,9.029411,3.4411764,1.2647059,0.5588235,0.11764706,2.0,7.7352943,0.39923954010009766,1.0588236,0.8055555820465088,1.1470588,sam hughes
Benjamin Bowen,PG,NSU,1.0,17.0,9.0,3.0,2.0,0.0,0.0,1.0,5.0,0.800000011920929,0.0,0.0,1.0,benjamin bowen
Ty Griggs,PG,PSC,1.0,17.0,9.0,3.0,1.0,0.0,0.0,3.0,5.0,0.6000000238418579,0.0,0.0,1.0,ty griggs
Pierce Bazil,PG,COCU,2.0,19.0,9.0,0.5,0.5,0.0,0.0,0.5,7.5,0.4000000059604645,3.0,0.8333333134651184,1.0,pierce bazil
Zach Fenn,PG,TUTX,1.0,21.0,9.0,4.0,2.0,4.0,0.0,0.0,4.0,1.0,1.0,1.0,0.0,zach fenn
DeVon Oregon,PG,RFU,1.0,27.0,9.0,3.0,2.0,2.0,0.0,3.0,7.0,0.4285714328289032,0.0,0.0,3.0,devon oregon
Russell MacFarlane,SF,COLC,1.0,25.0,9.0,6.0,0.0,1.0,1.0,0.0,6.0,0.6666666865348816,1.0,1.0,1.0,russell macfarlane
Jalen Goar,PG,SWCU,3.0,24.0,9.0,3.3333333,1.0,1.3333334,0.0,1.6666666,9.666667,0.37931033968925476,0.0,0.0,1.3333334,jalen goar
Collin Coates,PG,SPRH,1.0,15.0,9.0,2.0,0.0,1.0,1.0,3.0,7.0,0.4285714328289032,0.0,0.0,1.0,collin coates
Justin Gaten,SF,PFEI,2.0,25.5,9.0,3.0,2.0,0.0,0.0,2.0,9.5,0.3684210479259491,0.0,0.0,3.0,justin gaten
Josh Parks,PG,ARCA,1.0,26.0,9.0,6.0,1.0,1.0,0.0,2.0,7.0,0.4285714328289032,2.0,0.5,1.0,josh parks
TJ Printup,SF,TUSC,2.0,13.5,9.0,1.0,0.0,1.0,0.0,1.5,6.5,0.5384615659713745,1.0,0.5,2.0,tj printup
Landon Napier,PG,AL,1.0,27.0,9.0,1.0,1.0,1.0,0.0,1.0,11.0,0.3636363744735718,0.0,0.0,0.0,landon napier
Terrance Dixon Jr.,SF,SOU,34.0,20.5,9.0,4.2941175,0.47058824,0.5588235,1.2352941,0.0,4.882353,0.6927710771560669,3.5882354,0.6229507923126221,0.85294116,terrance dixon jr
Keylon Dorsey,PG,WNMU,1.0,13.0,9.0,4.0,0.0,2.0,1.0,1.0,6.0,0.3333333432674408,6.0,0.6666666865348816,2.0,keylon dorsey
Seydou Traore,SF,UTAH,31.0,28.774193,9.0,3.419355,1.967742,1.2258065,0.48387095,1.3870968,8.193548,0.3858267664909363,1.7741935,0.7272727489471436,1.8064516,seydou traore
Colin Ruffin,PG,MSSU,1.0,21.0,9.0,6.0,1.0,0.0,0.0,2.0,8.0,0.375,4.0,0.25,0.0,colin ruffin
Caleb Williams,PG,SUNO,1.0,23.0,9.0,1.0,1.0,0.0,0.0,2.0,5.0,0.6000000238418579,2.0,0.5,3.0,caleb williams
Nolan Berendes,SF,LOR,1.0,21.0,9.0,1.0,0.0,1.0,1.0,2.0,6.0,0.5,2.0,0.5,2.0,nolan berendes
Tre Miller,PG,RFU,1.0,27.0,9.0,1.0,1.0,0.0,0.0,0.0,5.0,0.20000000298023224,8.0,0.875,1.0,tre miller
Caden Pokorzynski,SF,AQUI,1.0,23.0,9.0,5.0,1.0,0.0,1.0,1.0,8.0,0.375,4.0,0.5,2.0,caden pokorzynski
Sash Gavalyugov,PG,SCU,35.0,20.028572,9.0,1.8571428,2.7142856,0.51428574,0.0,1.9142857,8.228572,0.3993055522441864,0.71428573,0.7200000286102295,1.3714286,sash gavalyugov
Peter Noble,PG,OXY,1.0,27.0,9.0,2.0,0.0,1.0,0.0,2.0,9.0,0.3333333432674408,2.0,0.5,1.0,peter noble
Jabez Jenkins,PG,BEL,32.0,24.1875,9.0,4.5,1.28125,1.1875,0.40625,0.5,6.40625,0.4878048896789551,3.09375,0.7272727489471436,1.84375,jabez jenkins
Jair Horton,SF,SAR,1.0,28.0,9.0,3.0,0.0,2.0,1.0,2.0,10.0,0.30000001192092896,3.0,0.3333333432674408,0.0,jair horton
James Barlow,SF,PSUY,1.0,26.0,9.0,9.0,0.0,0.0,4.0,0.0,10.0,0.4000000059604645,2.0,0.5,0.0,james barlow
Jalen Brown,PG,DFC,2.0,20.0,9.0,3.0,0.0,0.5,0.0,1.0,9.5,0.2631579041481018,3.5,0.8571428656578064,3.5,jalen brown
Elijah Green,PG,WPEA,1.0,26.0,9.0,3.0,1.0,1.0,0.0,2.0,9.0,0.3333333432674408,2.0,0.5,2.0,elijah green
Elijah Smith,SF,NCU,1.0,18.0,9.0,3.0,2.0,1.0,0.0,1.0,5.0,0.6000000238418579,4.0,0.5,0.0,elijah smith
Merrick Small,SF,SFIL,1.0,28.0,9.0,0.0,2.0,1.0,1.0,0.0,7.0,0.4285714328289032,4.0,0.75,4.0,merrick small
Sam Booth,PG,SNYO,2.0,24.0,9.0,4.0,1.0,0.5,1.0,1.0,7.0,0.3571428656578064,4.5,0.6666666865348816,1.0,sam booth
Amonte Harmon,SF,BAP,1.0,13.0,9.0,4.0,1.0,0.0,0.0,0.0,8.0,0.375,3.0,1.0,3.0,amonte harmon
Isaac Ward,PG,OWU,2.0,24.5,9.0,3.0,1.5,1.5,0.0,1.0,8.0,0.375,3.0,0.6666666865348816,2.0,isaac ward
Kobe Bailey,PG,OCC,1.0,14.0,9.0,1.0,0.0,0.0,0.0,1.0,6.0,0.5,2.0,1.0,4.0,kobe bailey
Camden Hurst,PG,LBC,1.0,24.0,9.0,4.0,1.0,1.0,0.0,1.0,8.0,0.375,2.0,1.0,1.0,camden hurst
Lenair Young,PG,BLU,1.0,20.0,9.0,1.0,0.0,0.0,0.0,2.0,4.0,0.75,2.0,0.5,1.0,lenair young
Stanley Harley,PG,SMWC,1.0,14.0,9.0,2.0,1.0,0.0,0.0,1.0,7.0,0.5714285969734192,0.0,0.0,2.0,stanley harley
Dylan Harris,PG,GWYD,1.0,26.0,9.0,3.0,4.0,1.0,0.0,3.0,8.0,0.375,0.0,0.0,0.0,dylan harris
Dalton Kramer,PG,CBVU,1.0,32.0,9.0,2.0,2.0,2.0,0.0,3.0,8.0,0.375,0.0,0.0,2.0,dalton kramer
Se'Ron Calloway-White,PG,CAPU,1.0,24.0,9.0,3.0,1.0,1.0,0.0,1.0,8.0,0.5,0.0,0.0,2.0,se ron calloway white
Noah Gifft,ATH,ERAZ,1.0,24.0,9.0,3.0,2.0,0.0,0.0,1.0,7.0,0.4285714328289032,2.0,1.0,3.0,noah gifft
Anthony Douglas Jr.,PG,FISH,1.0,19.0,9.0,1.0,2.0,1.0,1.0,1.0,7.0,0.5714285969734192,0.0,0.0,1.0,anthony douglas jr
Brayden Carlson,C,MNCR,1.0,22.0,9.0,2.0,2.0,0.0,1.0,0.0,5.0,0.800000011920929,2.0,0.5,1.0,brayden carlson
Kofi Mends,PG,LHMN,1.0,25.0,9.0,0.0,1.0,0.0,0.0,2.0,5.0,0.6000000238418579,2.0,0.5,2.0,kofi mends
Jaden Mathis,SF,WHTR,2.0,24.0,9.0,1.0,0.5,1.5,0.0,2.5,8.5,0.3529411852359772,2.0,0.25,0.0,jaden mathis
Anthony Ciola,PG,FRN,1.0,22.0,9.0,2.0,0.0,0.0,0.0,3.0,9.0,0.3333333432674408,0.0,0.0,3.0,anthony ciola
Isaiah McCallum,SF,PQC,1.0,28.0,9.0,7.0,1.0,1.0,0.0,0.0,11.0,0.27272728085517883,4.0,0.75,4.0,isaiah mccallum
Sananda Fru,SF,LOU,35.0,22.0,9.0,6.114286,1.2285714,0.4857143,1.4285715,0.114285715,4.857143,0.7529411911964417,2.5714285,0.6111111044883728,1.4,sananda fru
Trey Simpson,SF,KENN,35.0,25.571428,9.0,4.9428573,0.5714286,0.82857144,1.2571429,1.6571429,7.0571427,0.4291498064994812,1.9142857,0.6716417670249939,1.2,trey simpson
Carson Jones,PG,OKCU,1.0,28.0,9.0,2.0,0.0,0.0,0.0,0.0,14.0,0.2857142984867096,2.0,0.5,1.0,carson jones
Roderick Williams Jr.,SF,SAR,1.0,21.0,9.0,5.0,0.0,0.0,0.0,1.0,5.0,0.800000011920929,0.0,0.0,0.0,roderick williams jr
Colin Hayes,PG,WUUT,2.0,26.5,9.0,3.0,2.0,1.0,0.5,0.0,5.5,0.3636363744735718,8.0,0.625,4.5,colin hayes
Dra Uperesa-Thomas,SF,WLMT,1.0,15.0,9.0,2.0,0.0,1.0,0.0,2.0,5.0,0.6000000238418579,2.0,0.5,3.0,dra uperesa thomas
Aidan Carleson,PG,UCSC,2.0,18.0,9.0,1.5,1.0,1.5,0.0,1.5,5.0,0.699999988079071,0.5,1.0,1.5,aidan carleson
JaRayl Peoples,SF,MCM,1.0,28.0,9.0,4.0,1.0,1.0,1.0,1.0,10.0,0.30000001192092896,2.0,1.0,0.0,jarayl peoples
Tochi Onyeador,C,WHTR,2.0,26.5,9.0,7.0,0.0,0.5,1.0,0.0,6.5,0.4615384638309479,6.0,0.5,1.0,tochi onyeador
Bryce Ware,PG,EVU,1.0,28.0,9.0,3.0,0.0,0.0,0.0,0.0,14.0,0.2857142984867096,1.0,1.0,2.0,bryce ware
Jasmin Suvalija,PG,UHSP,1.0,21.0,9.0,5.0,0.0,0.0,0.0,0.0,13.0,0.23076923191547394,3.0,1.0,3.0,jasmin suvalija
Mike Ewing,SF,MIT,1.0,22.0,9.0,0.0,0.0,1.0,0.0,1.0,6.0,0.3333333432674408,4.0,1.0,1.0,mike ewing
Kenneth Brown,SF,LYON,1.0,21.0,9.0,3.0,0.0,0.0,0.0,1.0,11.0,0.3636363744735718,0.0,0.0,2.0,kenneth brown
Tadarius Jacobs,PG,RUST,1.0,29.0,9.0,6.0,0.0,1.0,1.0,1.0,13.0,0.3076923191547394,0.0,0.0,1.0,tadarius jacobs
Nick Walker,SF,CAT,1.0,21.0,9.0,3.0,0.0,1.0,0.0,0.0,10.0,0.4000000059604645,2.0,0.5,1.0,nick walker
Kris King,PG,CHAM,3.0,29.666666,9.0,3.0,1.6666666,1.6666666,0.0,0.6666667,10.333333,0.3870967626571655,0.6666667,0.5,1.3333334,kris king
Craig Collier,PG,CTLA,1.0,20.0,9.0,3.0,1.0,0.0,0.0,1.0,6.0,0.3333333432674408,4.0,1.0,3.0,craig collier
Malachi McLean,PG,BRE,1.0,16.0,9.0,0.0,0.0,1.0,0.0,0.0,7.0,0.2857142984867096,5.0,1.0,2.0,malachi mclean
Garrett Hatcher,PG,BOYC,1.0,19.0,9.0,3.0,1.0,0.0,0.0,1.0,7.0,0.5714285969734192,0.0,0.0,2.0,garrett hatcher
Kason White,PG,ULV,1.0,14.0,9.0,2.0,1.0,0.0,2.0,1.0,6.0,0.6666666865348816,0.0,0.0,1.0,kason white
CJ Walls,PG,HNVR,1.0,30.0,9.0,3.0,2.0,0.0,0.0,1.0,12.0,0.25,3.0,0.6666666865348816,2.0,cj walls
Will Laplante III,PG,WNE,1.0,17.0,9.0,1.0,0.0,0.0,0.0,3.0,8.0,0.375,0.0,0.0,0.0,will laplante iii
Jaylen Jeter,PG,BCKB,1.0,21.0,9.0,1.0,3.0,1.0,0.0,3.0,11.0,0.27272728085517883,0.0,0.0,1.0,jaylen jeter
Turner Duncan,PG,CTBR,1.0,20.0,9.0,1.0,0.0,0.0,0.0,2.0,6.0,0.5,2.0,0.5,1.0,turner duncan
Joe Haze Austin,SF,MUW,1.0,30.0,9.0,5.0,3.0,2.0,1.0,0.0,7.0,0.4285714328289032,4.0,0.75,0.0,joe haze austin
Tyler Shephard,PG,MUW,1.0,34.0,9.0,2.0,1.0,3.0,0.0,1.0,12.0,0.3333333432674408,0.0,0.0,7.0,tyler shephard
Terrance Ramirez,PG,MWSU,1.0,26.0,9.0,1.0,0.0,2.0,0.0,1.0,7.0,0.4285714328289032,2.0,1.0,3.0,terrance ramirez
Merquiche Lewis,SF,MOBU,1.0,18.0,9.0,0.0,0.0,1.0,0.0,1.0,6.0,0.6666666865348816,0.0,0.0,1.0,merquiche lewis
Nicholas Gouriotis,SF,LAW,1.0,22.0,9.0,7.0,1.0,0.0,1.0,1.0,12.0,0.3333333432674408,0.0,0.0,1.0,nicholas gouriotis
Barack Holland,PG,OLLU,1.0,16.0,9.0,2.0,0.0,1.0,0.0,0.0,8.0,0.375,3.0,1.0,1.0,barack holland
Sydney Natche,PG,GFU,1.0,16.0,9.0,2.0,1.0,0.0,0.0,1.0,6.0,0.3333333432674408,4.0,1.0,2.0,sydney natche
Rohan Pearson,PG,FRKL,1.0,17.0,9.0,3.0,0.0,1.0,0.0,0.0,6.0,0.6666666865348816,3.0,0.3333333432674408,2.0,rohan pearson
Marius Canery,PG,AUM,1.0,18.0,9.0,1.0,2.0,0.0,1.0,1.0,12.0,0.3333333432674408,0.0,0.0,3.0,marius canery
Joseph Baldwin,SF,SHEN,1.0,19.0,9.0,3.0,0.0,0.0,0.0,1.0,6.0,0.6666666865348816,0.0,0.0,2.0,joseph baldwin
Damar Jenkins,PG,CUST,1.0,17.0,9.0,0.0,1.0,2.0,0.0,1.0,9.0,0.3333333432674408,2.0,1.0,2.0,damar jenkins
Dan Mason,SF,ROW,1.0,18.0,9.0,5.0,1.0,0.0,3.0,3.0,5.0,0.6000000238418579,0.0,0.0,2.0,dan mason
JD Talley,PG,MCP,1.0,19.0,9.0,5.0,0.0,0.0,2.0,0.0,6.0,0.6666666865348816,1.0,1.0,1.0,jd talley
Alileyon Ford,PG,CCSC,2.0,16.5,9.0,6.0,1.0,1.0,0.0,1.5,8.5,0.29411765933036804,4.0,0.625,2.5,alileyon ford
Sylas Williams,SF,UAA,1.0,28.0,9.0,3.0,0.0,1.0,0.0,1.0,10.0,0.30000001192092896,2.0,1.0,1.0,sylas williams
Brandon Moore,PG,WVUT,1.0,27.0,9.0,5.0,3.0,1.0,0.0,0.0,11.0,0.1818181872367859,7.0,0.7142857313156128,2.0,brandon moore
Aidan Rolfs,SF,SUCA,1.0,24.0,9.0,1.0,0.0,1.0,1.0,3.0,5.0,0.6000000238418579,0.0,0.0,3.0,aidan rolfs
Kipp Richvine,PG,CTON,1.0,34.0,9.0,4.0,1.0,4.0,1.0,0.0,18.0,0.2222222238779068,3.0,0.3333333432674408,5.0,kipp richvine
Arzhonte Dallas,PG,CAMR,1.0,30.0,9.0,0.0,1.0,1.0,0.0,3.0,9.0,0.3333333432674408,0.0,0.0,6.0,arzhonte dallas
Spencer Swenson,SF,MNCR,1.0,23.0,9.0,4.0,1.0,1.0,3.0,1.0,8.0,0.5,0.0,0.0,3.0,spencer swenson
Khalil Green,PG,GCSU,1.0,21.0,9.0,1.0,2.0,1.0,0.0,1.0,15.0,0.20000000298023224,3.0,0.6666666865348816,2.0,khalil green
Jayden Broadnax,SF,IUC,1.0,30.0,9.0,3.0,3.0,1.0,1.0,1.0,3.0,1.0,4.0,0.5,3.0,jayden broadnax
Kai Harvey,PG,SNYD,1.0,17.0,9.0,1.0,1.0,0.0,0.0,1.0,8.0,0.5,0.0,0.0,1.0,kai harvey
Namisse Musonge,PG,WIDE,1.0,18.0,9.0,3.0,0.0,0.0,1.0,0.0,7.0,0.5714285969734192,1.0,1.0,1.0,namisse musonge
Zachary Pollaro,PG,FRN,1.0,17.0,9.0,3.0,0.0,1.0,0.0,2.0,7.0,0.2857142984867096,4.0,0.75,0.0,zachary pollaro
Tamir Powell,PG,PSAB,2.0,23.5,9.0,3.5,0.5,1.5,1.0,0.0,7.5,0.46666666865348816,2.5,0.800000011920929,0.5,tamir powell
Jalen Duff,PG,FP,1.0,22.0,9.0,3.0,4.0,0.0,1.0,1.0,6.0,0.6666666865348816,0.0,0.0,2.0,jalen duff
Erick Perez,PG,FP,1.0,27.0,9.0,5.0,2.0,1.0,0.0,3.0,7.0,0.4285714328289032,0.0,0.0,1.0,erick perez
JJ Rueckert,SF,TWU,2.0,21.0,9.0,3.5,0.5,0.5,1.0,0.5,6.0,0.6666666865348816,0.5,1.0,2.0,jj rueckert
Erik Kubelka,PG,SJLI,1.0,9.0,9.0,2.0,1.0,0.0,0.0,3.0,5.0,0.6000000238418579,0.0,0.0,2.0,erik kubelka
Kentrell Evans,SF,FDSU,1.0,21.0,9.0,6.0,1.0,0.0,1.0,0.0,9.0,0.4444444477558136,1.0,1.0,1.0,kentrell evans
AJ Robinson,PG,UCC,1.0,19.0,9.0,3.0,1.0,1.0,1.0,0.0,6.0,0.6666666865348816,2.0,0.5,4.0,aj robinson
Isaiah Baker,PG,WVWC,1.0,23.0,9.0,4.0,1.0,1.0,1.0,1.0,7.0,0.4285714328289032,2.0,1.0,0.0,isaiah baker
Myles Griffith,PG,PSNK,1.0,25.0,9.0,2.0,1.0,2.0,0.0,1.0,8.0,0.5,0.0,0.0,3.0,myles griffith
Tommy Coletti,PG,GEN,1.0,26.0,9.0,3.0,1.0,0.0,0.0,1.0,7.0,0.4285714328289032,2.0,1.0,3.0,tommy coletti
Ryan Rangel,PG,ECMA,1.0,21.0,9.0,2.0,4.0,1.0,0.0,0.0,8.0,0.375,4.0,0.75,2.0,ryan rangel
Henry Meyer,PG,UJ,1.0,21.0,9.0,2.0,1.0,0.0,0.0,1.0,6.0,0.5,2.0,1.0,1.0,henry meyer
Winston Raford,PG,WLSN,1.0,25.0,9.0,2.0,1.0,1.0,0.0,2.0,9.0,0.2222222238779068,3.0,1.0,1.0,winston raford
Jordan Lambert,PG,VSU,1.0,21.0,9.0,3.0,1.0,0.0,0.0,1.0,7.0,0.2857142984867096,5.0,0.800000011920929,1.0,jordan lambert
Brody Emberton,PG,ARTE,1.0,27.0,9.0,5.0,1.0,1.0,0.0,1.0,6.0,0.5,2.0,1.0,1.0,brody emberton
Sam Bradford,PG,ARTE,1.0,15.0,9.0,5.0,0.0,0.0,0.0,0.0,8.0,0.5,1.0,1.0,3.0,sam bradford
Dane Moran,SF,DKSN,1.0,21.0,9.0,6.0,0.0,1.0,0.0,1.0,12.0,0.3333333432674408,2.0,0.0,1.0,dane moran
Aviyon Matthews,SG,UMA,1.0,19.0,9.0,3.0,3.0,1.0,0.0,1.0,10.0,0.4000000059604645,1.0,0.0,3.0,aviyon matthews
Jacob Dunkle,SF,PSBH,1.0,24.0,9.0,5.0,2.0,0.0,0.0,1.0,10.0,0.4000000059604645,1.0,0.0,2.0,jacob dunkle
Kendale Johnson,PG,ABSU,1.0,21.0,9.0,2.0,0.0,1.0,0.0,2.0,7.0,0.4285714328289032,1.0,1.0,1.0,kendale johnson
Lorenzo Lentini,PG,PUC,1.0,25.0,9.0,1.0,1.0,0.0,0.0,3.0,7.0,0.4285714328289032,0.0,0.0,6.0,lorenzo lentini
Mason Sword,PG,MOBL,1.0,25.0,9.0,4.0,0.0,1.0,1.0,3.0,9.0,0.3333333432674408,0.0,0.0,1.0,mason sword
Brooklyn Hicks,PG,MONT,34.0,22.088236,8.970589,3.8235295,0.88235295,0.85294116,0.0882353,1.2647059,6.9411764,0.4661017060279846,1.7647059,0.699999988079071,1.0294118,brooklyn hicks
Eli Beard,PG,DREX,33.0,26.424242,8.969697,2.2121212,2.060606,0.8484849,0.060606062,1.939394,6.848485,0.4159291982650757,1.6363636,0.8148148059844971,1.3333334,eli beard
Comeh Emuobor,PG,UNH,28.0,18.857143,8.964286,4.321429,0.60714287,0.60714287,0.071428575,0.10714286,8.357142,0.41025641560554504,3.0714285,0.6511628031730652,1.5714285,comeh emuobor
Deywilk Tavarez,PG,LUC,33.0,22.787878,8.939394,2.3333333,1.8181819,0.57575756,0.060606062,2.0,8.393939,0.34296029806137085,1.3333334,0.8863636255264282,1.4545455,deywilk tavarez
Cade Norris,PG,SAM,32.0,30.625,8.9375,4.625,2.0625,0.5625,0.09375,1.375,6.34375,0.4532019793987274,2.375,0.7631579041481018,0.84375,cade norris
Karl Poom,SF,NAU,32.0,19.59375,8.9375,3.34375,1.21875,0.28125,0.0625,0.5625,6.625,0.5,3.21875,0.5436893105506897,1.65625,karl poom
Chol Machot,C,COFC,32.0,19.75,8.9375,5.5,0.1875,0.4375,2.46875,0.1875,5.75,0.592391312122345,2.84375,0.6813187003135681,1.46875,chol machot
Tidjiane Dioumassi,PG,WCU,29.0,24.172413,8.931034,2.724138,2.689655,0.7586207,0.03448276,0.82758623,7.7586207,0.4399999976158142,1.7586207,0.7254902124404907,1.7241379,tidjiane dioumassi
Freddy Hicks,PG,TAR,26.0,27.038462,8.923077,5.1538463,1.9615384,1.3076923,0.53846157,0.26923078,6.5384617,0.38823530077934265,5.1538463,0.6940298676490784,1.8076923,freddy hicks
Anthony Robinson II,PG,MIZ,33.0,27.060606,8.909091,3.090909,2.969697,1.6363636,0.3030303,1.0,6.939394,0.4104803502559662,3.3030303,0.6697247624397278,1.6363636,anthony robinson ii
Jaehshon Thomas,PG,DRKE,33.0,21.333334,8.909091,2.1818182,1.5151515,0.54545456,0.060606062,1.0,7.7272725,0.3960784375667572,2.3333333,0.7662337422370911,0.8181818,jaehshon thomas
Jackson Furman,PG,ARMY,32.0,23.5,8.90625,3.34375,1.3125,0.625,0.125,1.875,8.125,0.36153846979141235,1.40625,0.8222222328186035,1.71875,jackson furman
Jaden Daughtry,SF,RICH,31.0,15.806452,8.903226,2.967742,0.61290324,0.7741935,0.12903225,0.7741935,6.580645,0.5196078419685364,2.1612904,0.5970149040222168,1.3870968,jaden daughtry
Quinton Perkins II,PG,MER,28.0,23.535715,8.892858,1.5714285,1.6071428,0.8214286,0.35714287,1.8214285,7.25,0.4285714328289032,1.0,0.8571428656578064,1.0714285,quinton perkins ii
Jalen Washington,C,VAN,36.0,20.555555,8.888889,5.638889,0.8888889,0.5833333,1.2777778,0.2777778,5.5277777,0.5628140568733215,3.2222223,0.7413793206214905,0.8888889,jalen washington
Jermaine Ballisager Webb,C,PORT,34.0,19.764706,8.882353,4.3235292,1.4117647,0.20588236,0.61764705,0.64705884,5.7941175,0.5177664756774902,3.1470587,0.7102803587913513,1.2352941,jermaine ballisager webb
Fazl Oshodi,PG,SOU,34.0,20.235294,8.882353,1.3529412,0.7058824,1.0588236,0.1764706,1.7941177,7.5882354,0.41085270047187805,0.9117647,0.9354838728904724,0.47058824,fazl oshodi
Magoon Gwath,SF,SDSU,25.0,19.0,8.88,4.32,0.32,0.44,1.48,0.8,6.24,0.5192307829856873,2.64,0.6060606241226196,1.48,magoon gwath
Jayland Randall,PG,NMSU,32.0,19.84375,8.875,3.125,0.71875,0.6875,0.3125,1.25,7.59375,0.36213991045951843,2.5625,0.8292682766914368,0.5625,jayland randall
Binael Basil,SF,WAG,30.0,22.6,8.866667,6.0666666,1.1333333,0.46666667,0.5,0.16666667,6.2,0.5591397881507874,3.1333334,0.563829779624939,1.4666667,binael basil
Dominic Pangonis,PG,WRST,34.0,27.088236,8.8529415,2.5588236,1.1470588,0.7647059,0.1764706,1.0882353,6.0,0.47058823704719543,2.8823528,0.7346938848495483,1.0294118,dominic pangonis
Arnas Sakenis,C,SIUE,32.0,24.5625,8.84375,4.9375,0.5625,0.6875,2.34375,0.03125,5.59375,0.6368715167045593,2.84375,0.593406617641449,0.78125,arnas sakenis
Finley Woodward,SF,IUIN,32.0,30.75,8.84375,5.3125,6.28125,0.875,0.34375,0.0,7.53125,0.5145228505134583,1.59375,0.686274528503418,2.1875,finley woodward
Martin Kalu,PG,COFC,32.0,26.78125,8.84375,4.21875,0.75,0.875,0.125,1.1875,7.25,0.37931033968925476,2.75,0.7840909361839294,0.96875,martin kalu
Wilson Jacques,C,FRES,32.0,27.375,8.84375,8.75,1.0625,0.8125,0.78125,0.125,7.03125,0.48444443941116333,2.5625,0.7439024448394775,1.59375,wilson jacques
Harold Woods,PG,UIW,31.0,30.32258,8.83871,6.774194,1.2903225,1.0967742,0.38709676,0.516129,6.806452,0.48341232538223267,2.580645,0.675000011920929,1.516129,harold woods
Matt Able,PG,NCSU,34.0,21.735294,8.823529,3.4411764,0.9411765,1.2352941,0.32352942,1.4411764,7.352941,0.41600000858306885,1.5882353,0.7962962985038757,0.9411765,matt able
Jamison Guerra,PG,IDST,33.0,25.60606,8.818182,2.2727273,3.8484848,0.6363636,0.121212125,1.030303,6.7272725,0.4234234094619751,2.6666667,0.7840909361839294,1.4848485,jamison guerra
Mouhamed Dioubate,SF,UK,31.0,21.580645,8.806452,5.516129,1.0,0.9677419,1.0,0.19354838,5.774194,0.5418994426727295,3.612903,0.6517857313156128,0.83870965,mouhamed dioubate
Travelle Bryson,SF,HOW,31.0,18.64516,8.806452,3.3548386,0.9032258,0.516129,0.29032257,0.5483871,7.387097,0.471615731716156,1.5806452,0.8163265585899353,0.7419355,travelle bryson
Conrad Martinez,PG,HPU,36.0,21.805555,8.805555,1.4166666,3.3333333,1.3888888,0.027777778,1.0833334,6.1944447,0.4529148042201996,2.5,0.8444444537162781,1.1111112,conrad martinez
Karson Templin,SF,USU,36.0,19.027779,8.805555,4.1944447,0.8055556,0.7777778,0.8888889,0.5833333,6.138889,0.5022624731063843,3.1388888,0.6548672318458557,0.9722222,karson templin
Will Berg,C,WICH,35.0,21.914286,8.8,8.142858,0.6571429,0.4,1.2857143,0.0,5.3142858,0.5591397881507874,4.142857,0.6896551847457886,1.0571429,will berg
Tre Dinkins,PG,GW,35.0,21.142857,8.8,1.7142857,1.8285714,0.45714286,0.14285715,2.2285714,7.1714287,0.38645419478416443,1.2857143,0.800000011920929,1.1714286,tre dinkins
Caleb Williams,SF,GTWN,33.0,30.0,8.787879,5.121212,1.4848485,0.54545456,0.21212122,1.3030303,6.909091,0.44736841320991516,1.7272727,0.7543859481811523,0.8484849,caleb williams
Tyrone Marshall Jr.,SF,GW,33.0,23.575758,8.787879,4.6363635,1.969697,1.2727273,0.72727275,0.6363636,6.3333335,0.5167464017868042,2.4545455,0.654321014881134,1.6060606,tyrone marshall jr
Isaiah Cottrell,SF,SUU,32.0,25.40625,8.78125,5.78125,1.34375,0.53125,1.40625,0.34375,7.34375,0.42553192377090454,3.09375,0.7070707082748413,1.375,isaiah cottrell
Demarion Burch,PG,BRAD,26.0,23.038462,8.769231,2.1538463,0.96153843,0.5769231,0.1923077,0.96153843,8.192307,0.40375587344169617,2.0384614,0.5849056839942932,0.9230769,demarion burch
Dorian Hayes,PG,UTSA,26.0,30.153847,8.769231,1.7692307,1.8461539,0.84615386,0.115384616,2.1153846,8.192307,0.3380281627178192,1.5769231,0.707317054271698,1.3076923,dorian hayes
Arthur Cox,SF,FDU,29.0,20.137932,8.75862,3.689655,1.2758621,0.44827586,0.3448276,0.6551724,6.448276,0.4385026693344116,3.137931,0.7802197933197021,1.5862069,arthur cox
Gus Etchison,PG,IDST,32.0,13.25,8.75,1.4375,2.09375,0.46875,0.0625,1.09375,7.03125,0.4533333480358124,1.9375,0.6612903475761414,1.1875,gus etchison
Sam Alexis,SF,IU,32.0,21.28125,8.75,4.75,1.21875,0.3125,1.1875,0.0625,5.1875,0.6867470145225525,2.15625,0.7246376872062683,1.0,sam alexis
Walter Peggs Jr.,PG,MORG,28.0,19.25,8.75,2.0357144,0.71428573,0.39285713,0.0,1.6785715,7.214286,0.3910891115665436,1.75,0.8163265585899353,0.6785714,walter peggs jr
Jerquarius Stanback,SF,ALST,32.0,24.5625,8.75,5.84375,0.6875,1.0625,2.03125,0.09375,6.46875,0.52173912525177,2.8125,0.6777777671813965,1.5,jerquarius stanback
Evan Chatman,SF,UAB,32.0,28.90625,8.75,8.78125,1.0625,0.8125,0.8125,0.6875,6.78125,0.43317973613739014,3.1875,0.686274528503418,0.5625,evan chatman
Mikah Ballew,PG,PORT,31.0,23.64516,8.741936,1.8709677,0.9354839,0.6451613,0.06451613,1.6129032,7.2580647,0.3466666638851166,2.580645,0.8125,1.2580645,mikah ballew
BJ Kolly,SF,UCR,30.0,24.433332,8.733334,5.5333333,1.3666667,0.6333333,1.3666667,0.0,6.3,0.523809552192688,2.7666667,0.7710843086242676,2.4666667,bj kolly
Duane Posey,PG,TXSO,26.0,20.538462,8.730769,5.5,0.53846157,0.42307693,0.34615386,0.03846154,6.0384617,0.5095541477203369,3.3461537,0.7586206793785095,1.0769231,duane posey
Jacobe Coleman,PG,SHSU,33.0,21.787878,8.727273,2.4848485,1.5757576,0.4848485,0.0,1.3636364,7.060606,0.46351930499076843,1.1818181,0.692307710647583,0.93939394,jacobe coleman
TJ Williams,PG,WICH,35.0,22.057142,8.714286,5.0285716,1.4857143,0.6571429,0.2,0.028571429,6.742857,0.4661017060279846,3.5142858,0.6829268336296082,1.3142858,tj williams
Brendan Coyle,SF,SIE,35.0,30.542856,8.714286,4.6,0.94285715,0.5714286,0.14285715,2.0285714,7.9142857,0.3393501937389374,1.6,0.8214285969734192,1.0285715,brendan coyle
Donovan Draper,SF,NAVY,32.0,26.90625,8.6875,6.625,2.53125,2.09375,0.59375,0.15625,6.875,0.4545454680919647,2.875,0.79347825050354,1.8125,donovan draper
Kaden Gumbs,PG,TXST,32.0,28.40625,8.6875,2.84375,3.0,1.875,0.15625,0.59375,6.5625,0.4809523820877075,2.15625,0.8260869383811951,2.1875,kaden gumbs
Nyk Lewis,PG,VCU,35.0,23.657143,8.685715,4.457143,1.6,1.1428572,0.028571429,1.3142858,6.2285714,0.4082568883895874,3.057143,0.7476635575294495,0.9714286,nyk lewis
Mannie Harris,PG,COGA,3.0,24.333334,8.666667,4.0,2.0,0.33333334,0.0,1.3333334,6.6666665,0.30000001192092896,4.0,0.8333333134651184,2.3333333,mannie harris
Melvin Bell Jr.,PG,SJSU,33.0,33.454544,8.666667,4.060606,0.54545456,0.90909094,0.030303031,0.5151515,6.848485,0.4115044176578522,4.030303,0.6240601539611816,1.1515151,melvin bell jr
Chris Berry,SF,UFTL,3.0,23.666666,8.666667,1.3333334,2.0,2.3333333,0.33333334,0.6666667,11.0,0.3030303120613098,2.0,0.6666666865348816,0.6666667,chris berry
Adrian Body II,PG,UFTL,3.0,19.666666,8.666667,2.0,1.6666666,1.0,0.0,1.3333334,6.6666665,0.550000011920929,0.0,0.0,1.0,adrian body ii
Lukas Morgan,SF,DKSU,3.0,22.333334,8.666667,2.0,2.0,1.3333334,0.0,0.33333334,9.0,0.37037035822868347,3.0,0.5555555820465088,1.3333334,lukas morgan
Adrian Wooley,PG,LOU,35.0,22.457144,8.657143,3.9142857,1.7714286,0.6857143,0.057142857,1.1714286,6.542857,0.4497816562652588,2.057143,0.7777777910232544,1.1142857,adrian wooley
Rashund Washington Jr.,PG,UIC,35.0,23.057142,8.657143,4.9714284,0.71428573,0.62857145,0.4,0.8,6.1714287,0.5231481194496155,1.8571428,0.7538461685180664,1.2,rashund washington jr
Bryce Quinet,PG,EVAN,32.0,27.03125,8.65625,2.0625,2.40625,1.03125,0.0625,0.71875,7.40625,0.40928271412849426,2.625,0.7142857313156128,1.84375,bryce quinet
Tae Dozier,PG,NKU,34.0,28.852942,8.6470585,5.2058825,2.264706,1.617647,1.2352941,1.1764706,6.470588,0.4909090995788574,1.6764706,0.6666666865348816,0.9411765,tae dozier
T.O. Barrett,PG,MIZ,33.0,22.787878,8.636364,2.7272727,3.0,1.1818181,0.21212122,0.27272728,6.848485,0.4601770043373108,2.6060605,0.7906976938247681,2.090909,t o barrett
Davis Fogle,PG,GONZ,30.0,16.766666,8.633333,3.1333334,1.3333334,0.7,0.46666667,0.46666667,6.366667,0.518324613571167,2.1666667,0.7230769395828247,0.6666667,davis fogle
Zaakir Williamson,SF,SPU,27.0,23.37037,8.62963,5.0,0.9259259,0.8518519,0.962963,0.14814815,6.9259257,0.48128342628479004,2.4444444,0.7424242496490479,1.4074074,zaakir williamson
Donovan Rivers,SF,JAX,32.0,20.0625,8.625,4.625,0.625,0.28125,0.4375,0.0,5.6875,0.5494505763053894,3.6875,0.6440678238868713,1.59375,donovan rivers
D'Aundre Samuels,PG,HCU,32.0,22.28125,8.625,3.25,2.0,1.03125,0.34375,1.28125,7.875,0.3968254029750824,1.40625,0.7777777910232544,1.71875,d aundre samuels
Aaron Bradshaw,SF,MEM,29.0,18.896551,8.620689,4.2413793,0.55172414,0.51724136,0.55172414,0.31034482,5.793103,0.5357142686843872,2.724138,0.7721518874168396,1.4482758,aaron bradshaw
Damon Nicholas Jr.,PG,SHSU,34.0,27.147058,8.617647,5.470588,1.8235294,1.117647,0.11764706,0.7352941,7.2647057,0.4412955343723297,1.7941177,0.8196721076965332,1.1470588,damon nicholas jr
Okku Federiko,SF,DRKE,34.0,23.235294,8.617647,4.7941175,1.5294118,0.5882353,1.0294118,0.44117647,6.0882354,0.52173912525177,2.9117646,0.6262626051902771,1.2352941,okku federiko
Eli Ellis,PG,SC,28.0,26.785715,8.607142,2.7857144,1.9642857,0.8214286,0.035714287,0.8214286,7.392857,0.3864734172821045,2.357143,0.8787878751754761,0.96428573,eli ellis
Issac Williamson,PG,UNLV,33.0,23.0,8.606061,1.7575758,1.1515151,0.8484849,0.24242425,1.3030303,7.3030305,0.3900415003299713,2.3939395,0.6708860993385315,1.4848485,issac williamson
Mario Saint-Supery,PG,GONZ,35.0,23.028572,8.6,2.8,3.8,1.3142858,0.114285715,1.3714286,6.542857,0.4104803502559662,2.1142857,0.8783783912658691,1.4857143,mario saint supery
Killyan Toure,PG,ISU,37.0,25.297297,8.594595,3.4594595,2.2702703,1.4594594,0.1891892,0.7027027,7.0540543,0.4597701132297516,1.945946,0.7222222089767456,1.6756756,killyan toure
Jalen Celestine,PG,CIN,32.0,23.78125,8.59375,3.125,1.3125,0.90625,0.25,2.1875,7.0,0.4241071343421936,0.71875,0.6521739363670349,0.71875,jalen celestine
Dionte Johnson,PG,NCCU,32.0,30.78125,8.59375,3.96875,5.125,2.34375,0.0,0.875,6.875,0.41818180680274963,2.5625,0.7682926654815674,2.375,dionte johnson
Nick Woodard,SF,ALCN,32.0,28.625,8.59375,4.1875,1.28125,0.46875,0.59375,1.0,8.0,0.40234375,1.875,0.6166666746139526,1.59375,nick woodard
JJ Kelly,PG,OHIO,31.0,26.612904,8.580646,3.8064516,0.58064514,0.87096775,0.83870965,0.7741935,6.451613,0.5199999809265137,1.4193548,0.7727272510528564,0.9032258,jj kelly
Jo'el Emanuel,SF,W&M,31.0,21.967741,8.548388,3.032258,1.5806452,0.8064516,0.38709676,0.4516129,4.935484,0.5359477400779724,4.032258,0.6959999799728394,1.2580645,jo el emanuel
Damarco Minor,PG,PITT,33.0,32.030304,8.545455,3.7575758,3.4242425,1.2424242,0.3030303,1.6666666,7.181818,0.3670886158943176,1.8181819,0.8833333253860474,1.4848485,damarco minor
Kellen Pickett,SF,WRST,35.0,22.885714,8.542857,5.4,1.0857143,0.45714286,1.3142858,0.4,5.6571426,0.5555555820465088,2.5428572,0.7303370833396912,1.0,kellen pickett
Jalen Cooper,SF,EKU,24.0,23.416666,8.541667,6.5,0.9166667,0.9166667,0.6666667,0.5,6.25,0.5199999809265137,2.3333333,0.6607142686843872,1.4583334,jalen cooper
Dwayne Pierce,PG,NCAT,24.0,27.875,8.541667,2.3333333,2.6666667,0.5833333,0.16666667,1.1666666,8.25,0.34343433380126953,2.75,0.6212121248245239,2.125,dwayne pierce
Kaleb Washington,SF,FAMU,28.0,20.5,8.535714,3.142857,1.4285715,1.3571428,0.4642857,0.5,7.071429,0.43939393758773804,2.357143,0.7727272510528564,2.0,kaleb washington
JJ Massaquoi,PG,UML,30.0,16.733334,8.533334,2.8333333,0.36666667,0.26666668,0.06666667,0.033333335,6.766667,0.5024630427360535,2.5666666,0.6623376607894897,1.1333333,jj massaquoi
Tahlan Pettway,PG,WCU,30.0,22.066668,8.533334,2.1666667,2.3333333,0.93333334,0.0,1.6666666,6.733333,0.4306930601596832,1.4,0.761904776096344,1.3,tahlan pettway
Ring Nyeri,SF,UNCO,32.0,25.8125,8.53125,6.34375,0.625,0.5,0.875,0.75,6.59375,0.5355450510978699,1.15625,0.6216216087341309,0.90625,ring nyeri
LJ Hackman,PG,WKU,32.0,21.625,8.53125,2.875,1.59375,1.25,0.0625,0.625,6.4375,0.39320388436317444,3.625,0.7844827771186829,1.0625,lj hackman
Efe Demirel,C,GCU,32.0,22.46875,8.53125,5.25,0.34375,0.53125,1.09375,0.0,5.0625,0.6296296119689941,2.875,0.75,1.3125,efe demirel
Brandon Jennings,PG,VCU,36.0,24.86111,8.527778,3.5833333,2.1111112,1.6666666,0.8333333,0.6944444,6.0,0.43518519401550293,3.0555556,0.8545454740524292,1.3333334,brandon jennings
Gerard O'Keefe,PG,COLU,27.0,21.62963,8.518518,1.8518518,1.037037,0.25925925,0.0,1.5555556,6.5185184,0.4886363744735718,0.8518519,0.695652186870575,0.6296296,gerard o keefe
Jack Smiley,PG,BEL,31.0,17.258064,8.5161295,1.9354838,2.612903,0.48387095,0.032258064,1.4193548,6.387097,0.47979798913002014,1.1935484,0.8108108043670654,1.1935484,jack smiley
Tom House,PG,FUR,33.0,25.181818,8.515152,2.8181818,1.6666666,0.4848485,0.121212125,1.5757576,7.090909,0.3632478713989258,2.121212,0.8428571224212646,0.72727275,tom house
Blake Buchanan,SF,ISU,37.0,24.486486,8.513514,5.7027025,1.6756756,0.8108108,0.9189189,0.0,5.864865,0.6359447240829468,2.1351352,0.49367088079452515,1.1081082,blake buchanan
Montana Wheeler,PG,BRAD,34.0,22.264706,8.5,1.1470588,2.8235295,0.5588235,0.0,1.0294118,6.970588,0.4261603355407715,2.1470587,0.7123287916183472,0.9705882,montana wheeler
Max Peeler,PG,ERSK,2.0,27.0,8.5,1.5,0.5,0.5,0.0,2.5,7.5,0.4000000059604645,0.0,0.0,0.5,max peeler
Doug Smith,SF,PFEI,2.0,20.5,8.5,4.0,1.5,0.5,0.5,0.0,6.0,0.6666666865348816,1.0,0.5,1.5,doug smith
Paul Minjoth,PG,TASA,2.0,21.0,8.5,2.5,0.5,0.0,0.0,2.5,8.0,0.3125,1.0,1.0,1.5,paul minjoth
Eddie Placer,PG,WAG,30.0,25.733334,8.5,2.3666666,1.3333334,0.5,0.06666667,1.7666667,7.4,0.3918918967247009,1.2,0.7777777910232544,1.0666667,eddie placer
Bobby McWard,PG,COCU,2.0,15.5,8.5,0.5,0.0,0.0,0.0,2.0,4.0,0.75,0.5,1.0,0.5,bobby mcward
Cooper Nailor,PG,COE,2.0,27.5,8.5,3.0,3.5,1.5,0.5,1.5,7.0,0.4285714328289032,1.0,1.0,5.5,cooper nailor
CJ McCord,SF,ECSU,2.0,13.5,8.5,0.5,0.0,1.5,0.0,2.5,4.5,0.6666666865348816,0.0,0.0,1.0,cj mccord
Ben Phillip,PG,HWPU,2.0,16.5,8.5,0.0,1.0,1.0,1.0,1.0,7.0,0.4285714328289032,2.0,0.75,2.5,ben phillip
Tim Oboh,C,BUF,32.0,21.09375,8.5,4.875,0.3125,0.78125,1.46875,0.0,5.46875,0.6114285588264465,3.6875,0.49152541160583496,1.375,tim oboh
Joe Wimberly,PG,BTTN,2.0,17.5,8.5,0.5,3.0,5.0,0.0,0.5,10.0,0.3499999940395355,1.0,1.0,3.0,joe wimberly
George Kalatzis,SF,SHTU,2.0,21.0,8.5,1.0,2.5,1.0,1.0,1.5,8.5,0.4117647111415863,0.5,0.0,3.0,george kalatzis
Jackson Huxtable,SF,RHDS,2.0,18.0,8.5,2.0,1.5,0.5,1.0,0.5,8.0,0.375,2.5,0.800000011920929,3.0,jackson huxtable
Antoine Brown,PG,RGNT,2.0,15.5,8.5,1.0,0.0,0.5,0.0,0.5,8.0,0.5,0.0,0.0,0.5,antoine brown
Trent Rogers,PG,EOU,2.0,17.0,8.5,0.5,1.0,1.0,0.0,1.5,9.0,0.3333333432674408,1.0,1.0,0.5,trent rogers
Shannon Robinson,SF,HTU,2.0,25.0,8.5,2.5,0.0,1.5,0.5,0.0,10.0,0.3499999940395355,3.5,0.4285714328289032,2.0,shannon robinson
Jaycen Santucci,SF,GCTU,2.0,21.0,8.5,3.0,0.5,1.0,0.5,0.5,7.5,0.5333333611488342,0.0,0.0,1.0,jaycen santucci
Frank Paszkowski,SF,DMIL,2.0,19.0,8.5,2.0,0.5,0.5,1.0,2.5,10.0,0.25,1.5,0.6666666865348816,1.5,frank paszkowski
Colin Rice,SF,JWU,2.0,27.5,8.5,3.0,2.0,0.5,1.5,0.5,8.0,0.5,0.0,0.0,1.0,colin rice
Isiah Darden,SF,BTTN,2.0,17.0,8.5,5.0,0.0,0.5,0.5,0.5,8.0,0.4375,1.0,1.0,1.0,isiah darden
Logan Parker,PG,NGU,2.0,26.0,8.5,1.5,0.5,1.5,0.0,1.5,5.0,0.6000000238418579,1.5,0.6666666865348816,0.5,logan parker
Josh Seiler,PG,AVER,2.0,14.5,8.5,3.5,1.0,0.0,0.5,0.5,7.5,0.4000000059604645,2.5,0.800000011920929,3.0,josh seiler
Caleb Maurer,PG,IUE,2.0,22.0,8.5,1.5,0.5,1.0,0.5,2.5,8.0,0.375,0.0,0.0,0.5,caleb maurer
Mikey Johnson,PG,IUE,2.0,26.5,8.5,3.5,2.5,1.0,0.0,1.0,8.5,0.3529411852359772,2.0,0.75,5.5,mikey johnson
Junjie Wang,SF,SF,33.0,20.272728,8.484848,3.0,0.75757575,0.4848485,0.27272728,1.1515151,6.3333335,0.42583730816841125,2.5757575,0.7529411911964417,1.1515151,junjie wang
Matt Mayock,SF,AMER,31.0,28.774193,8.4838705,3.6774194,1.6451613,0.9354839,0.32258064,1.032258,6.516129,0.4653465449810028,1.6774193,0.8269230723381042,0.9677419,matt mayock
Taj Walters,PG,NIU,29.0,27.103449,8.4827585,5.448276,0.5862069,0.7241379,0.3448276,1.0689656,6.551724,0.4421052634716034,2.0689654,0.7833333611488342,1.3103448,taj walters
Kennard Davis Jr.,SF,BYU,32.0,29.5625,8.46875,2.6875,1.28125,1.09375,0.21875,1.65625,7.4375,0.3949579894542694,1.25,0.75,0.71875,kennard davis jr
Alex Cotton,PG,HOW,32.0,26.875,8.46875,3.0625,1.1875,1.03125,0.28125,2.25,7.5625,0.3595041334629059,1.15625,0.6756756901741028,0.78125,alex cotton
Braelon Bush,PG,CHST,26.0,25.807692,8.461538,1.9230769,3.1153846,1.2692307,0.0,1.0769231,7.8461537,0.38725489377975464,1.4230769,0.9189189076423645,1.3846154,braelon bush
Anthony Dell'Orso,PG,ARIZ,39.0,20.97436,8.461538,2.0,1.8461539,0.82051283,0.15384616,1.2820513,7.1282053,0.4064748287200928,1.6666666,0.8307692408561707,1.1538461,anthony dell orso
C.J. Cox,PG,PUR,39.0,24.435898,8.461538,2.7692308,1.2564102,0.51282054,0.102564104,1.5897436,6.6153846,0.45736435055732727,0.974359,0.8421052694320679,0.30769232,c j cox
Harrison Carrington,SF,UCI,35.0,17.028572,8.457143,3.8285713,0.8857143,0.5714286,0.14285715,0.114285715,5.4857144,0.5833333134651184,2.8857143,0.6732673048973083,0.6857143,harrison carrington
Isaiah Chappell,SF,UCD,33.0,24.121212,8.454545,4.6363635,0.969697,0.7878788,0.18181819,1.7575758,7.3030305,0.40248963236808777,1.3636364,0.6000000238418579,0.969697,isaiah chappell
Mario Tatum Jr.,PG,VMI,31.0,26.0,8.451612,2.0,1.3548387,0.67741936,0.09677419,0.87096775,7.516129,0.3948497772216797,2.548387,0.6455696225166321,0.58064514,mario tatum jr
Josiah Harris,SF,LAS,27.0,19.74074,8.444445,5.2222223,0.4074074,0.4074074,0.2962963,0.0,7.0740743,0.4554973840713501,2.851852,0.701298713684082,1.4814814,josiah harris
Vlad Salaridze,SF,YSU,27.0,17.703703,8.444445,4.259259,1.4814814,1.0,0.4074074,0.8148148,6.4074073,0.4450867176055908,2.4814816,0.7761194109916687,1.037037,vlad salaridze
Isaiah Langham,PG,BRWN,27.0,21.11111,8.444445,2.3703704,0.8888889,0.8888889,0.18518518,0.44444445,7.5925927,0.4292683005332947,2.1111112,0.7017543911933899,1.4074074,isaiah langham
Kyler Vanderjagt,PG,TOL,34.0,22.117647,8.441176,1.7058823,1.117647,1.117647,0.029411765,1.1470588,6.3235292,0.4558139443397522,1.9411764,0.7878788113594055,1.1764706,kyler vanderjagt
Kenyon Aguino,SF,MONT,34.0,23.5,8.441176,4.2058825,1.4705882,0.5,0.38235295,0.29411766,5.7352943,0.5538461804389954,2.5,0.7176470756530762,1.1764706,kenyon aguino
William Kyle III,SF,SYR,32.0,28.0625,8.4375,7.0625,0.90625,1.0,2.53125,0.0,5.15625,0.6606060862541199,3.3125,0.49056604504585266,1.03125,william kyle iii
Billy Smith,PG,UTC,32.0,22.9375,8.4375,2.84375,1.15625,0.5625,0.15625,2.0,7.8125,0.37599998712539673,0.8125,0.692307710647583,0.9375,billy smith
Joseph Tugler,SF,HOU,37.0,23.513514,8.432432,5.2702703,1.3243244,1.2702702,1.4864864,0.027027028,6.0540543,0.5758928656578064,2.0270271,0.7066666483879089,1.2702702,joseph tugler
Alvaro Folgueiras,SF,IOWA,37.0,20.756756,8.432432,3.6486487,2.1891892,0.8648649,0.24324325,0.972973,5.675676,0.5,2.3243244,0.7674418687820435,1.2432432,alvaro folgueiras
Dylan Brumfield,PG,USM,35.0,31.114286,8.428572,4.114286,3.0857143,1.2857143,0.34285715,0.114285715,6.3142858,0.4343891441822052,3.857143,0.7333333492279053,1.9142857,dylan brumfield
Hunter Erickson,PG,HAW,33.0,31.424242,8.424242,3.7878788,3.909091,0.8181818,0.45454547,1.2424242,6.4545455,0.44131454825401306,2.090909,0.7101449370384216,2.3636363,hunter erickson
Masai Troutman,PG,GMU,31.0,25.129032,8.419354,3.3548386,1.1935484,0.516129,0.32258064,1.032258,6.16129,0.4083769619464874,2.903226,0.8111110925674438,1.2580645,masai troutman
AJ Smith,SF,BRAD,34.0,25.67647,8.411765,5.4117646,1.2941177,1.2941177,0.44117647,1.0294118,6.352941,0.4305555522441864,2.6470587,0.7222222089767456,0.9705882,aj smith
Julius Thedford,PG,MEM,27.0,20.444445,8.407408,4.962963,0.7037037,1.074074,0.25925925,0.5555556,5.814815,0.4904458522796631,3.148148,0.6823529601097107,0.9259259,julius thedford
Matthew Mors,SF,SDST,32.0,27.65625,8.40625,4.3125,1.21875,1.0,0.5,0.75,6.28125,0.5124378204345703,1.53125,0.795918345451355,0.96875,matthew mors
Josh Odunowo,SF,UMBC,30.0,23.033333,8.4,5.2,0.93333334,0.26666668,0.4,0.0,5.7,0.5321637392044067,3.1666667,0.7368420958518982,1.0333333,josh odunowo
Dallas Howell,SF,UNA,30.0,31.9,8.4,3.6333334,1.0333333,0.9,1.0,2.0,8.4,0.341269850730896,1.0333333,0.6451612710952759,1.0666667,dallas howell
Nate Hauglie,SF,ECCL,5.0,22.0,8.4,5.4,0.2,1.8,0.8,1.2,6.4,0.4375,2.4,0.6666666865348816,1.4,nate hauglie
Churchill Abass,C,NOLA,33.0,20.060606,8.393939,5.6666665,0.45454547,0.42424244,1.7272727,0.0,5.3333335,0.6306818127632141,2.939394,0.5670102834701538,1.6060606,churchill abass
Garwey Dual,PG,MCN,34.0,26.529411,8.382353,2.8529413,4.352941,1.6470588,0.61764705,0.7058824,6.647059,0.4557522237300873,2.1176472,0.7638888955116272,1.6470588,garwey dual
Ja'Borri McGhee,PG,MSST,32.0,22.125,8.375,2.09375,1.9375,0.59375,0.03125,1.0625,6.96875,0.4304932653903961,1.9375,0.6774193644523621,1.5625,ja borri mcghee
Jacob Crews,PG,MIZ,33.0,20.666666,8.363636,3.6666667,0.24242425,0.21212122,0.121212125,1.6969697,5.6060605,0.4648648500442505,1.7878788,0.8135592937469482,0.54545456,jacob crews
Tyler Thompson,PG,MONT,33.0,29.30303,8.363636,4.0,1.3030303,0.75757575,0.3939394,2.090909,6.4545455,0.4272300601005554,0.93939394,0.8064516186714172,1.2121212,tyler thompson
Luke Hunger,SF,GW,33.0,19.151516,8.363636,5.090909,0.90909094,0.18181819,0.121212125,0.42424244,5.7272725,0.4920634925365448,2.8181818,0.8172042965888977,1.5454545,luke hunger
Luke Gray,SF,ORU,33.0,17.333334,8.363636,3.5757575,0.36363637,0.3030303,0.8484849,1.030303,6.242424,0.446601927280426,2.4242425,0.7250000238418579,0.72727275,luke gray
Anton Brookshire,PG,APSU,31.0,24.774193,8.354838,2.1935484,2.6774194,1.0645162,0.032258064,1.7741935,6.096774,0.4021163880825043,2.096774,0.800000011920929,1.4193548,anton brookshire
Deuce Turner,PG,FAIR,34.0,19.970589,8.3529415,1.4705882,1.5294118,0.6764706,0.05882353,1.2058823,7.5882354,0.3604651093482971,2.0588236,0.8142856955528259,1.2352941,deuce turner
Legend Geeter,SF,DETM,29.0,25.551723,8.344828,6.448276,2.310345,0.62068963,0.2413793,0.3448276,6.137931,0.483146071434021,3.0,0.6896551847457886,1.5862069,legend geeter
Reed Bailey,SF,IU,32.0,19.125,8.34375,3.375,1.09375,0.21875,0.34375,0.03125,4.21875,0.5703703761100769,4.625,0.7567567825317383,0.875,reed bailey
Ace Buckner,PG,CLEM,35.0,19.485714,8.342857,2.8857143,1.8,0.82857144,0.08571429,0.82857144,6.6,0.4285714328289032,2.2857144,0.8125,1.0285715,ace buckner
Maximus Fuentes,PG,TCJ,3.0,24.333334,8.333333,1.3333334,0.0,1.0,0.0,0.6666667,8.0,0.3333333432674408,3.0,0.7777777910232544,1.0,maximus fuentes
Robert Dix,PG,NMHU,3.0,28.333334,8.333333,7.0,1.0,1.3333334,0.6666667,0.33333334,7.3333335,0.3636363744735718,5.3333335,0.5,2.0,robert dix
Dillon Mitchell,SF,SJU,37.0,28.135136,8.324325,7.0,3.0,1.2702702,0.7297297,0.027027028,6.3783784,0.5593220591545105,2.3513513,0.49425286054611206,1.0,dillon mitchell
DJ Richards Jr.,PG,MCN,34.0,22.058823,8.323529,2.0588236,0.6764706,0.85294116,0.14705883,1.7941177,6.3235292,0.3720930218696594,2.3235295,0.7848101258277893,0.8235294,dj richards jr
Learic Davis,SF,UPST,28.0,21.821428,8.321428,4.607143,0.8214286,0.6785714,0.53571427,0.78571427,6.035714,0.4911242723464966,2.142857,0.75,1.3214285,learic davis
AJ Barnes,SF,SOU,28.0,22.071428,8.321428,4.821429,1.5714285,1.2142857,0.42857143,0.96428573,7.392857,0.3913043439388275,2.107143,0.7457627058029175,0.8214286,aj barnes
Connor Igoe,SF,COLU,28.0,19.714285,8.321428,5.642857,3.0,0.71428573,0.14285715,0.53571427,6.142857,0.49418604373931885,2.7142856,0.6315789222717285,1.8571428,connor igoe
Emondrek Erkins-Ford,SF,JXST,32.0,21.40625,8.3125,3.8125,0.96875,0.4375,0.875,0.25,5.84375,0.529411792755127,2.90625,0.6451612710952759,0.96875,emondrek erkins ford
Jalen Hampton,PG,ARST,30.0,26.166666,8.3,8.966666,1.5666667,0.93333334,0.43333334,0.33333334,5.8,0.5574712753295898,2.0,0.75,1.6,jalen hampton
Caleb Foster,PG,DUKE,33.0,24.848484,8.272727,3.5151515,2.7878788,0.3030303,0.060606062,1.1818181,6.848485,0.44690266251564026,1.6666666,0.581818163394928,1.0909091,caleb foster
Chase Dawson,PG,MORE,33.0,25.636364,8.272727,1.3636364,2.7878788,0.6969697,0.0,0.8484849,6.757576,0.40807175636291504,2.3939395,0.797468364238739,1.3030303,chase dawson
Alec Oglesby,PG,MTSU,30.0,24.033333,8.266666,1.9,0.8666667,0.76666665,0.06666667,2.0333333,6.4666667,0.40721648931503296,1.3666667,0.707317054271698,0.7,alec oglesby
Justin Hawkins,SF,NIA,30.0,26.166666,8.266666,3.2666667,2.3,0.6666667,0.26666668,0.46666667,6.8,0.44117647409439087,2.6,0.692307710647583,1.5333333,justin hawkins
Jordan McCullum,SF,ETSU,34.0,21.647058,8.264706,3.7058823,0.85294116,0.88235295,0.9117647,0.2647059,5.852941,0.5326633453369141,2.5294118,0.6976743936538696,1.1470588,jordan mccullum
Braeden Carrington,PG,WIS,34.0,18.0,8.264706,2.4117646,1.0588236,0.38235295,0.32352942,2.0294118,6.0588236,0.40776699781417847,1.6764706,0.7719298005104065,0.5294118,braeden carrington
Azmar Abdullah,PG,BU,34.0,29.5,8.264706,3.3823528,1.4705882,0.7647059,0.20588236,1.8529412,6.7647057,0.4000000059604645,1.1764706,0.8500000238418579,1.3235294,azmar abdullah
Jaden Toombs,C,SMU,27.0,19.962963,8.259259,4.5555553,1.1481482,0.5185185,0.6296296,0.22222222,6.259259,0.5680473446846008,1.4074074,0.6578947305679321,0.8148148,jaden toombs
Elijah Elliott,PG,NMSU,31.0,18.612904,8.258064,1.9354838,2.2903225,0.7419355,0.16129032,1.1612903,7.451613,0.33766233921051025,2.6774194,0.7710843086242676,1.3225807,elijah elliott
Yohan Traore,SF,BTLR,32.0,19.5,8.25,3.03125,0.75,0.25,0.25,0.09375,5.375,0.5465116500854492,3.21875,0.708737850189209,0.5625,yohan traore
Jimel Lane,SF,GRAM,28.0,22.428572,8.25,4.5,1.0357143,1.0357143,0.42857143,0.32142857,6.892857,0.44041451811790466,2.3214285,0.800000011920929,1.6785715,jimel lane
Devin Alston,SF,PSSH,4.0,27.0,8.25,3.0,0.75,0.75,0.0,1.75,10.75,0.302325576543808,0.0,0.0,2.0,devin alston
TJ Cope,PG,NOLA,32.0,21.34375,8.25,2.90625,0.8125,0.5,0.3125,0.21875,5.03125,0.5527950525283813,3.59375,0.686956524848938,1.25,tj cope
Cameron Clark,SF,SCST,25.0,21.48,8.24,5.0,0.8,0.48,0.6,0.0,6.6,0.46666666865348816,3.36,0.6190476417541504,1.72,cameron clark
AJ George,PG,CSUB,30.0,28.033333,8.233334,3.5,1.5,0.3,0.33333334,0.33333334,8.4,0.3928571343421936,2.0,0.6499999761581421,1.7,aj george
AJ Levine,PG,PENN,30.0,24.366667,8.233334,3.2,3.9666667,1.8333334,0.06666667,0.6333333,7.0333333,0.41706159710884094,2.7333333,0.6341463327407837,1.9666667,aj levine
Jean Aranguren,PG,GW,35.0,24.171429,8.228572,4.1714287,3.4,1.0857143,0.42857143,0.7714286,5.9428573,0.48557692766189575,2.4,0.7023809552192688,2.0857143,jean aranguren
Ahmad Harrison,PG,SFPA,31.0,25.258064,8.225806,2.1612904,2.2580645,1.2580645,0.19354838,1.1612903,8.387096,0.3730769157409668,1.3870968,0.5813953280448914,1.6129032,ahmad harrison
Nimari Burnett,PG,MICH,40.0,19.8,8.225,2.75,1.175,0.575,0.1,1.5,6.175,0.4534412920475006,1.45,0.7758620977401733,0.65,nimari burnett
Jeremiah Jenkins,PG,BRWN,27.0,30.148148,8.222222,3.925926,5.185185,1.8518518,0.14814815,1.3333334,7.5555553,0.3578431308269501,1.962963,0.7547169923782349,2.7777777,jeremiah jenkins
Jack Campion,PG,SIUE,32.0,27.40625,8.21875,3.6875,5.21875,1.84375,0.0625,0.8125,7.0,0.3794642984867096,2.875,0.72826087474823,2.34375,jack campion
KJ Garris,PG,CSUF,29.0,16.0,8.206897,3.413793,0.7241379,0.7586207,0.03448276,1.2758621,5.4827585,0.49056604504585266,2.2413793,0.692307710647583,0.44827586,kj garris
Michael Gray Jr.,PG,WICH,36.0,26.88889,8.194445,3.3333333,2.3333333,0.5833333,0.1388889,1.4444444,7.75,0.33691754937171936,1.7777778,0.859375,1.3055556,michael gray jr
Scotty Washington,PG,HPU,36.0,18.722221,8.194445,2.7777777,0.8611111,0.8611111,0.22222222,1.0833334,5.5,0.4747474789619446,2.4444444,0.7727272510528564,0.44444445,scotty washington
Colin Hawkins,PG,GWEB,31.0,27.225807,8.193548,1.7741935,2.064516,1.032258,0.032258064,0.32258064,7.290323,0.43805310130119324,2.516129,0.5897436141967773,2.096774,colin hawkins
D'Avian Houston,PG,AMCC,27.0,20.481482,8.185185,1.4814814,3.1111112,0.5925926,0.25925925,1.074074,6.4444447,0.4080459773540497,2.8148148,0.6578947305679321,2.2962964,d avian houston
David Dixon,SF,DUQ,33.0,22.484848,8.181818,5.5454545,1.2727273,1.0909091,1.6666666,0.09090909,5.181818,0.6023392081260681,2.5757575,0.7176470756530762,1.6969697,david dixon
Jeremy Dent-Smith,PG,STAN,33.0,20.09091,8.181818,1.7575758,1.5151515,0.7878788,0.09090909,1.7575758,7.3030305,0.3692946135997772,1.2424242,0.8292682766914368,1.2424242,jeremy dent smith
Caelum Swanton-Rodger,SF,ODU,31.0,20.516129,8.16129,4.903226,0.8064516,0.2580645,1.4193548,0.0,5.096774,0.6329113841056824,2.903226,0.5888888835906982,1.4193548,caelum swanton rodger
Daniel Egbuniwe,SF,SBU,31.0,23.225807,8.16129,3.2258065,1.0645162,0.9354839,0.4516129,1.548387,6.419355,0.42211055755615234,1.6129032,0.7400000095367432,1.1290323,daniel egbuniwe
Kelechi Okworogwo,SF,NCCU,32.0,25.65625,8.15625,5.125,0.46875,0.71875,1.5,0.125,6.1875,0.5303030014038086,2.125,0.6911764740943909,0.84375,kelechi okworogwo
Trent Johnson,SF,HCU,32.0,30.6875,8.15625,3.4375,2.375,0.90625,0.59375,1.625,5.5625,0.449438214302063,1.875,0.8166666626930237,1.1875,trent johnson
Ashton Walker,PG,LAS,32.0,27.46875,8.15625,3.78125,3.125,1.0625,0.0625,0.75,7.46875,0.3933054506778717,2.34375,0.653333306312561,1.59375,ashton walker
Andrew McKeever,C,SMC,33.0,23.181818,8.151515,9.151515,1.7878788,0.54545456,0.8484849,0.0,6.3636365,0.5,2.8484848,0.6276595592498779,1.7272727,andrew mckeever
Lachlan Brewer,PG,IDST,33.0,29.484848,8.151515,3.4848485,1.0909091,0.57575756,0.27272728,1.0909091,6.6060605,0.4541284441947937,1.2727273,0.8333333134651184,1.1818181,lachlan brewer
Darren Buchanan Jr.,PG,RUTG,34.0,24.029411,8.1470585,3.8529413,1.6764706,0.61764705,0.1764706,0.3529412,6.5882354,0.4598214328289032,2.9411764,0.5899999737739563,1.3529412,darren buchanan jr
Vinny Sigona,PG,ETAM,28.0,19.892857,8.142858,1.0,1.7857143,0.42857143,0.035714287,2.25,6.392857,0.40223464369773865,0.85714287,0.875,1.1785715,vinny sigona
Nick Dorn,PG,IU,30.0,23.2,8.133333,2.3333333,0.3,0.3,0.1,2.0,5.9333334,0.40449437499046326,1.5333333,0.8695651888847351,0.73333335,nick dorn
Patrick Punch,PG,MVSU,30.0,30.6,8.133333,3.0333333,1.7333333,1.1666666,0.13333334,0.93333334,7.9666667,0.3096234202384949,3.1333334,0.7234042286872864,1.8666667,patrick punch
Santiago Trouet,SF,ASU,31.0,25.64516,8.129032,6.064516,0.87096775,0.67741936,0.7419355,0.16129032,6.548387,0.4482758641242981,2.6774194,0.7831325531005859,0.9677419,santiago trouet
Alphonzo Billups III,PG,LONG,32.0,23.125,8.125,2.78125,1.34375,1.53125,0.375,1.28125,6.71875,0.4465116262435913,1.3125,0.6428571343421936,1.21875,alphonzo billups iii
Keelan Steele,SF,ME,24.0,20.625,8.125,4.5416665,0.875,0.7916667,0.9583333,0.0,5.1666665,0.6048387289047241,3.3333333,0.5625,1.9583334,keelan steele
Chris Mpaka,SF,TAR,24.0,17.875,8.125,5.4166665,0.16666667,0.5416667,0.9583333,0.0,6.0,0.5208333134651184,2.875,0.6521739363670349,1.875,chris mpaka
Gabe Newhof,SF,JMU,33.0,18.848484,8.121212,3.6666667,0.33333334,0.33333334,0.6666667,0.0,5.4848485,0.6132596731185913,2.6060605,0.5348837375640869,0.8484849,gabe newhof
Ahmet Jonovic,C,BRAD,34.0,24.705883,8.117647,5.2941175,1.382353,0.5294118,1.3235294,0.029411765,5.382353,0.5300546288490295,3.1764705,0.75,1.5294118,ahmet jonovic
Mekhi Lowery,PG,UIC,35.0,26.114286,8.114285,5.7714286,2.1142857,1.4,0.6571429,0.0,6.3714285,0.5112107396125793,2.5428572,0.6292135119438171,1.5142857,mekhi lowery
Gustav Winther,SF,NIU,30.0,21.133333,8.1,4.233333,0.8666667,0.4,0.6333333,0.1,4.9333334,0.6351351141929626,3.1666667,0.5473684072494507,1.4,gustav winther
Cyril Martynov,C,FDU,32.0,25.5625,8.09375,5.40625,2.28125,0.25,0.15625,0.03125,6.0,0.5364583134651184,3.03125,0.5360824465751648,1.90625,cyril martynov
Rob Diaz III,PG,LBSU,32.0,21.96875,8.09375,3.5625,2.59375,1.21875,0.3125,0.71875,6.65625,0.44600939750671387,1.78125,0.8070175647735596,1.03125,rob diaz iii
Zach Kraft,PG,UND,34.0,24.588236,8.088235,2.1176472,0.5,0.8235294,0.0882353,2.1470587,6.117647,0.42788460850715637,0.88235295,0.800000011920929,0.44117647,zach kraft
Lee Dort,SF,CAL,27.0,23.074074,8.074074,7.7777777,0.8518519,0.44444445,0.9259259,0.0,5.148148,0.597122311592102,2.9629629,0.6499999761581421,0.962963,lee dort
Malcolm Noel,PG,WGA,28.0,23.714285,8.071428,1.8928572,3.392857,0.75,0.0,1.1428572,6.392857,0.3910614550113678,2.5714285,0.75,2.107143,malcolm noel
Isaiah Shaw,PG,NAU,29.0,18.310345,8.068966,2.1034484,0.55172414,0.51724136,0.51724136,1.1034483,5.275862,0.46405228972435,2.5517242,0.8108108043670654,1.1724138,isaiah shaw
Vice Zanki,SF,NIA,29.0,21.068966,8.068966,2.3793104,0.79310346,0.62068963,0.2413793,1.4482758,6.37931,0.47567567229270935,0.6551724,0.8421052694320679,0.7586207,vice zanki
Dylan Jones,PG,SUU,30.0,24.7,8.066667,1.8333334,0.8333333,0.5,0.06666667,1.8,6.733333,0.4306930601596832,0.56666666,0.8235294222831726,0.8666667,dylan jones
Kyric Davis,PG,NCCU,31.0,22.548388,8.064516,3.451613,0.9032258,1.2258065,0.7741935,0.06451613,6.354839,0.5025380849838257,2.2258065,0.7246376872062683,1.6451613,kyric davis
Jarin Stevenson,SF,UNC,33.0,25.757576,8.060606,4.4242425,0.8787879,0.57575756,0.6666667,0.7878788,5.6060605,0.4702702760696411,2.6969697,0.7415730357170105,0.8181818,jarin stevenson
Legend Smiley,PG,SF,33.0,21.333334,8.060606,1.8787879,0.6060606,0.4848485,0.15151516,1.6666666,5.848485,0.4559585452079773,1.2121212,0.875,0.7878788,legend smiley
Emanuel Prospere II,PG,UCSD,28.0,22.107143,8.035714,3.7857144,3.107143,1.7142857,0.21428572,0.25,6.357143,0.49438202381134033,2.4642856,0.6086956262588501,2.0357144,emanuel prospere ii
Ben Gold,SF,MARQ,31.0,27.225807,8.032258,5.774194,0.9354839,0.7419355,0.4516129,1.1935484,7.096774,0.40909090638160706,1.5806452,0.6530612111091614,0.6451613,ben gold
Mason Lee,SF,UNF,32.0,26.03125,8.03125,5.625,1.96875,0.625,0.34375,1.03125,5.34375,0.5497075915336609,1.625,0.692307710647583,1.8125,mason lee
Martin Somerville,PG,FSU,33.0,26.030304,8.030303,2.969697,2.3636363,1.4848485,0.030303031,1.8181819,6.848485,0.3362831771373749,2.030303,0.7910447716712952,1.030303,martin somerville
Cam Gregory,PG,CAM,34.0,33.411766,8.029411,3.0882354,2.2941177,0.7058824,0.29411766,1.2352941,6.5,0.4343891441822052,1.5,0.7647058963775635,1.2352941,cam gregory
Liutauras Lelevicius,PG,TCU,34.0,23.67647,8.029411,3.3823528,0.6764706,0.47058824,0.11764706,1.3529412,5.7941175,0.4568527936935425,1.5588236,0.8867924809455872,0.5,liutauras lelevicius
Brock Harding,PG,TCU,35.0,31.77143,8.028571,2.857143,5.571429,1.7428571,0.114285715,0.94285715,7.9142857,0.371841162443161,1.8571428,0.6461538672447205,1.8857143,brock harding
Brandon Haddock,PG,CHAM,3.0,21.666666,8.0,1.6666666,0.6666667,1.3333334,0.0,1.0,5.6666665,0.29411765933036804,6.0,0.6111111044883728,1.0,brandon haddock
Andre Harris,SF,WNMU,1.0,27.0,8.0,2.0,2.0,0.0,2.0,0.0,5.0,0.20000000298023224,7.0,0.8571428656578064,1.0,andre harris
Latavian Lawrence,SF,CVU,1.0,12.0,8.0,2.0,0.0,0.0,1.0,2.0,7.0,0.4285714328289032,0.0,0.0,4.0,latavian lawrence
Matur Dhal,C,ERAZ,1.0,19.0,8.0,2.0,0.0,1.0,0.0,0.0,6.0,0.6666666865348816,0.0,0.0,0.0,matur dhal
Austin Ball,SF,EKU,31.0,20.387096,8.0,2.8709676,0.87096775,0.8064516,0.2580645,1.548387,7.354839,0.38596490025520325,1.0,0.774193525314331,0.61290324,austin ball
Michael Lucarotti,PG,TIFF,1.0,31.0,8.0,5.0,1.0,1.0,0.0,1.0,7.0,0.4285714328289032,2.0,0.5,1.0,michael lucarotti
Julius Rollins,PG,DEN,29.0,20.51724,8.0,3.1724138,1.3448275,0.3448276,0.41379312,1.0,6.1034484,0.4067796468734741,2.5517242,0.7972972989082336,1.1724138,julius rollins
Jashaun Hawkins,SF,CAT,1.0,12.0,8.0,1.0,0.0,0.0,0.0,2.0,6.0,0.5,0.0,0.0,1.0,jashaun hawkins
D'Angelo Stoxstill,SF,KCU,4.0,31.25,8.0,3.5,1.0,1.5,0.25,0.0,7.5,0.4000000059604645,3.25,0.6153846383094788,2.5,d angelo stoxstill
Dreveon Scott,PG,SHAW,1.0,34.0,8.0,2.0,1.0,3.0,0.0,2.0,5.0,0.4000000059604645,4.0,0.5,2.0,dreveon scott
Nick High,SF,MNLO,1.0,30.0,8.0,4.0,2.0,2.0,0.0,0.0,6.0,0.5,3.0,0.6666666865348816,4.0,nick high
Andrew Younan,SG,DWU,1.0,12.0,8.0,3.0,0.0,0.0,0.0,2.0,7.0,0.4285714328289032,0.0,0.0,0.0,andrew younan
Jason Thirdkill Jr.,SF,JAX,32.0,22.59375,8.0,5.375,0.53125,0.78125,0.84375,0.53125,5.25,0.511904776096344,2.75,0.7613636255264282,0.78125,jason thirdkill jr
Karlin Hardy,SG,LYON,1.0,12.0,8.0,3.0,0.0,1.0,0.0,2.0,3.0,1.0,1.0,0.0,2.0,karlin hardy
Zytarious Mortle,PG,TXSO,28.0,19.535715,8.0,3.607143,1.6785715,1.0357143,0.21428572,0.60714287,7.214286,0.4108910858631134,2.142857,0.6833333373069763,1.6785715,zytarious mortle
Gregory Gonyea Jr.,PG,VTSL,1.0,26.0,8.0,1.0,0.0,1.0,0.0,0.0,6.0,0.6666666865348816,0.0,0.0,6.0,gregory gonyea jr
Jay Milburn,SF,CBVU,1.0,13.0,8.0,2.0,2.0,0.0,1.0,0.0,3.0,1.0,2.0,1.0,0.0,jay milburn
Curtis Litton,SF,WVWC,1.0,25.0,8.0,2.0,0.0,1.0,0.0,2.0,7.0,0.4285714328289032,0.0,0.0,2.0,curtis litton
Jack Haynes,SF,LOR,1.0,27.0,8.0,14.0,2.0,2.0,1.0,0.0,8.0,0.25,4.0,1.0,2.0,jack haynes
Asher Gardiner,SF,EMRS,1.0,22.0,8.0,1.0,3.0,0.0,0.0,0.0,6.0,0.3333333432674408,4.0,1.0,0.0,asher gardiner
Nicky Clotfelter,SF,OXY,1.0,25.0,8.0,2.0,1.0,1.0,1.0,0.0,7.0,0.5714285969734192,0.0,0.0,2.0,nicky clotfelter
Chase Jenkins,PG,SAR,1.0,23.0,8.0,8.0,1.0,1.0,0.0,0.0,6.0,0.6666666865348816,0.0,0.0,0.0,chase jenkins
Mason Kemp,PG,OGLE,1.0,27.0,8.0,5.0,1.0,1.0,0.0,2.0,5.0,0.6000000238418579,0.0,0.0,1.0,mason kemp
Cayden Paquette,PG,BCKB,1.0,13.0,8.0,1.0,0.0,0.0,0.0,2.0,4.0,0.75,0.0,0.0,2.0,cayden paquette
Kyjuan Cannady,PG,LPU,2.0,31.5,8.0,6.0,2.5,0.5,0.0,0.5,6.0,0.4166666567325592,3.0,0.8333333134651184,1.5,kyjuan cannady
Zeke Viuhkola,SF,OUAZ,1.0,18.0,8.0,1.0,1.0,0.0,0.0,2.0,8.0,0.375,0.0,0.0,1.0,zeke viuhkola
Jack Margoupis,SF,SALV,1.0,28.0,8.0,6.0,0.0,0.0,0.0,1.0,12.0,0.0833333358168602,6.0,0.8333333134651184,1.0,jack margoupis
Xavier Glenn,PG,NESU,1.0,25.0,8.0,1.0,1.0,0.0,1.0,0.0,10.0,0.4000000059604645,0.0,0.0,1.0,xavier glenn
Cayden McDaniel,PG,JSP,1.0,27.0,8.0,6.0,3.0,3.0,1.0,0.0,12.0,0.25,2.0,1.0,2.0,cayden mcdaniel
Daniel Wondie,PG,WORC,2.0,20.0,8.0,2.5,1.0,0.5,0.5,2.0,7.0,0.4285714328289032,0.0,0.0,2.0,daniel wondie
Donovan Cooks,PG,GFU,1.0,19.0,8.0,2.0,1.0,0.0,0.0,2.0,12.0,0.1666666716337204,3.0,0.6666666865348816,2.0,donovan cooks
Leshawn Hammett Jr.,PG,PQC,1.0,18.0,8.0,2.0,1.0,0.0,0.0,2.0,6.0,0.5,0.0,0.0,2.0,leshawn hammett jr
Javi Marlowe,PG,PDMT,1.0,30.0,8.0,4.0,2.0,2.0,1.0,0.0,5.0,0.4000000059604645,4.0,1.0,2.0,javi marlowe
Nigel Quaynor,SF,CTBR,1.0,21.0,8.0,3.0,1.0,0.0,0.0,0.0,6.0,0.6666666865348816,0.0,0.0,2.0,nigel quaynor
Johnathan Claxton,SF,OCU,2.0,21.5,8.0,4.5,0.5,0.5,0.0,0.0,6.5,0.3076923191547394,7.0,0.5714285969734192,1.0,johnathan claxton
Tommy Mallinson,PG,CC,1.0,19.0,8.0,3.0,2.0,1.0,0.0,1.0,7.0,0.4285714328289032,2.0,0.5,2.0,tommy mallinson
Ezekiel Edwards,SF,FISH,1.0,19.0,8.0,3.0,1.0,0.0,0.0,2.0,7.0,0.4285714328289032,0.0,0.0,1.0,ezekiel edwards
Joshua Blackmon,PG,CHEY,2.0,27.5,8.0,3.0,1.5,2.0,0.5,0.5,8.5,0.29411765933036804,4.0,0.625,3.0,joshua blackmon
Garrett Greene,SF,TRCC,1.0,20.0,8.0,3.0,0.0,0.0,0.0,2.0,10.0,0.30000001192092896,0.0,0.0,4.0,garrett greene
Liam Lynch,PG,MSMC,1.0,13.0,8.0,0.0,0.0,1.0,0.0,0.0,5.0,0.4000000059604645,4.0,1.0,3.0,liam lynch
Trey Kleitz,PG,RWC,1.0,26.0,8.0,2.0,3.0,0.0,0.0,1.0,7.0,0.2857142984867096,4.0,0.75,2.0,trey kleitz
Aiden Townsend,SF,FRN,1.0,22.0,8.0,2.0,0.0,1.0,1.0,0.0,8.0,0.5,0.0,0.0,0.0,aiden townsend
Xavier Finney,PG,VRHS,1.0,20.0,8.0,1.0,1.0,0.0,0.0,0.0,7.0,0.2857142984867096,7.0,0.5714285969734192,2.0,xavier finney
Devin Carroll,PG,YUNE,1.0,28.0,8.0,4.0,1.0,0.0,0.0,2.0,9.0,0.3333333432674408,0.0,0.0,2.0,devin carroll
Shad Vander Hart,SF,BOBJ,3.0,27.0,8.0,4.6666665,1.3333334,2.3333333,0.6666667,0.0,7.6666665,0.3913043439388275,3.6666667,0.5454545617103577,2.3333333,shad vander hart
Noah Marte,PG,GFU,1.0,16.0,8.0,0.0,0.0,1.0,0.0,2.0,7.0,0.4285714328289032,0.0,0.0,2.0,noah marte
Nick Michaelson,SF,MYSU,1.0,10.0,8.0,3.0,0.0,0.0,1.0,0.0,5.0,0.800000011920929,0.0,0.0,0.0,nick michaelson
Jayden Loydd,PG,KCU,4.0,29.25,8.0,3.25,2.5,3.25,0.0,0.75,6.5,0.3461538553237915,3.0,0.9166666865348816,1.75,jayden loydd
Phil Brown Jr.,SF,KEAN,1.0,35.0,8.0,8.0,1.0,1.0,3.0,0.0,11.0,0.27272728085517883,2.0,1.0,2.0,phil brown jr
Jacob Howard,SF,AQUI,1.0,23.0,8.0,3.0,0.0,0.0,0.0,2.0,11.0,0.27272728085517883,0.0,0.0,3.0,jacob howard
George Natsvlishvili,SF,UND,34.0,19.205883,8.0,4.9117646,1.0294118,0.61764705,0.20588236,0.029411765,5.7058825,0.5206185579299927,3.5588236,0.5702479481697083,1.0882353,george natsvlishvili
Drew Kegerreis,PG,MOBU,1.0,16.0,8.0,2.0,0.0,0.0,0.0,2.0,7.0,0.2857142984867096,2.0,1.0,0.0,drew kegerreis
Caleb Jones,PG,UAPB,1.0,20.0,8.0,2.0,0.0,0.0,1.0,2.0,7.0,0.2857142984867096,3.0,0.6666666865348816,4.0,caleb jones
Andrew Cerullo,PG,DKSN,1.0,22.0,8.0,0.0,0.0,2.0,0.0,2.0,5.0,0.4000000059604645,2.0,1.0,3.0,andrew cerullo
Joey Dopirak,SF,DKSN,1.0,30.0,8.0,3.0,0.0,1.0,0.0,2.0,9.0,0.3333333432674408,0.0,0.0,2.0,joey dopirak
Viktor Parson,PG,RDPH,1.0,22.0,8.0,2.0,2.0,2.0,0.0,2.0,11.0,0.27272728085517883,0.0,0.0,2.0,viktor parson
Jordan Hicks,PG,PQC,1.0,21.0,8.0,2.0,3.0,2.0,0.0,2.0,5.0,0.6000000238418579,0.0,0.0,5.0,jordan hicks
Randarius Hughes,SF,WILC,2.0,28.0,8.0,8.0,0.0,1.0,0.0,0.0,6.0,0.5833333134651184,1.5,0.6666666865348816,0.5,randarius hughes
Dylan Joy,PG,OHCU,1.0,27.0,8.0,1.0,0.0,0.0,0.0,2.0,10.0,0.30000001192092896,0.0,0.0,0.0,dylan joy
DJ Bogay,PG,OHCU,1.0,31.0,8.0,9.0,0.0,2.0,0.0,0.0,9.0,0.3333333432674408,5.0,0.4000000059604645,2.0,dj bogay
Aahmod Scarbrough,ATH,WYBU,1.0,31.0,8.0,4.0,3.0,1.0,0.0,2.0,11.0,0.27272728085517883,0.0,0.0,6.0,aahmod scarbrough
Tyler No,PG,ESC,2.0,19.5,8.0,1.0,2.0,0.5,0.0,1.0,5.5,0.4545454680919647,2.5,0.800000011920929,2.5,tyler no
Quinton Renigar,PG,WLSN,1.0,21.0,8.0,2.0,1.0,1.0,0.0,2.0,7.0,0.4285714328289032,0.0,0.0,0.0,quinton renigar
Dashawn Hall,PG,KYSU,1.0,23.0,8.0,2.0,0.0,1.0,0.0,0.0,10.0,0.30000001192092896,3.0,0.6666666865348816,0.0,dashawn hall
Rejuan Gray,PG,UDC,1.0,24.0,8.0,4.0,0.0,0.0,0.0,0.0,8.0,0.375,2.0,1.0,2.0,rejuan gray
Raymond Benton,SF,MBAL,2.0,18.0,8.0,1.5,0.0,1.0,0.5,1.0,7.0,0.5,0.0,0.0,2.0,raymond benton
Cooper Smith,PG,LETU,1.0,30.0,8.0,4.0,1.0,1.0,0.0,0.0,5.0,0.4000000059604645,4.0,1.0,1.0,cooper smith
Jonathan Moxie,PG,MNLO,1.0,15.0,8.0,4.0,0.0,0.0,0.0,1.0,8.0,0.375,2.0,0.5,5.0,jonathan moxie
Ethan Hanning,PG,OXY,1.0,26.0,8.0,10.0,3.0,1.0,0.0,0.0,16.0,0.25,0.0,0.0,3.0,ethan hanning
Ryan Djoussa,SF,NGU,2.0,20.0,8.0,4.0,1.5,0.5,0.0,0.5,3.5,0.7142857313156128,3.5,0.7142857313156128,3.5,ryan djoussa
Ralph Laurent,SF,FNU,1.0,28.0,8.0,4.0,1.0,0.0,0.0,2.0,5.0,0.6000000238418579,0.0,0.0,3.0,ralph laurent
Javantae Randle,SF,CNSU,2.0,18.0,8.0,1.5,0.5,0.0,0.5,1.0,7.5,0.46666666865348816,0.0,0.0,3.0,javantae randle
Isaiah Wong,ATH,ERAZ,1.0,22.0,8.0,0.0,3.0,0.0,0.0,2.0,5.0,0.6000000238418579,0.0,0.0,2.0,isaiah wong
Collin Jefferson,PG,MITC,1.0,20.0,8.0,0.0,0.0,1.0,0.0,2.0,6.0,0.5,0.0,0.0,0.0,collin jefferson
Maurice Washington-Williams,SF,MIDW,4.0,22.5,8.0,3.0,1.25,0.0,1.25,0.0,5.25,0.7142857313156128,1.25,0.4000000059604645,1.5,maurice washington williams
Jacob Plamondon,PG,UMA,1.0,8.0,8.0,0.0,2.0,1.0,0.0,2.0,3.0,0.6666666865348816,2.0,1.0,0.0,jacob plamondon
Tyler Baldwin,PG,BRE,1.0,13.0,8.0,1.0,1.0,0.0,0.0,1.0,7.0,0.4285714328289032,2.0,0.5,2.0,tyler baldwin
J.Caleb Slawinski,PG,CSJ,2.0,30.5,8.0,5.0,2.0,1.5,1.0,0.0,11.5,0.30434781312942505,1.0,1.0,3.0,j caleb slawinski
Adelyas Reaves,SF,TCFL,1.0,29.0,8.0,2.0,1.0,2.0,0.0,0.0,8.0,0.375,3.0,0.6666666865348816,5.0,adelyas reaves
Manny Barkor,SF,LHMN,1.0,14.0,8.0,3.0,0.0,0.0,0.0,0.0,9.0,0.4444444477558136,0.0,0.0,1.0,manny barkor
Xavier Martinez,PG,UCCS,1.0,27.0,8.0,0.0,6.0,0.0,0.0,2.0,11.0,0.1818181872367859,2.0,1.0,2.0,xavier martinez
Brady Jones,SF,UCCS,1.0,7.0,8.0,1.0,1.0,0.0,0.0,0.0,4.0,1.0,0.0,0.0,0.0,brady jones
Giovanni Germain,PG,SNYD,1.0,18.0,8.0,2.0,0.0,1.0,0.0,0.0,3.0,1.0,3.0,0.6666666865348816,0.0,giovanni germain
Reyce Allen,SF,STTX,1.0,33.0,8.0,7.0,0.0,2.0,0.0,0.0,7.0,0.2857142984867096,6.0,0.6666666865348816,2.0,reyce allen
Pearson Wiggins,SF,WLMT,1.0,16.0,8.0,1.0,1.0,1.0,1.0,2.0,5.0,0.6000000238418579,1.0,0.0,1.0,pearson wiggins
Dylan Snow,PG,SCHR,1.0,19.0,8.0,1.0,3.0,1.0,0.0,1.0,11.0,0.27272728085517883,1.0,1.0,1.0,dylan snow
Andrew Saint-Louis,PG,MNHV,1.0,26.0,8.0,3.0,2.0,0.0,0.0,0.0,11.0,0.1818181872367859,4.0,1.0,2.0,andrew saint louis
Zaiyin Keys,PG,GWYD,1.0,13.0,8.0,0.0,1.0,1.0,0.0,2.0,8.0,0.375,0.0,0.0,0.0,zaiyin keys
Jamar Jenkins,PG,WILC,2.0,24.5,8.0,3.0,1.5,0.5,0.0,1.0,11.5,0.260869562625885,1.0,1.0,2.5,jamar jenkins
Logan Orchard,PG,EOU,2.0,23.5,8.0,4.5,5.5,0.0,0.0,0.5,6.0,0.5833333134651184,0.5,1.0,1.5,logan orchard
Robbie Johnson,PG,UCC,1.0,16.0,8.0,1.0,0.0,0.0,0.0,2.0,9.0,0.3333333432674408,0.0,0.0,1.0,robbie johnson
Jonah Dunham,PG,UCC,1.0,12.0,8.0,3.0,3.0,2.0,0.0,1.0,4.0,0.5,6.0,0.5,1.0,jonah dunham
Jordan Appling,PG,JWNC,1.0,29.0,8.0,2.0,5.0,0.0,0.0,0.0,9.0,0.4444444477558136,0.0,0.0,4.0,jordan appling
Amare Robinson,SF,JWNC,1.0,10.0,8.0,4.0,0.0,0.0,1.0,0.0,4.0,1.0,0.0,0.0,0.0,amare robinson
Caleb Burton,PG,MCK,1.0,19.0,8.0,1.0,2.0,1.0,0.0,1.0,7.0,0.2857142984867096,6.0,0.5,0.0,caleb burton
Jaylen Alexander,SF,ADSU,1.0,24.0,8.0,4.0,2.0,0.0,4.0,1.0,8.0,0.25,3.0,1.0,1.0,jaylen alexander
Miles Gibson,PG,OKCU,1.0,29.0,8.0,6.0,1.0,3.0,0.0,0.0,15.0,0.2666666805744171,1.0,0.0,1.0,miles gibson
Sam Parrish,PG,MIDW,4.0,29.75,8.0,5.0,2.75,0.75,0.25,0.5,7.0,0.4642857015132904,1.0,1.0,2.25,sam parrish
Christian Ananaba,PG,UMO,1.0,23.0,8.0,1.0,1.0,1.0,4.0,0.0,5.0,0.4000000059604645,4.0,1.0,1.0,christian ananaba
Leo Wagner,SF,UCSC,2.0,16.5,8.0,1.0,2.5,0.0,0.5,2.0,6.0,0.4166666567325592,1.0,1.0,0.5,leo wagner
Ben Lim,PG,UCSC,2.0,19.5,8.0,2.5,0.0,0.5,0.0,1.0,5.5,0.4545454680919647,2.5,0.800000011920929,1.0,ben lim
TJ James Jr.,PG,RDPH,1.0,26.0,8.0,1.0,1.0,0.0,0.0,1.0,8.0,0.25,4.0,0.75,2.0,tj james jr
Marcus Burnett,PG,UTPB,1.0,17.0,8.0,3.0,1.0,0.0,0.0,1.0,3.0,0.3333333432674408,10.0,0.5,1.0,marcus burnett
Kyree Smith,PG,BLUS,1.0,20.0,8.0,3.0,1.0,2.0,0.0,0.0,6.0,0.3333333432674408,5.0,0.800000011920929,2.0,kyree smith
Isaac Wootton,SF,EVU,1.0,13.0,8.0,1.0,0.0,0.0,0.0,2.0,5.0,0.4000000059604645,2.0,1.0,1.0,isaac wootton
Dom Perasso,SF,PCLT,1.0,28.0,8.0,7.0,4.0,1.0,0.0,2.0,12.0,0.25,0.0,0.0,0.0,dom perasso
Ben Tellez,PG,PCLT,1.0,29.0,8.0,0.0,2.0,0.0,0.0,1.0,13.0,0.1538461595773697,3.0,1.0,1.0,ben tellez
JD Heneke,PG,CC,1.0,22.0,8.0,1.0,1.0,0.0,0.0,0.0,7.0,0.5714285969734192,0.0,0.0,0.0,jd heneke
Eric Moore,PG,HNTC,1.0,18.0,8.0,1.0,5.0,0.0,0.0,2.0,6.0,0.5,0.0,0.0,0.0,eric moore
Keyshawn Dickey,PG,HNTC,1.0,14.0,8.0,0.0,1.0,0.0,0.0,0.0,7.0,0.5714285969734192,2.0,0.0,0.0,keyshawn dickey
Jaylon Stevenson,PG,HNTC,1.0,9.0,8.0,1.0,0.0,0.0,0.0,2.0,5.0,0.6000000238418579,0.0,0.0,0.0,jaylon stevenson
Amarlie Wilkinson,PG,JSP,1.0,26.0,8.0,6.0,1.0,0.0,0.0,0.0,6.0,0.5,2.0,1.0,2.0,amarlie wilkinson
Rome Delgado-Gonzalez,PG,MIT,1.0,35.0,8.0,5.0,0.0,0.0,0.0,0.0,9.0,0.3333333432674408,2.0,1.0,1.0,rome delgado gonzalez
Donovan Flamer,SF,ECSU,2.0,20.5,8.0,2.5,0.0,1.5,1.0,0.5,6.5,0.5384615659713745,1.0,0.5,1.0,donovan flamer
Charles Nelson,PG,WEBS,2.0,24.0,8.0,1.5,1.5,2.0,0.5,0.0,11.5,0.30434781312942505,1.0,1.0,4.5,charles nelson
Raymond Kinnard,PG,MLLY,1.0,25.0,8.0,3.0,2.0,0.0,0.0,0.0,11.0,0.3636363744735718,2.0,0.0,1.0,raymond kinnard
Levi Gurwell,PG,SCIA,1.0,16.0,8.0,1.0,0.0,0.0,0.0,2.0,9.0,0.3333333432674408,0.0,0.0,2.0,levi gurwell
Colton Rasmussen,PG,SCIA,1.0,11.0,8.0,2.0,0.0,0.0,0.0,2.0,5.0,0.6000000238418579,0.0,0.0,1.0,colton rasmussen
Ibra Athie,SF,CAT,1.0,16.0,8.0,3.0,0.0,1.0,0.0,0.0,5.0,0.6000000238418579,4.0,0.5,2.0,ibra athie
Justin Banks,SF,CAT,1.0,19.0,8.0,1.0,1.0,1.0,1.0,2.0,7.0,0.4285714328289032,0.0,0.0,0.0,justin banks
Aamir Mack,SF,COGA,3.0,13.666667,8.0,2.0,0.0,1.0,0.0,0.0,5.6666665,0.6470588445663452,0.6666667,1.0,0.6666667,aamir mack
Jaden Braden,PG,CTLA,1.0,33.0,8.0,2.0,2.0,2.0,0.0,0.0,12.0,0.3333333432674408,2.0,0.0,2.0,jaden braden
Bryce Evans,C,CTLA,1.0,28.0,8.0,7.0,1.0,1.0,2.0,2.0,8.0,0.375,0.0,0.0,2.0,bryce evans
Kaden Paul,PG,PONT,1.0,28.0,8.0,5.0,0.0,0.0,0.0,1.0,5.0,0.4000000059604645,5.0,0.6000000238418579,2.0,kaden paul
James Christian,PG,ULV,1.0,13.0,8.0,1.0,1.0,2.0,0.0,0.0,7.0,0.4285714328289032,2.0,1.0,0.0,james christian
Jabari Covington,PG,UNKY,2.0,26.0,8.0,4.0,0.5,1.0,0.0,1.0,10.0,0.3499999940395355,0.0,0.0,4.5,jabari covington
Monte Rudolph,PG,APPR,1.0,11.0,8.0,1.0,0.0,0.0,0.0,2.0,8.0,0.375,0.0,0.0,1.0,monte rudolph
Jahlil Hope,SF,APPR,1.0,20.0,8.0,1.0,1.0,0.0,0.0,1.0,6.0,0.5,1.0,1.0,1.0,jahlil hope
O'neil Mason,SF,PSC,1.0,19.0,8.0,2.0,1.0,0.0,0.0,2.0,6.0,0.5,0.0,0.0,0.0,o neil mason
Kenzel Massey,PG,ESC,2.0,19.5,8.0,3.0,0.5,0.5,0.0,2.0,8.0,0.3125,1.0,1.0,0.5,kenzel massey
Terin Wofford,PG,KYSU,1.0,20.0,8.0,4.0,1.0,2.0,0.0,0.0,8.0,0.375,4.0,0.5,2.0,terin wofford
Nolan Koch,SF,LAW,1.0,16.0,8.0,2.0,0.0,0.0,0.0,0.0,9.0,0.3333333432674408,2.0,1.0,0.0,nolan koch
Isaiah Smith,PG,MYSU,1.0,22.0,8.0,3.0,0.0,1.0,0.0,0.0,7.0,0.5714285969734192,0.0,0.0,2.0,isaiah smith
Malik Siggers,PG,MYSU,1.0,10.0,8.0,0.0,0.0,3.0,0.0,1.0,6.0,0.3333333432674408,3.0,1.0,1.0,malik siggers
C. Reece Breitenbach,PG,COE,2.0,21.0,8.0,4.5,1.0,2.5,0.0,2.0,5.5,0.5454545617103577,0.0,0.0,1.0,c reece breitenbach
Tajh Williams,PG,WNWL,1.0,21.0,8.0,1.0,0.0,0.0,0.0,1.0,14.0,0.2142857164144516,2.0,0.5,1.0,tajh williams
Christian Garrett,PG,BOWE,1.0,14.0,8.0,1.0,1.0,2.0,1.0,0.0,1.0,0.0,10.0,0.800000011920929,1.0,christian garrett
Gabriel Chang,PG,FNU,1.0,15.0,8.0,1.0,1.0,0.0,0.0,1.0,6.0,0.5,1.0,1.0,2.0,gabriel chang
Landon Russ,PG,SHEN,1.0,24.0,8.0,4.0,2.0,1.0,0.0,1.0,3.0,0.6666666865348816,5.0,0.6000000238418579,2.0,landon russ
Labron Wilson,PG,MCP,1.0,18.0,8.0,4.0,1.0,0.0,2.0,0.0,7.0,0.5714285969734192,0.0,0.0,1.0,labron wilson
KJ Marshall,SF,MCP,1.0,18.0,8.0,3.0,0.0,0.0,1.0,0.0,5.0,0.800000011920929,0.0,0.0,0.0,kj marshall
Jonan Claussen,SF,DOAN,1.0,38.0,8.0,1.0,1.0,2.0,0.0,2.0,10.0,0.30000001192092896,0.0,0.0,3.0,jonan claussen
Jayden Johnson,PG,STL,1.0,25.0,8.0,5.0,0.0,0.0,0.0,1.0,7.0,0.2857142984867096,5.0,0.6000000238418579,2.0,jayden johnson
John McFadden,SF,UAA,1.0,15.0,8.0,2.0,1.0,1.0,0.0,0.0,6.0,0.6666666865348816,0.0,0.0,0.0,john mcfadden
Ian Goings,PG,WVUT,1.0,24.0,8.0,2.0,0.0,1.0,0.0,2.0,11.0,0.27272728085517883,0.0,0.0,1.0,ian goings
Trayten Woods,PG,WVUT,1.0,23.0,8.0,3.0,1.0,1.0,0.0,2.0,6.0,0.5,0.0,0.0,5.0,trayten woods
Jordan Snipes Campbell,PG,CTON,1.0,29.0,8.0,0.0,2.0,2.0,0.0,2.0,14.0,0.2142857164144516,0.0,0.0,1.0,jordan snipes campbell
Triston Conger,PG,CMBL,1.0,35.0,8.0,3.0,5.0,3.0,0.0,0.0,14.0,0.2142857164144516,2.0,1.0,1.0,triston conger
Jaedon Ross,PG,SCHR,1.0,17.0,8.0,4.0,1.0,2.0,0.0,0.0,9.0,0.4444444477558136,0.0,0.0,0.0,jaedon ross
Esrom Tsegaye,PG,HSSU,1.0,10.0,8.0,1.0,0.0,1.0,0.0,2.0,7.0,0.2857142984867096,2.0,1.0,0.0,esrom tsegaye
Alijah Washington,PG,MNCR,1.0,19.0,8.0,3.0,0.0,1.0,0.0,0.0,7.0,0.5714285969734192,0.0,0.0,2.0,alijah washington
Marzouq Abdur-Razaaq,SF,UCCS,1.0,21.0,8.0,5.0,2.0,1.0,0.0,0.0,8.0,0.5,0.0,0.0,0.0,marzouq abdur razaaq
Logan Beckstrom,PG,YUNE,1.0,20.0,8.0,3.0,0.0,0.0,0.0,2.0,8.0,0.25,2.0,1.0,0.0,logan beckstrom
Khamani Wertz,PG,CONC,1.0,24.0,8.0,3.0,6.0,0.0,0.0,2.0,6.0,0.5,0.0,0.0,3.0,khamani wertz
Boubacar Djigo,SF,CONC,1.0,24.0,8.0,5.0,1.0,0.0,0.0,2.0,10.0,0.30000001192092896,0.0,0.0,0.0,boubacar djigo
Danny Delgardo III,PG,FVSU,1.0,23.0,8.0,5.0,0.0,0.0,0.0,2.0,10.0,0.20000000298023224,5.0,0.4000000059604645,2.0,danny delgardo iii
Brayden Smith,PG,VUL,8.0,22.375,8.0,2.125,1.25,0.875,0.125,1.625,9.5,0.31578946113586426,0.875,0.4285714328289032,1.625,brayden smith
Derek Todd Jr.,SF,VUL,8.0,19.125,8.0,4.0,1.0,0.75,0.125,0.75,11.625,0.23655913770198822,2.125,0.8235294222831726,1.875,derek todd jr
Deandre Johnson,SG,UMFK,1.0,36.0,8.0,6.0,3.0,1.0,0.0,2.0,11.0,0.1818181872367859,3.0,0.6666666865348816,4.0,deandre johnson
Mike Byfield,PG,PSAB,2.0,26.5,8.0,4.5,0.5,0.5,0.5,0.5,5.5,0.4545454680919647,4.0,0.625,0.5,mike byfield
Cory Marshall,C,TWU,2.0,23.0,8.0,5.5,1.5,0.5,0.0,1.0,5.0,0.6000000238418579,2.0,0.5,1.0,cory marshall
Nico Perez-La Costa,PG,WPAC,1.0,20.0,8.0,0.0,0.0,0.0,0.0,2.0,8.0,0.25,2.0,1.0,0.0,nico perez la costa
Sean Kivlan,SF,NYMT,2.0,14.5,8.0,2.5,2.0,0.0,0.0,2.0,6.5,0.38461539149284363,2.0,0.5,1.5,sean kivlan
Luke Keppel,PG,DSLU,1.0,27.0,8.0,1.0,2.0,2.0,0.0,1.0,10.0,0.30000001192092896,1.0,1.0,1.0,luke keppel
Luke Guzman,SF,FISH,1.0,18.0,8.0,0.0,0.0,0.0,0.0,0.0,6.0,0.5,3.0,0.6666666865348816,2.0,luke guzman
Allen Lattimore,PG,FISH,1.0,16.0,8.0,0.0,1.0,0.0,0.0,2.0,7.0,0.4285714328289032,0.0,0.0,0.0,allen lattimore
Anthony Saunders,PG,FISH,1.0,18.0,8.0,1.0,1.0,0.0,0.0,0.0,8.0,0.5,0.0,0.0,2.0,anthony saunders
Stephen Perry,PG,LSIU,3.0,32.333332,8.0,6.0,5.0,1.3333334,0.0,1.3333334,10.0,0.20000000298023224,2.6666667,1.0,6.0,stephen perry
Addison Newkirk,SF,W&L,1.0,30.0,8.0,7.0,0.0,1.0,1.0,0.0,9.0,0.3333333432674408,3.0,0.6666666865348816,3.0,addison newkirk
Joey Foster,SF,OCC,1.0,20.0,8.0,4.0,0.0,1.0,0.0,0.0,5.0,0.800000011920929,0.0,0.0,0.0,joey foster
Seth Bunders,PG,RIP,1.0,28.0,8.0,2.0,3.0,2.0,0.0,2.0,11.0,0.27272728085517883,0.0,0.0,3.0,seth bunders
Bishop Duffield,PG,SPGN,1.0,27.0,8.0,6.0,2.0,0.0,1.0,2.0,8.0,0.375,0.0,0.0,1.0,bishop duffield
Ezekial Austin,PG,UJ,1.0,23.0,8.0,5.0,0.0,0.0,0.0,2.0,7.0,0.4285714328289032,0.0,0.0,1.0,ezekial austin
Nate Townsend,PG,MISE,2.0,14.5,8.0,0.5,0.5,0.0,0.0,0.5,4.0,0.625,3.0,0.8333333134651184,2.0,nate townsend
Aiden Blake,PG,WAYN,1.0,21.0,8.0,1.0,0.0,0.0,0.0,1.0,5.0,0.20000000298023224,5.0,1.0,4.0,aiden blake
Adonus Abrams,PG,LOUR,1.0,22.0,8.0,2.0,4.0,0.0,0.0,0.0,8.0,0.25,4.0,1.0,1.0,adonus abrams
Jamison Rountree,PG,MMID,1.0,33.0,8.0,6.0,0.0,0.0,1.0,0.0,13.0,0.3076923191547394,0.0,0.0,4.0,jamison rountree
Khamari Accursio-Harris,SF,THI,1.0,38.0,8.0,6.0,0.0,0.0,0.0,0.0,17.0,0.23529411852359772,0.0,0.0,2.0,khamari accursio harris
Kadenne Kemp,SF,THI,1.0,21.0,8.0,4.0,0.0,0.0,0.0,0.0,5.0,0.6000000238418579,2.0,1.0,2.0,kadenne kemp
Ian McDonald,PG,HLGU,1.0,23.0,8.0,4.0,4.0,0.0,0.0,2.0,8.0,0.375,0.0,0.0,2.0,ian mcdonald
Harkirath Makhar,PG,NNMC,1.0,32.0,8.0,3.0,2.0,0.0,0.0,0.0,14.0,0.2142857164144516,2.0,1.0,4.0,harkirath makhar
Zach Sloan,SF,PFEI,2.0,20.5,8.0,1.0,0.0,0.5,0.0,1.0,9.0,0.3333333432674408,1.5,0.6666666865348816,0.5,zach sloan
Ricardo Dixon,SF,LHMN,1.0,25.0,8.0,8.0,0.0,1.0,2.0,1.0,10.0,0.30000001192092896,3.0,0.3333333432674408,3.0,ricardo dixon
Mason Blankenberg,PG,PSBH,1.0,30.0,8.0,3.0,5.0,1.0,0.0,1.0,7.0,0.4285714328289032,1.0,1.0,1.0,mason blankenberg
Detric Hearst,PG,B&SO,1.0,30.0,8.0,4.0,0.0,1.0,0.0,0.0,12.0,0.3333333432674408,0.0,0.0,1.0,detric hearst
Jalen Bowie,PG,WLSN,1.0,28.0,8.0,3.0,0.0,2.0,0.0,0.0,10.0,0.30000001192092896,2.0,1.0,3.0,jalen bowie
Owen Denton,PG,RUC,1.0,11.0,8.0,1.0,1.0,0.0,0.0,2.0,5.0,0.6000000238418579,0.0,0.0,0.0,owen denton
Ari Pierson,PG,NCU,1.0,19.0,8.0,6.0,1.0,0.0,0.0,2.0,7.0,0.4285714328289032,0.0,0.0,3.0,ari pierson
Drew Hind,PG,PSBH,1.0,15.0,8.0,1.0,2.0,0.0,0.0,2.0,6.0,0.5,0.0,0.0,2.0,drew hind
Dolan Waldo,SF,PSBH,1.0,23.0,8.0,3.0,0.0,0.0,2.0,1.0,7.0,0.4285714328289032,4.0,0.25,0.0,dolan waldo
Louis Mohr,SF,SKC,1.0,29.0,8.0,4.0,5.0,2.0,0.0,2.0,9.0,0.3333333432674408,1.0,0.0,2.0,louis mohr
Oliver Boyle,PG,MOBL,1.0,16.0,8.0,1.0,1.0,1.0,0.0,2.0,7.0,0.4285714328289032,0.0,0.0,0.0,oliver boyle
Kennyh Hardeman,PG,AFST,1.0,13.0,8.0,4.0,0.0,1.0,1.0,0.0,10.0,0.4000000059604645,0.0,0.0,0.0,kennyh hardeman
Felix Okpara,SF,TENN,35.0,26.914286,7.9714284,6.3428574,0.4857143,0.42857143,1.4857143,0.114285715,5.457143,0.5968586206436157,2.1142857,0.6351351141929626,1.0285715,felix okpara
Anouar Mellouk,SF,MORE,33.0,24.969696,7.969697,4.3939395,0.8484849,0.6969697,0.8484849,0.27272728,6.5151515,0.5116279125213623,1.7575758,0.5862069129943848,1.3030303,anouar mellouk
Cornelius Robinson III,SF,MONM,33.0,24.818182,7.969697,3.878788,1.2424242,0.75757575,0.18181819,0.15151516,6.818182,0.4577777683734894,2.4545455,0.6419752836227417,1.3030303,cornelius robinson iii
Jaden Cooper,PG,UMES,32.0,26.03125,7.96875,3.6875,1.71875,0.96875,0.125,1.21875,6.90625,0.4072398245334625,1.34375,0.8372092843055725,1.15625,jaden cooper
Malek Gomma,SF,WEB,32.0,25.125,7.96875,6.9375,1.40625,0.625,0.15625,0.0625,6.0,0.5364583134651184,3.125,0.4699999988079071,1.09375,malek gomma
Sam Brown,PG,DAV,32.0,23.6875,7.96875,1.875,2.21875,0.53125,0.125,1.0625,7.8125,0.36399999260902405,1.75,0.6964285969734192,1.1875,sam brown
Carter Kingsbury,PG,CIT,31.0,29.129032,7.967742,3.903226,2.1612904,0.61290324,0.06451613,0.87096775,6.903226,0.4392523467540741,1.3870968,0.7441860437393188,1.451613,carter kingsbury
Layne Taylor,PG,MUR,31.0,24.580645,7.967742,2.6774194,3.2258065,0.7096774,0.032258064,1.5806452,6.645161,0.40776699781417847,1.2258065,0.7894737124443054,0.9677419,layne taylor
Kiyan Anthony,PG,SYR,29.0,18.655172,7.965517,1.3793104,0.8965517,0.31034482,0.20689656,0.62068963,6.6551723,0.39896371960639954,3.2413793,0.6276595592498779,0.9655172,kiyan anthony
Jason Schofield,C,MRST,26.0,16.653847,7.9615383,4.0,1.1153846,0.53846157,0.6923077,0.0,6.3846154,0.5421686768531799,1.5384616,0.675000011920929,0.84615386,jason schofield
Antwaun Massey,SF,WIU,26.0,22.5,7.9615383,3.5384614,0.88461536,0.53846157,0.6923077,0.07692308,6.423077,0.4910179674625397,3.2692308,0.48235294222831726,1.8461539,antwaun massey
Abdul Momoh,SF,UIC,35.0,23.257143,7.9428573,3.7142856,0.8857143,0.6,1.2857143,0.0,5.3428574,0.614973247051239,2.7142856,0.5052631497383118,1.0,abdul momoh
Bukky Oboye,C,SCU,34.0,17.764706,7.9411764,4.147059,0.5882353,0.6764706,1.1764706,0.23529412,4.852941,0.6666666865348816,1.882353,0.65625,0.8235294,bukky oboye
Jerrell Bellamy,C,TROY,34.0,16.588236,7.9411764,3.4411764,0.44117647,0.5294118,1.0294118,0.1764706,5.117647,0.6436781883239746,1.9117647,0.6153846383094788,1.1764706,jerrell bellamy
Kobe MaGee,PG,FSU,33.0,19.727272,7.939394,2.8181818,0.8181818,0.8484849,0.030303031,1.6666666,6.6060605,0.3761467933654785,1.7575758,0.7413793206214905,0.72727275,kobe magee
DeAndre Williams,PG,HC,33.0,25.454546,7.939394,3.1818182,1.8181819,0.6969697,0.060606062,0.8484849,7.181818,0.4219409227371216,1.2727273,0.8095238208770752,1.3939394,deandre williams
Josh Reed,PG,DREX,33.0,18.848484,7.939394,3.2121212,1.1515151,0.54545456,0.121212125,0.24242425,7.3636365,0.4279835522174835,2.3636363,0.5897436141967773,1.1212121,josh reed
Pablo Tamba,SF,LSU,32.0,28.6875,7.9375,7.25,1.46875,1.125,0.53125,0.25,4.53125,0.6137930750846863,3.5,0.6071428656578064,1.0,pablo tamba
Adrien Stevens,PG,MARQ,32.0,26.125,7.9375,2.5625,1.59375,1.40625,0.1875,1.6875,6.40625,0.43414634466171265,0.96875,0.7096773982048035,1.0,adrien stevens
Justus McNair,PG,VAL,32.0,18.0,7.9375,1.78125,1.03125,0.59375,0.09375,0.71875,6.09375,0.43589743971824646,2.5625,0.7439024448394775,0.875,justus mcnair
Jalen Haynes,PG,SIU,32.0,20.6875,7.9375,2.375,2.125,0.96875,0.21875,0.5,6.28125,0.42288556694984436,2.71875,0.7816091775894165,1.375,jalen haynes
Landen Joseph,PG,MRSH,31.0,17.774193,7.935484,2.483871,2.064516,1.1612903,0.2580645,1.2258065,5.774194,0.48603352904319763,1.548387,0.7083333134651184,1.2258065,landen joseph
Kevin McCarthy,PG,ARMY,30.0,24.266666,7.9333334,2.6666667,1.2333333,0.53333336,0.1,1.8333334,7.4333334,0.3856502175331116,0.53333336,0.6875,0.93333334,kevin mccarthy
Bryson Tiller,SF,KU,35.0,25.885714,7.9142857,6.114286,1.0,0.34285715,1.2857143,0.4,6.4857144,0.44933921098709106,2.4285715,0.6941176652908325,1.8,bryson tiller
Drake Allen,PG,USU,35.0,25.485714,7.9142857,2.9714286,4.6571426,1.9714285,0.4,0.7714286,5.8285713,0.46568626165390015,2.7714286,0.6185566782951355,1.9142857,drake allen
Andrés Marrero,PG,MRMK,34.0,27.441177,7.9117646,2.0294118,1.4117647,1.2647059,0.14705883,1.5588236,6.5882354,0.3794642984867096,1.617647,0.8363636136054993,0.5294118,andres marrero
Andrew Ball,PG,MONM,34.0,20.5,7.9117646,3.9117646,0.61764705,0.61764705,0.5882353,0.7352941,6.2352943,0.5047169923782349,1.4705882,0.6000000238418579,0.8235294,andrew ball
Jaden Clayton,PG,PAC,33.0,30.484848,7.909091,3.3333333,6.3636365,1.1212121,0.030303031,1.060606,7.5454545,0.36947789788246155,1.6969697,0.75,2.4545455,jaden clayton
Johan Munch,SF,ORST,31.0,21.032259,7.903226,5.096774,1.032258,0.7419355,0.7419355,0.032258064,5.451613,0.526627242565155,3.3548386,0.6346153616905212,1.516129,johan munch
Jalen Forrest,PG,SELA,28.0,17.142857,7.892857,2.5714285,0.5714286,0.4642857,0.10714286,0.64285713,5.357143,0.3799999952316284,4.035714,0.7876105904579163,1.0357143,jalen forrest
Mike Walz,C,RICH,32.0,21.3125,7.875,6.4375,2.28125,0.4375,0.71875,0.9375,6.09375,0.482051283121109,1.40625,0.7555555701255798,1.5,mike walz
Maximus Nelson,SF,PFW,32.0,27.53125,7.875,3.375,0.75,0.59375,0.15625,2.25,6.46875,0.37681159377098083,0.90625,0.8275862336158752,0.53125,maximus nelson
Lukas Walls,PG,RAD,32.0,23.9375,7.875,2.46875,1.0625,1.0625,0.21875,1.4375,4.625,0.5202702879905701,2.15625,0.7536231875419617,1.0625,lukas walls
Pearson Carmichael,SF,BOIS,31.0,19.096775,7.870968,3.1290324,0.7741935,0.29032257,0.09677419,1.1612903,6.2580647,0.41237112879753113,1.8709677,0.8275862336158752,1.0,pearson carmichael
Corey Caulker,PG,ECU,31.0,30.67742,7.870968,2.3548386,3.7741935,0.7741935,0.032258064,1.3225807,8.354838,0.3320463299751282,1.2903225,0.7749999761581421,1.5806452,corey caulker
Joson Sanon,PG,SJU,37.0,20.891891,7.864865,2.4324324,0.7027027,0.5675676,0.16216215,1.2972972,7.189189,0.33834585547447205,2.2162163,0.7682926654815674,1.054054,joson sanon
Christian Winborne,PG,NICH,29.0,22.758621,7.862069,1.6551725,1.0,1.2758621,0.0,1.862069,7.172414,0.36538460850715637,1.1724138,0.6470588445663452,0.7241379,christian winborne
Kameron Tinsley,SF,IUIN,29.0,17.551723,7.862069,2.413793,1.1034483,0.55172414,0.4827586,1.6206896,6.0,0.3850574791431427,1.9310344,0.8392857313156128,0.86206895,kameron tinsley
Kam Burton,PG,SFA,34.0,18.617647,7.852941,1.8235294,0.2647059,0.5,0.0,2.235294,6.0588236,0.40776699781417847,0.7941176,0.8518518805503845,0.5,kam burton
Melih Tunca,PG,PSU,31.0,22.774193,7.83871,2.0,2.3548386,0.7096774,0.19354838,0.6451613,5.967742,0.4486486613750458,2.387097,0.7702702879905701,1.3870968,melih tunca
Chris Komin,PG,NAU,31.0,26.548388,7.83871,2.1290324,2.1935484,1.2903225,0.48387095,0.8064516,5.7419353,0.4606741666793823,2.1290324,0.8181818127632141,0.7741935,chris komin
Cooper Koch,SF,IOWA,37.0,28.432432,7.8378377,3.0810812,1.1351352,0.5675676,0.16216215,1.7837838,6.0,0.4369369447231293,0.972973,0.8333333134651184,0.45945945,cooper koch
Eric Mahaffey,PG,AKR,34.0,21.941177,7.8235292,5.647059,1.5294118,0.7058824,0.5588235,0.7352941,5.4411764,0.5297297239303589,1.7352941,0.7627118825912476,0.85294116,eric mahaffey
Omari Hamilton,SF,ALCN,32.0,21.4375,7.8125,4.46875,0.5,0.46875,0.15625,0.53125,6.28125,0.4427860677242279,2.46875,0.6962025165557861,1.1875,omari hamilton
Luke Haupt,PG,UNM,37.0,28.081081,7.810811,4.4594593,3.054054,1.4324324,0.21621622,0.4864865,5.8378377,0.4583333432674408,2.7567568,0.7156862616539001,1.3783784,luke haupt
Austin Williford,PG,JOES,36.0,26.222221,7.8055553,4.6666665,1.3611112,1.1111112,0.2777778,1.3333334,7.138889,0.3813229501247406,1.4722222,0.698113203048706,1.2222222,austin williford
Mason Porter-Brown,SF,LIU,35.0,20.057142,7.8,3.2,0.62857145,0.82857144,0.42857143,1.0857143,5.4,0.47089946269989014,2.2857144,0.7124999761581421,1.0285715,mason porter brown
Anthony Smith III,PG,UND,34.0,17.735294,7.7941175,2.0882354,2.2941177,0.7352941,0.05882353,0.32352942,6.0,0.47058823704719543,2.1764705,0.837837815284729,1.2352941,anthony smith iii
Jerone Morton,PG,WSU,32.0,24.96875,7.78125,1.9375,2.625,0.8125,0.21875,0.96875,6.0,0.4375,1.90625,0.8196721076965332,1.15625,jerone morton
Michael Marcus Jr.,SF,APP,32.0,24.03125,7.78125,6.0,0.4375,0.59375,0.5,0.9375,5.90625,0.47089946269989014,1.8125,0.7068965435028076,0.78125,michael marcus jr
Wyatt Nausadis,PG,AMER,32.0,22.71875,7.78125,1.40625,1.6875,0.96875,0.09375,1.21875,6.34375,0.4236453175544739,1.6875,0.7037037014961243,1.375,wyatt nausadis
Davian Williams,PG,ALCN,32.0,26.46875,7.78125,2.875,1.34375,1.34375,0.09375,1.21875,7.59375,0.36213991045951843,1.5625,0.6800000071525574,1.5625,davian williams
Malachi Moreno,C,UK,36.0,22.63889,7.7777777,6.3333335,1.7777778,0.5277778,1.4722222,0.0,4.5833335,0.581818163394928,3.5,0.6984127163887024,1.2777778,malachi moreno
Jackson Munro,SF,DART,27.0,24.74074,7.7777777,4.2222223,2.0370371,0.18518518,0.8518519,1.1481482,5.7777777,0.49358972907066345,1.1481482,0.8064516186714172,0.8888889,jackson munro
Jerome Palm,SF,KC,31.0,26.0,7.774194,6.129032,1.2580645,0.61290324,0.9354839,0.16129032,7.032258,0.47706422209739685,2.032258,0.4444444477558136,1.2258065,jerome palm
Elmore James IV,PG,BALL,31.0,23.935484,7.774194,1.6451613,0.87096775,0.61290324,0.06451613,0.9354839,7.193548,0.39461883902549744,1.483871,0.782608687877655,0.61290324,elmore james iv
Eli Robinson,SF,AF,31.0,28.0,7.774194,5.16129,1.5806452,1.0967742,0.38709676,0.4516129,6.677419,0.48792269825935364,1.2258065,0.6578947305679321,1.7741935,eli robinson
Samson Aletan,C,YALE,29.0,25.862068,7.7586207,5.7586207,1.2413793,0.6896552,1.4137931,0.0,5.0689654,0.5782312750816345,3.2413793,0.585106372833252,0.9310345,samson aletan
Jahki Gupton,SF,SPU,29.0,24.448277,7.7586207,4.965517,0.79310346,0.9655172,0.79310346,0.55172414,6.793103,0.42131978273391724,2.137931,0.6935483813285828,1.7241379,jahki gupton
Kyle Carlesimo,PG,COLG,33.0,24.363636,7.757576,2.5151515,0.93939394,0.8484849,0.15151516,1.7878788,7.181818,0.39240506291389465,0.3939394,0.8461538553237915,0.72727275,kyle carlesimo
Sadraque NgaNga,SF,SJSU,32.0,24.375,7.75,4.125,0.5625,0.46875,0.28125,1.0625,6.71875,0.40930232405662537,1.4375,0.8260869383811951,1.40625,sadraque nganga
Josh Ahayere,PG,COLG,32.0,25.34375,7.75,3.5625,1.375,0.8125,0.28125,0.75,5.5,0.4829545319080353,2.28125,0.7397260069847107,0.78125,josh ahayere
Javon Ruffin,PG,BGSU,31.0,23.451612,7.7419353,2.387097,1.548387,0.87096775,0.09677419,1.6129032,6.032258,0.4010695219039917,1.548387,0.8333333134651184,0.8064516,javon ruffin
Trey Lewis,PG,WMU,31.0,17.580645,7.7419353,2.6451614,0.48387095,0.22580644,0.19354838,1.6774193,6.2580647,0.4175257682800293,1.1290323,0.7428571581840515,0.8064516,trey lewis
Makhi Myles,SF,SELA,31.0,20.967741,7.7419353,3.580645,0.58064514,1.3548387,0.516129,1.1290323,5.967742,0.41081079840660095,2.064516,0.828125,0.9032258,makhi myles
Ashton Williamson,PG,FIU,26.0,22.615385,7.730769,2.3461537,2.5769231,1.0769231,0.07692308,1.1923077,7.6538463,0.3819095492362976,0.84615386,0.8181818127632141,1.9615384,ashton williamson
Keonte Jones,PG,DAY,37.0,30.216217,7.7297297,5.324324,2.2162163,1.4594594,0.7297297,0.35135135,5.5405407,0.507317066192627,2.7837837,0.6310679316520691,1.3783784,keonte jones
Richard Goods,SF,STBK,32.0,24.9375,7.71875,5.90625,2.0625,1.0,0.59375,1.0,6.59375,0.41706159710884094,2.375,0.5131579041481018,1.40625,richard goods
Kolten Griffin,SF,WGA,32.0,33.3125,7.71875,4.15625,2.78125,1.4375,0.71875,0.65625,6.78125,0.46543779969215393,1.21875,0.6153846383094788,1.6875,kolten griffin
Christian Humphrey-Rembert,SF,LAF,32.0,30.09375,7.71875,6.59375,0.5,0.4375,0.59375,1.8125,6.4375,0.38349515199661255,1.46875,0.6595744490623474,0.71875,christian humphrey rembert
Preston Turner,PG,EIU,31.0,20.838709,7.709677,1.6774193,0.87096775,0.8064516,0.19354838,1.3870968,5.290323,0.46341463923454285,1.7419355,0.8148148059844971,1.483871,preston turner
James Morrow,PG,SCST,24.0,20.75,7.7083335,3.125,1.1666666,0.8333333,0.5833333,0.5,5.2916665,0.4645669162273407,2.7083333,0.8461538553237915,1.2083334,james morrow
Michael Duax,SF,FGCU,34.0,24.441177,7.7058825,5.2058825,1.2647059,1.2352941,0.4117647,0.1764706,5.882353,0.550000011920929,1.4705882,0.7200000286102295,1.2352941,michael duax
Blake Harper,PG,CREI,34.0,18.411764,7.7058825,3.6470587,1.1764706,0.5,0.05882353,0.5882353,5.2647057,0.46368715167045593,2.8823528,0.7755101919174194,1.3235294,blake harper
Brody Rowbury,SF,IDHO,36.0,24.5,7.6944447,5.1944447,1.0,0.3611111,0.5277778,0.33333334,4.5833335,0.5939394235610962,2.8055556,0.6831682920455933,1.0277778,brody rowbury
Jaden Schutt,PG,VT,32.0,24.65625,7.6875,1.625,0.9375,0.53125,0.0,2.03125,6.34375,0.3842364549636841,0.90625,0.8620689511299133,0.40625,jaden schutt
Tanner Toolson,PG,TCU,35.0,20.971428,7.6857142,3.1714287,0.9142857,0.6571429,0.31428573,0.85714287,6.571429,0.3695652186870575,2.7142856,0.7263157963752747,0.51428574,tanner toolson
Brady Swartz,PG,WMU,25.0,20.6,7.68,4.56,0.36,0.32,0.12,1.16,6.08,0.40789473056793213,2.24,0.6964285969734192,0.44,brady swartz
Jacob Beccles,PG,COR,28.0,23.285715,7.678571,2.4642856,3.142857,1.1071428,0.25,0.71428573,6.071429,0.47058823704719543,1.8571428,0.6730769276618958,1.2857143,jacob beccles
Israel Hart,PG,USM,34.0,21.617647,7.6764708,1.9117647,1.3529412,1.0588236,0.23529412,1.2647059,7.029412,0.33891212940216064,1.9705882,0.8358209133148193,1.3235294,israel hart
Noah Norgaard,PG,UNCG,34.0,25.147058,7.6764708,2.1470587,1.5294118,0.5294118,0.05882353,1.4117647,6.5,0.40271493792533875,1.4705882,0.699999988079071,1.2352941,noah norgaard
Antonio Chol,SF,UNM,37.0,24.243244,7.675676,2.9189188,0.7837838,0.27027026,0.6486486,1.6216216,7.189189,0.38721805810928345,0.8108108,0.6000000238418579,0.6756757,antonio chol
John Hugley IV,SF,DUQ,27.0,16.037037,7.6666665,3.5185184,1.3333334,0.22222222,0.18518518,0.33333334,5.111111,0.49275362491607666,3.074074,0.7469879388809204,1.4074074,john hugley iv
Keenan Kahoekapu,PG,NWIC,3.0,23.333334,7.6666665,2.3333333,0.33333334,0.0,0.0,0.0,5.3333335,0.6875,0.6666667,0.5,0.6666667,keenan kahoekapu
Latavious Morris,PG,NMHU,3.0,16.666666,7.6666665,0.0,0.6666667,0.33333334,0.33333334,1.3333334,5.0,0.4000000059604645,3.0,0.7777777910232544,2.6666667,latavious morris
Joshua Barnett,PG,OAKW,3.0,22.666666,7.6666665,3.0,0.33333334,1.3333334,0.0,0.33333334,7.6666665,0.30434781312942505,2.6666667,1.0,2.6666667,joshua barnett
Cayden Boozer,PG,DUKE,38.0,22.81579,7.6578946,2.2631578,2.9736843,0.81578946,0.078947365,0.5263158,5.5263157,0.5,1.9736842,0.8133333325386047,1.3421053,cayden boozer
Tay Smith,PG,NDSU,35.0,19.8,7.6571426,2.5142858,0.82857144,1.0857143,0.0,2.142857,6.428571,0.4000000059604645,0.4857143,0.7647058963775635,0.54285717,tay smith
Troy Glover II,SF,BGSU,32.0,22.96875,7.65625,5.34375,0.5625,0.875,1.40625,0.0,5.03125,0.6583850979804993,2.0,0.515625,1.0625,troy glover ii
BJ Plummer,SF,UNF,32.0,26.96875,7.65625,3.375,1.15625,0.6875,0.21875,1.3125,6.78125,0.4193548262119293,1.0,0.65625,1.15625,bj plummer
Aaron McBride,SF,LMU,31.0,27.258064,7.645161,5.580645,0.9677419,0.9032258,1.0,0.4516129,5.548387,0.5406976938247681,1.5806452,0.7551020383834839,1.1935484,aaron mcbride
Chris Davis Jr.,PG,COFC,31.0,18.32258,7.645161,2.7096775,0.61290324,0.4516129,0.0,1.2903225,6.225806,0.409326434135437,1.8387097,0.6842105388641357,0.6451613,chris davis jr
Mookie Cook,SF,SF,25.0,20.76,7.64,4.2,1.48,0.68,0.84,0.92,5.76,0.4444444477558136,2.24,0.7142857313156128,1.72,mookie cook
AJ Rohosy,SF,STAN,33.0,20.424242,7.6363635,5.6363635,0.6666667,0.5151515,0.5151515,0.0,6.121212,0.5544554591178894,2.2424242,0.37837839126586914,1.0,aj rohosy
Bowen Hardman,PG,AKR,35.0,18.4,7.6285715,1.5428572,0.22857143,0.17142858,0.028571429,2.2,6.0285716,0.4028435945510864,0.6857143,0.8333333134651184,0.4,bowen hardman
Jorn Everson,SF,ARMY,32.0,18.84375,7.625,2.3125,0.9375,0.28125,0.1875,1.0625,7.25,0.4267241358757019,0.625,0.6000000238418579,0.65625,jorn everson
Shawn Phillips Jr.,C,MIZ,31.0,20.451612,7.612903,5.129032,0.6451613,0.2580645,1.516129,0.0,4.677419,0.682758629322052,2.3225806,0.5277777910232544,2.096774,shawn phillips jr
Mekhi Conner,PG,SHU,31.0,29.67742,7.612903,3.419355,6.2580647,1.0,0.16129032,1.6129032,7.483871,0.29741379618644714,2.064516,0.75,2.516129,mekhi conner
Keeyan Itejere,SF,URI,32.0,28.5,7.59375,5.65625,0.53125,0.9375,1.4375,0.0,4.4375,0.6478873491287231,2.6875,0.6860465407371521,1.40625,keeyan itejere
Jaden Henderson,PG,CSUF,32.0,17.75,7.59375,2.5,1.6875,0.53125,0.125,1.21875,6.78125,0.4423963129520416,0.5,0.75,1.0625,jaden henderson
Xavier Hall,PG,INST,32.0,27.71875,7.59375,2.09375,4.1875,0.71875,0.03125,0.65625,6.53125,0.43062201142311096,1.75,0.75,1.71875,xavier hall
Eoin Dillon,SF,BEL,32.0,16.3125,7.59375,2.5,1.5,0.40625,0.25,1.5625,5.21875,0.485029935836792,1.0625,0.9117646813392639,0.90625,eoin dillon
DJ Jefferson,PG,GWEB,27.0,16.74074,7.5925927,2.8148148,0.4074074,0.5555556,0.33333334,1.2222222,6.6296296,0.4189944267272949,1.2962962,0.6285714507102966,1.4074074,dj jefferson
Joshua Ola-Joseph,SF,LUC,29.0,21.51724,7.586207,3.7931035,0.7241379,0.27586207,0.10344828,0.9310345,5.965517,0.3988439440727234,2.5172415,0.7534246444702148,0.8965517,joshua ola joseph
Dillon Battie,SF,WICH,31.0,17.290323,7.580645,4.677419,0.7419355,0.67741936,0.3548387,0.09677419,4.903226,0.5592105388641357,3.2580645,0.6138613820075989,0.87096775,dillon battie
Dylan Arnett,SF,UNT,33.0,26.454546,7.5757575,5.909091,1.3333334,0.93939394,0.969697,0.0,7.212121,0.47058823704719543,1.8787879,0.4193548262119293,1.4242424,dylan arnett
Terry McMorris,SF,EIU,33.0,26.030304,7.5757575,5.757576,1.4848485,0.8787879,1.1212121,0.060606062,5.4545455,0.4555555582046509,3.3636363,0.7567567825317383,1.5757576,terry mcmorris
Guzman Vasilic,PG,CP,30.0,23.2,7.5666666,2.4,1.0666667,0.6,0.2,1.8666667,6.3333335,0.3947368562221527,0.9,0.7777777910232544,0.96666664,guzman vasilic
Ben Oosterbaan,SF,STMN,34.0,24.029411,7.5588236,4.2352943,1.5882353,0.9411765,0.32352942,1.1470588,5.9117646,0.49751242995262146,0.7647059,0.692307710647583,0.8235294,ben oosterbaan
Tre Singleton,SF,NU,34.0,25.029411,7.5588236,4.8235292,1.4705882,0.61764705,0.5588235,0.2647059,5.7352943,0.4769230782985687,2.4705882,0.738095223903656,1.0,tre singleton
Landon Wolf,PG,ILST,36.0,23.25,7.5555553,4.9722223,0.75,0.75,0.16666667,1.1666666,5.4166665,0.49743589758872986,1.2222222,0.8181818127632141,0.8333333,landon wolf
Keenan Garner,SF,CMU,31.0,24.129032,7.548387,5.451613,1.6129032,1.0645162,0.16129032,0.2580645,5.064516,0.5350318551063538,3.1612904,0.5918367505073547,1.7419355,keenan garner
EJ Ryans,PG,WMU,31.0,27.225807,7.548387,1.7096775,1.9032258,0.48387095,0.06451613,0.9354839,6.645161,0.3980582654476166,1.483871,0.8913043737411499,1.1935484,ej ryans
Omari Witherspoon,PG,PITT,33.0,27.848484,7.5454545,3.0,2.4848485,0.8181818,0.6060606,0.75757575,7.3333335,0.3801652789115906,1.8787879,0.6451612710952759,2.3636363,omari witherspoon
Reece Robinson,SF,UNT,33.0,22.484848,7.5454545,4.5151515,0.6060606,0.6969697,0.6666667,0.5151515,5.7272725,0.5026454925537109,1.7575758,0.7241379022598267,0.90909094,reece robinson
Jayden Williams,PG,BUCK,33.0,32.60606,7.5454545,2.939394,4.0,1.3333334,0.09090909,1.0909091,7.5454545,0.3212851285934448,1.939394,0.828125,1.7575758,jayden williams
Dillan Shaw,PG,SMC,33.0,27.515152,7.5454545,5.3636365,1.5454545,0.90909094,0.6060606,1.5757576,6.151515,0.4285714328289032,1.0,0.6969696879386902,1.030303,dillan shaw
Julien Gomez,PG,RGV,33.0,22.454546,7.5454545,3.1818182,1.5454545,0.72727275,0.060606062,1.1515151,5.212121,0.4883720874786377,1.6666666,0.7818182110786438,0.93939394,julien gomez
Dillon Hunter,PG,CLEM,35.0,28.571428,7.542857,3.7142856,3.0285714,0.9714286,0.114285715,0.94285715,6.114286,0.4112149477005005,2.0,0.7857142686843872,1.1142857,dillon hunter
Hosana Kitenge,SF,UCSB,32.0,20.75,7.53125,4.46875,1.71875,0.78125,0.5625,0.0625,5.53125,0.5536723136901855,2.1875,0.6142857074737549,2.125,hosana kitenge
Ajay Sheldon,PG,OHIO,32.0,30.875,7.53125,2.4375,1.90625,1.5,0.09375,2.0625,6.75,0.35648149251937866,0.9375,0.699999988079071,1.15625,ajay sheldon
Hayden Welling,SF,UVU,34.0,16.617647,7.529412,3.0,0.9411765,0.3529412,0.64705884,0.4117647,6.617647,0.4266666769981384,2.1470587,0.6849315166473389,1.1470588,hayden welling
Jamichael Davis,PG,RUTG,34.0,26.205883,7.529412,2.9117646,2.5294118,0.88235295,0.23529412,0.85294116,6.2941175,0.40186914801597595,2.0882354,0.7746478915214539,0.7941176,jamichael davis
Josh Smith,SF,LIB,33.0,15.424242,7.5151515,3.6969697,0.3939394,0.33333334,0.5151515,0.21212122,4.212121,0.6258992552757263,2.6363637,0.7701149582862854,0.57575756,josh smith
Kolby King,PG,USU,36.0,19.222221,7.5,3.3333333,1.5555556,0.6388889,0.027777778,1.2777778,4.888889,0.47727271914482117,2.0833333,0.746666669845581,0.8055556,kolby king
Donavin Crawford,PG,GCTU,2.0,23.5,7.5,0.0,0.5,0.0,0.0,1.5,10.0,0.15000000596046448,3.0,1.0,1.0,donavin crawford
Mason Kibelkis,PG,STX,2.0,19.5,7.5,1.5,0.5,1.0,0.0,2.5,5.5,0.4545454680919647,0.0,0.0,0.0,mason kibelkis
Ben Carter,PG,ERKA,2.0,26.0,7.5,4.0,1.5,1.5,1.0,2.5,7.0,0.3571428656578064,0.0,0.0,1.0,ben carter
Damon Opdahl,PG,MMU,2.0,28.0,7.5,2.0,2.0,0.5,0.0,2.0,8.5,0.23529411852359772,1.5,1.0,0.5,damon opdahl
Alex Excellent,PG,NCF,2.0,11.5,7.5,1.5,0.0,0.5,0.5,0.5,4.0,0.625,2.0,1.0,2.0,alex excellent
Giovanni Toscanini,SF,NCF,2.0,23.0,7.5,2.0,0.5,0.0,0.0,0.0,6.0,0.5,2.5,0.6000000238418579,1.5,giovanni toscanini
Semaj Edwards,PG,TXLU,2.0,16.0,7.5,1.5,1.5,1.0,0.0,1.0,8.0,0.375,1.5,0.3333333432674408,2.5,semaj edwards
D'Angelo Lake,SF,CHEY,2.0,19.5,7.5,2.0,0.5,0.5,0.0,0.0,5.5,0.5454545617103577,2.0,0.75,2.0,d angelo lake
Jacob Laff,PG,ESC,2.0,15.5,7.5,0.0,1.5,0.0,0.5,1.5,5.5,0.5454545617103577,0.0,0.0,1.0,jacob laff
Khohanon Atazhoon,PG,HSKL,2.0,24.5,7.5,0.5,0.0,0.0,0.0,1.5,6.5,0.4615384638309479,0.0,0.0,1.0,khohanon atazhoon
Reshaun Hampton,PG,TWU,2.0,14.5,7.5,2.5,0.0,1.5,0.0,1.5,8.0,0.3125,1.0,1.0,2.5,reshaun hampton
Albert Vargas,PG,RMU,28.0,24.107143,7.5,2.2857144,4.0,0.6785714,0.0,1.25,6.035714,0.37278106808662415,2.0,0.875,1.9642857,albert vargas
Shaun Wysocki,SF,DEN,30.0,19.566668,7.5,3.2666667,0.76666665,0.33333334,0.33333334,0.36666667,4.6,0.5942028760910034,2.3,0.7246376872062683,0.8333333,shaun wysocki
Mo Toure,PG,DMCA,2.0,14.0,7.5,5.5,0.5,1.0,0.0,0.5,6.5,0.38461539149284363,2.0,1.0,3.0,mo toure
Sam Witt,PG,TOCC,4.0,16.75,7.5,2.25,1.0,0.25,0.0,0.25,7.25,0.27586206793785095,4.0,0.8125,1.0,sam witt
Joshua Reid,SF,COCU,2.0,17.5,7.5,2.0,0.5,0.0,0.0,1.0,7.0,0.4285714328289032,1.0,0.5,0.0,joshua reid
Elijah Daugherty,PG,DMIL,2.0,16.5,7.5,2.5,0.5,0.0,0.0,1.0,6.5,0.38461539149284363,2.5,0.6000000238418579,2.0,elijah daugherty
Colin DeBold,PG,WEBS,2.0,10.5,7.5,2.0,0.0,0.0,0.0,0.5,3.5,0.7142857313156128,2.5,0.800000011920929,2.0,colin debold
KJ Anderson,SF,CIU,2.0,18.5,7.5,1.0,1.0,0.0,0.0,1.5,3.5,0.8571428656578064,0.0,0.0,0.5,kj anderson
Mac West,PG,LPU,2.0,14.5,7.5,0.5,0.0,0.0,0.0,1.0,6.0,0.3333333432674408,3.5,0.7142857313156128,0.5,mac west
Deegan Williams,PG,MMU,2.0,29.0,7.5,0.5,6.0,2.5,0.0,0.5,5.5,0.6363636255264282,0.0,0.0,1.0,deegan williams
Isaiah Meade-Moss,PG,DFC,2.0,20.5,7.5,3.0,0.0,2.0,0.0,1.0,7.5,0.4000000059604645,1.5,0.3333333432674408,1.0,isaiah meade moss
Jermaine Patton Jr.,PG,STN,2.0,28.0,7.5,2.0,3.5,1.0,0.0,0.5,8.0,0.4375,0.5,0.0,3.0,jermaine patton jr
Brenton Knapper,PG,SCU,33.0,21.484848,7.4848485,1.7878788,2.2121212,1.3030303,0.030303031,0.93939394,6.939394,0.38864627480506897,1.4545455,0.7916666865348816,1.2424242,brenton knapper
Pharaoh Compton,SF,SDSU,33.0,13.818182,7.4848485,2.7878788,0.33333334,0.4848485,0.90909094,0.0,4.242424,0.7214285731315613,2.1818182,0.625,0.72727275,pharaoh compton
Josiah LeGree,PG,MORE,33.0,17.545454,7.4848485,1.6969697,3.3333333,0.8181818,0.18181819,0.93939394,5.939394,0.43877550959587097,1.6363636,0.8148148059844971,1.7878788,josiah legree
All Wright,PG,XAV,33.0,22.242424,7.4848485,1.5757576,1.969697,0.5151515,0.030303031,1.1515151,5.6363635,0.46236559748649597,1.3333334,0.8409090638160706,0.6060606,all wright
Amir Taylor,SF,KENN,33.0,17.181818,7.4848485,3.6060605,0.8787879,0.36363637,0.42424244,0.45454547,4.4545455,0.557823121547699,3.1818182,0.6476190686225891,0.90909094,amir taylor
Ja'Juan Carr,PG,ELON,32.0,25.125,7.46875,2.71875,4.25,0.625,0.25,0.5625,6.25,0.4399999976158142,1.96875,0.7142857313156128,1.28125,ja juan carr
Arden Conyers,SF,CLT,32.0,19.5,7.46875,1.5625,0.46875,0.25,0.21875,1.65625,5.90625,0.4126984179019928,1.125,0.8333333134651184,0.65625,arden conyers
Tyler Bike,PG,UNH,30.0,23.766666,7.4666667,1.6333333,2.0333333,0.8,0.033333335,1.8,6.266667,0.3617021143436432,1.6,0.7083333134651184,0.8,tyler bike
Devin Williams,SF,FAU,33.0,23.787878,7.4545455,5.181818,1.3333334,0.18181819,2.5757575,0.45454547,6.0,0.5101010203361511,1.3030303,0.6744186282157898,1.2727273,devin williams
Tanner Davis,PG,UTU,33.0,26.636364,7.4545455,3.090909,1.8181819,1.6666666,0.33333334,0.27272728,5.5757575,0.532608687877655,2.3636363,0.5256410241127014,1.0,tanner davis
Mykolas Ivanauskas,SF,MERC,32.0,19.53125,7.4375,5.0625,0.4375,0.5625,0.4375,0.21875,5.96875,0.5602094531059265,0.90625,0.5862069129943848,1.0625,mykolas ivanauskas
Josh Baldwin,PG,COR,26.0,18.923077,7.423077,4.076923,3.1538463,0.46153846,0.46153846,0.7692308,5.3076925,0.4492753744125366,2.6923077,0.699999988079071,1.6923077,josh baldwin
JaVar Daniel,SF,WGA,31.0,19.161291,7.419355,5.322581,0.67741936,0.8064516,1.7741935,0.29032257,5.774194,0.5195530652999878,1.6129032,0.699999988079071,0.61290324,javar daniel
Christian Richardson,C,OMA,27.0,15.62963,7.4074073,3.0,0.0,0.4814815,0.6666667,0.0,4.0740743,0.7272727489471436,2.4814816,0.5970149040222168,1.1481482,christian richardson
JJ Traynor,SF,MUR,32.0,22.625,7.40625,3.53125,0.71875,0.4375,0.8125,0.6875,6.09375,0.482051283121109,1.21875,0.692307710647583,1.1875,jj traynor
Anthony Wrzeszcz,PG,NMSU,32.0,24.53125,7.40625,2.125,1.0,0.4375,0.15625,1.71875,6.40625,0.36097562313079834,1.25,0.8500000238418579,0.71875,anthony wrzeszcz
Isaac Harrell,SF,ELON,32.0,25.71875,7.40625,3.625,0.46875,0.8125,0.1875,1.25,5.71875,0.45355191826820374,1.34375,0.7209302186965942,0.34375,isaac harrell
PJ Eason,SF,AAMU,32.0,25.96875,7.40625,6.875,1.09375,0.8125,1.46875,0.0,4.71875,0.5298013091087341,3.96875,0.6062992215156555,1.59375,pj eason
Jaylen Carey,SF,TENN,37.0,18.486486,7.4054055,6.0,1.3243244,0.2972973,0.054054055,0.0,6.108108,0.48672565817832947,2.9729729,0.4909090995788574,0.9189189,jaylen carey
D.J. Wagner,PG,ARK,35.0,23.6,7.4,1.5714285,2.4285715,0.8857143,0.2857143,1.0571429,6.0,0.4285714328289032,1.6571429,0.7241379022598267,0.6571429,d j wagner
Ryan Mabrey,PG,ME,30.0,27.833334,7.4,3.0333333,1.5,0.8333333,0.06666667,1.6,6.9666667,0.3779904246330261,0.8,0.6666666865348816,1.2333333,ryan mabrey
Miles Ndalama,C,FAMU,25.0,22.96,7.4,4.48,0.8,0.4,0.92,0.0,4.96,0.5887096524238586,3.2,0.48750001192092896,1.68,miles ndalama
Jojo Anderson,PG,EWU,33.0,21.666666,7.3939395,1.7878788,2.2424242,0.72727275,0.09090909,0.75757575,5.4848485,0.4475138187408447,2.5454545,0.6785714030265808,1.2121212,jojo anderson
Khayri Dunn,PG,GASO,36.0,17.527779,7.388889,1.6944444,0.8888889,0.33333334,0.027777778,1.3333334,6.361111,0.39737990498542786,1.2222222,0.8181818127632141,1.4444444,khayri dunn
Khali Horton,SF,COPP,31.0,19.806452,7.387097,2.096774,0.87096775,0.67741936,0.19354838,1.483871,6.451613,0.3499999940395355,1.9032258,0.7288135886192322,0.9354839,khali horton
Isaiah Campbell-Finch,PG,SAM,29.0,23.310345,7.37931,1.5172414,1.3103448,0.37931034,0.0,0.9310345,6.3103447,0.4207650125026703,2.2068965,0.515625,0.6896552,isaiah campbell finch
Francis Okwuosah,SF,WIU,31.0,21.935484,7.354839,4.0,0.516129,0.67741936,0.2580645,1.451613,6.419355,0.4170854389667511,0.7741935,0.7083333134651184,0.9032258,francis okwuosah
Mekhi Mason,PG,WAKE,34.0,20.088236,7.352941,2.6470587,1.3529412,0.9411765,0.23529412,1.3529412,6.117647,0.38942307233810425,1.8235294,0.6774193644523621,1.0294118,mekhi mason
Antonio Chandler,SF,SIE,29.0,22.103449,7.3448277,5.551724,0.37931034,0.55172414,0.51724136,0.03448276,4.5172415,0.6412213444709778,2.1724138,0.6984127163887024,0.55172414,antonio chandler
Noah Batchelor,PG,BUF,32.0,30.78125,7.34375,4.5625,1.34375,1.0,0.28125,1.53125,4.9375,0.5379746556282043,0.8125,0.6153846383094788,1.125,noah batchelor
Jaylen Benard,PG,LONG,32.0,19.875,7.34375,3.71875,0.90625,0.75,0.25,1.21875,6.375,0.4362744987010956,1.0,0.5625,1.0,jaylen benard
Jaylen Lawal,PG,TLSA,38.0,13.447369,7.3421054,2.0789473,1.4473684,0.2631579,0.02631579,1.1315789,5.368421,0.4264705777168274,2.0789473,0.7848101258277893,0.7894737,jaylen lawal
Xavier Booker,SF,UCLA,36.0,20.13889,7.3333335,3.5,0.75,0.19444445,1.1944444,0.8055556,5.2777777,0.5473684072494507,1.1111112,0.675000011920929,0.6388889,xavier booker
Roddy Gayle Jr.,PG,MICH,39.0,21.051283,7.3333335,3.2820513,1.3333334,0.71794873,0.51282054,0.53846157,5.5897436,0.46330276131629944,2.1538463,0.75,1.2820513,roddy gayle jr
Nick Lancit,PG,DCC,3.0,24.0,7.3333335,0.6666667,1.6666666,1.3333334,0.0,0.6666667,9.0,0.18518517911434174,3.3333333,1.0,1.0,nick lancit
Brandon Wilkins,PG,BOBJ,3.0,21.666666,7.3333335,1.6666666,2.0,1.6666666,0.0,1.6666666,9.0,0.29629629850387573,0.33333334,1.0,2.6666667,brandon wilkins
Dontae Walker,PG,NMHU,3.0,22.0,7.3333335,2.6666667,0.33333334,0.6666667,1.0,0.0,6.0,0.4444444477558136,3.3333333,0.6000000238418579,2.6666667,dontae walker
Chris Arias,PG,JAX,30.0,17.933332,7.3333335,2.2666667,0.6666667,0.43333334,0.13333334,1.4333333,6.1,0.4098360538482666,1.0666667,0.84375,0.6666667,chris arias
JD McGee,PG,NWIC,3.0,19.333334,7.3333335,3.3333333,0.6666667,0.6666667,0.0,1.0,7.6666665,0.3913043439388275,0.6666667,0.5,1.6666666,jd mcgee
Tahj Evans,SG,OAKW,3.0,16.666666,7.3333335,1.6666666,0.33333334,0.0,0.0,1.3333334,6.3333335,0.42105263471603394,2.0,0.3333333432674408,0.33333334,tahj evans
Corey Pope,SF,UFTL,3.0,20.666666,7.3333335,5.3333335,0.6666667,1.3333334,0.33333334,0.33333334,7.0,0.2857142984867096,4.0,0.75,3.6666667,corey pope
Tyler Beckwith,SF,DKSU,3.0,24.333334,7.3333335,5.6666665,1.3333334,0.33333334,0.33333334,0.0,5.6666665,0.4117647111415863,4.3333335,0.6153846383094788,2.3333333,tyler beckwith
Ryan Beckwith,PG,DKSU,3.0,17.666666,7.3333335,1.0,0.33333334,1.3333334,0.0,1.6666666,4.0,0.6666666865348816,1.0,0.3333333432674408,2.6666667,ryan beckwith
Nate Sasser III,SF,CHAM,3.0,20.333334,7.3333335,2.3333333,0.0,2.0,0.0,0.33333334,7.0,0.380952388048172,3.3333333,0.5,1.0,nate sasser iii
Sherrard Adams,PG,TCJ,3.0,12.0,7.3333335,1.3333334,0.0,0.0,0.33333334,1.6666666,5.6666665,0.4117647111415863,1.3333334,0.75,0.6666667,sherrard adams
Niv Barzilay,PG,VTSJ,3.0,20.333334,7.3333335,1.6666666,1.6666666,1.0,0.0,1.3333334,6.3333335,0.3684210479259491,2.0,0.6666666865348816,3.0,niv barzilay
Hussain Williams,PG,COPP,31.0,19.774193,7.322581,2.387097,0.7741935,0.67741936,0.19354838,1.1612903,6.935484,0.34418603777885437,1.9354838,0.7166666388511658,1.0,hussain williams
Gavin Gores,SF,WYO,28.0,17.928572,7.321429,3.392857,0.35714287,0.32142857,0.35714287,0.14285715,4.357143,0.6065573692321777,2.75,0.6883116960525513,0.96428573,gavin gores
Chris Loofe,SF,MTSU,32.0,24.8125,7.3125,6.3125,0.75,0.25,1.15625,0.3125,5.0625,0.5185185074806213,2.8125,0.6222222447395325,1.6875,chris loofe
Bahsil Laster,PG,UTA,32.0,19.21875,7.3125,2.75,1.15625,0.5625,0.125,0.28125,4.4375,0.35915493965148926,4.84375,0.7935484051704407,1.5625,bahsil laster
Kam Craft,PG,GT,29.0,21.37931,7.3103447,2.1034484,0.8965517,0.37931034,0.31034482,1.6206896,6.9310346,0.3781094551086426,0.5862069,0.7647058963775635,0.4827586,kam craft
Justin Amadi,SF,MSM,30.0,21.0,7.3,4.3,0.36666667,0.4,0.6,0.033333335,4.9333334,0.5270270109176636,3.5,0.5904762148857117,1.5,justin amadi
Kyle Cuffe Jr.,PG,MER,31.0,16.387096,7.290323,1.8387097,0.41935483,0.7741935,0.12903225,1.2580645,6.612903,0.39024388790130615,1.1612903,0.75,0.8064516,kyle cuffe jr
Kur Teng,PG,MSU,35.0,17.514286,7.285714,2.0,1.0285715,0.2857143,0.057142857,1.6,6.857143,0.3791666626930237,0.6,0.8095238208770752,0.7714286,kur teng
Darrion Baker,SF,SIUE,32.0,20.5,7.28125,4.0625,0.71875,0.5625,0.3125,1.0625,5.34375,0.4853801131248474,1.59375,0.6470588445663452,1.28125,darrion baker
Michael Belle,SF,VCU,36.0,22.36111,7.2777777,4.9722223,1.0555556,0.6388889,0.75,0.5555556,5.388889,0.5412371158599854,1.7777778,0.5,0.9444444,michael belle
Eugene Alvin,SF,MORG,29.0,19.344828,7.275862,3.586207,0.44827586,0.6551724,0.4827586,0.9655172,5.6551723,0.45121949911117554,2.0,0.6034482717514038,0.79310346,eugene alvin
Andrew Urosevic,PG,LEH,29.0,18.862068,7.275862,1.3103448,0.62068963,0.27586207,0.0,1.6551725,6.793103,0.39593908190727234,0.31034482,0.7777777910232544,0.55172414,andrew urosevic
Abass Bodija,SF,FOR,27.0,19.333334,7.259259,5.037037,0.7407407,0.5185185,0.4814815,0.25925925,5.2222223,0.5035461187362671,2.2222223,0.7833333611488342,1.037037,abass bodija
Gestin Liberis,SF,SFPA,31.0,23.870968,7.2580647,5.16129,1.0,0.29032257,0.58064514,0.06451613,4.387097,0.5441176295280457,3.7419355,0.6465517282485962,1.5806452,gestin liberis
Adam Miller,PG,GONZ,35.0,19.342857,7.257143,1.5714285,1.0285715,0.6857143,0.028571429,1.1142857,6.3142858,0.42533937096595764,1.0285715,0.75,0.4857143,adam miller
Corey Perkins,PG,DSU,28.0,27.285715,7.25,2.4642856,2.857143,1.5357143,0.071428575,0.4642857,6.464286,0.3977900445461273,2.4285715,0.6764705777168274,2.3214285,corey perkins
Valentino Pinedo,SF,UNCG,32.0,26.46875,7.25,4.875,1.3125,0.875,1.03125,0.0,4.9375,0.607594907283783,2.5,0.5,1.03125,valentino pinedo
Lucious Jackson,SF,FISK,4.0,26.5,7.25,2.0,0.75,1.0,0.75,1.75,7.75,0.35483869910240173,0.25,0.0,1.0,lucious jackson
Jordan Marsh,PG,USC,28.0,18.357143,7.25,1.9642857,1.8571428,0.71428573,0.10714286,1.0714285,5.535714,0.4000000059604645,2.25,0.7777777910232544,1.1071428,jordan marsh
Traivar Jackson,SF,NAU,32.0,22.0,7.25,5.0,0.90625,0.96875,0.9375,0.0,5.03125,0.5776397585868835,2.21875,0.6478873491287231,1.0625,traivar jackson
Mason Ritter,SF,COLU,28.0,24.25,7.25,5.071429,1.6071428,0.14285715,0.53571427,0.071428575,5.285714,0.5472972989082336,2.107143,0.6610169410705566,1.75,mason ritter
Joah Chappelle,SF,GAST,28.0,23.642857,7.25,5.285714,0.53571427,0.75,0.85714287,0.60714287,6.142857,0.4360465109348297,1.8214285,0.7058823704719543,0.75,joah chappelle
Seth Amunrud,PG,MTST,24.0,21.541666,7.25,2.7083333,0.6666667,0.7083333,0.29166666,1.3333334,5.4166665,0.45384615659713745,1.0,1.0,0.6666667,seth amunrud
Jordan Dotson,SF,PSSH,4.0,20.0,7.25,3.5,0.25,0.0,0.0,0.75,11.0,0.25,2.0,0.5,1.5,jordan dotson
Chris Dockery,PG,KC,29.0,22.172413,7.2413793,6.034483,0.86206895,0.4827586,0.27586207,0.31034482,5.0,0.517241358757019,3.1034484,0.5666666626930237,1.3793104,chris dockery
Yaniel Rivera,PG,ACU,29.0,24.448277,7.2413793,1.4482758,2.310345,1.2068965,0.2413793,1.6206896,6.3448277,0.364130437374115,1.4482758,0.6904761791229248,1.5862069,yaniel rivera
Michael Rataj,PG,BAY,34.0,23.088236,7.2352943,4.647059,1.7352941,0.47058824,0.38235295,0.3529412,6.117647,0.42307692766189575,2.4117646,0.707317054271698,1.382353,michael rataj
Jordan Pennick,PG,NAVY,34.0,24.647058,7.2352943,2.0588236,1.4117647,0.61764705,0.1764706,1.2941177,6.4117646,0.3623853325843811,1.7352941,0.7457627058029175,1.2058823,jordan pennick
Zaxton King,PG,MOST,34.0,27.0,7.2352943,1.9705882,1.6470588,0.7352941,0.0882353,1.0882353,5.7352943,0.4153846204280853,1.8235294,0.7580645084381104,0.7352941,zaxton king
Sharron Young,PG,AKR,34.0,19.088236,7.2352943,2.6176472,1.5882353,1.1470588,0.05882353,1.2352941,5.7647057,0.4030612111091614,1.6470588,0.8214285969734192,0.7941176,sharron young
Isaac Hawkins,SF,UVU,34.0,14.0,7.2352943,3.6764705,0.64705884,0.44117647,1.4705882,0.0882353,4.2647057,0.6620689630508423,1.9705882,0.7611940503120422,0.7352941,isaac hawkins
Austin Maurer,C,SEA,35.0,17.828571,7.2285714,4.6857142,0.4857143,0.6,0.94285715,0.2857143,5.142857,0.5222222208976746,2.1714287,0.7236841917037964,0.82857144,austin maurer
Franck Emmou,PG,TXST,31.0,22.451612,7.225806,1.9354838,1.2903225,0.38709676,0.16129032,1.0967742,5.709677,0.4406779706478119,1.2580645,0.8717948794364929,0.67741936,franck emmou
Ashley Sims II,SF,BRY,31.0,31.387096,7.225806,5.032258,2.032258,0.7096774,0.3548387,0.22580644,6.419355,0.4874371886253357,1.516129,0.4893617033958435,1.1935484,ashley sims ii
Zaquavious Baker,SF,VUL,9.0,26.222221,7.2222223,2.5555556,1.6666666,0.44444445,0.0,1.7777778,7.6666665,0.28985506296157837,1.1111112,0.8999999761581421,1.1111112,zaquavious baker
Zach Davis,PG,MEM,29.0,20.931034,7.206897,4.206897,1.137931,1.0689656,0.3448276,0.6896552,6.3103447,0.41530054807662964,1.6896552,0.7551020383834839,1.8275862,zach davis
Evan Haywood,PG,BTLR,29.0,19.37931,7.206897,1.9310344,1.1724138,0.55172414,0.10344828,1.8965517,6.827586,0.3585858643054962,0.55172414,0.75,0.41379312,evan haywood
Prince Aligbe,SF,SIU,30.0,22.033333,7.2,5.3,0.7,0.36666667,0.3,0.0,6.366667,0.4450261890888214,2.7333333,0.5609756112098694,1.5,prince aligbe
Trenton Walters,PG,NIA,25.0,22.48,7.2,1.64,2.68,0.72,0.08,1.12,6.08,0.31578946113586426,2.76,0.8115941882133484,1.52,trenton walters
Claude McKesey,PG,LNCA,5.0,35.8,7.2,3.6,3.6,1.0,0.0,0.2,11.2,0.2678571343421936,1.4,0.7142857313156128,3.4,claude mckesey
Barry Evans,SF,VCU,36.0,26.527779,7.1944447,4.888889,2.1111112,0.9166667,0.4722222,0.7222222,6.638889,0.4476987421512604,1.0,0.5277777910232544,1.0833334,barry evans
Preist Ryan,SF,CLE,31.0,22.225807,7.193548,4.032258,1.2903225,0.58064514,0.22580644,0.19354838,5.709677,0.4406779706478119,2.8387096,0.6931818127632141,1.1612903,preist ryan
Jadin Collins-Roberts,PG,MRST,31.0,30.290323,7.193548,4.548387,3.1612904,1.1935484,0.06451613,0.32258064,6.354839,0.4467005133628845,1.483871,0.804347813129425,2.1612904,jadin collins roberts
N'famara Dabo,SF,BRWN,27.0,23.296297,7.185185,5.740741,1.0,0.9259259,1.4444444,0.0,4.4814816,0.6363636255264282,2.6296296,0.5633803009986877,0.8148148,n famara dabo
Tasos Cook,PG,CAM,33.0,24.69697,7.181818,1.969697,1.1515151,0.8181818,0.09090909,1.1818181,5.878788,0.4020618498325348,1.6060606,0.7924528121948242,0.75757575,tasos cook
Ben Vander Wal,SF,FUR,34.0,27.911764,7.1764708,5.5,2.3529413,0.7352941,0.5,0.05882353,4.529412,0.6558441519737244,2.7058823,0.43478259444236755,1.117647,ben vander wal
Caleb Smith,PG,RID,29.0,29.689655,7.172414,7.1034484,1.4137931,1.137931,0.1724138,0.20689656,5.8965516,0.39181286096572876,3.5517242,0.6601941585540771,1.137931,caleb smith
Jackson Holt,PG,EKU,32.0,19.78125,7.15625,2.0,1.28125,0.5625,0.0625,1.8125,5.4375,0.4367816150188446,0.625,0.949999988079071,0.90625,jackson holt
Akira Jacobs,SF,FOR,32.0,28.4375,7.15625,4.84375,0.90625,0.5,0.09375,1.375,6.125,0.40816327929496765,1.03125,0.7575757503509521,0.625,akira jacobs
Andy Sigiscar,SF,TAR,26.0,15.307693,7.1538463,2.9230769,0.23076923,0.61538464,1.1153846,0.0,4.769231,0.6370967626571655,1.9230769,0.5600000023841858,0.8076923,andy sigiscar
Ryan Williams,PG,NE,29.0,14.206897,7.137931,1.0344827,1.5172414,0.6551724,0.06896552,1.0689656,4.8965516,0.51408451795578,1.137931,0.9090909361839294,0.55172414,ryan williams
John Awoke,PG,WAG,29.0,26.103449,7.137931,3.0344827,1.9655173,0.55172414,0.10344828,1.2758621,6.551724,0.38947367668151855,0.9655172,0.7857142686843872,1.4482758,john awoke
Rory Stewart,SF,FGCU,30.0,21.7,7.133333,2.9333334,0.76666665,0.46666667,0.13333334,1.7666667,7.0,0.3571428656578064,0.56666666,0.6470588445663452,0.43333334,rory stewart
Cody Pennebaker,PG,LAM,31.0,27.483871,7.129032,4.2580647,2.451613,1.1290323,0.3548387,0.29032257,6.580645,0.4852941036224365,0.87096775,0.5185185074806213,1.2903225,cody pennebaker
Matt Compas,PG,IUIN,31.0,13.580646,7.129032,1.1935484,1.3548387,0.8064516,0.38709676,0.22580644,6.064516,0.5,1.2258065,0.6842105388641357,0.87096775,matt compas
Davion Sykes,PG,SIU,32.0,19.09375,7.125,4.4375,0.75,0.9375,0.21875,0.0,5.625,0.5222222208976746,1.75,0.7142857313156128,1.0,davion sykes
Eddie Ricks III,SF,JMU,32.0,26.6875,7.125,5.59375,1.59375,0.8125,0.4375,0.46875,4.90625,0.4904458522796631,2.34375,0.7866666913032532,0.875,eddie ricks iii
Rickey Ballard,SF,GRAM,33.0,22.272728,7.121212,2.6666667,0.90909094,1.1818181,0.27272728,1.5151515,5.151515,0.4000000059604645,1.969697,0.7538461685180664,0.8484849,rickey ballard
Tommy Kamarad,SF,WIN,33.0,18.060606,7.121212,3.5757575,1.030303,0.8787879,0.3030303,0.7878788,5.181818,0.4736842215061188,1.6969697,0.8392857313156128,0.969697,tommy kamarad
Vince Buzelis,PG,SDAK,25.0,22.64,7.12,4.04,1.4,0.72,0.32,0.32,4.6,0.52173912525177,2.64,0.7575757503509521,1.68,vince buzelis
Johann Grunloh,C,UVA,36.0,21.027779,7.111111,5.2222223,0.6388889,0.44444445,2.2222223,0.5833333,5.111111,0.532608687877655,1.9444444,0.5571428537368774,0.7777778,johann grunloh
Garfield Turner,SF,DREX,30.0,19.633333,7.1,5.133333,1.1,0.46666667,0.6333333,0.0,4.0666666,0.6229507923126221,3.6,0.5648148059844971,1.0,garfield turner
Jaquan Womack,PG,TOW,32.0,19.34375,7.09375,4.0625,0.59375,0.71875,0.40625,0.75,6.6875,0.3925233781337738,1.6875,0.6481481194496155,1.0,jaquan womack
Luke Paragon,PG,BRWN,26.0,16.384615,7.076923,1.4615384,0.5769231,0.42307693,0.15384616,1.5,5.0384617,0.442748099565506,1.1923077,0.9354838728904724,0.5,luke paragon
Josiah Sabino,PG,NIA,28.0,20.928572,7.071429,4.607143,0.89285713,0.78571427,0.4642857,0.42857143,5.357143,0.4533333480358124,1.9642857,0.9090909361839294,1.25,josiah sabino
Gregory Lawson II,PG,EMU,28.0,17.821428,7.071429,1.0357143,0.71428573,0.32142857,0.035714287,1.3571428,6.142857,0.4127906858921051,0.71428573,0.8999999761581421,0.6785714,gregory lawson ii
Ridvan Tutic,SF,STO,30.0,22.566668,7.0666666,7.8,1.0333333,0.23333333,0.56666666,0.0,5.1666665,0.5935483574867249,1.7333333,0.5384615659713745,1.3333334,ridvan tutic
Tre Green,PG,MTSU,31.0,18.612904,7.064516,2.096774,0.58064514,0.61290324,0.0,1.7741935,6.0,0.3655914068222046,1.0,0.9032257795333862,0.58064514,tre green
Alon Michaeli,SF,COLO,31.0,17.516129,7.064516,3.935484,1.032258,0.516129,0.22580644,0.58064514,6.516129,0.4009900987148285,1.7419355,0.7222222089767456,1.032258,alon michaeli
Brigham Rogers,SF,BEL,32.0,18.25,7.0625,3.9375,1.71875,0.40625,0.5625,0.0,4.4375,0.7253521084785461,1.25,0.5,0.96875,brigham rogers
Jalen Warley,PG,GONZ,33.0,21.848484,7.060606,4.848485,2.121212,1.4848485,0.27272728,0.0,5.030303,0.5662650465965271,2.090909,0.6521739363670349,0.93939394,jalen warley
Finley Sheridan,SF,STET,29.0,21.62069,7.034483,4.137931,1.2758621,0.20689656,0.4827586,0.86206895,5.0689654,0.5510203838348389,0.9310345,0.6296296119689941,1.4827586,finley sheridan
Andrew Alia,PG,DRKE,33.0,31.333334,7.030303,4.7272725,1.4545455,0.93939394,0.060606062,1.3939394,5.3636365,0.4124293923377991,1.4848485,0.8163265585899353,0.72727275,andrew alia
Mike Williams,PG,HALL,33.0,20.878788,7.030303,2.6060605,1.5151515,1.030303,0.09090909,1.0,6.4545455,0.3708920180797577,1.6363636,0.7592592835426331,1.030303,mike williams
Brady Dunlap,SF,SLU,34.0,17.029411,7.029412,2.0294118,0.9411765,0.32352942,0.029411765,1.5,4.529412,0.4545454680919647,1.7352941,0.8135592937469482,0.85294116,brady dunlap
Sebastian Williams-Adams,SF,AUB,38.0,27.342106,7.0263157,3.5263157,1.5263158,1.2368422,0.7894737,0.31578946,4.894737,0.5053763389587402,3.3947368,0.5193798542022705,1.0789474,sebastian williams adams
Diego Campisano,SF,NAU,26.0,17.884615,7.0,2.3846154,0.53846157,0.46153846,0.115384616,1.3846154,5.6153846,0.39726027846336365,1.5,0.7692307829856873,0.5,diego campisano
Jordan Crawford,PG,AGSU,1.0,31.0,7.0,6.0,4.0,2.0,0.0,1.0,5.0,0.4000000059604645,2.0,1.0,4.0,jordan crawford
Brycen Williams,PG,ROW,1.0,21.0,7.0,3.0,4.0,1.0,0.0,1.0,6.0,0.3333333432674408,2.0,1.0,0.0,brycen williams
Noah Colin,PG,SNYD,1.0,16.0,7.0,0.0,0.0,5.0,0.0,0.0,4.0,0.5,4.0,0.75,1.0,noah colin
Sean Sucarichi,PG,PFEI,2.0,24.5,7.0,2.5,2.0,1.5,1.0,1.0,8.5,0.3529411852359772,0.0,0.0,3.0,sean sucarichi
Dezman Baker,PG,PUG,1.0,23.0,7.0,0.0,1.0,1.0,0.0,1.0,4.0,0.75,0.0,0.0,1.0,dezman baker
Tash Lunday,SF,UTPB,1.0,35.0,7.0,12.0,2.0,1.0,0.0,0.0,8.0,0.375,3.0,0.3333333432674408,3.0,tash lunday
T'e Stone,PG,BOYC,1.0,28.0,7.0,3.0,3.0,1.0,0.0,1.0,7.0,0.4285714328289032,2.0,0.0,3.0,t e stone
Rob Jenkins,PG,CAPH,1.0,30.0,7.0,3.0,4.0,1.0,0.0,1.0,10.0,0.30000001192092896,0.0,0.0,2.0,rob jenkins
Cam'Ron Martel,SF,STE,1.0,24.0,7.0,3.0,2.0,0.0,0.0,1.0,6.0,0.3333333432674408,2.0,1.0,2.0,cam ron martel
Kailon Nicholls,PG,AGSU,1.0,26.0,7.0,3.0,1.0,1.0,0.0,0.0,8.0,0.375,2.0,0.5,0.0,kailon nicholls
Jasper Floyd,PG,WVU,35.0,28.37143,7.0,3.7714286,3.2,1.8,0.028571429,0.6571429,5.4857144,0.46875,1.7142857,0.699999988079071,1.8571428,jasper floyd
Gavin Carter,PG,COLC,1.0,28.0,7.0,1.0,1.0,2.0,0.0,1.0,6.0,0.5,0.0,0.0,5.0,gavin carter
Wyatt Studer,SF,JSP,1.0,16.0,7.0,2.0,0.0,0.0,0.0,1.0,4.0,0.75,1.0,0.0,0.0,wyatt studer
AJ Esposito,SF,SJLI,1.0,29.0,7.0,5.0,0.0,0.0,0.0,0.0,8.0,0.25,4.0,0.75,1.0,aj esposito
Steele Morgan,SF,DWU,1.0,22.0,7.0,2.0,2.0,0.0,0.0,1.0,7.0,0.4285714328289032,0.0,0.0,1.0,steele morgan
Carrington McNeal,PG,NCU,1.0,19.0,7.0,2.0,4.0,2.0,1.0,1.0,6.0,0.5,0.0,0.0,3.0,carrington mcneal
Jacob Pleiman,SF,TIFF,1.0,28.0,7.0,2.0,3.0,1.0,0.0,1.0,6.0,0.5,0.0,0.0,2.0,jacob pleiman
Justin Gooden,PG,SCHR,1.0,20.0,7.0,0.0,2.0,1.0,0.0,1.0,10.0,0.30000001192092896,0.0,0.0,1.0,justin gooden
Jackson Byer,PG,PITG,1.0,10.0,7.0,1.0,0.0,1.0,1.0,1.0,5.0,0.4000000059604645,3.0,0.6666666865348816,0.0,jackson byer
Tre Locklear,PG,CVU,1.0,40.0,7.0,4.0,3.0,1.0,0.0,1.0,12.0,0.25,0.0,0.0,8.0,tre locklear
Jonah Lauff,SF,ERKA,2.0,12.5,7.0,2.5,0.5,0.0,0.5,0.5,3.5,0.5714285969734192,2.5,1.0,2.5,jonah lauff
Kane Eanes,PG,WAYN,1.0,8.0,7.0,1.0,0.0,2.0,0.0,0.0,5.0,0.4000000059604645,5.0,0.6000000238418579,1.0,kane eanes
Kevin Boone,SF,USW,1.0,28.0,7.0,1.0,1.0,0.0,0.0,1.0,8.0,0.375,0.0,0.0,2.0,kevin boone
Ben Walker,PG,NCF,2.0,19.0,7.0,4.0,1.0,0.5,0.0,1.0,5.0,0.5,1.0,1.0,1.0,ben walker
Brayden Fagbemi,PG,UCD,31.0,25.387096,7.0,3.483871,4.290323,2.0,0.0,0.48387095,5.967742,0.42702701687812805,2.1935484,0.6470588445663452,1.967742,brayden fagbemi
Ryan Jackson Jr.,PG,W&M,31.0,18.612904,7.0,3.032258,0.8064516,0.83870965,0.41935483,0.3548387,4.16129,0.6511628031730652,1.8064516,0.6785714030265808,0.7419355,ryan jackson jr
Charles McClennahan Jr.,SF,MWSU,1.0,18.0,7.0,6.0,0.0,0.0,0.0,0.0,7.0,0.2857142984867096,3.0,1.0,2.0,charles mcclennahan jr
Florian Tenebay,PG,SCST,31.0,23.0,7.0,2.8064516,1.9032258,1.2258065,0.06451613,0.22580644,5.2580647,0.3987730145454407,3.580645,0.7207207083702087,1.9032258,florian tenebay
Damontae Thompson,PG,IUC,1.0,33.0,7.0,3.0,5.0,4.0,0.0,0.0,7.0,0.1428571492433548,7.0,0.7142857313156128,11.0,damontae thompson
DaRyan Williams,PG,UNTD,1.0,18.0,7.0,4.0,0.0,0.0,0.0,1.0,9.0,0.3333333432674408,0.0,0.0,0.0,daryan williams
James McGriff,SF,OGLE,1.0,13.0,7.0,3.0,0.0,0.0,0.0,1.0,8.0,0.375,0.0,0.0,0.0,james mcgriff
Matt Youngquist,SF,RIVI,1.0,17.0,7.0,2.0,1.0,0.0,0.0,1.0,6.0,0.3333333432674408,2.0,1.0,2.0,matt youngquist
Christopher Brown,PG,UMO,1.0,14.0,7.0,3.0,0.0,1.0,0.0,1.0,3.0,0.6666666865348816,2.0,1.0,1.0,christopher brown
Desmier Hatchett,PG,AL,1.0,28.0,7.0,1.0,2.0,2.0,0.0,1.0,8.0,0.375,0.0,0.0,3.0,desmier hatchett
Greyson Harrington,PG,SFIL,1.0,12.0,7.0,0.0,1.0,1.0,0.0,1.0,6.0,0.5,0.0,0.0,0.0,greyson harrington
Boston Boike,SF,BOYC,1.0,13.0,7.0,3.0,0.0,0.0,0.0,1.0,3.0,0.3333333432674408,5.0,0.800000011920929,2.0,boston boike
Manntavius Goodman,PG,EARL,1.0,6.0,7.0,1.0,0.0,1.0,0.0,1.0,3.0,1.0,0.0,0.0,0.0,manntavius goodman
Jackson Reid,PG,MUW,1.0,32.0,7.0,3.0,1.0,2.0,0.0,1.0,4.0,0.5,3.0,0.6666666865348816,2.0,jackson reid
Trent Walker,PG,MUW,1.0,22.0,7.0,3.0,0.0,0.0,0.0,1.0,5.0,0.4000000059604645,2.0,1.0,0.0,trent walker
David Pope,SF,UDC,1.0,21.0,7.0,3.0,1.0,2.0,1.0,1.0,3.0,0.3333333432674408,4.0,1.0,2.0,david pope
DJ Via,PG,MBAL,2.0,28.5,7.0,1.0,1.5,1.5,0.0,2.0,6.5,0.38461539149284363,0.0,0.0,2.0,dj via
Luke Ross,SF,CTDM,1.0,23.0,7.0,0.0,1.0,1.0,0.0,0.0,11.0,0.27272728085517883,3.0,0.3333333432674408,0.0,luke ross
J3 Swindell,PG,TUSC,2.0,15.5,7.0,5.5,0.5,0.5,0.0,1.0,4.5,0.5555555820465088,2.5,0.4000000059604645,0.5,j3 swindell
Anthony Riggans,SG,DWU,1.0,21.0,7.0,1.0,1.0,1.0,0.0,0.0,11.0,0.27272728085517883,2.0,0.5,1.0,anthony riggans
Peter Dress,ATH,ERAZ,1.0,18.0,7.0,7.0,2.0,1.0,0.0,1.0,9.0,0.3333333432674408,0.0,0.0,3.0,peter dress
Adam Mickulin,ATH,ERAZ,1.0,21.0,7.0,3.0,3.0,1.0,0.0,1.0,7.0,0.4285714328289032,0.0,0.0,4.0,adam mickulin
Tommy Daly,PG,MITC,1.0,26.0,7.0,1.0,1.0,0.0,0.0,1.0,6.0,0.5,0.0,0.0,3.0,tommy daly
Nolan Sexton,PG,STAM,1.0,20.0,7.0,3.0,1.0,1.0,0.0,1.0,6.0,0.5,0.0,0.0,1.0,nolan sexton
Brandon Moore,SF,ROSE,1.0,18.0,7.0,1.0,0.0,1.0,0.0,0.0,4.0,0.0,10.0,0.699999988079071,0.0,brandon moore
Marko Malekinusic,SF,JBU,1.0,18.0,7.0,0.0,0.0,1.0,0.0,1.0,7.0,0.1428571492433548,5.0,0.800000011920929,1.0,marko malekinusic
Jesus Mendoza,PG,NNMC,1.0,20.0,7.0,1.0,0.0,1.0,0.0,1.0,7.0,0.4285714328289032,0.0,0.0,0.0,jesus mendoza
Avi Halpert,PG,HIPU,2.0,19.5,7.0,1.0,1.5,0.5,0.0,0.5,6.5,0.3076923191547394,3.5,0.7142857313156128,1.5,avi halpert
Jaiden Gladney,PG,PLAT,1.0,30.0,7.0,1.0,1.0,2.0,0.0,1.0,11.0,0.27272728085517883,0.0,0.0,4.0,jaiden gladney
Mason Lavergne,PG,MMA,1.0,29.0,7.0,0.0,1.0,1.0,0.0,1.0,9.0,0.3333333432674408,0.0,0.0,4.0,mason lavergne
Najee Coursey,SF,HFU,1.0,22.0,7.0,2.0,0.0,2.0,0.0,1.0,5.0,0.4000000059604645,2.0,1.0,1.0,najee coursey
Rhett Reynolds,SF,MTTC,1.0,24.0,7.0,6.0,1.0,0.0,1.0,1.0,6.0,0.5,1.0,0.0,1.0,rhett reynolds
Jezza McKenzie,PG,UCCS,1.0,23.0,7.0,1.0,3.0,0.0,0.0,1.0,6.0,0.5,0.0,0.0,1.0,jezza mckenzie
Tae Burton,PG,CCSC,2.0,27.0,7.0,1.0,3.5,0.5,0.0,1.0,8.5,0.3529411852359772,0.0,0.0,3.5,tae burton
Volodymyr Trotsko,SF,FRN,1.0,16.0,7.0,1.0,0.0,2.0,1.0,0.0,6.0,0.5,2.0,0.5,1.0,volodymyr trotsko
Tyler Swierczek,SF,NCU,1.0,18.0,7.0,3.0,0.0,0.0,0.0,1.0,6.0,0.5,0.0,0.0,1.0,tyler swierczek
John Ranaghan,PG,MNHV,1.0,25.0,7.0,5.0,1.0,0.0,0.0,2.0,7.0,0.2857142984867096,1.0,1.0,1.0,john ranaghan
Dezmon Dudley,PG,TASA,2.0,26.5,7.0,1.0,2.0,1.5,0.0,0.0,9.0,0.2777777910232544,2.0,1.0,2.0,dezmon dudley
Braelen Crump,PG,KEAN,1.0,37.0,7.0,5.0,3.0,1.0,0.0,2.0,9.0,0.2222222238779068,1.0,1.0,1.0,braelen crump
TJ Satcher,PG,COLC,1.0,12.0,7.0,0.0,0.0,0.0,1.0,1.0,4.0,0.75,0.0,0.0,1.0,tj satcher
Terence Thompson,SF,CALD,1.0,18.0,7.0,6.0,0.0,1.0,0.0,1.0,5.0,0.4000000059604645,2.0,1.0,1.0,terence thompson
Andrew Moore,PG,MCK,1.0,9.0,7.0,1.0,0.0,2.0,0.0,0.0,4.0,0.5,3.0,1.0,3.0,andrew moore
Ethan Brownell,SF,CVU,1.0,15.0,7.0,2.0,0.0,2.0,0.0,1.0,5.0,0.6000000238418579,0.0,0.0,1.0,ethan brownell
Jovanni Perez,PG,MLSP,1.0,16.0,7.0,2.0,2.0,0.0,0.0,0.0,3.0,0.6666666865348816,4.0,0.75,0.0,jovanni perez
Mitch Jeppesen,SF,WUUT,2.0,17.0,7.0,4.5,2.0,0.5,0.0,1.0,5.5,0.3636363744735718,3.0,0.6666666865348816,1.5,mitch jeppesen
Amari Allen,PG,TUSC,2.0,14.0,7.0,5.0,1.0,0.5,0.0,0.5,5.5,0.5454545617103577,0.5,1.0,2.0,amari allen
Thomas Conley,PG,UCSC,2.0,22.0,7.0,3.0,0.5,1.0,0.5,1.5,4.0,0.625,1.5,0.3333333432674408,2.0,thomas conley
Chris Hayes,SF,RDPH,1.0,21.0,7.0,2.0,1.0,1.0,0.0,1.0,3.0,1.0,0.0,0.0,4.0,chris hayes
Mason Harris,SF,SFST,2.0,12.0,7.0,5.0,0.5,0.5,2.0,0.0,4.0,0.625,3.0,0.6666666865348816,0.5,mason harris
Myles Pierre,PG,BLUS,1.0,29.0,7.0,6.0,2.0,1.0,0.0,1.0,7.0,0.4285714328289032,0.0,0.0,8.0,myles pierre
Chase LeFevre,PG,DMIL,2.0,19.0,7.0,2.0,1.0,0.5,0.0,0.0,3.5,0.8571428656578064,2.5,0.4000000059604645,1.5,chase lefevre
Caleb Berry,PG,PCLT,1.0,23.0,7.0,5.0,1.0,0.0,0.0,2.0,7.0,0.2857142984867096,3.0,0.3333333432674408,4.0,caleb berry
Karris Scott,PG,UDC,1.0,25.0,7.0,0.0,2.0,2.0,0.0,0.0,6.0,0.5,1.0,1.0,2.0,karris scott
Marcus Townsend,PG,HNTC,1.0,15.0,7.0,7.0,1.0,1.0,0.0,0.0,10.0,0.30000001192092896,2.0,0.5,0.0,marcus townsend
John Sweeney,SF,NWD,1.0,14.0,7.0,3.0,1.0,1.0,0.0,0.0,6.0,0.5,2.0,0.5,1.0,john sweeney
Aleksandar Mitrovic,SF,JSP,1.0,21.0,7.0,3.0,3.0,0.0,0.0,1.0,9.0,0.3333333432674408,0.0,0.0,2.0,aleksandar mitrovic
JuJu Pagan,PG,MNFD,1.0,30.0,7.0,1.0,4.0,0.0,0.0,0.0,5.0,0.6000000238418579,2.0,0.5,1.0,juju pagan
S.J. Hutchinson II,PG,CHEY,2.0,22.5,7.0,2.0,0.5,0.5,0.0,0.5,7.0,0.2857142984867096,4.5,0.5555555820465088,1.0,s j hutchinson ii
Ryan Rodrigue,PG,CALT,1.0,10.0,7.0,3.0,0.0,0.0,0.0,1.0,3.0,0.6666666865348816,2.0,1.0,0.0,ryan rodrigue
Chase Williamson,PG,CALT,1.0,22.0,7.0,2.0,0.0,0.0,0.0,0.0,2.0,1.0,3.0,1.0,5.0,chase williamson
Finnegan Fancher,SF,CALT,1.0,22.0,7.0,3.0,0.0,0.0,0.0,1.0,4.0,0.5,2.0,1.0,2.0,finnegan fancher
Cam Henderson,PG,SCIA,1.0,17.0,7.0,2.0,2.0,2.0,0.0,1.0,11.0,0.27272728085517883,0.0,0.0,0.0,cam henderson
Jordan Cooke,PG,BRES,2.0,27.0,7.0,2.5,1.5,1.5,0.0,1.0,8.5,0.29411765933036804,1.0,1.0,0.0,jordan cooke
Nikk Williams,PG,NMHU,3.0,19.333334,7.0,3.3333333,1.6666666,1.3333334,0.0,0.33333334,4.6666665,0.5714285969734192,1.6666666,0.800000011920929,2.0,nikk williams
Jahmir Collins,PG,PITG,1.0,15.0,7.0,3.0,0.0,0.0,0.0,1.0,8.0,0.375,0.0,0.0,1.0,jahmir collins
Chozen Amadi,PG,REDL,1.0,19.0,7.0,0.0,0.0,1.0,0.0,1.0,8.0,0.25,2.0,1.0,0.0,chozen amadi
Payton Cook,SF,BCKB,1.0,22.0,7.0,0.0,2.0,0.0,0.0,1.0,6.0,0.5,0.0,0.0,3.0,payton cook
Bennett Briles,SF,CTBR,1.0,32.0,7.0,4.0,0.0,1.0,0.0,1.0,11.0,0.27272728085517883,0.0,0.0,0.0,bennett briles
Malik Franklin,PG,WILC,2.0,21.0,7.0,1.5,0.0,1.5,0.0,1.0,10.5,0.2857142984867096,0.0,0.0,1.5,malik franklin
Troy Dunn,PG,WILC,2.0,20.0,7.0,4.0,1.5,0.5,0.0,1.0,9.5,0.31578946113586426,0.0,0.0,0.5,troy dunn
Devin McCaine,PG,MUW,1.0,23.0,7.0,3.0,2.0,0.0,0.0,1.0,9.0,0.2222222238779068,2.0,1.0,3.0,devin mccaine
Jordan Kearney,PG,WPEA,1.0,17.0,7.0,4.0,0.0,0.0,1.0,1.0,3.0,0.6666666865348816,2.0,1.0,0.0,jordan kearney
Tavin Shaw,PG,TIFF,1.0,16.0,7.0,0.0,0.0,3.0,0.0,1.0,4.0,0.75,1.0,0.0,2.0,tavin shaw
Christian Bowen-Webb,PG,MYSU,1.0,23.0,7.0,1.0,0.0,1.0,1.0,1.0,10.0,0.30000001192092896,2.0,0.0,6.0,christian bowen webb
Jordan Moore,PG,WNWL,1.0,16.0,7.0,2.0,1.0,0.0,0.0,1.0,13.0,0.23076923191547394,0.0,0.0,0.0,jordan moore
KJ West,PG,BOWE,1.0,21.0,7.0,2.0,2.0,0.0,0.0,1.0,7.0,0.2857142984867096,2.0,1.0,5.0,kj west
Raymond Johnson,PG,RGIS,1.0,15.0,7.0,2.0,2.0,1.0,0.0,0.0,5.0,0.6000000238418579,2.0,0.5,1.0,raymond johnson
Ashton Williams,PG,SWES,3.0,10.666667,7.0,1.0,1.0,0.33333334,0.0,0.6666667,4.3333335,0.4615384638309479,2.3333333,1.0,1.3333334,ashton williams
Samuel Dailey,PG,SHEN,1.0,29.0,7.0,0.0,1.0,1.0,0.0,1.0,10.0,0.30000001192092896,0.0,0.0,3.0,samuel dailey
Harrison Lewis,PG,CUST,1.0,22.0,7.0,7.0,0.0,3.0,0.0,0.0,6.0,0.5,2.0,0.5,2.0,harrison lewis
Nic Johnson,PG,ROW,1.0,10.0,7.0,1.0,1.0,0.0,0.0,1.0,4.0,0.75,0.0,0.0,0.0,nic johnson
Charles Snyder,SF,MCP,1.0,25.0,7.0,4.0,3.0,1.0,1.0,0.0,7.0,0.4285714328289032,2.0,0.5,2.0,charles snyder
Abraham Garjah,PG,BREW,2.0,28.0,7.0,1.5,4.0,1.5,0.0,0.5,8.0,0.1875,5.0,0.699999988079071,2.5,abraham garjah
Xavier Gordon-Somers,SF,BREW,2.0,23.5,7.0,4.0,0.0,0.0,0.0,0.5,5.5,0.4545454680919647,2.0,0.75,2.0,xavier gordon somers
Zach Ibbetson,PG,UAA,1.0,13.0,7.0,1.0,0.0,1.0,0.0,1.0,5.0,0.4000000059604645,2.0,1.0,1.0,zach ibbetson
Akok Machar,PG,UAA,1.0,19.0,7.0,1.0,1.0,0.0,0.0,1.0,5.0,0.6000000238418579,0.0,0.0,4.0,akok machar
Michael Nwoye,SF,CMBL,1.0,27.0,7.0,7.0,1.0,1.0,0.0,0.0,7.0,0.4285714328289032,2.0,0.5,3.0,michael nwoye
Shamar Carter,PG,HSSU,1.0,24.0,7.0,2.0,0.0,1.0,1.0,0.0,8.0,0.375,1.0,1.0,3.0,shamar carter
Kazadi Mukoma Jr,SF,MNCR,1.0,20.0,7.0,4.0,2.0,0.0,0.0,1.0,9.0,0.3333333432674408,0.0,0.0,1.0,kazadi mukoma jr
Derald Blackmon,SF,IUC,1.0,23.0,7.0,4.0,1.0,1.0,1.0,0.0,8.0,0.375,4.0,0.25,2.0,derald blackmon
Donovan Johnson,PG,UMFK,1.0,35.0,7.0,2.0,1.0,1.0,0.0,1.0,7.0,0.4285714328289032,0.0,0.0,3.0,donovan johnson
Matt Johnson,PG,WIDE,1.0,16.0,7.0,1.0,2.0,1.0,0.0,0.0,3.0,1.0,2.0,0.5,1.0,matt johnson
Myles Bright,PG,WIDE,1.0,20.0,7.0,3.0,2.0,0.0,0.0,1.0,9.0,0.3333333432674408,0.0,0.0,2.0,myles bright
Conner Schumacher,SF,WIDE,1.0,6.0,7.0,1.0,0.0,0.0,0.0,0.0,5.0,0.4000000059604645,4.0,0.75,0.0,conner schumacher
Faraz Younas,SF,JJC,1.0,8.0,7.0,0.0,1.0,2.0,0.0,0.0,4.0,0.75,2.0,0.5,3.0,faraz younas
Jurrien Sparks,SF,WPAC,1.0,32.0,7.0,4.0,3.0,1.0,0.0,1.0,11.0,0.27272728085517883,1.0,0.0,5.0,jurrien sparks
Ethan Daleba,SF,WORC,2.0,11.5,7.0,2.5,0.0,0.0,0.0,1.0,6.0,0.5,0.0,0.0,0.5,ethan daleba
Malik Smith,SF,PRCP,1.0,23.0,7.0,3.0,0.0,2.0,0.0,0.0,9.0,0.3333333432674408,2.0,0.5,0.0,malik smith
Ty Mishock,PG,DSLU,1.0,14.0,7.0,2.0,2.0,0.0,0.0,1.0,3.0,1.0,0.0,0.0,1.0,ty mishock
Aaron Friedkin,PG,FISH,1.0,9.0,7.0,0.0,2.0,0.0,1.0,1.0,3.0,0.6666666865348816,3.0,0.6666666865348816,3.0,aaron friedkin
MJ Ford,PG,NYCB,1.0,14.0,7.0,1.0,2.0,0.0,0.0,1.0,6.0,0.3333333432674408,2.0,1.0,4.0,mj ford
Stephon MacDonald,PG,SPRH,1.0,24.0,7.0,2.0,1.0,1.0,1.0,1.0,4.0,0.75,0.0,0.0,1.0,stephon macdonald
Trey Barker,PG,GEN,1.0,27.0,7.0,4.0,0.0,1.0,0.0,1.0,10.0,0.30000001192092896,0.0,0.0,1.0,trey barker
Hansy Jacques,PG,ECMA,1.0,20.0,7.0,3.0,0.0,0.0,1.0,0.0,3.0,0.6666666865348816,4.0,0.75,1.0,hansy jacques
Carder Orr,SF,DFC,2.0,18.0,7.0,5.0,1.5,0.5,0.5,0.5,5.5,0.4545454680919647,2.0,0.75,2.0,carder orr
DJ Middleton,PG,SPGN,1.0,21.0,7.0,3.0,1.0,1.0,0.0,1.0,11.0,0.27272728085517883,0.0,0.0,1.0,dj middleton
Kaleb Hubbard,SF,PUC,1.0,15.0,7.0,2.0,0.0,0.0,0.0,1.0,4.0,0.25,4.0,1.0,1.0,kaleb hubbard
Charlie Wood,C,LOUR,1.0,25.0,7.0,5.0,1.0,2.0,0.0,1.0,5.0,0.6000000238418579,0.0,0.0,1.0,charlie wood
Darius Cunningham Jr,PG,AFST,1.0,16.0,7.0,1.0,2.0,1.0,0.0,1.0,9.0,0.3333333432674408,0.0,0.0,3.0,darius cunningham jr
Elijah Kioko,SF,AFST,1.0,15.0,7.0,3.0,1.0,0.0,1.0,1.0,4.0,0.75,0.0,0.0,0.0,elijah kioko
Kadar Gardner,PG,MMID,1.0,30.0,7.0,3.0,7.0,2.0,2.0,1.0,8.0,0.25,4.0,0.5,5.0,kadar gardner
Justin Carbone,PG,CTNJ,1.0,14.0,7.0,2.0,4.0,1.0,0.0,1.0,4.0,0.5,2.0,1.0,1.0,justin carbone
Jammial Hicks Jr.,PG,LC,1.0,18.0,7.0,2.0,1.0,0.0,0.0,1.0,5.0,0.4000000059604645,2.0,1.0,1.0,jammial hicks jr
JeVaughn Sargent,PG,GLDT,1.0,16.0,7.0,2.0,2.0,1.0,0.0,0.0,10.0,0.30000001192092896,1.0,1.0,2.0,jevaughn sargent
Jared Clawson,PG,VSU,1.0,23.0,7.0,1.0,2.0,1.0,0.0,2.0,4.0,0.5,2.0,0.5,1.0,jared clawson
Ian Mcfaggen,PG,CRWN,1.0,16.0,7.0,3.0,0.0,0.0,0.0,2.0,7.0,0.2857142984867096,2.0,0.5,4.0,ian mcfaggen
CJ Banks,PG,DWU,1.0,24.0,7.0,4.0,3.0,0.0,0.0,1.0,6.0,0.5,0.0,0.0,1.0,cj banks
Duje Srzic,PG,STN,2.0,20.0,7.0,4.5,0.5,0.0,0.0,0.0,5.5,0.3636363744735718,4.5,0.6666666865348816,1.5,duje srzic
Matthew McDonough,PG,PSBH,1.0,28.0,7.0,0.0,4.0,1.0,0.0,0.0,6.0,0.5,1.0,1.0,1.0,matthew mcdonough
Khari Dunn,SF,BENU,1.0,14.0,7.0,2.0,1.0,0.0,0.0,1.0,8.0,0.375,0.0,0.0,2.0,khari dunn
Brian Kitenge,PG,ARTE,1.0,11.0,7.0,4.0,0.0,0.0,1.0,0.0,2.0,1.0,5.0,0.6000000238418579,1.0,brian kitenge
Dondi Harper,PG,B&SO,1.0,18.0,7.0,1.0,5.0,1.0,0.0,1.0,5.0,0.6000000238418579,0.0,0.0,2.0,dondi harper
Isaiah Sanders,PG,BLU,1.0,15.0,7.0,3.0,4.0,0.0,0.0,1.0,4.0,0.5,4.0,0.5,2.0,isaiah sanders
Anthony Kosi,PG,BNIL,1.0,10.0,7.0,1.0,0.0,1.0,0.0,1.0,4.0,0.75,0.0,0.0,1.0,anthony kosi
Rocco Chang,PG,UMA,1.0,16.0,7.0,0.0,2.0,1.0,0.0,1.0,7.0,0.4285714328289032,0.0,0.0,1.0,rocco chang
Johnathan Quiles II,PG,STE,1.0,14.0,7.0,1.0,0.0,0.0,0.0,1.0,8.0,0.25,2.0,1.0,0.0,johnathan quiles ii
Lee Hardy,C,UOO,1.0,15.0,7.0,4.0,1.0,0.0,0.0,0.0,5.0,0.6000000238418579,2.0,0.5,0.0,lee hardy
David Leye,PG,CCNY,2.0,19.5,7.0,3.0,0.0,0.5,0.0,1.0,6.0,0.4166666567325592,1.0,1.0,0.0,david leye
Kyle Tolbert,PG,IUE,2.0,13.5,7.0,2.5,0.5,0.5,0.0,0.5,6.0,0.4166666567325592,2.5,0.6000000238418579,0.5,kyle tolbert
Kenneth Hunter,SF,KCC,1.0,33.0,7.0,2.0,0.0,0.0,0.0,1.0,14.0,0.2142857164144516,0.0,0.0,5.0,kenneth hunter
Allen Hughes,PG,MRRS,1.0,34.0,7.0,2.0,1.0,1.0,0.0,0.0,15.0,0.13333334028720856,4.0,0.75,4.0,allen hughes
Jordan Jenkins,PG,CMBL,1.0,13.0,7.0,1.0,0.0,2.0,0.0,1.0,3.0,1.0,0.0,0.0,1.0,jordan jenkins
Jack Collins,PG,MONM,31.0,34.83871,6.967742,4.709677,4.483871,1.5806452,0.4516129,1.3225807,6.2580647,0.32474225759506226,2.419355,0.653333306312561,2.6774194,jack collins
Arman Madi,PG,SAC,30.0,21.933332,6.9666667,2.8666666,1.4666667,1.2333333,0.5,0.73333335,5.5,0.4424242377281189,1.8666667,0.7321428656578064,0.8,arman madi
Davide Poser,SF,UNH,30.0,28.5,6.9666667,2.9,1.6,0.8,0.06666667,1.9,6.9666667,0.339712917804718,0.5,0.6666666865348816,0.6666667,davide poser
Chris Parker,PG,SCST,25.0,18.24,6.96,4.76,0.64,0.52,0.08,0.04,5.84,0.42465752363204956,2.48,0.7903226017951965,0.6,chris parker
Garry Clark,SF,USU,36.0,16.5,6.9444447,4.3333335,0.6111111,0.3888889,0.3888889,0.027777778,4.0555553,0.7123287916183472,2.1111112,0.5394737124443054,0.6666667,garry clark
Zach Clemence,SF,TA&M,34.0,16.911764,6.9411764,3.235294,0.85294116,0.5588235,0.38235295,1.117647,5.2647057,0.46368715167045593,1.2058823,0.7804877758026123,0.8235294,zach clemence
Caden Powell,C,BAY,34.0,24.382353,6.9411764,6.2941175,1.3235294,0.5294118,0.85294116,0.0,3.764706,0.671875,2.8235295,0.6666666865348816,1.117647,caden powell
Scotty Middleton,SF,TULN,33.0,25.727272,6.939394,4.030303,1.2121212,0.5151515,0.7878788,1.5757576,6.090909,0.3980099558830261,0.6969697,0.739130437374115,0.75757575,scotty middleton
Oswin Erhunmwunse,SF,PROV,33.0,25.0,6.939394,8.333333,0.7878788,0.3030303,2.121212,0.0,4.4545455,0.6734693646430969,1.7878788,0.5254237055778503,1.3939394,oswin erhunmwunse
Ace Talbert,PG,GWEB,32.0,25.3125,6.9375,1.9375,1.40625,1.15625,0.03125,1.15625,6.8125,0.35779815912246704,1.46875,0.6170212626457214,0.875,ace talbert
Pedro Santos,PG,UTM,31.0,18.387096,6.935484,4.064516,0.7096774,1.6451613,0.06451613,0.7096774,6.677419,0.41545894742012024,1.0,0.6774193644523621,1.1935484,pedro santos
Kheni Briggs,PG,NHVN,28.0,18.25,6.928571,1.2857143,1.2142857,1.0357143,0.035714287,0.89285713,5.321429,0.46979865431785583,1.4285715,0.7250000238418579,1.2142857,kheni briggs
Caden Wilkins,SF,GB,33.0,21.515152,6.909091,2.909091,0.57575756,0.27272728,0.3939394,1.4545455,5.3636365,0.42937853932380676,1.2424242,0.6829268336296082,0.6666667,caden wilkins
Jakub Necas,SF,DUQ,32.0,24.4375,6.90625,5.125,1.09375,1.03125,0.46875,0.5,4.75,0.5,2.375,0.6973684430122375,1.34375,jakub necas
Jason Nelson,PG,YSU,31.0,25.032259,6.903226,2.8387096,2.935484,1.3548387,0.032258064,0.67741936,5.7419353,0.3820224702358246,2.451613,0.75,1.6451613,jason nelson
Dylan Darling,PG,SJU,35.0,21.314285,6.885714,2.4571428,2.6,1.4285715,0.08571429,0.8,5.457143,0.39790576696395874,2.4285715,0.7176470756530762,1.0285715,dylan darling
Tyler Andrews,PG,BCU,25.0,20.76,6.88,2.56,0.88,0.64,0.6,1.48,4.96,0.45967742800712585,1.24,0.6774193644523621,1.24,tyler andrews
Yuto Yamanouchi-Williams,SF,ORU,32.0,16.75,6.875,4.21875,0.4375,0.3125,0.75,0.34375,5.5625,0.42696627974510193,2.53125,0.7037037014961243,1.34375,yuto yamanouchi williams
Mohamed Wague,SF,OU,37.0,22.378378,6.864865,6.756757,1.2702702,0.7837838,1.4864864,0.027027028,3.7837837,0.6000000238418579,3.4594595,0.6640625,1.1891892,mohamed wague
Bryce Ford,PG,ASU,27.0,22.37037,6.851852,1.6296296,0.8148148,0.44444445,0.074074075,1.1851852,6.111111,0.3757575750350952,1.2962962,0.8285714387893677,0.5925926,bryce ford
Danny Carbuccia,PG,MASS,33.0,27.575758,6.848485,1.8484849,6.2727275,1.0,0.060606062,0.42424244,6.4848485,0.43457943201065063,2.030303,0.38805970549583435,1.939394,danny carbuccia
Chris Mubiru,PG,NWST,32.0,26.71875,6.84375,3.875,1.90625,0.71875,0.5,0.8125,5.375,0.43023255467414856,1.65625,0.849056601524353,0.96875,chris mubiru
Damarien Yates,PG,ALST,32.0,17.03125,6.84375,3.65625,0.6875,1.15625,0.375,0.9375,5.28125,0.45562130212783813,1.6875,0.6481481194496155,1.0625,damarien yates
Victor Payne,PG,SFPA,31.0,23.774193,6.83871,3.548387,1.0645162,0.9354839,0.48387095,1.3225807,5.225806,0.4382716119289398,1.2258065,0.7631579041481018,0.9032258,victor payne
Ty Owens,PG,TNTC,31.0,27.32258,6.83871,2.6774194,3.7419355,0.87096775,0.12903225,0.6451613,6.0,0.39247313141822815,1.7741935,0.8363636136054993,2.2258065,ty owens
Tekao Carpenter,PG,NCCU,30.0,25.933332,6.8333335,2.0,1.4333333,0.8,0.06666667,1.2,5.9666667,0.3687150776386261,1.6333333,0.7551020383834839,1.3,tekao carpenter
Andrija Grbovic,SF,ASU,33.0,19.818182,6.818182,2.878788,0.36363637,0.45454547,0.18181819,1.3030303,5.6969695,0.40425533056259155,1.1515151,0.7894737124443054,0.6060606,andrija grbovic
Lance Stone,PG,DETM,32.0,20.65625,6.8125,1.25,2.0,0.375,0.03125,1.03125,6.21875,0.32663315534591675,1.96875,0.8730158805847168,1.1875,lance stone
Alex Steen,SF,FSU,32.0,19.8125,6.8125,5.78125,0.875,0.6875,0.71875,0.0,3.65625,0.632478654384613,3.125,0.699999988079071,0.875,alex steen
Jamari Piercy,PG,COPP,31.0,18.419355,6.806452,2.2580645,0.83870965,0.58064514,0.516129,0.2580645,6.193548,0.4583333432674408,1.8387097,0.4736842215061188,1.548387,jamari piercy
CJ Happy,SF,PRIN,25.0,18.4,6.8,2.56,1.56,0.52,0.32,1.0,6.68,0.4071856141090393,1.0,0.36000001430511475,1.28,cj happy
Franck Yetna,SF,AMCC,33.0,18.878788,6.787879,3.5454545,1.1515151,0.75757575,0.4848485,0.6060606,5.3333335,0.4886363744735718,1.4848485,0.6530612111091614,0.6969697,franck yetna
Cam Carroll,PG,RICE,31.0,23.451612,6.774194,2.516129,2.3225806,0.9677419,0.2580645,1.0645162,6.612903,0.3268292546272278,1.6451613,0.843137264251709,1.7419355,cam carroll
Tae Blackshear,PG,YSU,30.0,14.566667,6.766667,1.6333333,0.73333335,0.43333334,0.2,1.3,5.7,0.38596490025520325,1.4,0.761904776096344,0.8,tae blackshear
Ja'Quavian Florence,PG,TNTC,28.0,17.714285,6.75,2.392857,1.4642857,0.89285713,0.35714287,0.53571427,6.25,0.3942857086658478,1.75,0.7346938848495483,1.5357143,ja quavian florence
Aaron Franklin,PG,MILW,32.0,25.125,6.75,6.34375,1.1875,0.875,0.21875,0.3125,4.84375,0.5612903237342834,2.25,0.4444444477558136,0.65625,aaron franklin
Jaylon Seymour,PG,TOCC,4.0,27.25,6.75,4.25,0.75,2.0,0.5,0.75,7.75,0.3870967626571655,0.25,0.0,2.25,jaylon seymour
Josh Ogundele,SF,HAMP,27.0,17.592592,6.740741,3.4814816,0.6296296,0.4814815,0.5185185,0.14814815,4.3703704,0.5508474707603455,2.925926,0.607594907283783,1.1481482,josh ogundele
Shawn Simmons II,SF,UML,27.0,25.74074,6.740741,5.0740743,1.1481482,0.5555556,1.3703704,0.25925925,5.037037,0.4852941036224365,2.4074075,0.6615384817123413,1.4444444,shawn simmons ii
Garrett Nuckolls,PG,PORT,34.0,25.882353,6.7352943,3.5,2.7058823,1.1764706,0.4117647,0.38235295,6.7647057,0.38695651292800903,1.3529412,0.8260869383811951,2.1764705,garrett nuckolls
Kaidon Rayfield,SF,UTSA,26.0,19.923077,6.730769,4.8461537,0.7692308,0.7307692,0.65384614,0.3846154,6.1153846,0.3899371027946472,2.7692308,0.5694444179534912,0.9230769,kaidon rayfield
Eli Rice,PG,PSU,29.0,19.793104,6.724138,1.6551725,0.2413793,0.62068963,0.1724138,1.4137931,5.37931,0.38461539149284363,1.5172414,0.7727272510528564,0.62068963,eli rice
Alex Hemenway,PG,EVAN,32.0,25.90625,6.71875,1.9375,0.84375,0.375,0.09375,1.625,6.46875,0.3285024166107178,1.03125,0.8181818127632141,0.59375,alex hemenway
Armari Carraway,PG,CHSO,24.0,17.041666,6.7083335,1.4166666,1.0833334,0.375,0.0,1.875,6.125,0.3265306055545807,1.2083334,0.6896551847457886,0.9166667,armari carraway
Muneer Newton,SF,CAM,34.0,19.529411,6.7058825,4.9117646,0.7941176,0.4117647,0.5588235,0.0,4.117647,0.7071428298950195,1.8235294,0.4838709533214569,1.117647,muneer newton
Justin Johnson,PG,WCU,30.0,15.566667,6.7,2.5,0.93333334,0.53333336,0.33333334,0.33333334,5.8333335,0.4114285707473755,2.4666667,0.6351351141929626,0.93333334,justin johnson
Zephaniah Williams,SF,VUL,10.0,23.7,6.7,2.7,0.3,0.3,0.1,0.5,8.9,0.2808988690376282,2.3,0.52173912525177,1.0,zephaniah williams
Will Felton,C,NCAT,29.0,15.793103,6.6896553,4.2413793,0.27586207,0.51724136,0.2413793,0.0,3.862069,0.6964285969734192,2.275862,0.5757575631141663,0.86206895,will felton
Jikari Johnson,PG,UTC,29.0,13.620689,6.6896553,2.1724138,0.7586207,0.37931034,0.2413793,1.0689656,4.6551723,0.4296296238899231,2.0689654,0.7833333611488342,0.4827586,jikari johnson
Adlan Elamin,SF,USU,35.0,19.514286,6.6857142,3.0857143,0.9142857,0.74285716,0.45714286,0.82857144,5.3428574,0.4438502788543701,1.3428571,0.8297872543334961,0.82857144,adlan elamin
Jayden Hastings,SF,BC,31.0,22.580645,6.677419,5.645161,0.7419355,0.58064514,1.516129,0.0,4.225806,0.6106870174407959,3.032258,0.5,1.032258,jayden hastings
Tyler Betsey,SF,SYR,31.0,18.032259,6.677419,2.8064516,0.3548387,0.32258064,0.16129032,1.6129032,5.451613,0.40236687660217285,1.0645162,0.6363636255264282,0.41935483,tyler betsey
Ernest Udeh Jr.,C,MIA,33.0,28.242424,6.6666665,9.242424,0.54545456,1.030303,1.3939394,0.0,3.6666667,0.7272727489471436,2.6060605,0.5116279125213623,0.6060606,ernest udeh jr
Kyle Thomas,SF,SIUE,27.0,19.185184,6.6666665,3.851852,0.37037036,0.2962963,0.7777778,0.4074074,5.6296296,0.44736841320991516,1.4814814,0.824999988079071,0.8888889,kyle thomas
Tom Mark,SF,CSUB,27.0,25.11111,6.6666665,4.2222223,1.037037,1.0,1.1481482,0.6666667,5.296296,0.4545454680919647,1.7407408,0.6808510422706604,0.962963,tom mark
Braden Hausen,SF,HPU,36.0,20.277779,6.6666665,2.9444444,1.1666666,0.9722222,0.1388889,1.5833334,5.6666665,0.4019607901573181,0.6666667,0.7916666865348816,0.41666666,braden hausen
Anthony Wright,PG,NDMD,3.0,24.0,6.6666665,1.6666666,0.6666667,1.0,0.0,0.33333334,10.0,0.2666666805744171,1.3333334,0.75,1.3333334,anthony wright
Desman Botts,SF,DKSU,3.0,19.0,6.6666665,3.3333333,0.6666667,0.33333334,0.6666667,0.0,3.6666667,0.5454545617103577,3.3333333,0.800000011920929,1.3333334,desman botts
De'Undrae Perteete Jr.,PG,UCR,27.0,27.592592,6.6666665,3.2222223,2.4074075,0.8888889,0.18518518,1.1851852,4.6666665,0.460317462682724,1.6296296,0.7272727489471436,0.9259259,de undrae perteete jr
Brandon Williams,PG,UFTL,3.0,13.666667,6.6666665,1.6666666,0.6666667,0.33333334,0.0,0.33333334,6.6666665,0.30000001192092896,3.3333333,0.699999988079071,0.6666667,brandon williams
Latrell Thompson,PG,MATC,6.0,20.333334,6.6666665,3.0,0.8333333,1.0,0.16666667,0.0,7.3333335,0.40909090638160706,1.6666666,0.4000000059604645,1.1666666,latrell thompson
Jordan Ross,PG,UGA,32.0,20.875,6.65625,2.5,2.3125,0.65625,0.03125,0.40625,4.6875,0.41999998688697815,2.96875,0.7789473533630371,0.90625,jordan ross
Ace Flagg,SF,ME,32.0,24.1875,6.65625,4.0625,1.46875,1.34375,0.40625,0.65625,5.125,0.4451219439506531,2.0625,0.6969696879386902,1.59375,ace flagg
Shemani Fuller,SF,RID,29.0,21.413794,6.6551723,5.827586,0.82758623,0.37931034,1.0,0.0,5.206897,0.4900662302970886,2.3793104,0.6521739363670349,1.0689656,shemani fuller
Jamarion Batemon,PG,ISU,37.0,15.513514,6.6486487,1.1891892,0.43243244,0.5675676,0.054054055,1.4594594,5.783784,0.38785046339035034,0.8918919,0.7878788113594055,0.4864865,jamarion batemon
Hassan Perkins,PG,COPP,31.0,22.64516,6.645161,1.548387,2.903226,0.58064514,0.032258064,0.9354839,5.064516,0.4012738764286041,2.2580645,0.7285714149475098,1.483871,hassan perkins
Reggie Hill,SF,CCU,31.0,25.161291,6.645161,5.806452,0.8064516,0.6451613,0.06451613,1.2580645,6.225806,0.35233160853385925,1.3870968,0.7209302186965942,1.3548387,reggie hill
Yaak Yaak,C,ORST,25.0,15.08,6.64,2.2,0.36,0.28,0.52,0.12,3.92,0.5102040767669678,3.04,0.8289473652839661,0.96,yaak yaak
Elijah Fisher,PG,HALL,33.0,20.69697,6.6363635,2.878788,0.75757575,0.90909094,0.54545456,0.27272728,5.3939395,0.45505619049072266,2.090909,0.695652186870575,0.75757575,elijah fisher
Ja'Corey Robinson,PG,APSU,30.0,17.233334,6.633333,2.9,1.9666667,1.0333333,0.4,0.13333334,4.866667,0.5205479264259338,1.9,0.7543859481811523,1.2666667,ja corey robinson
RJ Smith,PG,DEP,32.0,27.625,6.625,2.40625,2.4375,0.625,0.3125,1.15625,6.0625,0.3659793734550476,1.375,0.75,1.0625,rj smith
Reis Jones,SF,CHSO,32.0,18.4375,6.625,5.15625,0.96875,0.25,1.84375,0.0,4.5625,0.5890411138534546,2.3125,0.5405405163764954,1.3125,reis jones
Jack Payne,PG,IDHO,34.0,21.411764,6.617647,4.0588236,1.2647059,0.5882353,0.32352942,1.2647059,5.9411764,0.38118812441825867,1.0,0.8235294222831726,0.9411765,jack payne
Jordan Brathwaite,PG,YALE,31.0,18.903225,6.612903,1.7741935,1.0,0.7096774,0.09677419,1.451613,5.419355,0.4345238208770752,0.516129,0.875,0.58064514,jordan brathwaite
David Jevtic,PG,FDU,31.0,20.258064,6.612903,3.387097,1.1612903,0.41935483,0.09677419,0.9677419,5.709677,0.395480215549469,1.7096775,0.6603773832321167,1.3225807,david jevtic
Cam Manyawu,SF,IOWA,37.0,19.18919,6.5945945,4.5675673,1.054054,0.8108108,0.5405405,0.0,4.324324,0.6312500238418579,1.972973,0.5753424763679504,0.7567568,cam manyawu
Dominick Stewart,PG,PSU,32.0,22.5,6.59375,2.1875,1.625,0.6875,0.21875,1.21875,5.375,0.4011628031730652,1.34375,0.7906976938247681,0.8125,dominick stewart
Ethan Greenberg,PG,AF,32.0,26.90625,6.59375,2.28125,1.03125,0.875,0.09375,1.625,6.21875,0.36180904507637024,0.71875,0.6521739363670349,1.125,ethan greenberg
Tim Moore Jr.,SF,USD,31.0,14.935484,6.580645,2.387097,0.29032257,0.38709676,0.7096774,0.3548387,5.096774,0.46202531456947327,1.9032258,0.7966101765632629,0.516129,tim moore jr
Brian Sumpter,SF,WOF,31.0,22.741936,6.580645,4.935484,0.8064516,0.29032257,1.2580645,0.06451613,4.580645,0.5985915660858154,1.6774193,0.6153846383094788,0.9354839,brian sumpter
Samuel Dada,SF,WCU,31.0,20.290323,6.580645,7.580645,0.7419355,0.48387095,0.83870965,0.0,4.064516,0.6904761791229248,1.2258065,0.7894737124443054,0.7096774,samuel dada
Rahmir Moore,PG,DSU,26.0,21.307692,6.576923,2.7692308,1.1153846,0.46153846,0.07692308,0.8076923,5.3076925,0.36231884360313416,2.5384614,0.7575757503509521,0.96153843,rahmir moore
Curtis Williams III,PG,GWEB,26.0,21.153847,6.576923,2.8846154,0.65384614,0.53846157,0.26923078,0.7692308,6.076923,0.3734177350997925,1.8076923,0.7021276354789734,0.84615386,curtis williams iii
Houston Mallette,PG,ALA,35.0,23.314285,6.571429,4.4857144,1.1428572,0.62857145,0.0,1.6857142,5.3714285,0.3723404109477997,1.0,0.8857142925262451,0.4,houston mallette
DJ Thomas,SF,WVU,35.0,16.685715,6.571429,2.0857143,0.6,0.2857143,0.14285715,0.6,5.3142858,0.49462366104125977,1.1428572,0.625,0.74285716,dj thomas
Dante Allen,PG,MIA,30.0,23.866667,6.5666666,2.8333333,2.2333333,0.96666664,0.1,0.8333333,5.5666666,0.43113771080970764,1.6,0.5833333134651184,1.0,dante allen
Eren Banks,PG,APP,30.0,25.333334,6.5666666,2.6,1.7666667,0.6333333,0.13333334,1.0333333,6.9333334,0.36538460850715637,0.93333334,0.5,0.93333334,eren banks
Wei Lin,PG,ORE,30.0,17.533333,6.5666666,0.9,1.6666666,0.36666667,0.0,1.0333333,6.0,0.3444444537162781,1.7,0.8235294222831726,1.1666666,wei lin
Mike Woods,SF,NAVY,34.0,22.382353,6.5588236,4.2058825,1.6470588,0.6764706,0.29411766,0.38235295,5.4411764,0.45945945382118225,1.5,0.7843137383460999,0.88235295,mike woods
Bryce Heard,PG,DAY,36.0,18.36111,6.5555553,2.3611112,0.75,0.3888889,0.083333336,0.7222222,4.5,0.4382716119289398,2.3888888,0.7906976938247681,0.7777778,bryce heard
Ta'Zir Smith,PG,RMU,31.0,19.129032,6.548387,2.2258065,1.3225807,0.7096774,0.12903225,0.83870965,5.548387,0.39534884691238403,1.7096775,0.7735849022865295,1.0,ta zir smith
Jayden Ndjigue,PG,MASS,33.0,26.818182,6.5454545,5.4242425,1.9090909,1.2424242,0.45454547,0.18181819,4.4242425,0.5068492889404297,2.6666667,0.7045454382896423,1.5151515,jayden ndjigue
Berke Buyuktuncel,SF,NEB,33.0,24.30303,6.5454545,5.5757575,1.8787879,0.8787879,1.030303,0.3939394,5.242424,0.46820810437202454,2.030303,0.611940324306488,1.1515151,berke buyuktuncel
Tony Williams,PG,FAIR,33.0,19.969696,6.5454545,1.4545455,1.7272727,0.93939394,0.0,1.1818181,6.3636365,0.380952388048172,0.75757575,0.6800000071525574,0.8181818,tony williams
Sam Donald,SF,BELL,30.0,26.6,6.5333333,3.2666667,2.0333333,0.8,0.26666668,1.0666667,4.4333334,0.518796980381012,1.1333333,0.7647058963775635,0.76666665,sam donald
Sean Stewart,SF,ORE,32.0,23.03125,6.53125,5.1875,1.1875,0.9375,0.4375,0.03125,5.15625,0.5090909004211426,2.34375,0.5333333611488342,1.15625,sean stewart
Jake Ensminger,PG,SCU,32.0,28.84375,6.53125,5.53125,2.875,1.03125,0.21875,1.09375,4.5625,0.5410959124565125,0.75,0.6666666865348816,0.90625,jake ensminger
Jose Roberto Tanchyn,SF,UMBC,32.0,19.15625,6.53125,5.71875,0.8125,0.59375,0.53125,0.78125,5.1875,0.4819277226924896,1.15625,0.6486486196517944,0.75,jose roberto tanchyn
Javante Edwards,PG,CAN,27.0,22.962963,6.5185184,1.8518518,1.8518518,0.7037037,0.037037037,0.962963,5.740741,0.3612903356552124,2.0,0.7037037014961243,2.074074,javante edwards
Afan Trnka,PG,UTM,29.0,24.034483,6.5172415,2.8275862,2.4482758,1.0,0.44827586,1.0689656,5.862069,0.3235294222831726,2.4482758,0.6760563254356384,1.8965517,afan trnka
Johnny Radford,PG,EWU,33.0,18.818182,6.5151515,2.0,0.93939394,0.5151515,0.24242425,1.4848485,5.4545455,0.35555556416511536,1.3939394,0.8260869383811951,0.72727275,johnny radford
Derek Dixon,PG,UNC,33.0,22.30303,6.5151515,2.3333333,2.7272727,0.3939394,0.0,1.5151515,5.7272725,0.3650793731212616,1.0,0.8181818127632141,1.1515151,derek dixon
Isaac Traudt,SF,CREI,34.0,18.852942,6.5,2.4705882,0.44117647,0.1764706,0.029411765,1.7647059,5.352941,0.3956044018268585,0.5882353,0.8500000238418579,0.44117647,isaac traudt
Ugonna Onyenso,C,UVA,36.0,18.63889,6.5,4.888889,0.5833333,0.6111111,2.9166667,0.2777778,4.6944447,0.5680473446846008,1.2222222,0.7272727489471436,0.44444445,ugonna onyenso
Albert Matute,SF,LPU,2.0,16.0,6.5,1.0,0.5,0.0,0.5,1.0,6.5,0.38461539149284363,1.0,0.5,2.0,albert matute
Thalen Schroeder,SF,MMU,2.0,16.0,6.5,1.0,0.5,1.0,0.5,0.0,4.0,0.75,2.0,0.25,1.0,thalen schroeder
Tyler Fox,PG,PSAB,2.0,24.0,6.5,0.5,2.0,0.5,0.0,0.5,9.0,0.3333333432674408,0.0,0.0,2.0,tyler fox
Deuce Walters,PG,COE,2.0,24.0,6.5,1.5,1.5,0.5,0.0,0.5,10.0,0.30000001192092896,0.0,0.0,3.5,deuce walters
Zach Strauss,PG,COE,2.0,9.5,6.5,0.5,1.0,0.0,0.0,1.5,7.0,0.3571428656578064,0.0,0.0,1.5,zach strauss
Joseph Thompson,PG,ECSU,2.0,19.0,6.5,1.5,1.0,1.5,0.0,1.5,4.0,0.625,0.0,0.0,0.5,joseph thompson
Troy Hixson,PG,BCWV,2.0,21.0,6.5,2.5,1.5,0.0,0.5,1.5,5.0,0.5,0.0,0.0,4.0,troy hixson
LeMar Northington II,PG,KCU,4.0,28.75,6.5,3.25,1.5,0.75,0.0,1.25,7.25,0.3448275923728943,1.0,0.25,3.0,lemar northington ii
Edgardo Cancel,C,ELMS,2.0,16.5,6.5,3.5,1.5,1.0,0.0,1.5,7.5,0.3333333432674408,0.0,0.0,1.0,edgardo cancel
Alonzo Quiroz,C,AVC,2.0,23.0,6.5,3.0,0.0,0.5,1.0,0.5,5.5,0.5454545617103577,0.0,0.0,0.0,alonzo quiroz
Tyler Behrend,SF,TLSA,38.0,21.552631,6.5,5.236842,1.9210526,0.65789473,0.34210527,0.2631579,4.2894735,0.5337423086166382,2.4210527,0.6847826242446899,1.1315789,tyler behrend
Will Shortt,SF,NIA,30.0,19.4,6.5,4.4333334,0.6333333,0.23333333,0.8666667,0.0,4.9,0.6054421663284302,1.3,0.43589743971824646,0.9,will shortt
Ty Woodland,SF,WCMD,2.0,13.5,6.5,0.5,0.0,0.0,0.0,0.5,7.5,0.4000000059604645,0.0,0.0,1.0,ty woodland
David Starr,PG,BTTN,2.0,16.5,6.5,3.5,1.5,1.0,0.0,0.5,7.0,0.3571428656578064,1.5,0.6666666865348816,2.5,david starr
Jessee Battle,SG,OWU,2.0,22.0,6.5,1.5,1.0,0.0,0.0,0.5,8.5,0.29411765933036804,1.0,1.0,2.0,jessee battle
Lincoln Cantrall,SF,COCU,2.0,15.0,6.5,1.0,0.0,0.5,0.0,1.0,3.0,0.6666666865348816,2.0,0.75,0.5,lincoln cantrall
Izzy Santiago,PG,PSSH,4.0,27.0,6.5,2.5,0.75,0.75,0.0,0.0,13.25,0.22641509771347046,0.5,1.0,2.25,izzy santiago
Austin Johnson,PG,DMCA,2.0,11.0,6.5,1.0,0.5,0.5,0.5,1.5,6.0,0.4166666567325592,0.0,0.0,0.5,austin johnson
Kam Waters,PG,GCTU,2.0,17.0,6.5,4.0,0.5,1.0,0.5,0.5,9.5,0.31578946113586426,1.0,0.0,2.5,kam waters
Justin Ugo,SF,WEBS,2.0,14.0,6.5,2.5,0.5,0.0,0.5,0.0,4.5,0.4444444477558136,3.5,0.7142857313156128,2.0,justin ugo
Braxton Highbaugh,PG,BRES,2.0,21.5,6.5,6.0,1.5,3.0,0.5,0.0,8.5,0.29411765933036804,1.5,1.0,2.5,braxton highbaugh
JaMonte Williams,PG,CNSU,2.0,22.0,6.5,4.0,3.0,1.0,0.0,0.0,4.5,0.6666666865348816,0.5,1.0,1.5,jamonte williams
Isaiah Jones,PG,EOU,2.0,21.0,6.5,3.5,0.5,1.0,0.5,0.5,6.5,0.38461539149284363,1.0,1.0,2.0,isaiah jones
Sohn McGee,PG,TWU,2.0,27.0,6.5,3.5,3.0,3.5,0.0,0.5,9.5,0.2631579041481018,1.5,0.6666666865348816,2.5,sohn mcgee
Rayan Sablon,PG,WORC,2.0,24.5,6.5,3.5,1.0,1.5,0.0,0.0,12.5,0.23999999463558197,1.5,0.3333333432674408,2.0,rayan sablon
Dorien Johnson,PG,ERSK,2.0,20.0,6.5,1.5,1.5,1.5,0.0,1.0,5.0,0.4000000059604645,1.5,1.0,0.5,dorien johnson
Aaron Campbell,PG,HSKL,2.0,15.0,6.5,2.0,0.0,1.0,1.0,0.0,3.0,0.8333333134651184,2.0,0.75,0.0,aaron campbell
Rafael Gomez,PG,STN,2.0,26.5,6.5,2.5,1.0,1.5,0.0,1.5,6.0,0.3333333432674408,1.0,1.0,2.5,rafael gomez
James McCarthy,PG,OWU,2.0,13.0,6.5,0.5,0.0,0.5,0.0,0.5,5.5,0.4545454680919647,1.0,1.0,1.0,james mccarthy
Olabanjo Aborisade,SF,CCNY,2.0,33.0,6.5,3.5,2.0,0.0,2.5,0.5,7.5,0.4000000059604645,0.0,0.0,2.5,olabanjo aborisade
John Christofilis,PG,SEA,35.0,16.485714,6.4857144,1.1428572,0.25714287,0.22857143,0.057142857,1.3714286,5.4,0.40740740299224854,0.85714287,0.8333333134651184,0.2857143,john christofilis
Justice Ajogbor,C,JOES,36.0,26.027779,6.4722223,4.9166665,1.2777778,0.2777778,2.1388888,0.0,4.0555553,0.664383590221405,1.8055556,0.6000000238418579,0.8333333,justice ajogbor
Timoty van der Knaap,PG,BRAD,34.0,22.794117,6.470588,4.7941175,0.44117647,0.7058824,0.20588236,0.44117647,5.5588236,0.4285714328289032,1.9411764,0.6515151262283325,0.7647059,timoty van der knaap
Harun Zrno,PG,RUTG,34.0,19.147058,6.470588,1.617647,0.5882353,0.5,0.029411765,1.5294118,5.7058825,0.35567009449005127,1.117647,0.7894737124443054,1.0,harun zrno
Quincy Ballard,C,MSST,32.0,20.28125,6.46875,6.03125,0.5625,0.1875,1.125,0.0,4.59375,0.5918367505073547,1.5,0.6875,0.875,quincy ballard
Tyson Brown,SF,RAD,32.0,27.5625,6.46875,7.34375,0.71875,0.625,0.78125,0.0,4.3125,0.5942028760910034,3.125,0.4300000071525574,1.28125,tyson brown
Tyran Mason,PG,UTA,32.0,16.90625,6.46875,3.59375,0.5625,0.625,0.09375,0.4375,5.3125,0.4588235318660736,1.6875,0.6851851940155029,0.8125,tyran mason
Jovan Jester Jr.,PG,UCI,35.0,15.971429,6.457143,2.8285713,2.2571428,1.4857143,0.2,0.6857143,4.857143,0.44117647409439087,2.2,0.6753246784210205,2.057143,jovan jester jr
Aidan Cammann,SF,STAN,33.0,21.757576,6.4545455,3.8181818,1.4242424,1.0,0.42424244,0.33333334,4.212121,0.46043166518211365,3.1818182,0.7047619223594666,1.1212121,aidan cammann
Logan Applegate,PG,CIT,33.0,15.606061,6.4545455,2.1515152,0.969697,0.42424244,0.09090909,1.4848485,5.6060605,0.3675675690174103,1.0909091,0.7777777910232544,0.45454547,logan applegate
Mike Price,PG,CSUB,31.0,18.225807,6.451613,1.0967742,0.7741935,0.6451613,0.06451613,1.0,6.645161,0.3640776574611664,0.87096775,0.7037037014961243,1.1612903,mike price
Najai Hines,SF,HALL,31.0,18.032259,6.451613,5.483871,0.58064514,0.38709676,2.2258065,0.0,4.290323,0.6015037298202515,1.8709677,0.6896551847457886,0.8064516,najai hines
Arne Osojnik,PG,NAU,29.0,16.103449,6.448276,2.5172415,1.0344827,0.7241379,0.3448276,0.7586207,6.0689654,0.4204545319080353,0.7586207,0.7727272510528564,0.9310345,arne osojnik
Chase Johnston,PG,HPU,34.0,13.411765,6.4411764,0.8235294,0.44117647,0.6764706,0.029411765,2.0882354,4.4411764,0.4768211841583252,0.11764706,1.0,0.20588236,chase johnston
Cole Farrell,PG,LBSU,32.0,20.75,6.4375,2.15625,1.25,0.5625,0.09375,0.4375,6.15625,0.4010152220726013,1.625,0.6538461446762085,1.09375,cole farrell
Max Weisbrod,PG,UNI,32.0,27.8125,6.4375,2.5,1.90625,0.59375,0.09375,1.78125,5.21875,0.38323354721069336,0.78125,0.8399999737739563,0.875,max weisbrod
Evan Sterck,PG,JAX,32.0,24.65625,6.4375,1.96875,3.0625,1.125,0.09375,0.9375,5.90625,0.3968254029750824,1.03125,0.7878788113594055,1.5,evan sterck
Zvonimir Ivisic,C,ILL,37.0,17.18919,6.4324327,4.5135136,0.27027026,0.21621622,1.945946,0.7567568,4.6216216,0.5087719559669495,1.4054054,0.692307710647583,0.4864865,zvonimir ivisic
Shon Tupuola,C,VAL,33.0,24.636364,6.4242425,5.848485,0.75757575,0.42424244,1.2727273,0.0,4.5454545,0.5799999833106995,1.7575758,0.6551724076271057,0.8787879,shon tupuola
Dame Sarr,PG,DUKE,38.0,23.526316,6.4210525,3.8157895,1.1052631,0.9736842,0.36842105,1.1315789,5.4736843,0.4038461446762085,1.6315789,0.5322580933570862,1.0526316,dame sarr
Isaiah Kerr,PG,HAW,31.0,20.64516,6.419355,2.387097,1.3548387,0.7419355,0.29032257,0.7741935,5.290323,0.4085365831851959,1.8709677,0.7068965435028076,1.0,isaiah kerr
Sekou Konneh,SF,MILW,31.0,13.387096,6.419355,4.7419353,0.2580645,0.5483871,0.83870965,0.032258064,5.032258,0.557692289352417,1.3548387,0.5714285969734192,0.7096774,sekou konneh
Connor Serven,SF,MER,28.0,21.178572,6.392857,3.857143,1.0714285,0.5714286,0.8214286,0.2857143,4.607143,0.5581395626068115,1.3928572,0.692307710647583,0.9285714,connor serven
Josiah Hammons,PG,UIC,34.0,14.588235,6.382353,1.0882353,0.44117647,0.5,0.0882353,1.5882353,4.970588,0.39053255319595337,1.1470588,0.7948718070983887,0.4117647,josiah hammons
Dusty Stromer,PG,GCU,32.0,22.59375,6.375,2.6875,1.0625,0.46875,0.09375,1.1875,5.75,0.35326087474823,1.40625,0.800000011920929,1.0,dusty stromer
Peter Hemschemeier,PG,SELA,27.0,20.37037,6.3703704,1.6296296,1.8888888,0.5185185,0.037037037,1.2222222,6.962963,0.3191489279270172,0.962963,0.7307692170143127,1.6296296,peter hemschemeier
Isaiah Coleman,PG,OKST,33.0,19.181818,6.3636365,3.7878788,0.8484849,0.75757575,0.18181819,0.060606062,5.2727275,0.49425286054611206,1.9090909,0.5714285969734192,1.2121212,isaiah coleman
Jalen Pitre,SF,TNST,33.0,24.333334,6.3636365,6.6060605,0.90909094,1.1515151,0.57575756,0.030303031,3.939394,0.6230769157409668,1.6969697,0.8392857313156128,1.1212121,jalen pitre
Nick Coval,PG,DAV,33.0,19.454546,6.3636365,1.5757576,1.6363636,0.3939394,0.030303031,0.8181818,4.3636365,0.4861111044883728,1.5454545,0.843137264251709,1.030303,nick coval
Stephen Williams,SF,USA,33.0,15.787879,6.3636365,4.6666665,0.15151516,0.33333334,0.75757575,0.0,4.060606,0.6567164063453674,1.5757576,0.6538461446762085,0.3030303,stephen williams
Donte Tisinger Jr.,PG,BU,28.0,20.107143,6.357143,1.9642857,1.7857143,0.89285713,0.035714287,0.85714287,4.964286,0.4892086386680603,1.0357143,0.6206896305084229,0.96428573,donte tisinger jr
Devin Brown,PG,DAV,34.0,23.352942,6.352941,3.3823528,1.6470588,0.64705884,0.2647059,0.7941176,5.2647057,0.4078212380409241,2.0,0.6323529481887817,1.0,devin brown
Cade Haskins,SF,W&M,32.0,16.84375,6.34375,2.375,0.84375,0.4375,0.3125,1.40625,5.34375,0.38596490025520325,1.0625,0.7647058963775635,0.8125,cade haskins
Drayton Jones,C,BTLR,32.0,19.5,6.34375,4.59375,1.40625,0.40625,0.90625,0.0,3.625,0.5862069129943848,2.90625,0.7204301357269287,0.71875,drayton jones
Jo Valrie,SF,SIUE,32.0,23.5625,6.34375,4.34375,0.4375,0.96875,0.125,0.875,5.4375,0.4137931168079376,1.40625,0.6888889074325562,1.125,jo valrie
Bruno Alocen,PG,INST,32.0,21.28125,6.34375,2.875,1.5,0.625,0.125,1.15625,5.25,0.375,1.5625,0.800000011920929,1.09375,bruno alocen
Tama Isaac,PG,UCI,35.0,26.885714,6.3428574,3.2,3.8285713,1.0,0.114285715,0.6571429,5.114286,0.3743016719818115,2.7142856,0.6842105388641357,2.142857,tama isaac
Taylor Bol Bowen,SF,ALA,30.0,19.0,6.3333335,4.1666665,0.46666667,0.43333334,1.0,0.96666664,4.9333334,0.4121621549129486,1.6333333,0.795918345451355,0.6333333,taylor bol bowen
Jasper Reinalda,C,LSIU,3.0,31.0,6.3333335,6.3333335,0.0,0.0,1.3333334,0.0,3.3333333,0.699999988079071,2.6666667,0.625,1.3333334,jasper reinalda
Braden Wood,PG,COGA,3.0,18.333334,6.3333335,3.3333333,0.6666667,0.33333334,0.33333334,1.6666666,6.0,0.3333333432674408,0.6666667,1.0,1.3333334,braden wood
Jahbreco Dacosta,PG,NDMD,3.0,20.333334,6.3333335,5.3333335,0.0,0.6666667,0.6666667,0.0,6.3333335,0.4736842215061188,0.6666667,0.5,0.6666667,jahbreco dacosta
Juwan Maxey,PG,BALL,24.0,17.708334,6.3333335,2.0833333,1.0,0.33333334,0.0,1.4166666,6.8333335,0.29878050088882446,1.2916666,0.6451612710952759,0.8333333,juwan maxey
Tray'von Thomas,PG,ARBA,3.0,25.0,6.3333335,7.0,1.3333334,1.3333334,0.33333334,0.0,7.3333335,0.40909090638160706,1.3333334,0.25,2.6666667,tray von thomas
Fletcher MacDonald,SF,CHAM,3.0,21.333334,6.3333335,2.6666667,1.0,0.33333334,0.0,0.33333334,5.3333335,0.5625,0.0,0.0,1.3333334,fletcher macdonald
Amari Phillips,PG,EAWE,3.0,17.333334,6.3333335,0.6666667,0.33333334,0.6666667,0.0,0.33333334,5.6666665,0.529411792755127,0.0,0.0,1.0,amari phillips
TJ Harris,PG,EAWE,3.0,19.333334,6.3333335,3.3333333,1.0,1.3333334,0.33333334,1.0,6.3333335,0.31578946113586426,1.6666666,0.800000011920929,1.0,tj harris
Butta Johnson,PG,CLEM,35.0,21.028572,6.3142858,2.1142857,1.0,0.62857145,0.17142858,1.2571429,5.114286,0.3854748606681824,1.3428571,0.8297872543334961,0.45714286,butta johnson
Jamias Ferere,PG,GWEB,32.0,16.96875,6.3125,2.9375,0.6875,0.375,0.21875,0.28125,5.5,0.41477271914482117,1.90625,0.7704917788505554,1.25,jamias ferere
Luka Toews,PG,BC,29.0,21.48276,6.3103447,1.5517242,2.2068965,0.44827586,0.13793103,1.0689656,5.9310346,0.41860464215278625,0.4827586,0.5714285969734192,1.3103448,luka toews
Egan Shields,C,UNCO,31.0,17.612904,6.290323,4.806452,0.9354839,0.06451613,0.48387095,0.0,3.580645,0.6576576828956604,2.2580645,0.699999988079071,1.0,egan shields
Omaha Biliew,SF,WAKE,35.0,20.22857,6.285714,2.4285715,0.51428574,0.6,0.37142858,0.9142857,4.285714,0.46000000834465027,1.8,0.7936508059501648,0.71428573,omaha biliew
Jayden Harris,SF,EKU,29.0,11.448276,6.275862,2.5517242,0.55172414,0.37931034,0.13793103,0.86206895,5.37931,0.4038461446762085,1.4137931,0.7560975551605225,0.41379312,jayden harris
Raymond Espinal-Guzman,SF,STO,33.0,24.121212,6.2727275,5.121212,1.3333334,0.18181819,0.8787879,0.6060606,6.121212,0.38118812441825867,1.4848485,0.6734693646430969,1.6060606,raymond espinal guzman
Chuck Bailey III,PG,NEV,33.0,17.969696,6.2727275,2.3636363,1.030303,0.42424244,0.09090909,0.8484849,5.878788,0.3865979313850403,1.1818181,0.7435897588729858,0.4848485,chuck bailey iii
Angelo Ciaravino,PG,NU,33.0,22.0,6.2727275,3.878788,1.2424242,0.36363637,0.6363636,0.33333334,4.969697,0.5121951103210449,1.4545455,0.5833333134651184,0.3939394,angelo ciaravino
Zy Wright,PG,ACU,33.0,17.424242,6.2727275,2.2727273,0.57575756,0.54545456,0.15151516,0.6060606,4.5757575,0.4503311216831207,1.8181819,0.8500000238418579,0.90909094,zy wright
Filip Jovic,SF,AUB,37.0,18.243244,6.2702703,3.9729729,0.5945946,0.6216216,0.3243243,0.0,3.7567568,0.6402877569198608,2.6756756,0.5454545617103577,0.7297297,filip jovic
Jo Van Buggenhout,PG,INST,26.0,20.846153,6.269231,2.0769231,3.1153846,0.61538464,0.03846154,0.88461536,5.8461537,0.4013157784938812,1.0769231,0.6428571343421936,1.5384616,jo van buggenhout
Chrishawn Christmas,PG,SFA,34.0,29.058823,6.2647057,6.8235292,1.8235294,1.1470588,0.32352942,0.0,5.117647,0.540229856967926,1.7058823,0.43103447556495667,0.7941176,chrishawn christmas
Jaylan Ouwinga,SF,TOL,34.0,18.588236,6.2647057,3.3529413,0.64705884,0.47058824,0.88235295,0.3529412,5.3235292,0.49723756313323975,0.9705882,0.6363636255264282,0.85294116,jaylan ouwinga
London Maiden,SF,DETM,31.0,15.5161295,6.2580647,3.0,0.41935483,0.22580644,0.22580644,0.0,4.677419,0.5448275804519653,1.8064516,0.6428571343421936,1.1290323,london maiden
Emmanuel Okorafor,SF,WICH,36.0,16.805555,6.25,5.2222223,0.44444445,0.3888889,0.9722222,0.0,4.388889,0.5696202516555786,1.8611112,0.6716417670249939,1.1388888,emmanuel okorafor
Myles Rigsby,PG,TLSA,32.0,18.625,6.25,1.96875,1.40625,1.0,0.28125,0.375,3.8125,0.5163934230804443,2.21875,0.8732394576072693,1.0,myles rigsby
Marvin McGhee IV,PG,UCSB,28.0,20.785715,6.25,4.178571,1.3928572,0.75,0.42857143,1.1071428,4.321429,0.4628099203109741,1.2857143,0.8888888955116272,1.0714285,marvin mcghee iv
Major Freeman,PG,CLT,28.0,17.142857,6.25,1.9642857,1.2857143,0.5,0.035714287,1.0714285,5.321429,0.4026845693588257,1.3571428,0.6578947305679321,0.85714287,major freeman
Derek Curtis,PG,BRYN,4.0,17.0,6.25,1.5,0.75,0.25,0.0,1.25,6.0,0.4166666567325592,0.0,0.0,2.75,derek curtis
JT Rock,C,UNM,37.0,12.783784,6.243243,3.4594595,0.3783784,0.1891892,0.9189189,0.6216216,4.216216,0.5448718070983887,1.5945946,0.6440678238868713,0.5675676,jt rock
Keba Keita,SF,BYU,33.0,22.636364,6.242424,7.181818,0.3030303,1.030303,1.7575758,0.0,3.878788,0.6796875,1.7575758,0.5517241358757019,0.75757575,keba keita
Xander Pintelon,SF,FAU,33.0,18.121212,6.242424,3.7272727,0.6969697,0.54545456,0.54545456,1.1212121,5.030303,0.40361446142196655,1.2424242,0.8536585569381714,0.75757575,xander pintelon
Preston Fowler,SF,JMU,33.0,23.09091,6.242424,4.5757575,0.93939394,0.5151515,0.21212122,1.0909091,5.3030305,0.38857144117355347,1.4242424,0.7234042286872864,0.54545456,preston fowler
Bishop Boswell,PG,TENN,34.0,26.382353,6.2352943,4.382353,3.1176472,1.2058823,0.11764706,0.88235295,4.617647,0.42675158381462097,2.1176472,0.6666666865348816,1.5588236,bishop boswell
Aidan Burke,PG,UCSD,34.0,21.67647,6.2352943,2.5294118,1.5,0.7352941,0.20588236,1.0882353,5.0,0.43529412150382996,1.0588236,0.75,0.7058824,aidan burke
Jamar Franklin,PG,JXST,26.0,16.192308,6.230769,1.6153846,0.30769232,0.5,0.03846154,1.6923077,5.5,0.38461539149284363,0.53846157,0.5714285969734192,0.30769232,jamar franklin
David Rochester,SF,BRWN,22.0,22.0,6.2272725,3.409091,1.5909091,0.72727275,0.22727273,0.36363637,5.1363635,0.40707963705062866,2.3181818,0.7254902124404907,1.0909091,david rochester
Stefano Faloppa,SF,NHVN,31.0,26.161291,6.225806,4.387097,1.3225807,0.3548387,0.32258064,0.67741936,4.645161,0.5069444179534912,1.1935484,0.7027027010917664,1.0967742,stefano faloppa
Chris Johnson,PG,UCF,32.0,15.6875,6.21875,1.40625,1.875,0.5,0.15625,0.96875,5.0625,0.43209877610206604,1.25,0.699999988079071,0.65625,chris johnson
Grant Kepley,PG,MONT,28.0,21.392857,6.214286,2.6785715,2.8214285,0.64285713,0.035714287,0.53571427,4.857143,0.4117647111415863,2.4642856,0.6811594367027283,1.8928572,grant kepley
London Jemison,SF,ALA,33.0,15.545455,6.212121,3.4242425,0.3939394,0.6363636,0.3030303,0.93939394,4.848485,0.4437499940395355,1.6060606,0.6037735939025879,0.6060606,london jemison
Joshua DeCady,SF,HOF,33.0,24.060606,6.212121,3.4242425,0.57575756,0.72727275,0.27272728,0.4848485,5.242424,0.4161849617958069,2.3636363,0.5769230723381042,0.7878788,joshua decady
Cole Franklin,PG,UNT,33.0,25.121212,6.212121,4.3333335,1.1212121,1.2727273,0.5151515,0.4848485,5.4545455,0.41111111640930176,1.8787879,0.6612903475761414,0.90909094,cole franklin
Jayce Nathaniel,SF,UIC,35.0,19.8,6.2,4.457143,0.94285715,0.51428574,0.4,0.37142858,5.457143,0.41361257433891296,1.8571428,0.7076923251152039,0.6857143,jayce nathaniel
Mikkel Tyne,PG,RICH,31.0,19.032259,6.193548,1.1935484,1.4193548,0.8064516,0.0,1.3870968,5.612903,0.3965517282485962,0.5483871,0.6470588445663452,0.9677419,mikkel tyne
Etienne Strothers,PG,HAMP,32.0,18.71875,6.1875,1.71875,1.6875,1.125,0.4375,0.8125,5.28125,0.3668639063835144,1.96875,0.761904776096344,1.1875,etienne strothers
Franck Kepnang,C,WASH,27.0,22.88889,6.185185,6.296296,0.22222222,0.5925926,2.074074,0.0,4.888889,0.5151515007019043,1.6666666,0.6888889074325562,1.0,franck kepnang
Jon Sanders II,PG,EMU,27.0,17.074074,6.185185,1.1111112,1.037037,0.4814815,0.037037037,0.8148148,4.851852,0.3664122223854065,2.2962964,0.7903226017951965,1.0,jon sanders ii
Darren Williams,PG,FGCU,34.0,18.558823,6.1764708,1.882353,1.0294118,0.5588235,0.029411765,1.4705882,5.647059,0.375,0.47058824,1.0,0.61764705,darren williams
Bryan Akanmu,SF,WAG,31.0,20.35484,6.16129,3.8709676,1.4193548,0.5483871,0.09677419,0.0,5.483871,0.48235294222831726,1.3225807,0.6585366129875183,1.548387,bryan akanmu
Achor Achor,SF,MSST,32.0,17.78125,6.15625,6.28125,0.4375,0.53125,0.625,0.5625,5.125,0.4268292784690857,1.75,0.6964285969734192,1.09375,achor achor
Abdou Yadd,SF,SHU,26.0,14.884615,6.1538463,2.4615386,0.5769231,0.3846154,0.07692308,0.9230769,5.9615383,0.3870967626571655,0.84615386,0.7272727489471436,1.3461539,abdou yadd
Uriyah Rojas,PG,WYO,33.0,16.515152,6.151515,1.939394,1.6969697,0.3939394,0.030303031,0.90909094,5.5757575,0.3913043439388275,1.1515151,0.7631579041481018,0.6363636,uriyah rojas
Cam Cole,PG,NAVY,34.0,19.117647,6.147059,1.9117647,1.617647,0.88235295,0.4117647,1.0882353,4.352941,0.4324324429035187,1.7058823,0.7586206793785095,0.9411765,cam cole
Andrea Holden,SF,WRST,35.0,14.228572,6.142857,3.942857,0.42857143,0.51428574,1.2,0.0,4.0857143,0.5664335489273071,2.142857,0.7066666483879089,1.0285715,andrea holden
Kaden Powers,PG,RUTG,29.0,15.655172,6.137931,1.7931035,1.5172414,0.4827586,0.13793103,0.9655172,6.724138,0.34871795773506165,0.6551724,0.7368420958518982,1.0344827,kaden powers
Kael Combs,PG,IOWA,37.0,26.081081,6.135135,2.3783784,2.4054055,0.7297297,0.054054055,0.4864865,4.6216216,0.4912280738353729,1.3243244,0.8367347121238708,1.3783784,kael combs
Quante Berry,PG,MEM,30.0,18.066668,6.133333,2.4666667,1.2333333,1.0666667,0.33333334,0.8333333,5.266667,0.3860759437084198,1.7666667,0.698113203048706,0.96666664,quante berry
Vincent Delano,PG,UNCO,32.0,20.03125,6.125,1.96875,1.625,0.1875,0.0625,0.71875,5.25,0.4166666567325592,1.4375,0.717391312122345,1.1875,vincent delano
Adam Harakow,PG,WYO,33.0,18.90909,6.121212,2.7878788,0.6666667,0.5151515,0.21212122,0.969697,4.4545455,0.4625850319862366,1.5151515,0.6800000071525574,0.57575756,adam harakow
Tate Sage,PG,IOWA,37.0,16.162163,6.108108,2.054054,0.6756757,0.27027026,0.16216215,0.7567568,3.945946,0.4931506812572479,2.054054,0.7105262875556946,0.5135135,tate sage
Trey Cady,SF,UNF,29.0,11.862069,6.1034484,2.2413793,0.31034482,0.20689656,0.20689656,0.6551724,4.62069,0.41791045665740967,2.137931,0.7419354915618896,0.7241379,trey cady
Reggie Prudhomme,PG,NIA,30.0,26.4,6.1,2.4666667,2.5,0.9,0.0,1.1666666,5.6666665,0.39411765336990356,0.7,0.6666666865348816,1.4,reggie prudhomme
Robert Miller III,SF,LSU,31.0,19.35484,6.096774,3.8709676,0.7419355,0.87096775,1.4193548,0.0,3.387097,0.6571428775787354,2.3548386,0.698630154132843,1.1612903,robert miller iii
Sadiq White Jr.,SF,SYR,31.0,15.129032,6.096774,3.2903225,0.41935483,0.5483871,0.6451613,0.22580644,4.774194,0.5472972989082336,1.2580645,0.5128205418586731,0.9354839,sadiq white jr
Calvin Sirmans III,PG,STET,32.0,23.5,6.09375,1.84375,4.625,1.09375,0.15625,0.65625,5.03125,0.3478260934352875,2.53125,0.7654321193695068,1.78125,calvin sirmans iii
Jacari Lane,PG,TA&M,33.0,19.363636,6.090909,1.6666666,3.030303,0.6060606,0.030303031,0.8181818,4.909091,0.395061731338501,1.6060606,0.8679245114326477,1.030303,jacari lane
Vuk Boskovic,SF,USD,33.0,20.242424,6.090909,3.1515152,2.030303,0.3939394,0.24242425,1.1818181,4.757576,0.4331210255622864,1.3030303,0.604651153087616,1.6363636,vuk boskovic
Todd Brogna,SF,MRMK,34.0,29.205883,6.0882354,4.6764708,2.4117646,0.9411765,1.2647059,1.3529412,5.4117646,0.3913043439388275,0.7058824,0.7083333134651184,1.4705882,todd brogna
Thierry Darlan,PG,SCU,35.0,17.857143,6.0857143,3.5714285,0.9142857,0.4857143,0.5714286,1.1428572,4.9428573,0.38728323578834534,1.2571429,0.8863636255264282,1.3714286,thierry darlan
Roor Akhuar,SF,FOR,25.0,19.48,6.08,3.48,0.52,0.64,0.48,1.4,5.24,0.42748090624809265,0.44,0.4545454680919647,0.64,roor akhuar
Truman Claytor IV,SF,LR,29.0,15.5172415,6.0689654,1.4137931,0.6551724,0.6896552,0.1724138,0.79310346,5.6896553,0.4000000059604645,1.0,0.7241379022598267,1.137931,truman claytor iv
John Squire,SF,UNH,30.0,26.8,6.0666666,5.733333,1.3666667,0.6666667,0.56666666,0.13333334,4.0,0.5833333134651184,2.0333333,0.6229507923126221,1.1666666,john squire
Jonathan Griman,SF,CBU,31.0,23.161291,6.064516,5.903226,0.4516129,0.48387095,0.9032258,0.0,4.516129,0.5785714387893677,1.6129032,0.5199999809265137,1.0645162,jonathan griman
Jared Turner,SF,ODU,33.0,20.848484,6.060606,3.6363637,0.8787879,0.45454547,0.54545456,1.6666666,5.121212,0.40236687660217285,0.42424244,0.6428571343421936,0.3939394,jared turner
Zacch Wiggins,PG,ODU,33.0,18.636364,6.060606,2.5454545,1.0909091,0.42424244,0.15151516,0.57575756,4.5151515,0.48322147130966187,1.5757576,0.7115384340286255,0.6363636,zacch wiggins
Tyler Isaak,PG,MONT,34.0,22.382353,6.0588236,2.764706,2.2941177,0.6764706,0.11764706,0.7647059,4.352941,0.4121621549129486,2.0,0.8529411554336548,0.9411765,tyler isaak
Christian Watson,PG,HAMP,25.0,17.68,6.04,2.04,1.0,0.4,0.08,0.52,5.12,0.390625,1.92,0.7916666865348816,0.92,christian watson
Jac Mani,SF,FRES,26.0,11.769231,6.0384617,2.6538463,0.3846154,0.23076923,0.1923077,0.5769231,4.6153846,0.44999998807907104,1.9230769,0.6800000071525574,0.88461536,jac mani
Cam Thrower,PG,PENN,27.0,16.962963,6.037037,1.6296296,1.2962962,0.4814815,0.11111111,0.962963,5.037037,0.38235294818878174,1.4074074,0.8684210777282715,1.074074,cam thrower
Cameron McNamee,PG,DART,27.0,20.37037,6.037037,3.6296296,0.6666667,0.8888889,0.18518518,1.1851852,4.4074073,0.40336135029792786,1.962963,0.6603773832321167,0.7777778,cameron mcnamee
Jayden Teat,PG,SAC,29.0,14.551724,6.034483,1.5862069,0.9310345,0.27586207,0.03448276,1.2068965,5.965517,0.3352601230144501,1.0,0.8275862336158752,0.7241379,jayden teat
Chase Forte,PG,BC,31.0,23.290323,6.032258,2.387097,2.8387096,1.0,0.2580645,0.7096774,5.709677,0.3333333432674408,2.548387,0.594936728477478,1.2903225,chase forte
Makai Willis,C,TXST,32.0,12.8125,6.03125,3.0625,0.4375,0.3125,0.59375,0.0,4.59375,0.5102040767669678,1.6875,0.7962962985038757,0.9375,makai willis
Jae'Coby Osborne,SF,NMSU,32.0,23.375,6.03125,4.90625,0.5625,0.59375,0.40625,0.09375,4.5,0.5486111044883728,1.6875,0.5925925970077515,0.75,jae coby osborne
KJ Pruitt,PG,TIFF,1.0,18.0,6.0,2.0,1.0,0.0,0.0,0.0,5.0,0.4000000059604645,2.0,1.0,2.0,kj pruitt
Jaden Bell,PG,RFU,1.0,31.0,6.0,10.0,2.0,0.0,0.0,0.0,11.0,0.27272728085517883,0.0,0.0,0.0,jaden bell
Levi Torgerson,PG,MTTC,1.0,22.0,6.0,1.0,3.0,0.0,0.0,2.0,4.0,0.5,2.0,0.0,1.0,levi torgerson
Devon Boyd,PG,AQUI,1.0,26.0,6.0,0.0,3.0,1.0,0.0,2.0,6.0,0.3333333432674408,0.0,0.0,3.0,devon boyd
Jonathan Beagle,SF,RICH,24.0,15.0,6.0,4.5833335,1.5416666,0.5,0.16666667,0.0,3.8333333,0.54347825050354,3.0,0.6111111044883728,1.0416666,jonathan beagle
Luke Jungers,SF,IONA,30.0,16.2,6.0,1.9333333,0.23333333,0.33333334,0.23333333,1.4333333,3.9333334,0.47457626461982727,1.0666667,0.78125,0.53333336,luke jungers
Isiah Middleton,SF,MNHV,1.0,24.0,6.0,2.0,2.0,1.0,0.0,0.0,11.0,0.27272728085517883,0.0,0.0,2.0,isiah middleton
Bradlee Wolf,SF,JCSU,1.0,18.0,6.0,5.0,0.0,0.0,0.0,0.0,6.0,0.5,0.0,0.0,0.0,bradlee wolf
Ethan Smith,SF,JWNC,1.0,25.0,6.0,3.0,4.0,0.0,0.0,0.0,7.0,0.4285714328289032,0.0,0.0,2.0,ethan smith
Hiram Alexander,PG,WUDE,1.0,15.0,6.0,2.0,0.0,0.0,1.0,0.0,2.0,1.0,2.0,1.0,0.0,hiram alexander
Braden Burman,PG,SLC,1.0,18.0,6.0,3.0,2.0,0.0,0.0,2.0,4.0,0.5,0.0,0.0,1.0,braden burman
Jesus Rivas,C,FNU,1.0,21.0,6.0,1.0,0.0,0.0,0.0,0.0,5.0,0.4000000059604645,2.0,1.0,2.0,jesus rivas
Ford Barnes,SF,LGC,2.0,14.5,6.0,3.0,0.0,1.0,0.5,0.0,5.5,0.4545454680919647,2.0,0.5,1.0,ford barnes
Jordan Edmond,SF,CTON,1.0,26.0,6.0,7.0,0.0,1.0,0.0,0.0,7.0,0.2857142984867096,2.0,1.0,2.0,jordan edmond
Mark Watson,PG,MHAM,1.0,23.0,6.0,4.0,2.0,2.0,0.0,0.0,6.0,0.5,2.0,0.0,5.0,mark watson
Jackson Inman,PG,CIU,2.0,16.5,6.0,2.0,1.0,0.0,0.0,1.5,4.5,0.3333333432674408,2.5,0.6000000238418579,0.5,jackson inman
Jordan Duda,PG,NNMC,1.0,14.0,6.0,0.0,0.0,0.0,0.0,2.0,4.0,0.5,0.0,0.0,1.0,jordan duda
Kole Taylor,PG,PANE,1.0,28.0,6.0,2.0,1.0,3.0,0.0,0.0,13.0,0.1538461595773697,2.0,1.0,1.0,kole taylor
Drew Tebbe,PG,LCHR,1.0,29.0,6.0,3.0,5.0,3.0,0.0,0.0,7.0,0.4285714328289032,0.0,0.0,4.0,drew tebbe
D.J. Johnson,PG,GWYD,1.0,29.0,6.0,7.0,2.0,3.0,1.0,1.0,6.0,0.3333333432674408,2.0,0.5,0.0,d j johnson
Noah Melson,PG,FDU,25.0,17.28,6.0,1.56,0.48,0.2,0.16,1.28,5.96,0.34899330139160156,1.04,0.5384615659713745,0.64,noah melson
Jaden Battle,PG,RWC,1.0,13.0,6.0,0.0,0.0,1.0,0.0,2.0,7.0,0.2857142984867096,0.0,0.0,1.0,jaden battle
Ty Hendler,PG,COLC,1.0,23.0,6.0,4.0,1.0,0.0,0.0,0.0,10.0,0.20000000298023224,4.0,0.5,2.0,ty hendler
Jailen Daniel-Dalton,SF,UCR,26.0,23.153847,6.0,4.0384617,0.88461536,0.5769231,0.5,0.26923078,4.6153846,0.4583333432674408,2.1923077,0.6842105388641357,0.96153843,jailen daniel dalton
A.J. Thomas,PG,W&L,1.0,21.0,6.0,0.0,1.0,0.0,0.0,2.0,5.0,0.4000000059604645,0.0,0.0,1.0,a j thomas
Rodney Phillips Jr.,PG,MLSP,1.0,19.0,6.0,5.0,0.0,0.0,0.0,0.0,8.0,0.375,0.0,0.0,1.0,rodney phillips jr
Jonathan Jackson,SF,MWSU,1.0,30.0,6.0,2.0,1.0,1.0,0.0,2.0,5.0,0.4000000059604645,0.0,0.0,2.0,jonathan jackson
Jayden Livingston,PG,NCU,1.0,17.0,6.0,1.0,3.0,1.0,1.0,1.0,7.0,0.2857142984867096,1.0,1.0,0.0,jayden livingston
Aiden Cilladi,PG,TRCC,1.0,20.0,6.0,3.0,2.0,2.0,0.0,0.0,11.0,0.27272728085517883,2.0,0.0,3.0,aiden cilladi
Carson Diamond,C,SCHR,1.0,18.0,6.0,1.0,0.0,0.0,0.0,2.0,5.0,0.4000000059604645,0.0,0.0,0.0,carson diamond
Austin Moore,SF,ULV,1.0,13.0,6.0,1.0,1.0,0.0,0.0,2.0,2.0,1.0,0.0,0.0,2.0,austin moore
John Harrison,SF,PQC,1.0,27.0,6.0,4.0,0.0,1.0,0.0,1.0,8.0,0.25,2.0,0.5,4.0,john harrison
Tashaun Simpson,PG,WNWL,1.0,16.0,6.0,2.0,0.0,1.0,0.0,1.0,4.0,0.5,2.0,0.5,1.0,tashaun simpson
Zaki Gomez,PG,ROSE,1.0,28.0,6.0,6.0,0.0,2.0,0.0,1.0,9.0,0.2222222238779068,1.0,1.0,2.0,zaki gomez
Isaac Brito-Vasquez,PG,TMCN,1.0,17.0,6.0,2.0,1.0,1.0,0.0,0.0,6.0,0.3333333432674408,4.0,0.5,1.0,isaac brito vasquez
Johny Olmsted,PG,DALL,2.0,21.5,6.0,1.5,1.5,0.0,0.0,0.0,7.5,0.3333333432674408,1.5,0.6666666865348816,1.0,johny olmsted
Landon Clark,PG,PRIN,29.0,28.827587,6.0,4.0,1.8275862,0.86206895,0.31034482,1.2758621,5.137931,0.3959731459617615,0.8965517,0.7307692170143127,1.137931,landon clark
Drew Ardouin,PG,CAPH,1.0,30.0,6.0,3.0,1.0,3.0,0.0,0.0,10.0,0.30000001192092896,0.0,0.0,4.0,drew ardouin
Dillan Baker,PG,ADSU,1.0,31.0,6.0,3.0,0.0,0.0,0.0,1.0,9.0,0.1111111119389534,3.0,1.0,6.0,dillan baker
Jake Verschoyle,PG,HOUG,1.0,31.0,6.0,2.0,1.0,1.0,0.0,0.0,7.0,0.4285714328289032,0.0,0.0,2.0,jake verschoyle
Donovan Stone,PG,DFC,2.0,20.5,6.0,2.5,2.5,0.0,0.0,1.0,7.5,0.3333333432674408,0.5,0.0,2.5,donovan stone
Evan Angstmann,SF,DFC,2.0,14.0,6.0,0.5,0.5,0.0,0.0,1.0,5.5,0.4545454680919647,0.0,0.0,1.5,evan angstmann
Max Kocha,SF,VTSL,1.0,30.0,6.0,0.0,3.0,0.0,0.0,2.0,7.0,0.2857142984867096,0.0,0.0,3.0,max kocha
Cole Cosby,PG,DKSN,1.0,21.0,6.0,3.0,4.0,1.0,0.0,2.0,8.0,0.25,0.0,0.0,5.0,cole cosby
Sean Paige,SF,KYSU,1.0,22.0,6.0,3.0,0.0,0.0,0.0,0.0,6.0,0.3333333432674408,2.0,1.0,1.0,sean paige
Jackson Henry,PG,MNFD,1.0,12.0,6.0,1.0,1.0,0.0,0.0,0.0,3.0,0.6666666865348816,3.0,0.6666666865348816,2.0,jackson henry
Zion Green,SF,MRRS,1.0,30.0,6.0,4.0,0.0,1.0,0.0,0.0,10.0,0.30000001192092896,1.0,0.0,0.0,zion green
Julian Miller,C,MRRS,1.0,18.0,6.0,4.0,0.0,0.0,3.0,0.0,7.0,0.4285714328289032,0.0,0.0,0.0,julian miller
Will Bronson,SF,TUTX,1.0,16.0,6.0,6.0,0.0,0.0,0.0,0.0,2.0,1.0,2.0,1.0,2.0,will bronson
Dalen Fuller,PG,NESU,1.0,14.0,6.0,0.0,0.0,0.0,0.0,2.0,7.0,0.2857142984867096,0.0,0.0,1.0,dalen fuller
Ethan Martin,PG,NWWA,1.0,14.0,6.0,3.0,1.0,0.0,0.0,2.0,6.0,0.3333333432674408,0.0,0.0,3.0,ethan martin
Josh Hoffman,PG,NCU,1.0,11.0,6.0,3.0,0.0,0.0,1.0,2.0,6.0,0.3333333432674408,0.0,0.0,0.0,josh hoffman
Erroll Smith,PG,SUNO,1.0,17.0,6.0,6.0,0.0,1.0,0.0,0.0,6.0,0.5,0.0,0.0,2.0,erroll smith
Clay Baldwin,PG,MAMC,1.0,20.0,6.0,4.0,0.0,1.0,0.0,1.0,9.0,0.2222222238779068,2.0,0.5,3.0,clay baldwin
Julio Montes II,PG,HAWH,1.0,20.0,6.0,2.0,0.0,0.0,0.0,0.0,9.0,0.3333333432674408,0.0,0.0,1.0,julio montes ii
Andrew Thomas,SF,BOYC,1.0,16.0,6.0,3.0,0.0,0.0,0.0,0.0,6.0,0.5,0.0,0.0,2.0,andrew thomas
Zach Jefferson,PG,ESC,2.0,14.0,6.0,1.5,1.0,1.5,0.0,2.0,6.0,0.3333333432674408,0.0,0.0,1.5,zach jefferson
Justin Harrington,PG,FRKL,1.0,8.0,6.0,0.0,0.0,2.0,0.0,1.0,3.0,0.6666666865348816,2.0,0.5,1.0,justin harrington
Brayden Chandler,PG,OCC,1.0,20.0,6.0,0.0,3.0,0.0,0.0,0.0,5.0,0.6000000238418579,0.0,0.0,1.0,brayden chandler
Eric Dillinger,SF,OCC,1.0,11.0,6.0,1.0,0.0,0.0,1.0,1.0,4.0,0.5,2.0,0.5,2.0,eric dillinger
Reaves Hooks,PG,LBC,1.0,11.0,6.0,0.0,0.0,0.0,0.0,1.0,5.0,0.4000000059604645,1.0,1.0,1.0,reaves hooks
Benjamin Rumanyika,SF,HSSU,1.0,15.0,6.0,8.0,0.0,0.0,0.0,0.0,7.0,0.4285714328289032,0.0,0.0,2.0,benjamin rumanyika
Umar Lawson,PG,HSSU,1.0,15.0,6.0,1.0,1.0,1.0,0.0,0.0,9.0,0.2222222238779068,4.0,0.5,2.0,umar lawson
Gavyn Elkamil,PG,MSSU,1.0,23.0,6.0,6.0,2.0,0.0,0.0,2.0,8.0,0.25,0.0,0.0,3.0,gavyn elkamil
TyShay Epps,PG,CBVU,1.0,20.0,6.0,1.0,0.0,0.0,0.0,2.0,6.0,0.3333333432674408,0.0,0.0,2.0,tyshay epps
Atticus Boba,PG,OXY,1.0,17.0,6.0,3.0,1.0,0.0,0.0,0.0,3.0,0.3333333432674408,4.0,1.0,2.0,atticus boba
Emanuel Befekadu,PG,TMCN,1.0,18.0,6.0,0.0,0.0,1.0,0.0,2.0,5.0,0.4000000059604645,0.0,0.0,1.0,emanuel befekadu
Preston Tuggle,PG,TMCN,1.0,22.0,6.0,2.0,1.0,2.0,1.0,0.0,4.0,0.5,4.0,0.5,2.0,preston tuggle
Omar Baqai,PG,FNU,1.0,14.0,6.0,1.0,4.0,0.0,0.0,1.0,4.0,0.5,3.0,0.3333333432674408,1.0,omar baqai
Keyshawn Miller,PG,JJC,1.0,29.0,6.0,4.0,2.0,0.0,0.0,1.0,13.0,0.07692307978868484,3.0,1.0,0.0,keyshawn miller
Torrien Perkins,PG,CAPU,1.0,15.0,6.0,1.0,1.0,1.0,0.0,2.0,5.0,0.4000000059604645,0.0,0.0,0.0,torrien perkins
Alexander Ellenwood,PG,HSKL,2.0,22.0,6.0,5.0,0.0,0.0,0.5,1.0,5.0,0.5,0.0,0.0,1.5,alexander ellenwood
Tylan Harris,PG,TRCC,1.0,23.0,6.0,1.0,1.0,0.0,0.0,1.0,8.0,0.25,1.0,1.0,0.0,tylan harris
Tillman Johnson,SG,SOVA,2.0,25.0,6.0,3.5,1.5,0.5,1.0,0.0,7.0,0.3571428656578064,2.5,0.4000000059604645,3.0,tillman johnson
Brandon Lee,SF,MITC,1.0,19.0,6.0,5.0,2.0,0.0,0.0,0.0,7.0,0.4285714328289032,0.0,0.0,0.0,brandon lee
Solomon Garrison,PG,STAM,1.0,14.0,6.0,1.0,0.0,0.0,0.0,0.0,4.0,0.75,0.0,0.0,1.0,solomon garrison
Collin Wainscott,C,STAM,1.0,21.0,6.0,0.0,2.0,1.0,0.0,2.0,5.0,0.4000000059604645,0.0,0.0,1.0,collin wainscott
Zyon Little,SF,AGSU,1.0,21.0,6.0,11.0,1.0,1.0,1.0,2.0,8.0,0.25,0.0,0.0,2.0,zyon little
Matthew Lewis,PG,OLLU,1.0,13.0,6.0,3.0,2.0,1.0,0.0,2.0,6.0,0.3333333432674408,0.0,0.0,1.0,matthew lewis
Ibrahim Elagha,PG,BNIL,1.0,13.0,6.0,2.0,0.0,0.0,0.0,2.0,4.0,0.5,0.0,0.0,2.0,ibrahim elagha
Nathan LaPlant,SF,BNIL,1.0,15.0,6.0,1.0,2.0,1.0,0.0,1.0,8.0,0.25,2.0,0.5,0.0,nathan laplant
Dre'Shaun Brown,PG,BRE,1.0,24.0,6.0,5.0,2.0,2.0,0.0,0.0,4.0,0.75,0.0,0.0,0.0,dre shaun brown
Thomas Whitley,PG,CCSC,2.0,18.5,6.0,1.0,0.0,1.0,0.5,1.5,5.0,0.4000000059604645,1.0,0.5,3.0,thomas whitley
Anthony Harris,SF,CMBS,1.0,21.0,6.0,9.0,1.0,0.0,1.0,0.0,6.0,0.5,0.0,0.0,2.0,anthony harris
Adan Madera,PG,SNYD,1.0,19.0,6.0,1.0,0.0,0.0,0.0,0.0,10.0,0.30000001192092896,1.0,0.0,1.0,adan madera
Joe Sullivan,PG,CRWN,1.0,18.0,6.0,4.0,0.0,0.0,0.0,0.0,3.0,1.0,2.0,0.0,3.0,joe sullivan
Ichi Layne,PG,RGNT,2.0,20.0,6.0,1.5,1.0,0.0,0.0,2.0,4.5,0.4444444477558136,0.0,0.0,3.0,ichi layne
Eternity Eguagie,SF,RICE,31.0,17.387096,6.0,2.8387096,0.516129,0.3548387,0.32258064,0.516129,4.548387,0.42553192377090454,2.580645,0.625,0.87096775,eternity eguagie
Justin Monden,PG,UMES,32.0,20.71875,6.0,1.15625,1.5625,0.75,0.0,0.625,5.6875,0.40109890699386597,1.125,0.7222222089767456,1.53125,justin monden
Landon Naylor,PG,UCC,1.0,18.0,6.0,2.0,1.0,3.0,0.0,0.0,5.0,0.6000000238418579,0.0,0.0,2.0,landon naylor
Seth Brown,PG,FPU,1.0,24.0,6.0,1.0,0.0,0.0,0.0,2.0,10.0,0.20000000298023224,0.0,0.0,0.0,seth brown
Cade Holzman,SF,HTU,2.0,21.5,6.0,3.0,0.0,0.5,1.0,0.5,7.0,0.2857142984867096,3.0,0.5,1.5,cade holzman
Kirk Parsons,PG,CALD,1.0,12.0,6.0,0.0,2.0,1.0,0.0,2.0,6.0,0.3333333432674408,0.0,0.0,2.0,kirk parsons
Miles Leaks,PG,JWNC,1.0,29.0,6.0,3.0,4.0,0.0,0.0,1.0,5.0,0.4000000059604645,1.0,1.0,1.0,miles leaks
Jakob Fredricksen,SF,MCK,1.0,15.0,6.0,2.0,1.0,0.0,0.0,2.0,4.0,0.5,0.0,0.0,0.0,jakob fredricksen
Jak Kinder,PG,LETU,1.0,12.0,6.0,1.0,0.0,0.0,0.0,2.0,4.0,0.5,1.0,0.0,1.0,jak kinder
Emilek Jallow,SF,ADSU,1.0,23.0,6.0,7.0,0.0,2.0,7.0,1.0,7.0,0.2857142984867096,2.0,0.5,3.0,emilek jallow
Ivan Dorn Jr.,SF,ADSU,1.0,10.0,6.0,2.0,0.0,0.0,2.0,0.0,3.0,0.6666666865348816,3.0,0.6666666865348816,1.0,ivan dorn jr
Marquis Dunklin,PG,MBAL,2.0,17.0,6.0,0.5,3.0,0.5,0.0,1.0,6.0,0.3333333432674408,1.0,1.0,2.0,marquis dunklin
Jordan Attia,PG,TUSC,2.0,15.0,6.0,2.0,1.0,1.0,0.0,1.0,5.5,0.4545454680919647,0.0,0.0,1.0,jordan attia
Jaden Gamez,PG,UCSC,2.0,14.5,6.0,1.0,0.0,0.0,0.5,1.0,5.0,0.5,0.0,0.0,0.5,jaden gamez
Brandon Bento-Jackson,PG,CAPH,1.0,29.0,6.0,4.0,3.0,0.0,0.0,2.0,6.0,0.3333333432674408,0.0,0.0,1.0,brandon bento jackson
Amari Leflore,PG,MCM,1.0,26.0,6.0,2.0,0.0,1.0,0.0,2.0,8.0,0.25,0.0,0.0,2.0,amari leflore
Tane Kirisome,PG,MSSU,1.0,22.0,6.0,4.0,1.0,2.0,0.0,1.0,5.0,0.4000000059604645,1.0,1.0,2.0,tane kirisome
Kainan Thomas,PG,UTPB,1.0,17.0,6.0,2.0,1.0,0.0,0.0,2.0,6.0,0.3333333432674408,0.0,0.0,4.0,kainan thomas
Luke Foster,C,EVU,1.0,14.0,6.0,1.0,1.0,0.0,0.0,0.0,3.0,1.0,0.0,0.0,1.0,luke foster
Devan Edwards,PG,CU,3.0,21.333334,6.0,1.3333334,0.33333334,1.0,0.0,1.3333334,7.6666665,0.30434781312942505,0.0,0.0,2.6666667,devan edwards
Milos Sarenac,PG,WHMN,1.0,25.0,6.0,6.0,2.0,1.0,0.0,0.0,10.0,0.10000000149011612,4.0,1.0,0.0,milos sarenac
Shawn Jones Jr,SF,RHDS,2.0,17.5,6.0,4.0,1.5,0.5,0.5,0.0,6.5,0.4615384638309479,0.0,0.0,1.5,shawn jones jr
Antony Fernandez,PG,DMIL,2.0,14.0,6.0,1.0,0.5,0.0,0.0,2.0,5.0,0.4000000059604645,0.0,0.0,0.5,antony fernandez
Kris Burgan,PG,DALL,2.0,19.5,6.0,3.5,0.0,0.0,0.0,0.5,4.0,0.5,1.5,1.0,1.0,kris burgan
Ryan Lang,PG,ALLG,1.0,24.0,6.0,2.0,1.0,1.0,0.0,1.0,8.0,0.25,4.0,0.25,5.0,ryan lang
Dallas Tucker,PG,CAPU,1.0,19.0,6.0,1.0,1.0,0.0,0.0,2.0,6.0,0.3333333432674408,0.0,0.0,1.0,dallas tucker
LaQuan Byrd,PG,MNFD,1.0,23.0,6.0,2.0,0.0,2.0,0.0,0.0,3.0,0.6666666865348816,4.0,0.5,2.0,laquan byrd
Zachary Hicks,PG,RWC,1.0,25.0,6.0,5.0,1.0,0.0,1.0,0.0,8.0,0.375,0.0,0.0,0.0,zachary hicks
Trevon Taylor,PF,LYON,1.0,19.0,6.0,1.0,1.0,0.0,0.0,1.0,9.0,0.2222222238779068,2.0,0.5,4.0,trevon taylor
Ido Geffen,PG,CALT,1.0,16.0,6.0,3.0,2.0,1.0,0.0,0.0,3.0,0.3333333432674408,6.0,0.6666666865348816,2.0,ido geffen
Kalik Sharpe,PG,OCU,2.0,30.0,6.0,5.0,2.5,1.0,0.5,0.0,7.0,0.2857142984867096,3.0,0.6666666865348816,2.5,kalik sharpe
Sebastian Bosquez,PG,MLLY,1.0,14.0,6.0,4.0,0.0,0.0,0.0,0.0,8.0,0.375,0.0,0.0,3.0,sebastian bosquez
Bo Huston,PG,SCIA,1.0,15.0,6.0,4.0,1.0,0.0,0.0,1.0,5.0,0.4000000059604645,2.0,0.5,1.0,bo huston
Seth Gipple,SF,SCIA,1.0,13.0,6.0,1.0,0.0,0.0,1.0,2.0,7.0,0.2857142984867096,0.0,0.0,0.0,seth gipple
Israel Momodu,SF,BRES,2.0,28.5,6.0,5.5,2.5,0.5,0.5,0.5,7.5,0.13333334028720856,5.0,0.699999988079071,3.0,israel momodu
Ahmaar Godhania,PG,PSBW,2.0,19.0,6.0,1.0,1.0,0.5,0.0,2.0,5.0,0.4000000059604645,1.0,0.0,0.0,ahmaar godhania
Olise Onyeka,SF,EU,1.0,21.0,6.0,4.0,0.0,0.0,0.0,0.0,10.0,0.10000000149011612,4.0,1.0,1.0,olise onyeka
Percy Whittaker,PG,ULV,1.0,13.0,6.0,3.0,1.0,0.0,0.0,1.0,5.0,0.4000000059604645,2.0,0.5,1.0,percy whittaker
Higgy Katoa,PG,ULV,1.0,23.0,6.0,1.0,2.0,0.0,0.0,2.0,7.0,0.2857142984867096,0.0,0.0,2.0,higgy katoa
Julian Daaboul,SF,ULV,1.0,17.0,6.0,2.0,1.0,1.0,0.0,0.0,5.0,0.6000000238418579,0.0,0.0,0.0,julian daaboul
Joby Barnes,PG,LPU,2.0,28.0,6.0,2.5,4.0,2.0,0.0,0.0,7.5,0.2666666805744171,2.5,0.800000011920929,3.0,joby barnes
Jack Miller,PG,HNVR,1.0,29.0,6.0,4.0,2.0,0.0,0.0,2.0,6.0,0.3333333432674408,0.0,0.0,2.0,jack miller
Paul Harris,SF,CSS,1.0,14.0,6.0,1.0,0.0,1.0,0.0,0.0,7.0,0.4285714328289032,1.0,0.0,0.0,paul harris
Donovan Ware,SF,REDL,1.0,19.0,6.0,3.0,2.0,1.0,0.0,2.0,8.0,0.25,0.0,0.0,1.0,donovan ware
Nehemiah Weber,PG,NESU,1.0,23.0,6.0,1.0,2.0,2.0,0.0,0.0,7.0,0.4285714328289032,0.0,0.0,1.0,nehemiah weber
Caleb Gaitor,PG,CTBR,1.0,21.0,6.0,1.0,1.0,0.0,0.0,0.0,4.0,0.75,0.0,0.0,4.0,caleb gaitor
Jhordan Ryan,SF,AGSU,1.0,18.0,6.0,5.0,0.0,0.0,4.0,0.0,5.0,0.20000000298023224,8.0,0.5,2.0,jhordan ryan
Braylon Dickerson,PG,CNSU,2.0,17.0,6.0,4.0,1.0,0.5,0.0,1.0,3.5,0.7142857313156128,0.0,0.0,1.5,braylon dickerson
Russell Williams,SF,BTTN,2.0,12.5,6.0,1.0,1.0,0.0,0.0,1.0,3.0,0.6666666865348816,1.0,1.0,1.5,russell williams
Lex Clontz,PG,ERAZ,1.0,21.0,6.0,3.0,3.0,0.0,0.0,2.0,2.0,1.0,1.0,0.0,0.0,lex clontz
Manny Belcher,SF,PSC,1.0,17.0,6.0,4.0,0.0,0.0,0.0,0.0,6.0,0.5,1.0,0.0,2.0,manny belcher
Landon Potts,PG,MMU,2.0,11.5,6.0,0.5,0.5,0.0,0.0,2.0,3.5,0.5714285969734192,0.0,0.0,0.0,landon potts
Xavier Rainwater,PG,VTSL,1.0,14.0,6.0,3.0,2.0,0.0,1.0,0.0,4.0,0.75,0.0,0.0,0.0,xavier rainwater
Austin Lewis,SF,MOBU,1.0,18.0,6.0,1.0,0.0,1.0,2.0,0.0,5.0,0.4000000059604645,2.0,1.0,0.0,austin lewis
Bruce Smith,PG,GWYD,1.0,13.0,6.0,2.0,0.0,0.0,0.0,0.0,7.0,0.4285714328289032,0.0,0.0,1.0,bruce smith
Chase Rovito,PG,GWYD,1.0,7.0,6.0,1.0,2.0,0.0,0.0,0.0,3.0,1.0,0.0,0.0,1.0,chase rovito
Matai Edgecombe,SF,LAW,1.0,10.0,6.0,2.0,1.0,1.0,0.0,0.0,4.0,0.75,0.0,0.0,0.0,matai edgecombe
Kamren Hogan,PG,RFU,1.0,18.0,6.0,1.0,0.0,1.0,0.0,0.0,7.0,0.4285714328289032,0.0,0.0,1.0,kamren hogan
Luke Stuckey,PG,RFU,1.0,28.0,6.0,2.0,0.0,0.0,0.0,2.0,7.0,0.2857142984867096,0.0,0.0,0.0,luke stuckey
Devontae Da Costa,PG,OLLU,1.0,26.0,6.0,4.0,1.0,3.0,0.0,0.0,11.0,0.27272728085517883,2.0,0.0,1.0,devontae da costa
Josiah Sundby,PG,MYSU,1.0,8.0,6.0,0.0,1.0,0.0,0.0,2.0,3.0,0.6666666865348816,0.0,0.0,1.0,josiah sundby
Jaxon Stueve,PG,CUNE,1.0,31.0,6.0,5.0,1.0,2.0,0.0,0.0,7.0,0.2857142984867096,2.0,1.0,3.0,jaxon stueve
Garret Johnson,PG,CUNE,1.0,16.0,6.0,1.0,0.0,0.0,0.0,2.0,6.0,0.3333333432674408,0.0,0.0,0.0,garret johnson
Taray Howell,PG,SMWC,1.0,15.0,6.0,1.0,1.0,1.0,0.0,0.0,8.0,0.375,0.0,0.0,2.0,taray howell
Ellis Todd,PG,SMWC,1.0,17.0,6.0,2.0,0.0,0.0,0.0,0.0,7.0,0.4285714328289032,0.0,0.0,4.0,ellis todd
Ali Kaan Bek,PG,BRDS,1.0,13.0,6.0,3.0,2.0,0.0,0.0,2.0,4.0,0.5,0.0,0.0,3.0,ali kaan bek
JJ Hayes,SF,BRDS,1.0,17.0,6.0,3.0,2.0,1.0,0.0,0.0,6.0,0.5,0.0,0.0,0.0,jj hayes
DJ Courtney,PG,BRDS,1.0,29.0,6.0,5.0,3.0,0.0,0.0,2.0,7.0,0.2857142984867096,2.0,0.0,2.0,dj courtney
Ian Cook,SF,PUG,1.0,25.0,6.0,3.0,0.0,0.0,0.0,2.0,5.0,0.4000000059604645,0.0,0.0,4.0,ian cook
Archie Evans,PG,WNWL,1.0,15.0,6.0,4.0,0.0,0.0,0.0,0.0,5.0,0.6000000238418579,0.0,0.0,0.0,archie evans
Ti'Avain Scruggs,SF,AUM,1.0,23.0,6.0,6.0,0.0,1.0,0.0,1.0,9.0,0.2222222238779068,2.0,0.5,1.0,ti avain scruggs
Nicholas Beaird-Kennard,SG,FISK,4.0,20.0,6.0,3.25,0.5,0.25,0.0,1.25,8.5,0.23529411852359772,1.0,0.75,1.5,nicholas beaird kennard
Vainikolo Higby,SF,HAWH,1.0,17.0,6.0,1.0,0.0,1.0,0.0,0.0,4.0,0.5,2.0,1.0,4.0,vainikolo higby
Imole Akinwale,PG,OLDW,1.0,34.0,6.0,3.0,0.0,0.0,0.0,2.0,5.0,0.4000000059604645,0.0,0.0,4.0,imole akinwale
Taz Cantey,PG,ROW,1.0,21.0,6.0,2.0,3.0,0.0,0.0,0.0,7.0,0.1428571492433548,6.0,0.6666666865348816,4.0,taz cantey
Chris McCarron,PG,ROW,1.0,15.0,6.0,2.0,0.0,3.0,0.0,0.0,6.0,0.5,0.0,0.0,1.0,chris mccarron
Jayden Hill,SF,BREW,2.0,19.5,6.0,3.0,1.5,0.5,0.0,1.0,6.5,0.38461539149284363,0.0,0.0,1.0,jayden hill
Dylan Harms,SG,SUCA,1.0,26.0,6.0,1.0,0.0,2.0,0.0,0.0,7.0,0.4285714328289032,0.0,0.0,0.0,dylan harms
Lee Dorsey,SF,NWWA,1.0,10.0,6.0,0.0,0.0,0.0,1.0,2.0,5.0,0.4000000059604645,0.0,0.0,0.0,lee dorsey
Daquan Amlett,PG,CTON,1.0,14.0,6.0,3.0,0.0,1.0,0.0,2.0,3.0,0.6666666865348816,0.0,0.0,0.0,daquan amlett
Jaren Davis,PG,CMBL,1.0,30.0,6.0,1.0,1.0,2.0,0.0,2.0,11.0,0.1818181872367859,0.0,0.0,1.0,jaren davis
Brodie Mcwhinney,PG,CAMR,1.0,24.0,6.0,4.0,1.0,3.0,0.0,2.0,7.0,0.2857142984867096,0.0,0.0,2.0,brodie mcwhinney
Michael Jones,SF,CAMR,1.0,32.0,6.0,4.0,2.0,1.0,2.0,0.0,6.0,0.3333333432674408,3.0,0.6666666865348816,1.0,michael jones
Ike Nwaobi,PG,STX,2.0,18.0,6.0,3.0,0.5,0.0,0.0,0.0,6.5,0.38461539149284363,2.0,0.5,0.5,ike nwaobi
Parker Jones,PG,CBVU,1.0,16.0,6.0,2.0,1.0,1.0,0.0,0.0,6.0,0.5,0.0,0.0,1.0,parker jones
Alcee Culler,PG,KCC,1.0,15.0,6.0,0.0,0.0,1.0,0.0,0.0,6.0,0.5,0.0,0.0,1.0,alcee culler
Brendan Hoffman,PG,CONC,1.0,18.0,6.0,0.0,1.0,0.0,0.0,1.0,3.0,0.3333333432674408,4.0,0.75,2.0,brendan hoffman
Kraig Gilbert,SF,CONC,1.0,31.0,6.0,4.0,0.0,0.0,2.0,2.0,6.0,0.3333333432674408,0.0,0.0,3.0,kraig gilbert
Tatum Pierce,PG,MCC,1.0,18.0,6.0,3.0,1.0,1.0,0.0,0.0,10.0,0.30000001192092896,2.0,0.0,1.0,tatum pierce
AJ Shaw,PG,RHDT,2.0,19.0,6.0,3.5,2.0,0.5,0.0,1.0,3.5,0.2857142984867096,4.0,0.75,1.0,aj shaw
C.J. Williams,PG,FVSU,1.0,20.0,6.0,3.0,0.0,1.0,1.0,0.0,5.0,0.4000000059604645,2.0,1.0,1.0,c j williams
Meka Nnaji,SF,FVSU,1.0,22.0,6.0,7.0,0.0,2.0,1.0,0.0,10.0,0.30000001192092896,2.0,0.0,1.0,meka nnaji
Donte Jones,PG,ABU,3.0,17.666666,6.0,1.6666666,1.0,1.6666666,0.0,0.6666667,5.0,0.4000000059604645,1.3333334,1.0,3.3333333,donte jones
Keith Gee,PG,WIDE,1.0,17.0,6.0,7.0,2.0,2.0,2.0,0.0,7.0,0.4285714328289032,0.0,0.0,2.0,keith gee
Jacob Aryee,PG,WIDE,1.0,18.0,6.0,2.0,0.0,1.0,0.0,0.0,11.0,0.27272728085517883,0.0,0.0,4.0,jacob aryee
Dylan Walker,PG,TUTX,1.0,17.0,6.0,2.0,1.0,0.0,0.0,2.0,8.0,0.25,0.0,0.0,2.0,dylan walker
Shamari Johnson,PG,GRNB,1.0,24.0,6.0,1.0,4.0,1.0,0.0,1.0,9.0,0.2222222238779068,2.0,0.5,2.0,shamari johnson
Spencer Daby,PG,NYCB,1.0,19.0,6.0,1.0,0.0,0.0,0.0,1.0,8.0,0.25,1.0,1.0,0.0,spencer daby
Timothy Richardson,PG,SJBK,1.0,13.0,6.0,3.0,1.0,0.0,0.0,2.0,6.0,0.3333333432674408,0.0,0.0,0.0,timothy richardson
Nazareth Warren,PG,SJBK,1.0,15.0,6.0,1.0,1.0,0.0,0.0,0.0,7.0,0.4285714328289032,0.0,0.0,0.0,nazareth warren
Bryce Breeden,PG,W&L,1.0,22.0,6.0,6.0,0.0,0.0,0.0,2.0,3.0,0.6666666865348816,0.0,0.0,0.0,bryce breeden
Milos Cirovic,PG,WVWC,1.0,26.0,6.0,3.0,3.0,1.0,0.0,0.0,9.0,0.2222222238779068,2.0,1.0,6.0,milos cirovic
Aaron Harrison Jr.,PG,CPC,3.0,19.333334,6.0,1.6666666,0.33333334,1.0,0.0,0.0,7.0,0.4285714328289032,0.0,0.0,1.0,aaron harrison jr
Christian Metevia,PG,UVF,1.0,11.0,6.0,0.0,1.0,0.0,0.0,1.0,3.0,0.6666666865348816,1.0,1.0,1.0,christian metevia
Jack Field,SF,RIP,1.0,18.0,6.0,1.0,0.0,0.0,0.0,2.0,6.0,0.3333333432674408,0.0,0.0,0.0,jack field
Noah Beaudet,PG,ECMA,1.0,26.0,6.0,2.0,0.0,0.0,0.0,2.0,7.0,0.2857142984867096,0.0,0.0,2.0,noah beaudet
Jack Chamberlin,PG,SPGN,1.0,24.0,6.0,5.0,2.0,1.0,0.0,0.0,11.0,0.27272728085517883,0.0,0.0,1.0,jack chamberlin
Gabriel Hinojosa,PG,SPGN,1.0,14.0,6.0,1.0,0.0,4.0,0.0,2.0,6.0,0.3333333432674408,0.0,0.0,0.0,gabriel hinojosa
Luke Lee,PG,PSC,1.0,23.0,6.0,3.0,0.0,2.0,0.0,2.0,6.0,0.3333333432674408,0.0,0.0,0.0,luke lee
Aiden Johnson,SF,UJ,1.0,21.0,6.0,3.0,0.0,0.0,0.0,2.0,7.0,0.2857142984867096,0.0,0.0,1.0,aiden johnson
Ian Glassmacher,SF,MISE,2.0,4.5,6.0,2.5,0.5,0.5,0.0,2.0,2.5,0.800000011920929,0.0,0.0,1.0,ian glassmacher
George Ashley,PG,PUC,1.0,10.0,6.0,0.0,1.0,0.0,0.0,0.0,2.0,0.5,4.0,1.0,2.0,george ashley
Yatsyn Anderson,PG,PUC,1.0,18.0,6.0,1.0,3.0,1.0,0.0,1.0,2.0,0.5,4.0,0.75,7.0,yatsyn anderson
Cole Kaufman,PG,AFST,1.0,8.0,6.0,2.0,0.0,0.0,0.0,2.0,4.0,0.5,0.0,0.0,1.0,cole kaufman
Eli Taft,PG,AFST,1.0,17.0,6.0,1.0,2.0,0.0,0.0,0.0,10.0,0.30000001192092896,0.0,0.0,0.0,eli taft
Naire Preston,PG,CTNJ,1.0,11.0,6.0,2.0,0.0,0.0,0.0,2.0,5.0,0.4000000059604645,0.0,0.0,0.0,naire preston
John Morgan,SF,THI,1.0,29.0,6.0,3.0,2.0,1.0,0.0,0.0,9.0,0.3333333432674408,0.0,0.0,5.0,john morgan
Xion Nichols,PG,BBU,1.0,13.0,6.0,1.0,0.0,0.0,0.0,1.0,4.0,0.5,2.0,0.5,1.0,xion nichols
Courtney Davis II,PG,BBU,1.0,21.0,6.0,1.0,3.0,0.0,0.0,0.0,5.0,0.4000000059604645,2.0,1.0,4.0,courtney davis ii
Jamir Smith,PG,B&SA,1.0,27.0,6.0,3.0,1.0,1.0,0.0,1.0,9.0,0.2222222238779068,2.0,0.5,1.0,jamir smith
Malachi Persinger,PG,HLGU,1.0,9.0,6.0,0.0,1.0,0.0,0.0,2.0,5.0,0.4000000059604645,0.0,0.0,0.0,malachi persinger
Brandon Hilliard,PG,VSU,1.0,27.0,6.0,7.0,4.0,2.0,0.0,0.0,6.0,0.5,0.0,0.0,4.0,brandon hilliard
Kesean Tracey,PG,LHMN,1.0,23.0,6.0,2.0,1.0,0.0,0.0,2.0,4.0,0.5,0.0,0.0,2.0,kesean tracey
Nick Sobush,PG,SHTU,2.0,26.0,6.0,1.5,3.0,1.5,0.0,1.0,6.0,0.4166666567325592,0.0,0.0,1.5,nick sobush
Jalen Williams,PG,USW,1.0,28.0,6.0,3.0,1.0,1.0,0.0,1.0,14.0,0.1428571492433548,2.0,0.5,3.0,jalen williams
Vernon Onick III,PG,USW,1.0,10.0,6.0,0.0,0.0,0.0,0.0,2.0,4.0,0.5,0.0,0.0,2.0,vernon onick iii
Kamron Robinson,SF,BENU,1.0,19.0,6.0,4.0,0.0,0.0,1.0,0.0,6.0,0.5,0.0,0.0,0.0,kamron robinson
Kolton Castrello,PG,NYCA,1.0,8.0,6.0,1.0,0.0,0.0,0.0,2.0,3.0,0.6666666865348816,0.0,0.0,0.0,kolton castrello
Reggie Reinhardt,PG,ARTE,1.0,10.0,6.0,1.0,0.0,0.0,0.0,2.0,4.0,0.5,0.0,0.0,2.0,reggie reinhardt
Daniel Tewogbade,PG,UMA,1.0,17.0,6.0,3.0,0.0,3.0,0.0,0.0,5.0,0.6000000238418579,0.0,0.0,1.0,daniel tewogbade
Chase Ambrosius,PG,RUC,1.0,15.0,6.0,0.0,0.0,0.0,0.0,2.0,6.0,0.3333333432674408,0.0,0.0,1.0,chase ambrosius
Avant Coleman,PG,HWPU,2.0,15.5,6.0,3.0,0.5,0.5,0.0,0.0,7.0,0.3571428656578064,2.0,0.5,2.5,avant coleman
Terrick Smith,PG,AL,1.0,8.0,6.0,1.0,0.0,0.0,0.0,2.0,4.0,0.5,0.0,0.0,1.0,terrick smith
Ka'Mar Benbo,PG,FMU,1.0,17.0,6.0,3.0,1.0,1.0,0.0,2.0,6.0,0.3333333432674408,0.0,0.0,0.0,ka mar benbo
Cayvence LaRance,SF,SKC,1.0,28.0,6.0,3.0,1.0,2.0,0.0,2.0,11.0,0.1818181872367859,0.0,0.0,3.0,cayvence larance
Emmanuel Innocenti,SF,GONZ,35.0,24.342857,5.9714284,3.8,1.7428571,1.0285715,0.25714287,0.6571429,5.0571427,0.4689265489578247,0.94285715,0.6060606241226196,0.4857143,emmanuel innocenti
James Evans Jr.,PG,CSUN,34.0,15.176471,5.970588,1.9117647,1.2058823,0.61764705,0.1764706,0.85294116,5.7058825,0.3711340129375458,1.5,0.5882353186607361,0.7941176,james evans jr
Deshaun Jackson Jr.,PG,MERC,34.0,22.382353,5.970588,2.9705882,2.9705882,1.0294118,0.3529412,0.0,5.470588,0.4677419364452362,1.2941177,0.6590909361839294,1.4117647,deshaun jackson jr
KJ Tenner,PG,MUR,33.0,16.60606,5.969697,1.5151515,2.060606,0.6060606,0.030303031,0.6060606,4.4242425,0.45890411734580994,1.7575758,0.7413793206214905,0.8484849,kj tenner
Jorge Diaz Graham,SF,ORST,32.0,17.9375,5.96875,3.59375,0.96875,0.53125,1.0,0.71875,3.75,0.4333333373069763,2.40625,0.8311688303947449,0.84375,jorge diaz graham
Isaiah Lewis,PG,LBSU,32.0,22.09375,5.96875,1.9375,2.28125,1.09375,0.0625,0.65625,5.59375,0.3631284832954407,1.625,0.7692307829856873,1.625,isaiah lewis
Marley Curtis,SF,UND,30.0,16.666666,5.9666667,3.5666666,0.23333333,0.73333335,0.033333335,0.76666665,5.4666667,0.353658527135849,2.0333333,0.6557376980781555,0.73333335,marley curtis
Davis Bynum,SF,RID,28.0,19.0,5.964286,3.607143,0.4642857,0.5,0.60714287,0.071428575,5.75,0.4161490797996521,1.6071428,0.6888889074325562,1.0,davis bynum
Josiah Shackleford,SF,UNT,25.0,12.08,5.96,2.48,0.24,0.52,0.32,0.0,4.52,0.5575221180915833,2.0,0.46000000834465027,0.88,josiah shackleford
Dallin Hall,PG,UVA,36.0,28.416666,5.9444447,3.6388888,4.361111,0.8611111,0.083333336,0.9166667,4.7777777,0.4127906858921051,1.3333334,0.8125,1.3333334,dallin hall
Ryan Agarwal,PG,STAN,32.0,22.40625,5.9375,4.0625,0.78125,0.59375,0.25,1.1875,5.90625,0.35978835821151733,0.71875,0.695652186870575,1.15625,ryan agarwal
Carson Towt,SF,ND,31.0,26.0,5.935484,9.0,1.6774193,0.6451613,0.3548387,0.0,4.387097,0.6102941036224365,1.8064516,0.3214285671710968,1.2580645,carson towt
Enel St. Bernard,SF,INST,31.0,18.096775,5.935484,5.548387,0.9354839,0.8064516,1.032258,0.0,3.8064516,0.6694915294647217,2.1290324,0.39393940567970276,0.9354839,enel st bernard
JB Frankel,PG,NE,30.0,20.633333,5.9333334,1.9666667,1.9,0.8666667,0.033333335,1.1,6.1,0.33879780769348145,0.8333333,0.8399999737739563,0.93333334,jb frankel
Collin Tanner,PG,RICH,29.0,18.448277,5.9310346,3.2413793,0.7586207,0.51724136,0.06896552,0.6551724,5.137931,0.4429530203342438,0.9655172,0.75,0.5862069,collin tanner
Kezza Giffa,PG,MISS,28.0,15.428572,5.928571,1.2857143,1.3214285,0.60714287,0.071428575,0.5714286,3.2857144,0.43478259444236755,3.0357144,0.8235294222831726,1.0,kezza giffa
Eric Reibe,C,CONN,40.0,13.75,5.925,3.275,0.475,0.25,0.725,0.1,3.95,0.6582278609275818,1.2,0.5208333134651184,0.6,eric reibe
Jeremiah Williams,PG,GTWN,34.0,20.32353,5.9117646,1.9411764,2.9117646,0.8235294,0.3529412,0.38235295,5.5588236,0.3968254029750824,1.6470588,0.6785714030265808,1.382353,jeremiah williams
Stephon Payne,SF,HALL,33.0,20.212122,5.909091,6.4545455,0.57575756,0.8484849,1.2121212,0.0,4.3939395,0.5241379141807556,2.5151515,0.5180723071098328,0.6969697,stephon payne
Noah Meeusen,PG,ASU,30.0,27.3,5.9,3.1666667,2.6333334,1.3666667,0.23333333,1.0333333,4.866667,0.3835616409778595,1.3666667,0.8292682766914368,1.3,noah meeusen
Christian Meeks,PG,MORG,30.0,28.566668,5.9,5.8,0.8333333,0.7,0.3,0.06666667,3.8,0.5526315569877625,2.6333334,0.6202531456947327,1.0333333,christian meeks
Kyndall Davis,PG,TXST,29.0,24.137932,5.8965516,3.8965516,1.1724138,1.1724138,0.55172414,0.6896552,5.586207,0.3641975224018097,1.5862069,0.717391312122345,1.1034483,kyndall davis
Dalton Scantlebury,C,PENN,29.0,15.5172415,5.8965516,3.9310346,0.55172414,0.7241379,0.86206895,0.0,4.3103447,0.5120000243186951,2.3793104,0.6231883764266968,0.7586207,dalton scantlebury
Dre Kindell,PG,WICH,36.0,17.25,5.888889,1.6388888,2.3333333,0.6388889,0.1388889,0.33333334,4.2777777,0.4545454680919647,2.0833333,0.800000011920929,1.0555556,dre kindell
Augustinas Kiudulas,SF,CSU,34.0,14.6470585,5.882353,2.6764705,0.7941176,0.5294118,0.029411765,0.4117647,3.4705882,0.5338982939720154,2.5588236,0.6896551847457886,1.0588236,augustinas kiudulas
John Bol,C,UCF,33.0,18.757576,5.878788,5.5454545,0.3030303,0.27272728,1.060606,0.0,3.4242425,0.7168141603469849,1.5757576,0.6153846383094788,1.1515151,john bol
Lino Mark,PG,RUTG,33.0,15.909091,5.878788,1.8484849,1.2121212,0.90909094,0.060606062,0.3030303,5.121212,0.3964497148990631,1.969697,0.7692307829856873,0.8787879,lino mark
Aleksander Pachucki,PG,BUCK,33.0,20.69697,5.878788,2.7575758,0.7878788,0.36363637,0.0,1.2727273,5.0,0.4121212065219879,0.6969697,0.695652186870575,0.72727275,aleksander pachucki
Thomas Bassong,SF,FSU,33.0,19.30303,5.878788,3.5454545,0.3939394,0.6363636,0.3939394,0.3939394,4.4848485,0.4864864945411682,2.060606,0.5441176295280457,1.0,thomas bassong
Mason Miller,SF,MUR,32.0,22.8125,5.875,3.75,0.46875,0.4375,0.21875,1.46875,4.46875,0.3916083872318268,1.15625,0.7837837934494019,0.46875,mason miller
Max Burton,SF,WMU,30.0,24.666666,5.866667,5.2,1.6333333,0.16666667,0.53333336,0.0,4.8,0.4791666567325592,1.8333334,0.6909090876579285,1.3666667,max burton
Tamarion Hoover,PG,JKST,30.0,19.766666,5.866667,3.1333334,0.3,0.3,0.2,1.3666667,4.9333334,0.38513514399528503,0.8,0.875,0.5,tamarion hoover
Walker Andrews,PG,VMI,29.0,13.448276,5.862069,0.86206895,0.7241379,0.41379312,0.0,1.137931,5.034483,0.3767123222351074,1.1034483,0.84375,0.27586207,walker andrews
Camden Heide,SF,TEX,35.0,22.457144,5.857143,2.6571429,0.6571429,0.42857143,0.14285715,1.4,4.1714287,0.4931506812572479,0.4857143,0.7058823704719543,0.42857143,camden heide
Jojo Murphy,PG,SEA,35.0,15.457143,5.857143,2.3428571,1.3714286,0.8,0.057142857,0.85714287,5.0857143,0.40449437499046326,1.1142857,0.7948718070983887,0.74285716,jojo murphy
Caleb Palmer,SF,NOB,7.0,30.714285,5.857143,4.428571,0.42857143,0.14285715,0.42857143,0.0,5.857143,0.39024388790130615,2.0,0.6428571343421936,2.4285715,caleb palmer
Josh Pickett,PG,PRES,33.0,26.969696,5.848485,1.5151515,2.2727273,0.3030303,0.09090909,1.2727273,5.151515,0.3529411852359772,1.3636364,0.6888889074325562,1.5757576,josh pickett
Eric Acker,PG,LAS,26.0,18.961538,5.8461537,1.3461539,1.7307693,0.6923077,0.07692308,0.7692308,5.3076925,0.4057970941066742,1.1153846,0.6896551847457886,1.4230769,eric acker
Troy Cicero Jr.,PG,L-MD,32.0,13.90625,5.84375,2.21875,0.6875,0.8125,0.03125,1.4375,5.0625,0.3827160596847534,0.6875,0.7727272510528564,0.5,troy cicero jr
Michael Teal,PG,UMES,32.0,26.1875,5.84375,2.0625,3.5,0.90625,0.0625,0.21875,4.75,0.41447368264198303,2.21875,0.7605633735656738,2.1875,michael teal
Tae Simmons,SF,SDSU,32.0,14.28125,5.84375,3.40625,0.28125,0.375,0.15625,0.0625,3.1875,0.6470588445663452,2.625,0.6309523582458496,0.4375,tae simmons
Noah Barnett,SF,UVM,31.0,22.32258,5.83871,3.580645,0.48387095,0.67741936,0.67741936,0.032258064,3.1612904,0.6632652878761292,2.516129,0.6410256624221802,0.41935483,noah barnett
KJ Thomas,PG,UTEP,31.0,28.548388,5.83871,2.3548386,3.0,1.1612903,0.06451613,0.516129,4.451613,0.3913043439388275,2.516129,0.7307692170143127,1.7419355,kj thomas
Ben Humrichous,SF,ILL,37.0,22.45946,5.8378377,3.9189188,0.8108108,0.4054054,0.6486486,1.5405406,4.9459457,0.3825136721134186,0.6486486,0.7916666865348816,0.1891892,ben humrichous
Chendall Weaver,PG,TEX,36.0,20.88889,5.8333335,4.138889,1.1388888,0.7777778,0.1388889,0.2777778,4.6944447,0.44378697872161865,1.9444444,0.7142857313156128,0.6666667,chendall weaver
Jordan Scott,SF,MSU,35.0,20.828571,5.8285713,3.0857143,1.1714286,0.74285716,0.51428574,1.0571429,4.6571426,0.4110429584980011,1.3428571,0.7021276354789734,0.9142857,jordan scott
Kaden Rickard,PG,KENN,35.0,19.857143,5.8285713,2.5714285,2.2571428,1.0285715,0.42857143,0.5714286,4.742857,0.40361446142196655,2.6,0.5494505763053894,1.5714285,kaden rickard
Cam Polak,PG,YSU,29.0,17.206896,5.827586,1.5517242,0.62068963,0.44827586,0.0,1.3793104,4.551724,0.4015151560306549,1.0,0.7931034564971924,1.1034483,cam polak
Marko Ljubicic,SF,MAN,32.0,19.9375,5.8125,3.78125,0.625,0.46875,0.3125,0.8125,5.28125,0.41420117020606995,1.0,0.625,0.71875,marko ljubicic
Ryan Soulis,SF,COLU,26.0,20.038462,5.8076925,4.6153846,1.4615384,0.5,0.96153843,0.23076923,4.9615383,0.4883720874786377,1.1538461,0.6333333253860474,1.2692307,ryan soulis
Carson Vis,PG,WMU,31.0,14.83871,5.806452,2.2258065,0.7741935,0.61290324,0.09677419,0.48387095,4.7419353,0.4353741407394409,1.967742,0.6065573692321777,0.7096774,carson vis
King-Njhsanni Wilhite,PG,LAM,29.0,21.0,5.793103,1.0689656,2.4827585,0.37931034,0.03448276,0.6551724,5.6551723,0.37195122241973877,1.4137931,0.6585366129875183,1.0344827,king njhsanni wilhite
Devon Malcolm,SF,CBU,33.0,13.606061,5.787879,3.3939395,0.54545456,1.1212121,0.3030303,0.3030303,4.5454545,0.4466666579246521,2.3030303,0.6184210777282715,0.90909094,devon malcolm
Dariyus Woodson,SF,UL,33.0,18.818182,5.787879,2.5151515,0.57575756,0.15151516,0.24242425,1.1818181,4.3333335,0.4335664212703705,1.3636364,0.6222222447395325,0.72727275,dariyus woodson
Jalen Reece,PG,LSU,32.0,23.75,5.78125,1.8125,3.625,0.875,0.09375,0.71875,5.59375,0.35754188895225525,1.46875,0.7234042286872864,1.28125,jalen reece
Rashad King,PG,LSU,32.0,18.65625,5.78125,2.09375,1.1875,0.6875,0.25,0.8125,5.0,0.39375001192092896,1.3125,0.7857142686843872,0.9375,rashad king
Trey Perry,PG,M-OH,32.0,13.09375,5.78125,1.5625,1.3125,0.375,0.03125,0.5625,3.9375,0.523809552192688,1.46875,0.7446808218955994,0.625,trey perry
Lucas Scroggins,SF,SPU,27.0,17.481482,5.7777777,5.4074073,0.4074074,0.44444445,1.1111112,0.0,3.7407408,0.6732673048973083,1.5185186,0.4878048896789551,0.2962963,lucas scroggins
Masiah Gilyard,PG,TEM,31.0,17.935484,5.774194,4.0,0.48387095,0.48387095,0.032258064,0.83870965,4.580645,0.4154929518699646,1.7741935,0.6363636255264282,0.5483871,masiah gilyard
Cenker Evran,SF,AMCC,26.0,21.307692,5.769231,5.1153846,0.9230769,0.46153846,0.30769232,0.0,3.9230769,0.5686274766921997,1.9615384,0.6666666865348816,1.0384616,cenker evran
Bubu Benjamin,PG,GW,30.0,20.433332,5.766667,2.7333333,1.0,0.93333334,0.33333334,0.8333333,5.2,0.3910256326198578,1.2333333,0.7027027010917664,0.6666667,bubu benjamin
Jordan Rogers,SF,NJIT,33.0,26.545454,5.757576,5.242424,2.1818182,0.8787879,0.6060606,0.6060606,4.5454545,0.47999998927116394,1.1818181,0.6666666865348816,1.5151515,jordan rogers
Tamaury Releford,C,MORE,33.0,14.060606,5.757576,3.878788,0.15151516,0.45454547,0.75757575,0.0,3.969697,0.6412213444709778,1.1515151,0.5789473652839661,0.75757575,tamaury releford
Straton Rogers,PG,EWU,33.0,21.969696,5.757576,4.6060605,1.0909091,0.72727275,0.09090909,0.060606062,4.0,0.6060606241226196,1.3030303,0.6511628031730652,0.4848485,straton rogers
Kahvonn Williams,PF,FISK,4.0,17.0,5.75,4.5,0.25,0.5,0.25,0.0,5.0,0.44999998807907104,3.5,0.3571428656578064,1.5,kahvonn williams
Ethan Simmon,PG,STBK,28.0,15.571428,5.75,1.3214285,0.35714287,0.42857143,0.21428572,1.1071428,4.25,0.462184876203537,1.0357143,0.6896551847457886,0.32142857,ethan simmon
Tyrell Ward,PG,VCU,31.0,13.645162,5.7419353,2.1612904,0.48387095,0.5483871,0.2580645,0.61290324,4.354839,0.45185184478759766,1.8709677,0.6379310488700867,0.9032258,tyrell ward
Sencire Harris,PG,CIN,31.0,16.903225,5.7419353,2.6774194,1.516129,1.1612903,0.16129032,0.19354838,5.096774,0.3860759437084198,2.580645,0.625,0.8064516,sencire harris
Sir Mohammed,PG,ND,31.0,16.290323,5.7419353,2.612903,1.548387,0.48387095,0.12903225,0.38709676,5.451613,0.4201183319091797,1.4193548,0.5454545617103577,1.483871,sir mohammed
Nikolas Khamenia,PG,DUKE,38.0,19.81579,5.736842,3.2631578,1.0263158,0.6052632,0.078947365,0.92105263,4.4473686,0.44378697872161865,1.2894737,0.6734693646430969,0.7894737,nikolas khamenia
Ali Dibba,PG,TA&M,34.0,15.764706,5.7352943,2.8235295,0.7647059,1.1470588,0.11764706,0.5,5.0882354,0.4393063485622406,1.3529412,0.5652173757553101,0.44117647,ali dibba
Andrew Rohde,PG,WIS,34.0,26.441177,5.7352943,2.0882354,2.8823528,1.2352941,0.20588236,1.2352941,5.352941,0.36263737082481384,0.7941176,0.7777777910232544,1.0882353,andrew rohde
Seifeldin Hendawy,PG,WIN,34.0,16.411764,5.7352943,4.2058825,1.117647,0.32352942,0.3529412,0.38235295,4.9411764,0.3571428656578064,2.3235295,0.7848101258277893,1.0,seifeldin hendawy
Eze Wali,PG,CIT,33.0,25.242424,5.7272725,3.4848485,2.3030303,1.0,0.18181819,0.6969697,5.3636365,0.35593220591545105,1.7878788,0.6779661178588867,1.1818181,eze wali
Brayden Shorter,PG,MUR,33.0,14.636364,5.7272725,1.7878788,0.4848485,0.24242425,0.09090909,1.3333334,5.2727275,0.33908045291900635,0.90909094,0.8999999761581421,0.5151515,brayden shorter
Assane Diop,SF,USD,29.0,18.758621,5.724138,5.206897,1.3448275,0.3448276,0.44827586,0.62068963,4.586207,0.49624061584472656,0.9310345,0.5925925970077515,1.2758621,assane diop
Houran Dan,C,SEA,35.0,14.971429,5.714286,2.5142858,0.31428573,0.34285715,0.4,0.0,3.8857143,0.5882353186607361,1.7714286,0.6451612710952759,1.0,houran dan
Nate Heise,PG,ISU,37.0,24.918919,5.7027025,3.9729729,1.6486486,0.8378378,0.08108108,0.7837838,4.5945945,0.4529411792755127,1.1351352,0.6666666865348816,0.5945946,nate heise
RJ Johnson,PG,URI,30.0,24.966667,5.7,1.7333333,3.6666667,0.73333335,0.06666667,0.46666667,4.866667,0.3835616409778595,1.6333333,0.918367326259613,1.5,rj johnson
Ryan Dufault,PG,STMN,33.0,17.636364,5.6969695,2.2727273,1.7575758,0.8484849,0.030303031,0.09090909,3.3636363,0.6756756901741028,1.6060606,0.6603773832321167,0.6969697,ryan dufault
Hunter Adam,PG,DAV,33.0,15.636364,5.6969695,2.3636363,0.75757575,0.42424244,0.24242425,1.1212121,4.060606,0.49253731966018677,0.75757575,0.7599999904632568,0.45454547,hunter adam
Imanuel Zorgvol,C,YSU,32.0,14.71875,5.6875,2.78125,0.34375,0.34375,1.875,0.125,3.59375,0.634782612323761,1.4375,0.695652186870575,0.9375,imanuel zorgvol
Kade Sebastian,PG,AMER,32.0,21.65625,5.6875,2.6875,1.3125,1.09375,0.09375,1.03125,3.96875,0.4409448802471161,1.4375,0.804347813129425,0.71875,kade sebastian
Maki Johnson,PG,ETSU,34.0,22.588236,5.6764708,3.2058823,0.88235295,1.0882353,0.1764706,1.5294118,4.6764708,0.4150943458080292,0.4117647,0.6428571343421936,0.3529412,maki johnson
Jadon Jones,PG,OU,33.0,20.121212,5.6666665,3.3636363,0.8181818,1.1818181,0.8181818,1.2727273,4.3030305,0.38732394576072693,1.4545455,0.7291666865348816,0.3939394,jadon jones
Daniel Akitoby,SF,UTSA,24.0,13.833333,5.6666665,4.0833335,0.25,0.29166666,0.45833334,0.16666667,4.0416665,0.5773195624351501,1.2916666,0.6451612710952759,0.6666667,daniel akitoby
Tim Kewley,SF,CLRY,3.0,11.333333,5.6666665,2.3333333,0.0,0.33333334,0.33333334,0.0,2.6666667,0.625,3.0,0.7777777910232544,0.0,tim kewley
My'kel Jenkins,PG,NORF,27.0,18.851852,5.6666665,3.1851852,0.962963,1.1111112,0.44444445,0.7407407,5.296296,0.37062937021255493,1.4074074,0.7105262875556946,1.0,my kel jenkins
Elijah Dias,SF,MATC,6.0,14.166667,5.6666665,1.6666666,0.5,0.5,0.0,0.0,6.6666665,0.3499999940395355,2.3333333,0.4285714328289032,1.6666666,elijah dias
Michael Wilson Jr.,SF,BELL,30.0,13.466666,5.6666665,1.8333334,0.6666667,0.6666667,0.033333335,0.4,4.2,0.4841269850730896,1.8666667,0.6428571343421936,0.73333335,michael wilson jr
Tristan Kuska,C,CU,3.0,17.333334,5.6666665,2.6666667,0.6666667,0.0,0.6666667,0.33333334,5.0,0.5333333611488342,0.0,0.0,1.3333334,tristan kuska
Bryson Felder,SF,BOBJ,3.0,16.333334,5.6666665,2.6666667,0.6666667,0.33333334,0.0,1.0,10.0,0.23333333432674408,0.33333334,0.0,1.3333334,bryson felder
Kam Martin,PG,SAM,32.0,16.59375,5.65625,2.125,0.875,0.40625,0.0625,0.90625,4.40625,0.39716312289237976,1.46875,0.8510638475418091,0.5,kam martin
Caleb Hollenbeck,PG,MRSH,32.0,17.3125,5.65625,1.5625,1.03125,0.28125,0.0,1.6875,4.71875,0.4039735198020935,0.375,0.4166666567325592,0.4375,caleb hollenbeck
Keyontae Lewis,SF,NORF,31.0,17.870968,5.645161,3.8709676,0.4516129,0.58064514,0.516129,0.0,3.967742,0.5691056847572327,1.967742,0.5737704634666443,0.87096775,keyontae lewis
Dominique Ford,PG,USD,31.0,17.193548,5.645161,2.2258065,0.83870965,0.9677419,0.0,0.3548387,4.806452,0.4093959629535675,1.7741935,0.7636363506317139,0.67741936,dominique ford
Myles Stute,PG,SC,27.0,23.407408,5.6296296,3.7407408,0.8518519,0.6296296,0.22222222,1.2592592,5.296296,0.35664334893226624,0.9259259,0.6399999856948853,0.962963,myles stute
Braylon Patton,PG,UNA,27.0,16.481482,5.6296296,1.8148148,1.3703704,0.7407407,0.0,0.33333334,4.6666665,0.4682539701461792,1.6296296,0.5681818127632141,2.2962964,braylon patton
Jaden Steppe,SF,MTST,32.0,15.71875,5.625,2.5625,0.875,0.46875,0.34375,0.40625,4.21875,0.5481481552124023,1.0,0.59375,1.0,jaden steppe
Kaia Isaac,PG,TAR,32.0,25.21875,5.625,2.0,1.5625,1.1875,0.0625,0.96875,5.0,0.39375001192092896,0.84375,0.8518518805503845,1.5625,kaia isaac
Daemar Kelly,PG,NIU,29.0,20.655172,5.62069,3.0689654,1.2413793,0.6896552,0.1724138,0.7241379,5.724138,0.28915661573410034,2.0689654,0.7666666507720947,1.2068965,daemar kelly
Jerrell Colbert,SF,MCN,34.0,19.764706,5.617647,4.0588236,0.5294118,0.6764706,1.2647059,0.029411765,3.9411764,0.5522388219833374,2.2058823,0.5600000023841858,1.0882353,jerrell colbert
Kaleb Banks,SF,DEP,31.0,16.161291,5.612903,2.516129,0.41935483,0.2580645,0.29032257,0.7096774,4.0,0.4516128897666931,1.7419355,0.7407407164573669,0.61290324,kaleb banks
Jaiun Simon,SF,DAY,36.0,18.25,5.611111,3.3055556,1.1944444,0.5277778,0.3611111,0.3888889,3.4166667,0.4796747863292694,2.4166667,0.8045976758003235,0.8333333,jaiun simon
Niccolo Moretti,PG,FAU,33.0,26.212122,5.6060605,2.0,3.3333333,0.75757575,0.030303031,0.36363637,4.3636365,0.4652777910232544,1.7575758,0.6724137663841248,1.939394,niccolo moretti
Amarion Hoggan,PG,ECCL,5.0,26.6,5.6,3.2,3.6,1.6,0.4,0.0,4.8,0.2916666567325592,4.8,0.5833333134651184,4.8,amarion hoggan
Brit Harris,PG,FIU,32.0,18.71875,5.59375,2.53125,1.5625,1.03125,0.15625,1.09375,4.9375,0.3860759437084198,1.0625,0.6470588445663452,0.8125,brit harris
Omer Suljanovic,SF,UCD,32.0,14.6875,5.59375,2.96875,0.4375,0.21875,0.15625,0.4375,4.625,0.4189189076423645,1.875,0.6833333373069763,1.21875,omer suljanovic
Frederik Erichsen,SF,RAD,32.0,13.25,5.59375,2.40625,0.6875,0.4375,0.1875,0.46875,3.625,0.48275861144065857,2.1875,0.7428571581840515,0.9375,frederik erichsen
Luca Soroa Schaller,PG,NE,29.0,20.758621,5.586207,3.413793,2.1724138,1.1034483,0.51724136,0.41379312,5.172414,0.36000001430511475,1.9655173,0.7368420958518982,1.8965517,luca soroa schaller
Simeon Wilcher,PG,TEX,36.0,18.63889,5.5833335,1.7777778,1.7222222,0.6666667,0.30555555,0.8611111,4.7777777,0.36627906560897827,1.3333334,0.9166666865348816,1.2777778,simeon wilcher
Terrion Murdix,PG,WKU,24.0,23.833334,5.5833335,3.5833333,4.125,1.875,0.041666668,0.125,5.25,0.3333333432674408,2.4166667,0.8103448152542114,1.7083334,terrion murdix
Christian Gurdak,C,VT,31.0,17.032259,5.580645,4.387097,0.32258064,0.32258064,0.38709676,0.0,3.419355,0.6320754885673523,1.8064516,0.6964285969734192,0.58064514,christian gurdak
Matúš Hronský,SF,PORT,31.0,18.290323,5.580645,2.0,0.9032258,0.516129,0.22580644,0.9032258,4.967742,0.40909090638160706,0.67741936,0.9047619104385376,0.9677419,matus hronsky
Kajus Kublickas,PG,PAC,33.0,20.121212,5.5757575,2.5151515,3.030303,0.36363637,0.030303031,0.6666667,5.181818,0.35672515630722046,1.6969697,0.7142857313156128,1.8787879,kajus kublickas
Ryan Pettit,PG,LAF,28.0,20.857143,5.571429,3.2857144,1.5,0.89285713,0.035714287,0.35714287,4.392857,0.4796747863292694,1.7142857,0.5833333134651184,0.6785714,ryan pettit
Jovan Young,PG,NOB,7.0,22.714285,5.571429,2.0,1.7142857,0.14285715,0.14285715,0.14285715,5.857143,0.3414634168148041,2.0,0.7142857313156128,3.2857144,jovan young
Brady Koehler,SF,ND,30.0,15.966666,5.5666666,3.2333333,0.33333334,0.6666667,0.73333335,0.7,4.133333,0.4516128897666931,1.5333333,0.739130437374115,0.8666667,brady koehler
Tajavis Miller,PG,UNM,32.0,16.71875,5.5625,2.125,1.0,0.78125,0.15625,1.125,4.9375,0.39240506291389465,0.84375,0.6666666865348816,0.5625,tajavis miller
Carlous Williams,SF,TNST,32.0,19.3125,5.5625,3.09375,0.53125,0.21875,0.5625,0.53125,4.78125,0.45098039507865906,0.9375,0.7666666507720947,1.0625,carlous williams
Miles Heide,SF,SDSU,32.0,19.0625,5.5625,4.53125,0.84375,0.53125,0.5625,0.0625,3.8125,0.6147540807723999,1.59375,0.5098039507865906,1.03125,miles heide
Gabe Oldham,SF,DEN,32.0,25.59375,5.5625,7.4375,1.0625,0.65625,0.4375,0.0,3.46875,0.7027027010917664,1.4375,0.47826087474823,0.84375,gabe oldham
Ashton Hardaway,SF,MEM,25.0,19.48,5.56,2.52,1.44,0.76,0.72,0.92,5.12,0.3984375,0.76,0.7368420958518982,1.24,ashton hardaway
Isaiah Dorceus,PG,MILW,31.0,22.193548,5.548387,1.483871,3.7096775,0.67741936,0.06451613,0.8064516,5.483871,0.364705890417099,1.1290323,0.6571428775787354,1.6774193,isaiah dorceus
Amar Amkou,PG,FAU,26.0,12.538462,5.5384617,2.1923077,0.3846154,0.3846154,0.3846154,0.61538464,3.9230769,0.44117647409439087,1.8461539,0.7916666865348816,0.6923077,amar amkou
Chris Hodges,SF,MTST,32.0,23.28125,5.53125,4.09375,0.9375,0.34375,1.0625,0.0,4.0625,0.5769230723381042,1.75,0.4821428656578064,1.1875,chris hodges
Cameron Palesse,PG,ALST,32.0,27.71875,5.53125,3.9375,1.90625,0.53125,0.0625,0.46875,5.375,0.3779069781303406,1.5625,0.6399999856948853,0.9375,cameron palesse
Josh Meo,PG,WIN,34.0,18.264706,5.529412,2.5294118,1.0,0.38235295,0.029411765,0.7352941,4.852941,0.35151514410972595,2.0294118,0.6811594367027283,0.6764706,josh meo
Mason Klabo,PG,ILST,34.0,16.088236,5.529412,2.3235295,1.1764706,0.2647059,0.11764706,0.9705882,4.2058825,0.4545454680919647,0.9411765,0.78125,0.5294118,mason klabo
Devin Hines,PG,UNF,27.0,17.148148,5.5185184,2.3333333,0.8518519,0.6666667,0.22222222,0.4074074,4.851852,0.4122137427330017,1.5555556,0.7142857313156128,0.9259259,devin hines
Daniel Michelini-Jackson,PG,AMCC,29.0,17.51724,5.5172415,3.310345,1.4137931,0.5862069,0.20689656,0.7586207,4.551724,0.3787878751754761,1.4482758,0.9047619104385376,1.0,daniel michelini jackson
Dominic Parolin,SF,BOIS,32.0,17.0,5.5,4.65625,0.59375,0.625,0.5,0.21875,3.59375,0.5130434632301331,1.96875,0.8095238208770752,0.78125,dominic parolin
Eaton Smith,SF,CHEY,2.0,15.0,5.5,2.0,0.0,2.0,0.0,0.5,4.0,0.5,1.0,1.0,1.5,eaton smith
Ryan Lang,PG,WCMD,2.0,15.0,5.5,1.5,0.5,0.0,0.0,1.5,4.5,0.4444444477558136,0.0,0.0,0.5,ryan lang
Tyler Harris,SF,VAN,30.0,12.733334,5.5,2.3,0.3,0.16666667,0.6666667,0.76666665,5.2,0.4038461446762085,1.0,0.5333333611488342,0.4,tyler harris
Mitch Seay,SF,FISK,4.0,15.0,5.5,2.75,0.5,1.25,0.25,0.0,4.75,0.4736842215061188,2.25,0.4444444477558136,1.5,mitch seay
Ty Peterson,PG,SOVA,2.0,12.5,5.5,1.5,0.0,0.5,0.0,1.0,4.0,0.5,1.0,0.5,0.0,ty peterson
Ryan Dolphin,PG,COE,2.0,18.5,5.5,1.5,1.5,1.0,0.0,0.5,5.5,0.3636363744735718,1.0,1.0,2.0,ryan dolphin
Brayden Nunnally,SF,BTTN,2.0,24.5,5.5,3.0,0.5,0.5,0.0,0.5,7.0,0.3571428656578064,0.0,0.0,1.0,brayden nunnally
Jack Swider,SF,PSBW,2.0,22.0,5.5,1.5,1.5,0.0,0.0,1.5,6.5,0.3076923191547394,0.0,0.0,4.0,jack swider
Marko Tojagic,SF,STX,2.0,16.5,5.5,4.0,0.5,1.0,1.0,0.5,4.0,0.625,2.0,0.0,2.5,marko tojagic
Jake Nadauld,PG,WUUT,2.0,14.5,5.5,1.0,0.5,1.0,0.0,1.0,3.5,0.2857142984867096,3.0,0.8333333134651184,0.5,jake nadauld
Naim Ibroci,PG,TUSC,2.0,12.0,5.5,0.5,0.0,0.0,0.0,1.5,5.0,0.30000001192092896,1.0,1.0,1.5,naim ibroci
Micah McAllister,PG,LGC,2.0,16.5,5.5,5.5,1.0,3.0,0.5,0.5,8.0,0.3125,0.0,0.0,4.0,micah mcallister
Chandler Holmes,PG,DALL,2.0,18.5,5.5,1.5,0.5,0.0,0.0,0.5,5.0,0.5,0.0,0.0,1.5,chandler holmes
Javeon Gordon,PG,WILC,2.0,17.0,5.5,2.5,1.0,1.5,0.0,1.0,7.5,0.20000000298023224,1.5,1.0,1.0,javeon gordon
Nathan Scott,PG,HWPU,2.0,13.5,5.5,1.0,1.0,0.5,0.5,0.0,3.0,0.5,2.5,1.0,1.0,nathan scott
Matt Prociak,C,MISE,2.0,22.0,5.5,1.5,1.5,0.5,2.0,0.5,6.0,0.4166666567325592,0.0,0.0,1.0,matt prociak
Jeffrey Clark II,PG,CIU,2.0,23.5,5.5,2.0,1.5,1.0,0.0,0.0,5.0,0.4000000059604645,2.0,0.75,1.5,jeffrey clark ii
Catfish Battle,SF,LGC,2.0,16.0,5.5,2.5,1.5,1.0,0.0,0.5,8.5,0.23529411852359772,1.5,0.6666666865348816,1.5,catfish battle
Jordan McClendon,PG,HWPU,2.0,14.0,5.5,1.0,0.0,0.0,0.0,0.0,5.5,0.4545454680919647,1.0,0.5,1.0,jordan mcclendon
Anthony Perry,SF,WAU,2.0,12.5,5.5,2.0,0.0,0.5,0.0,1.5,4.5,0.3333333432674408,1.0,1.0,0.5,anthony perry
James Harrison,PG,HTU,2.0,13.5,5.5,3.0,1.0,0.0,0.0,1.5,4.0,0.5,0.0,0.0,1.0,james harrison
Miles Pollard,PG,SFST,2.0,19.5,5.5,1.0,2.0,1.5,0.0,0.0,6.5,0.23076923191547394,3.0,0.8333333134651184,2.0,miles pollard
Ismael Nidaye Matheu,PG,DMIL,2.0,15.5,5.5,0.5,2.5,0.0,0.0,0.5,4.0,0.25,5.0,0.6000000238418579,2.0,ismael nidaye matheu
Gabriel Altemus,SF,CHEY,2.0,7.5,5.5,0.0,0.0,0.0,0.0,1.5,2.5,0.800000011920929,0.0,0.0,0.0,gabriel altemus
Adam Painter,SF,WEBS,2.0,24.0,5.5,6.5,1.0,0.0,0.5,0.0,5.0,0.5,1.0,0.5,1.5,adam painter
Jae Harris,PG,WCMD,2.0,17.5,5.5,2.0,1.5,2.0,0.0,0.0,7.5,0.2666666805744171,2.5,0.6000000238418579,3.0,jae harris
Esrael Yant,PG,BMCU,2.0,16.0,5.5,3.5,1.5,0.5,0.5,0.0,4.5,0.4444444477558136,2.0,0.75,0.0,esrael yant
Braxton Williams,SF,LPU,2.0,18.5,5.5,3.5,0.0,1.0,0.0,0.5,3.5,0.5714285969734192,1.0,1.0,0.5,braxton williams
Khalil Thompson,PG,JWU,2.0,20.0,5.5,1.5,1.5,0.5,0.0,0.5,5.5,0.3636363744735718,1.0,1.0,1.0,khalil thompson
Abe Connolly,SF,SOVA,2.0,16.0,5.5,4.5,0.0,0.5,0.0,0.5,3.5,0.5714285969734192,1.0,1.0,2.0,abe connolly
Trenton Connelly,SG,FISK,4.0,12.5,5.5,1.25,0.75,1.25,0.0,0.5,6.0,0.2916666567325592,2.0,0.75,0.75,trenton connelly
Cooper Aitken,SF,CSJ,2.0,23.0,5.5,2.5,0.5,2.5,0.5,1.5,4.0,0.5,0.0,0.0,1.0,cooper aitken
Cordell Funmaker,PG,HSKL,2.0,12.0,5.5,2.5,0.0,0.5,0.0,1.0,2.0,0.75,1.5,1.0,1.5,cordell funmaker
Sekou Bangoura,PG,SMMD,2.0,12.5,5.5,1.5,0.5,1.5,0.5,0.5,4.0,0.375,2.0,1.0,1.0,sekou bangoura
Evan Quintero,SF,SMMD,2.0,20.0,5.5,8.0,1.5,1.0,1.0,0.5,5.5,0.3636363744735718,4.0,0.25,2.0,evan quintero
Dewayne Robinson,PG,IUE,2.0,15.0,5.5,2.0,0.0,0.0,0.0,1.5,3.5,0.5714285969734192,0.0,0.0,0.5,dewayne robinson
Daniel Jacobsen,C,PUR,39.0,12.871795,5.4871793,3.025641,0.33333334,0.07692308,1.2051282,0.07692308,3.2564104,0.6456692814826965,1.9230769,0.6266666650772095,0.5641026,daniel jacobsen
Omer Mayer,PG,PUR,39.0,14.307693,5.4871793,1.0769231,1.1538461,0.3846154,0.0,1.0,4.974359,0.41237112879753113,0.5897436,0.6521739363670349,0.8974359,omer mayer
Taj DeGourville,PG,SDSU,33.0,19.424242,5.4848485,2.8181818,3.030303,0.8181818,0.121212125,0.57575756,5.060606,0.371257483959198,1.7575758,0.6551724076271057,1.5151515,taj degourville
Isaiah Brown,PG,FLA,33.0,12.787879,5.4848485,2.5151515,0.6060606,0.33333334,0.3030303,0.54545456,4.151515,0.47445255517959595,1.3636364,0.7333333492279053,0.45454547,isaiah brown
Olavi Suutela,SF,ORST,33.0,17.515152,5.4848485,2.6666667,0.8484849,0.3939394,0.121212125,0.33333334,3.5151515,0.5775862336158752,1.6666666,0.6545454263687134,1.0,olavi suutela
Nick Mullen,SF,CMU,31.0,19.0,5.483871,3.903226,0.8064516,0.5483871,0.9354839,0.16129032,4.129032,0.5078125,1.6451613,0.686274528503418,0.8064516,nick mullen
Austin Herro,PG,STMN,27.0,23.851852,5.4814816,4.0,3.4814816,1.7037038,0.4814815,0.5185185,3.4444444,0.5268816947937012,1.8518518,0.7200000286102295,1.3333334,austin herro
Tyler Rolison,PG,NEV,34.0,17.17647,5.470588,1.7352941,2.6470587,0.7058824,0.029411765,0.2647059,4.617647,0.3821656107902527,2.2058823,0.7599999904632568,1.0,tyler rolison
Jacolb Fredson-Cole,SF,MCN,34.0,18.67647,5.470588,4.117647,1.4117647,1.2058823,0.3529412,0.14705883,4.2352943,0.4027777910232544,2.4705882,0.773809552192688,0.9411765,jacolb fredson cole
Jaylen Fenner,PG,LT,32.0,21.5,5.46875,2.8125,0.96875,1.0625,0.28125,0.5,4.5625,0.39726027846336365,2.0625,0.6515151262283325,1.0,jaylen fenner
Andrija Jelavic,SF,UK,32.0,15.625,5.46875,4.0,0.71875,0.4375,0.34375,0.65625,4.78125,0.4771241843700409,0.46875,0.5333333611488342,0.84375,andrija jelavic
Emmett Marquardt,SF,EWU,30.0,15.9,5.4666667,2.7666667,0.76666665,0.43333334,0.46666667,0.96666664,4.4333334,0.43609023094177246,0.73333335,0.8636363744735718,0.8666667,emmett marquardt
Augustus Gerhart,SF,PENN,30.0,19.866667,5.4666667,4.733333,0.96666664,0.3,0.53333336,0.0,3.6333334,0.6238532066345215,1.4666667,0.6363636255264282,0.9,augustus gerhart
Jalen Lee,PG,SUU,24.0,14.166667,5.4583335,1.75,0.375,0.45833334,0.083333336,0.7916667,4.7083335,0.39823007583618164,1.2916666,0.7096773982048035,0.5,jalen lee
Randy Brady,SF,USA,33.0,26.90909,5.4545455,5.6666665,1.8787879,1.3636364,0.33333334,0.6363636,3.5757575,0.44915252923965454,2.5151515,0.6385542154312134,1.030303,randy brady
Allen Mukeba,SF,ASU,33.0,16.363636,5.4545455,3.4545455,0.8484849,0.8181818,0.7878788,0.030303031,3.969697,0.5572519302368164,1.8787879,0.5322580933570862,0.93939394,allen mukeba
Ben Johnson,PG,UVM,34.0,18.235294,5.4411764,2.1176472,1.0882353,0.2647059,0.20588236,1.3529412,4.2352943,0.4375,0.5294118,0.7222222089767456,0.29411766,ben johnson
Eddrin Bronson,PG,FUR,34.0,19.17647,5.4411764,1.6764706,1.117647,0.44117647,0.3529412,0.88235295,4.5882354,0.3782051205635071,1.4705882,0.7400000095367432,1.2058823,eddrin bronson
Jayden Tyler,PG,WOF,25.0,13.32,5.44,0.96,0.48,0.6,0.2,1.12,3.76,0.457446813583374,1.64,0.5365853905677795,0.4,jayden tyler
Nikola Abusara,PG,DART,23.0,17.173914,5.4347825,2.3913043,1.3913044,0.8695652,0.5652174,0.13043478,4.3913045,0.4356435537338257,2.0,0.739130437374115,0.8695652,nikola abusara
Justin Thomas,PG,BGSU,30.0,25.866667,5.4333334,3.4,2.6666667,1.2666667,0.4,0.6,4.1666665,0.47200000286102295,1.3666667,0.6585366129875183,1.3666667,justin thomas
Godslove Nwabude,SF,EMU,30.0,19.366667,5.4333334,5.5333333,0.26666668,0.56666666,1.6,0.0,3.7,0.6576576828956604,1.0333333,0.5483871102333069,0.53333336,godslove nwabude
Devin Ree,SF,JKST,33.0,20.787878,5.4242425,3.0,0.72727275,0.42424244,0.54545456,0.8181818,5.181818,0.35672515630722046,1.030303,0.8823529481887817,0.90909094,devin ree
Parby Kabamba,SF,MRST,31.0,16.774193,5.419355,3.1290324,0.9354839,0.3548387,0.516129,0.8064516,5.129032,0.4150943458080292,0.5483871,0.6470588445663452,0.5483871,parby kabamba
Jaxson Whitaker,PG,CMU,31.0,18.225807,5.419355,1.2580645,1.0,0.19354838,0.06451613,1.2903225,4.870968,0.3907284736633301,0.38709676,0.8333333134651184,0.5483871,jaxson whitaker
Jhei-R Jones,PG,W&M,24.0,17.708334,5.4166665,2.2083333,1.5416666,0.8333333,0.0,0.6666667,3.8333333,0.43478259444236755,1.7083334,0.8292682766914368,1.1666666,jhei r jones
Anthony Nimani,PG,COR,22.0,17.318182,5.409091,1.5909091,1.8636364,0.59090906,0.0,0.59090906,3.3636363,0.5675675868988037,1.1818181,0.8461538553237915,1.0,anthony nimani
Jordan Leaks,PG,NORF,32.0,23.53125,5.40625,3.375,1.5625,1.09375,0.125,0.9375,5.59375,0.34078213572502136,1.46875,0.44680851697921753,1.15625,jordan leaks
Curt Lewis,PG,USM,35.0,23.171429,5.4,2.142857,0.7714286,0.6571429,0.25714287,1.4857143,4.8285713,0.3668639063835144,0.62857145,0.5909090638160706,0.62857145,curt lewis
Anthony Finkley,SF,JOES,35.0,19.0,5.4,3.3428571,1.6285714,0.2,0.2,0.9142857,4.857143,0.28823530673980713,2.0857143,0.8082191944122314,1.3428571,anthony finkley
Jacob Bannarbie,SF,UNLV,30.0,16.2,5.4,4.8333335,1.3333334,0.56666666,0.36666667,0.033333335,3.5333333,0.5188679099082947,2.7,0.6296296119689941,1.1666666,jacob bannarbie
Cam Miles,PG,FSU,25.0,13.92,5.4,1.04,1.68,0.68,0.0,0.64,5.32,0.36090224981307983,1.36,0.6764705777168274,0.84,cam miles
Paul Jones,SF,ECCL,5.0,15.0,5.4,0.6,0.2,0.6,0.2,0.6,4.2,0.4761904776096344,1.4,0.5714285969734192,1.0,paul jones
Devan Cambridge,SF,UCF,33.0,17.30303,5.3939395,3.5454545,0.8484849,0.54545456,0.57575756,0.5151515,3.969697,0.45038166642189026,1.8484849,0.7049180269241333,0.57575756,devan cambridge
Zion Bethea,PG,DSU,29.0,15.310345,5.37931,2.2413793,0.62068963,0.7586207,0.10344828,0.7586207,5.6896553,0.3333333432674408,1.2413793,0.6666666865348816,1.0,zion bethea
Kayvaun Mulready,PG,GTWN,32.0,16.6875,5.375,2.46875,1.09375,1.0,0.21875,0.96875,4.46875,0.4195804297924042,0.90625,0.7241379022598267,0.875,kayvaun mulready
Jake Davis,PG,CP,32.0,21.125,5.375,3.09375,1.78125,1.09375,0.1875,0.84375,5.34375,0.3391812741756439,1.25,0.7250000238418579,1.34375,jake davis
Royal Blue Smith,PG,ARST,27.0,13.185185,5.3703704,1.6666666,1.1111112,0.7407407,0.037037037,0.962963,4.296296,0.4396551847457886,1.1851852,0.53125,1.074074,royal blue smith
Dayjaun Anderson,PG,UAB,30.0,16.3,5.366667,1.7333333,0.6666667,0.9,0.033333335,1.0666667,5.9,0.33898305892944336,0.56666666,0.529411792755127,0.5,dayjaun anderson
Foster Wonders,PG,CLE,31.0,22.129032,5.354839,2.0,0.7741935,0.5483871,0.0,1.3548387,4.806452,0.38926175236701965,0.3548387,0.7272727489471436,0.38709676,foster wonders
Mak Manciel,PG,EMU,31.0,12.967742,5.354839,1.2580645,0.5483871,0.3548387,0.0,1.1612903,4.193548,0.38461539149284363,1.3225807,0.7317073345184326,0.7096774,mak manciel
Mambourou Mara,SF,HCU,31.0,19.290323,5.354839,3.8064516,0.7419355,1.0,1.516129,0.41935483,4.903226,0.42105263471603394,1.451613,0.5555555820465088,1.1935484,mambourou mara
Corey Thomas,SF,BRAD,34.0,18.382353,5.352941,3.5882354,0.7941176,0.5882353,0.61764705,0.5882353,3.9117646,0.49624061584472656,1.1764706,0.75,0.7352941,corey thomas
Jake Davis,SF,ILL,37.0,19.621622,5.3513513,2.1891892,0.6756757,0.3243243,0.21621622,1.4594594,3.9729729,0.4285714328289032,0.6486486,0.75,0.16216215,jake davis
Dezdrick Lindsay,SF,ORE,32.0,20.53125,5.34375,2.78125,1.53125,0.84375,0.1875,0.59375,4.8125,0.4025973975658417,1.5,0.5833333134651184,0.84375,dezdrick lindsay
Cal Liston,SF,VMI,32.0,23.03125,5.34375,3.15625,0.96875,0.46875,0.25,1.21875,4.75,0.375,0.78125,0.7200000286102295,0.71875,cal liston
Paul Otieno,SF,SLU,35.0,15.285714,5.3428574,3.857143,0.8857143,0.37142858,0.7714286,0.057142857,3.142857,0.5909090638160706,2.0285714,0.7746478915214539,0.62857145,paul otieno
Vukasin Masic,PG,SF,33.0,21.636364,5.3333335,1.6363636,2.030303,0.18181819,0.060606062,0.969697,5.151515,0.3764705955982208,0.6969697,0.695652186870575,1.030303,vukasin masic
Cade Hornecker,SF,ACU,33.0,15.848485,5.3333335,3.3939395,1.1515151,0.45454547,0.4848485,0.09090909,4.5151515,0.4563758373260498,1.6060606,0.698113203048706,1.1818181,cade hornecker
Jake West,PG,NU,33.0,21.878788,5.3333335,0.8181818,2.8484848,0.6060606,0.18181819,0.8484849,4.6666665,0.4025973975658417,0.93939394,0.774193525314331,1.0,jake west
Jacob Mueller,SF,CLRY,3.0,18.0,5.3333335,3.0,0.6666667,0.33333334,1.0,0.0,6.3333335,0.3684210479259491,2.0,0.3333333432674408,1.3333334,jacob mueller
Kaleel Sutton-White,PG,DKSU,3.0,18.666666,5.3333335,2.3333333,1.3333334,0.6666667,0.0,0.6666667,4.0,0.5833333134651184,0.0,0.0,1.3333334,kaleel sutton white
Aiden Todd,PG,SWCU,3.0,20.333334,5.3333335,2.0,2.6666667,1.0,0.0,0.33333334,4.3333335,0.5384615659713745,0.6666667,0.5,3.0,aiden todd
David Hood,PG,EAWE,3.0,15.333333,5.3333335,0.6666667,0.6666667,0.6666667,0.0,1.0,5.3333335,0.25,4.0,0.4166666567325592,1.6666666,david hood
Shawn Jones Jr.,PG,MSST,31.0,26.032259,5.322581,3.967742,1.516129,1.3225807,0.6451613,0.6451613,4.83871,0.41333332657814026,1.032258,0.65625,1.2903225,shawn jones jr
Dayton Forsythe,PG,OU,28.0,17.214285,5.321429,1.3571428,1.75,0.5714286,0.035714287,0.5714286,4.464286,0.335999995470047,2.0357144,0.859649121761322,0.96428573,dayton forsythe
Ben Eisendrath,PG,HARV,28.0,29.107143,5.321429,2.1785715,3.25,1.5714285,0.53571427,0.21428572,4.5,0.4285714328289032,1.3928572,0.8974359035491943,2.1785715,ben eisendrath
Tyler Koenig,SF,COPP,28.0,16.964285,5.321429,3.75,0.35714287,0.2857143,0.5,0.0,4.0,0.4910714328289032,1.8928572,0.7358490824699402,1.0,tyler koenig
Kade Douglas,PG,TAR,32.0,15.1875,5.3125,1.09375,0.625,0.40625,0.0,0.8125,4.625,0.3918918967247009,1.0625,0.8235294222831726,0.96875,kade douglas
Jaden Slaughter,PG,SHU,32.0,20.65625,5.3125,3.28125,1.0625,0.53125,0.1875,0.34375,4.28125,0.46715328097343445,1.21875,0.7948718070983887,0.90625,jaden slaughter
Trey Scott III,SF,GAST,26.0,20.73077,5.3076925,3.4230769,0.7307692,0.42307693,0.34615386,0.6923077,5.3846154,0.40714284777641296,0.34615386,0.6666666865348816,0.46153846,trey scott iii
R.J. Kennedy,PG,UNH,30.0,19.7,5.3,1.8333334,0.8,0.5,0.1,0.9,4.9333334,0.36486485600471497,1.1333333,0.7058823704719543,1.1333333,r j kennedy
Filip Petkovski,PG,UTM,30.0,26.266666,5.3,3.0,2.6,0.76666665,0.06666667,0.96666664,4.633333,0.38129496574401855,1.4333333,0.5581395626068115,1.9333333,filip petkovski
Britton Berrett,PG,UTU,34.0,23.029411,5.2941175,1.9117647,1.2058823,0.5882353,0.11764706,1.2352941,3.8235295,0.4384615421295166,0.7647059,0.9230769276618958,0.6764706,britton berrett
Khani Rooths,SF,LOU,31.0,15.903226,5.290323,4.2580647,0.9677419,0.58064514,0.4516129,0.41935483,4.096774,0.4488188922405243,1.8387097,0.6491228342056274,0.7419355,khani rooths
Jordan Pickett,PG,SIUE,31.0,19.774193,5.290323,3.0,1.2580645,0.7096774,0.032258064,0.9032258,5.387097,0.329341322183609,1.1612903,0.7222222089767456,0.9354839,jordan pickett
Torrin Andrews,PG,COPP,31.0,19.193548,5.290323,1.516129,1.5806452,0.58064514,0.12903225,0.83870965,4.290323,0.39849624037742615,1.3225807,0.7804877758026123,1.8387097,torrin andrews
Braden Housley,PG,UVU,28.0,25.964285,5.285714,2.7142856,2.7142856,1.2857143,0.071428575,0.53571427,4.178571,0.41025641560554504,2.2857144,0.578125,1.75,braden housley
Logan Woods,PG,WRST,35.0,18.314285,5.285714,1.9142857,1.5142857,0.4857143,0.114285715,0.7714286,4.3142858,0.4503311216831207,0.94285715,0.6666666865348816,0.85714287,logan woods
Mari Jordan,PG,RAD,32.0,13.65625,5.28125,2.6875,0.65625,0.4375,0.53125,0.4375,3.78125,0.4958677589893341,1.15625,0.9459459185600281,0.5625,mari jordan
Tyler Coleman,SF,TOW,32.0,20.0,5.28125,3.6875,0.25,0.71875,0.375,0.3125,4.03125,0.4728682041168213,1.59375,0.7254902124404907,0.8125,tyler coleman
Jordan Mizell,PG,TAR,32.0,27.5625,5.28125,3.375,2.25,1.75,0.125,0.0,4.6875,0.4266666769981384,1.78125,0.719298243522644,1.78125,jordan mizell
Derrick Talton Jr.,PG,BUF,32.0,26.09375,5.28125,2.46875,3.46875,1.21875,0.03125,0.28125,4.90625,0.42038217186927795,1.28125,0.6829268336296082,1.375,derrick talton jr
Enzo Boudouma,SF,NOLA,32.0,18.21875,5.28125,3.125,0.78125,0.625,0.0625,0.625,4.21875,0.3777777850627899,2.03125,0.7230769395828247,0.875,enzo boudouma
Brian Griffith,PG,NIA,25.0,13.6,5.28,1.12,1.48,0.52,0.0,0.52,4.68,0.36752137541770935,1.68,0.7857142686843872,1.28,brian griffith
Jaden Daughtry,SF,MRST,30.0,21.7,5.266667,5.7,1.6,1.1666666,0.96666664,0.33333334,5.1,0.40522876381874084,1.5333333,0.52173912525177,1.3666667,jaden daughtry
Braden Appelhans,PG,DRKE,27.0,13.592592,5.259259,1.4444444,0.5185185,0.2962963,0.11111111,1.3333334,4.6296296,0.40799999237060547,0.22222222,0.6666666865348816,0.4074074,braden appelhans
Andrija Vukovic,SF,OKST,27.0,15.259259,5.259259,3.4074075,0.5925926,0.4814815,0.37037036,0.037037037,3.3333333,0.6222222447395325,1.5555556,0.6904761791229248,0.6666667,andrija vukovic
Shaqir O'Neal,SF,SAC,31.0,19.35484,5.2580647,3.2258065,0.5483871,0.516129,0.516129,0.516129,3.903226,0.41322314739227295,1.967742,0.7704917788505554,0.67741936,shaqir o neal
Travis Perry,PG,MISS,35.0,16.428572,5.257143,1.6285714,1.0571429,0.82857144,0.114285715,1.3714286,4.742857,0.34337350726127625,0.71428573,0.8799999952316284,0.4857143,travis perry
Jake Wahlin,SF,CLEM,35.0,20.457144,5.257143,3.8857143,0.6571429,0.34285715,0.2857143,0.9714286,4.542857,0.402515709400177,0.9142857,0.6875,0.71428573,jake wahlin
Sebastian Akins,PG,WAKE,35.0,15.2,5.257143,1.4571428,1.8571428,0.74285716,0.057142857,0.25714287,4.457143,0.4038461446762085,1.8,0.7777777910232544,1.1714286,sebastian akins
Cameron Faas,PG,FRES,32.0,19.125,5.25,2.3125,0.34375,0.5,0.09375,1.34375,4.59375,0.3945578336715698,0.3125,0.8999999761581421,0.5,cameron faas
Tim Fuller,PG,MIDW,4.0,22.0,5.25,3.25,1.75,1.25,0.25,1.0,6.75,0.29629629850387573,0.5,0.5,2.25,tim fuller
Trent Hundley,SF,EVAN,32.0,17.4375,5.25,1.6875,0.625,0.375,0.28125,1.21875,4.09375,0.39694657921791077,0.875,0.8928571343421936,0.5,trent hundley
Randall Robinson,PG,TOCC,4.0,24.0,5.25,1.0,1.75,1.0,0.0,0.0,5.0,0.30000001192092896,2.5,0.8999999761581421,1.0,randall robinson
Grady Jones,PG,TOCC,4.0,15.25,5.25,0.25,0.5,0.75,0.0,1.25,4.0,0.4375,0.5,1.0,0.0,grady jones
Mynor Strong,PG,TOL,33.0,17.666666,5.242424,1.7575758,0.7878788,1.030303,0.09090909,0.6666667,4.5454545,0.41999998688697815,0.8484849,0.8928571343421936,0.6363636,mynor strong
Jacob Taylor,PG,CHSO,30.0,20.933332,5.233333,2.2,1.1333333,0.6,0.033333335,0.73333335,4.0,0.4416666626930237,1.3,0.7435897588729858,1.0333333,jacob taylor
Myles Wilmoth,SF,CAN,31.0,23.129032,5.225806,4.580645,1.451613,0.41935483,0.9354839,0.6451613,5.290323,0.3231707215309143,1.6451613,0.7058823704719543,1.3225807,myles wilmoth
Nate Brafford,SF,CHSO,32.0,19.375,5.21875,3.34375,1.15625,0.4375,0.3125,1.125,4.3125,0.41304346919059753,0.875,0.6071428656578064,0.75,nate brafford
Tate Laczkowski,SF,ARMY,32.0,21.5,5.21875,5.28125,1.875,0.71875,0.46875,0.28125,4.1875,0.5373134613037109,1.0,0.4375,1.09375,tate laczkowski
Yonatan Levy,SF,PEPP,32.0,20.46875,5.21875,4.15625,1.71875,0.75,0.1875,0.46875,4.125,0.4545454680919647,1.3125,0.761904776096344,1.40625,yonatan levy
AJ Thomas,PG,LMU,32.0,13.5,5.21875,1.40625,1.78125,0.84375,0.125,0.21875,3.53125,0.4159291982650757,3.125,0.6600000262260437,1.25,aj thomas
Jalen Bolden,PG,TXST,32.0,16.28125,5.1875,2.1875,0.6875,0.96875,0.09375,0.75,4.78125,0.4248366057872772,0.6875,0.5454545617103577,0.65625,jalen bolden
Guillermo Diaz Graham,SF,SF,33.0,17.181818,5.181818,3.1818182,1.3333334,0.5151515,0.4848485,0.8181818,3.8484848,0.4173228442668915,1.6666666,0.6909090876579285,0.75757575,guillermo diaz graham
Landren Blocker,PG,SEMO,33.0,17.757576,5.181818,3.7878788,0.54545456,0.93939394,0.6666667,0.3030303,4.0,0.5075757503509521,1.6969697,0.4821428656578064,0.8181818,landren blocker
Shadrak Lasu,SF,LIU,33.0,22.939394,5.181818,5.3636365,0.36363637,0.3030303,1.4242424,0.27272728,3.7575758,0.5322580933570862,1.4242424,0.6382978558540344,0.8181818,shadrak lasu
Fedor Zugic,PG,CREI,34.0,16.235294,5.1764708,1.9705882,0.9411765,0.29411766,0.14705883,0.85294116,4.3235292,0.3877550959587097,1.1764706,0.824999988079071,0.7647059,fedor zugic
Seth Joba,SF,IDHO,36.0,17.13889,5.1666665,3.5277777,0.3888889,0.25,0.6666667,0.9166667,4.138889,0.4429530203342438,0.8888889,0.65625,0.6666667,seth joba
Aidan Richard,SF,HC,30.0,27.166666,5.1666665,4.0666666,0.8333333,0.9,0.23333333,0.8333333,5.866667,0.3181818127632141,1.1666666,0.5142857432365417,0.8333333,aidan richard
Josh Bartig,PG,CHCC,6.0,13.833333,5.1666665,1.5,0.8333333,0.6666667,0.0,0.6666667,4.1666665,0.4399999976158142,1.5,0.5555555820465088,1.8333334,josh bartig
Jalin Rice,PG,NICH,31.0,16.967741,5.16129,2.483871,0.9677419,0.6451613,0.06451613,0.22580644,4.225806,0.42748090624809265,2.1290324,0.6212121248245239,1.1935484,jalin rice
KC Ugwuakazi,SF,MRMK,32.0,18.875,5.15625,5.09375,0.625,0.71875,2.15625,0.0,3.65625,0.5811966061592102,1.625,0.557692289352417,0.6875,kc ugwuakazi
Kendyl Sanders,SF,UTAH,32.0,20.0625,5.15625,3.0625,0.65625,0.5625,0.375,0.96875,4.3125,0.4420289993286133,0.96875,0.3870967626571655,0.6875,kendyl sanders
Austin Goode,SF,CP,32.0,16.3125,5.15625,2.53125,0.90625,0.46875,0.15625,0.78125,4.59375,0.4285714328289032,0.59375,0.7368420958518982,0.78125,austin goode
Khaafiq Myers,PG,JOES,34.0,15.735294,5.147059,2.8529413,2.2941177,0.7352941,0.029411765,0.44117647,5.3235292,0.3867403268814087,0.9705882,0.6060606241226196,1.0882353,khaafiq myers
Ryan Frazer,PG,NOB,7.0,22.714285,5.142857,3.142857,0.2857143,0.42857143,0.2857143,0.71428573,5.571429,0.3589743673801422,1.0,0.4285714328289032,1.4285715,ryan frazer
Alex Kazanecki,PG,DEL,31.0,28.64516,5.129032,2.096774,0.58064514,0.48387095,0.32258064,1.1612903,4.096774,0.4330708682537079,0.58064514,0.7222222089767456,0.6451613,alex kazanecki
Jaye Nash,PG,JXST,32.0,25.71875,5.125,2.78125,4.03125,1.0,0.0625,0.3125,4.1875,0.305970162153244,3.25,0.692307710647583,1.8125,jaye nash
Nic Anderson,PG,LUC,27.0,17.296297,5.111111,2.4444444,0.5185185,0.4814815,0.2962963,0.6666667,4.9259257,0.35338345170021057,1.6666666,0.5777778029441833,0.7777778,nic anderson
Jaden Brownell,SF,USC,30.0,11.6,5.1,1.9,0.4,0.33333334,0.46666667,0.8333333,4.6,0.3913043439388275,0.8,0.8333333134651184,0.6,jaden brownell
Rex Stirling,SF,WOF,30.0,14.466666,5.1,3.1,0.93333334,0.3,0.23333333,0.0,3.6666667,0.5727272629737854,1.4666667,0.6136363744735718,0.93333334,rex stirling
Jaiden Lawrence,PG,SELA,31.0,20.290323,5.096774,2.419355,0.61290324,0.67741936,0.0,1.032258,4.709677,0.3493150770664215,1.1612903,0.6666666865348816,0.516129,jaiden lawrence
Myles Parker,SF,MRST,31.0,14.548388,5.096774,2.483871,0.67741936,0.7741935,0.09677419,0.9677419,3.7096775,0.46086955070495605,0.9032258,0.7857142686843872,0.516129,myles parker
Isaiah Skinner,PG,UPST,32.0,20.03125,5.09375,3.0625,1.78125,1.0,0.40625,1.15625,4.375,0.3857142925262451,0.65625,0.8571428656578064,1.0,isaiah skinner
Hantz Louis-Jeune,PG,USA,33.0,23.636364,5.090909,2.939394,0.54545456,0.90909094,0.18181819,0.969697,4.787879,0.34810125827789307,1.060606,0.7428571581840515,0.27272728,hantz louis jeune
Leo Torbor,PG,AMCC,33.0,19.121212,5.090909,2.030303,1.6363636,1.3333334,0.42424244,0.121212125,4.6060605,0.45394736528396606,1.6363636,0.48148149251937866,1.4242424,leo torbor
Silas Sunday,SF,HOF,35.0,19.8,5.0857143,6.8285713,0.6857143,0.25714287,1.0571429,0.0,3.3714285,0.6525423526763916,1.0571429,0.6486486196517944,1.2571429,silas sunday
Harlan Obioha,C,WVU,35.0,20.0,5.0857143,4.6285715,0.8,0.34285715,0.6,0.028571429,3.4285715,0.5249999761581421,2.5714285,0.5666666626930237,0.8857143,harlan obioha
Braeden Smith,PG,GONZ,35.0,17.085714,5.0857143,2.2,3.6285715,0.9714286,0.0,0.4857143,3.9142857,0.46715328097343445,1.1714286,0.8048780560493469,1.0857143,braeden smith
King Grace,PG,MSST,24.0,12.208333,5.0833335,1.25,0.41666666,0.41666666,0.29166666,0.625,4.0,0.4375,1.1666666,0.8214285969734192,0.45833334,king grace
Chudi Dioramma,SF,ARST,25.0,15.44,5.08,4.12,0.72,0.16,0.44,0.0,3.72,0.5053763389587402,2.0,0.6600000262260437,0.72,chudi dioramma
Noah Amenhauser,C,ORST,29.0,12.103448,5.0689654,2.2068965,0.41379312,0.03448276,0.51724136,0.0,3.3448277,0.5773195624351501,1.7241379,0.699999988079071,0.79310346,noah amenhauser
Kennedy Okpara,SF,LIP,30.0,13.666667,5.0666666,2.6666667,0.36666667,0.43333334,0.36666667,0.53333336,4.4333334,0.4436090290546417,1.1,0.5454545617103577,0.76666665,kennedy okpara
Ethan Pickett,PG,SELA,31.0,17.483871,5.064516,2.3548386,1.3225807,0.3548387,0.032258064,0.12903225,4.290323,0.4285714328289032,1.8387097,0.6842105388641357,1.0645162,ethan pickett
Josh Taylor,SF,ETAM,32.0,16.78125,5.0625,3.5625,0.75,0.3125,0.65625,0.28125,4.125,0.5,1.1875,0.5526315569877625,1.03125,josh taylor
Ethan Elliott,PG,NKU,32.0,28.5,5.0625,2.75,4.5625,0.96875,0.0625,0.65625,5.78125,0.3351351320743561,1.09375,0.48571428656578064,1.375,ethan elliott
Cam Ward,SF,MSU,34.0,15.323529,5.0588236,4.2058825,0.29411766,0.3529412,0.47058824,0.0,3.6470587,0.5887096524238586,1.5,0.5098039507865906,0.85294116,cam ward
Cooper Schwieger,SF,WAKE,34.0,20.205883,5.0588236,2.4705882,0.9117647,0.5,0.5882353,0.3529412,3.8529413,0.5038167834281921,1.117647,0.7368420958518982,0.7941176,cooper schwieger
Isaia Howard,PG,IOWA,37.0,18.162163,5.0540543,2.6216216,1.1081082,1.027027,0.27027026,0.4864865,4.324324,0.44999998807907104,0.972973,0.6944444179534912,0.6486486,isaia howard
Landon Williams,PG,NIA,27.0,20.703703,5.037037,2.4444444,0.9259259,0.5555556,0.4814815,1.037037,4.5185184,0.41803279519081116,0.2962963,0.75,0.962963,landon williams
Christopher Flippin,PF,UMES,30.0,13.033334,5.0333333,2.8333333,0.6666667,0.33333334,0.43333334,0.0,4.4,0.469696968793869,1.6333333,0.5510203838348389,1.1333333,christopher flippin
Darius Duffy,SF,PFW,32.0,21.625,5.03125,4.40625,0.59375,0.65625,0.8125,0.0,3.28125,0.7047619223594666,1.53125,0.26530611515045166,0.46875,darius duffy
Kenneth Chime,SF,WGA,32.0,20.3125,5.03125,5.875,0.34375,0.65625,1.5625,0.0,3.78125,0.5785123705863953,1.5,0.4375,0.6875,kenneth chime
Mercy Miller,PG,HOU,36.0,11.888889,5.0277777,1.8055556,0.4722222,0.6111111,0.16666667,0.4722222,3.8611112,0.48201438784599304,1.1388888,0.7317073345184326,0.2777778,mercy miller
Beni Lavodrama,SF,FP,1.0,16.0,5.0,3.0,1.0,0.0,1.0,1.0,6.0,0.3333333432674408,0.0,0.0,2.0,beni lavodrama
Maj Dusanic,SF,HIPU,2.0,26.5,5.0,5.0,2.0,0.0,0.0,0.0,2.5,1.0,0.0,0.0,0.0,maj dusanic
Camdyn LaRance,PG,MTTC,1.0,23.0,5.0,7.0,3.0,0.0,0.0,1.0,4.0,0.5,0.0,0.0,1.0,camdyn larance
Owen Freeman,SF,CREI,26.0,11.884615,5.0,4.0,0.88461536,0.53846157,0.84615386,0.0,3.5769231,0.602150559425354,1.0769231,0.6428571343421936,0.65384614,owen freeman
Jahlen Jack,SF,FVSU,1.0,19.0,5.0,3.0,1.0,1.0,0.0,0.0,6.0,0.1666666716337204,4.0,0.75,2.0,jahlen jack
Kyle Duke,PG,CMBS,1.0,21.0,5.0,2.0,1.0,0.0,0.0,0.0,9.0,0.2222222238779068,1.0,1.0,0.0,kyle duke
Javaughn Smith,PG,CBVU,1.0,27.0,5.0,1.0,3.0,1.0,0.0,1.0,5.0,0.4000000059604645,0.0,0.0,0.0,javaughn smith
Tyshaun Pulley,PG,LBC,1.0,12.0,5.0,2.0,1.0,0.0,0.0,1.0,5.0,0.4000000059604645,0.0,0.0,1.0,tyshaun pulley
Connor Davis,PG,ARTE,1.0,17.0,5.0,1.0,2.0,0.0,0.0,1.0,5.0,0.4000000059604645,0.0,0.0,4.0,connor davis
Justin Norris,SF,NWOK,1.0,27.0,5.0,5.0,1.0,1.0,2.0,1.0,6.0,0.3333333432674408,0.0,0.0,1.0,justin norris
Jerome Beya,SF,LANE,1.0,28.0,5.0,1.0,1.0,0.0,1.0,0.0,3.0,0.6666666865348816,2.0,0.5,0.0,jerome beya
Jeremiah Coleman,PG,UAA,1.0,19.0,5.0,3.0,1.0,1.0,0.0,1.0,5.0,0.4000000059604645,2.0,0.0,1.0,jeremiah coleman
Jadon Carnes,SF,BRE,1.0,28.0,5.0,2.0,4.0,1.0,0.0,1.0,4.0,0.5,0.0,0.0,3.0,jadon carnes
John Kairouz,SF,SLC,1.0,16.0,5.0,3.0,0.0,0.0,0.0,1.0,9.0,0.2222222238779068,0.0,0.0,1.0,john kairouz
Ja'Kwon Hill,PG,NNMC,1.0,32.0,5.0,6.0,4.0,1.0,0.0,1.0,7.0,0.2857142984867096,0.0,0.0,3.0,ja kwon hill
Ezra McKenna,SF,BUF,32.0,16.0625,5.0,3.1875,1.09375,0.15625,0.125,0.75,3.375,0.5370370149612427,1.0,0.625,0.6875,ezra mckenna
Mike Smith,PG,MISE,2.0,6.0,5.0,1.5,0.0,0.0,0.0,0.5,2.5,0.6000000238418579,2.0,0.75,0.5,mike smith
Evan Block,SF,NYMT,2.0,22.0,5.0,7.5,0.0,0.0,0.0,1.0,6.5,0.23076923191547394,1.0,1.0,2.0,evan block
Roman Carone,SF,CTNJ,1.0,17.0,5.0,2.0,1.0,0.0,0.0,1.0,3.0,0.6666666865348816,0.0,0.0,0.0,roman carone
Sherman Weatherspoon IV,PG,UVU,32.0,16.125,5.0,1.875,0.46875,0.625,0.09375,1.1875,4.0625,0.4076923131942749,0.6875,0.7272727489471436,0.6875,sherman weatherspoon iv
Errol White,SF,LAM,31.0,22.32258,5.0,4.870968,1.1935484,0.9354839,0.48387095,0.0,4.290323,0.4736842215061188,1.6451613,0.5686274766921997,1.3548387,errol white
Dian Wright-Forde,PG,NORF,31.0,13.354838,5.0,1.8064516,1.1612903,0.7419355,0.2580645,0.32258064,3.903226,0.44628098607063293,2.064516,0.578125,0.9677419,dian wright forde
Jacob St. Clair,PG,AUM,1.0,15.0,5.0,1.0,0.0,1.0,1.0,1.0,4.0,0.25,3.0,0.6666666865348816,1.0,jacob st clair
Derek Sangster,SF,REDL,1.0,22.0,5.0,6.0,0.0,2.0,2.0,0.0,7.0,0.2857142984867096,2.0,0.5,1.0,derek sangster
Colt Donley,PG,MLSP,1.0,14.0,5.0,1.0,0.0,0.0,0.0,0.0,3.0,0.0,8.0,0.625,1.0,colt donley
Brock McKnight,PG,BRE,1.0,18.0,5.0,0.0,1.0,1.0,0.0,1.0,2.0,1.0,0.0,0.0,1.0,brock mcknight
Fred Criqui,SF,MCC,1.0,22.0,5.0,3.0,1.0,0.0,2.0,1.0,5.0,0.4000000059604645,0.0,0.0,0.0,fred criqui
Charlie Evich,PG,CTDM,1.0,20.0,5.0,3.0,1.0,1.0,0.0,1.0,4.0,0.5,0.0,0.0,3.0,charlie evich
John Fowler,PG,CTDM,1.0,37.0,5.0,6.0,3.0,2.0,0.0,1.0,4.0,0.25,2.0,1.0,2.0,john fowler
Lavion Morales,PG,CHEY,2.0,7.0,5.0,0.5,0.0,0.0,0.0,1.0,2.5,0.6000000238418579,1.0,1.0,0.5,lavion morales
Ryan Braam,SF,FPU,1.0,13.0,5.0,1.0,0.0,0.0,0.0,1.0,1.0,1.0,2.0,1.0,0.0,ryan braam
Leyton Barr,PG,NCU,1.0,8.0,5.0,1.0,0.0,0.0,0.0,1.0,5.0,0.4000000059604645,0.0,0.0,0.0,leyton barr
Rob Geremino,PG,MSMC,1.0,13.0,5.0,0.0,0.0,0.0,0.0,1.0,4.0,0.5,0.0,0.0,1.0,rob geremino
Branson Lynn,PG,LETU,1.0,16.0,5.0,0.0,3.0,0.0,0.0,1.0,6.0,0.3333333432674408,0.0,0.0,3.0,branson lynn
Cale Rammel,PF,OHCU,1.0,30.0,5.0,3.0,1.0,2.0,0.0,0.0,8.0,0.125,6.0,0.5,1.0,cale rammel
Cameron McMurray,SF,PQC,1.0,16.0,5.0,2.0,1.0,1.0,1.0,1.0,4.0,0.5,2.0,0.0,1.0,cameron mcmurray
Tyler Moss,PG,BERE,1.0,18.0,5.0,4.0,0.0,2.0,0.0,0.0,7.0,0.1428571492433548,4.0,0.75,5.0,tyler moss
Brian Harris,SG,SPRH,1.0,16.0,5.0,1.0,1.0,0.0,0.0,1.0,9.0,0.2222222238779068,2.0,0.0,1.0,brian harris
Blaine Salsman,PG,OCC,1.0,22.0,5.0,2.0,0.0,0.0,0.0,1.0,5.0,0.20000000298023224,2.0,1.0,3.0,blaine salsman
Amare Wimbush,SF,VSU,1.0,11.0,5.0,1.0,0.0,1.0,0.0,0.0,3.0,0.6666666865348816,1.0,1.0,1.0,amare wimbush
Chauncey Hughes III,PG,BTTN,2.0,13.0,5.0,1.0,1.5,0.5,0.0,0.5,6.0,0.0833333358168602,4.5,0.7777777910232544,1.0,chauncey hughes iii
Brady Bell,PG,CMBS,1.0,22.0,5.0,4.0,0.0,0.0,0.0,1.0,6.0,0.3333333432674408,0.0,0.0,3.0,brady bell
Eric Robinson,PG,UTSO,1.0,21.0,5.0,2.0,3.0,3.0,0.0,1.0,3.0,0.3333333432674408,2.0,1.0,4.0,eric robinson
Devin Griffin,PG,MYSU,1.0,24.0,5.0,2.0,2.0,0.0,0.0,0.0,3.0,0.6666666865348816,2.0,0.5,4.0,devin griffin
Stratton Lovvorn,PG,TWU,2.0,12.0,5.0,2.0,0.5,0.0,0.0,1.0,4.0,0.5,0.5,0.0,0.0,stratton lovvorn
RJ Mayfield,SF,ELMS,2.0,18.5,5.0,2.0,1.5,1.5,1.0,0.0,7.0,0.3571428656578064,0.0,0.0,1.5,rj mayfield
Terrence Bryant,SF,DALL,2.0,20.0,5.0,3.5,0.5,1.5,0.0,0.5,7.0,0.2857142984867096,2.0,0.25,3.5,terrence bryant
Elijah White,PG,BLU,1.0,26.0,5.0,2.0,5.0,2.0,0.0,1.0,11.0,0.09090909361839294,3.0,0.6666666865348816,1.0,elijah white
Julius Morris,PG,UNTD,1.0,20.0,5.0,1.0,0.0,1.0,0.0,0.0,3.0,0.3333333432674408,4.0,0.75,2.0,julius morris
Tyler Harrington,PG,LGC,2.0,15.5,5.0,2.0,0.0,0.0,0.5,1.0,4.5,0.4444444477558136,0.0,0.0,2.0,tyler harrington
Anthony Rivera,PG,GCTU,2.0,22.0,5.0,5.5,3.5,2.0,0.0,0.0,4.0,0.375,3.0,0.6666666865348816,2.5,anthony rivera
Jackson Houston,PG,PDMT,1.0,19.0,5.0,5.0,1.0,1.0,0.0,0.0,4.0,0.5,2.0,0.5,2.0,jackson houston
Reece Garvin,PG,MWD,1.0,11.0,5.0,0.0,1.0,1.0,0.0,1.0,6.0,0.3333333432674408,0.0,0.0,0.0,reece garvin
Kell Estep,PG,HLGU,1.0,25.0,5.0,1.0,1.0,1.0,0.0,1.0,11.0,0.1818181872367859,0.0,0.0,1.0,kell estep
Dean Balo,PG,TUTX,1.0,24.0,5.0,2.0,3.0,2.0,0.0,0.0,4.0,0.25,4.0,0.75,2.0,dean balo
Nathan Jones,PG,WNMU,1.0,15.0,5.0,2.0,0.0,2.0,0.0,0.0,4.0,0.5,2.0,0.5,2.0,nathan jones
Taven Washington,PG,NESU,1.0,23.0,5.0,1.0,0.0,0.0,0.0,1.0,2.0,1.0,0.0,0.0,2.0,taven washington
Tristan Guzman,PG,ULV,1.0,16.0,5.0,1.0,4.0,0.0,0.0,1.0,4.0,0.5,0.0,0.0,2.0,tristan guzman
Edram Gbekou,PG,NYCA,1.0,11.0,5.0,1.0,0.0,0.0,0.0,1.0,4.0,0.5,0.0,0.0,0.0,edram gbekou
Tanner Higgins,PG,PONT,1.0,25.0,5.0,4.0,1.0,0.0,0.0,1.0,3.0,0.3333333432674408,2.0,1.0,0.0,tanner higgins
Bryant Odunayo,PG,UHSP,1.0,16.0,5.0,2.0,0.0,0.0,0.0,1.0,6.0,0.3333333432674408,0.0,0.0,3.0,bryant odunayo
Deacon Linder,SF,MANR,2.0,34.5,5.0,3.0,0.5,0.0,0.0,1.0,5.5,0.3636363744735718,0.0,0.0,3.0,deacon linder
Julian Mitchell,PG,CAPU,1.0,31.0,5.0,5.0,2.0,3.0,0.0,1.0,9.0,0.1111111119389534,2.0,1.0,1.0,julian mitchell
Tristan Lewis,PG,UTPB,1.0,12.0,5.0,2.0,1.0,0.0,0.0,0.0,0.0,0.0,6.0,0.8333333134651184,3.0,tristan lewis
Eli Stoute,PG,MISE,2.0,13.5,5.0,1.0,0.5,0.5,0.0,1.0,5.5,0.27272728085517883,1.0,1.0,1.5,eli stoute
Jax Effertz,SF,NCU,1.0,18.0,5.0,2.0,1.0,0.0,0.0,1.0,4.0,0.5,0.0,0.0,0.0,jax effertz
Colby Williams,SF,AUM,1.0,20.0,5.0,4.0,0.0,0.0,1.0,0.0,5.0,0.4000000059604645,4.0,0.25,1.0,colby williams
Paul Lanzi,PG,STL,1.0,26.0,5.0,1.0,0.0,0.0,0.0,1.0,7.0,0.2857142984867096,0.0,0.0,2.0,paul lanzi
Bobby Taylor,PG,SWES,3.0,19.666666,5.0,2.3333333,2.0,0.33333334,0.0,1.0,6.3333335,0.31578946113586426,0.0,0.0,3.0,bobby taylor
Kenyon Addie,PG,SWES,3.0,14.333333,5.0,1.6666666,0.33333334,0.6666667,0.0,1.6666666,4.3333335,0.38461539149284363,0.0,0.0,0.33333334,kenyon addie
Travontae Swift,PG,MIDW,4.0,14.5,5.0,1.5,0.0,0.25,0.0,1.0,5.0,0.30000001192092896,1.75,0.5714285969734192,1.75,travontae swift
Mason Mitchell,PG,AVER,2.0,29.0,5.0,1.5,1.0,1.0,0.0,1.0,6.0,0.25,2.0,0.5,1.5,mason mitchell
Denaj Kimber,PG,TUSC,2.0,18.0,5.0,1.5,1.5,0.5,0.0,0.5,6.0,0.3333333432674408,0.5,1.0,0.5,denaj kimber
Hudson Parker,PG,BNIL,1.0,13.0,5.0,2.0,2.0,1.0,0.0,0.0,4.0,0.5,1.0,1.0,2.0,hudson parker
Ryan Tucker,PG,BNIL,1.0,17.0,5.0,4.0,1.0,1.0,0.0,1.0,7.0,0.2857142984867096,0.0,0.0,1.0,ryan tucker
David Day,PG,AQUI,1.0,24.0,5.0,1.0,2.0,1.0,0.0,0.0,7.0,0.2857142984867096,1.0,1.0,8.0,david day
Anthony Todd,SF,SJLI,1.0,20.0,5.0,4.0,0.0,1.0,0.0,0.0,5.0,0.20000000298023224,8.0,0.375,4.0,anthony todd
Aaron Zalescik,SF,MMA,1.0,24.0,5.0,7.0,0.0,1.0,0.0,1.0,2.0,0.5,4.0,0.5,1.0,aaron zalescik
CJ Mundell,PG,HFU,1.0,8.0,5.0,1.0,1.0,1.0,0.0,1.0,3.0,0.6666666865348816,0.0,0.0,0.0,cj mundell
Omarion Jett,PG,HFU,1.0,33.0,5.0,3.0,2.0,1.0,0.0,1.0,6.0,0.3333333432674408,0.0,0.0,2.0,omarion jett
Karrington Wallace,SF,HFU,1.0,9.0,5.0,3.0,1.0,0.0,0.0,1.0,2.0,1.0,0.0,0.0,0.0,karrington wallace
Santiago Ochoa,PG,OLLU,1.0,10.0,5.0,3.0,0.0,0.0,0.0,1.0,3.0,0.6666666865348816,0.0,0.0,2.0,santiago ochoa
Abdul-Jaleel Ibrahim,PG,SNYD,1.0,8.0,5.0,1.0,1.0,1.0,0.0,1.0,4.0,0.5,0.0,0.0,2.0,abdul jaleel ibrahim
Omar Gayle,PG,STTX,1.0,13.0,5.0,0.0,0.0,0.0,0.0,0.0,3.0,0.6666666865348816,2.0,0.5,2.0,omar gayle
Kani Rashied-Henry,SF,LGC,2.0,19.5,5.0,4.5,0.5,0.0,3.0,0.5,5.0,0.4000000059604645,1.0,0.5,1.5,kani rashied henry
Noah Drenth,C,SCHR,1.0,10.0,5.0,2.0,0.0,0.0,2.0,0.0,6.0,0.3333333432674408,2.0,0.5,0.0,noah drenth
Jake Hatch,SF,CMBL,1.0,22.0,5.0,5.0,2.0,0.0,1.0,1.0,4.0,0.5,0.0,0.0,1.0,jake hatch
Keagan Faulkner,SF,NCU,1.0,8.0,5.0,2.0,0.0,0.0,0.0,1.0,1.0,1.0,2.0,1.0,0.0,keagan faulkner
Neven Noor,PG,MNHV,1.0,8.0,5.0,1.0,0.0,1.0,0.0,1.0,2.0,1.0,0.0,0.0,0.0,neven noor
Jaylen Jackson,SF,FVSU,1.0,12.0,5.0,2.0,1.0,1.0,0.0,0.0,6.0,0.3333333432674408,2.0,0.5,0.0,jaylen jackson
Sincere Key,PG,MRHO,1.0,12.0,5.0,1.0,1.0,1.0,0.0,1.0,8.0,0.125,2.0,1.0,0.0,sincere key
Felix McGhee,PG,WAU,2.0,13.5,5.0,2.0,0.5,0.0,0.0,1.5,4.0,0.375,1.0,0.5,1.0,felix mcghee
Sergej Macura,SF,MSST,28.0,18.464285,5.0,4.821429,0.8214286,0.42857143,0.14285715,0.21428572,3.7857144,0.5566037893295288,1.3214285,0.4324324429035187,0.64285713,sergej macura
Aiden Miller,SF,IUIN,29.0,14.724138,5.0,3.7931035,0.9655172,0.79310346,0.20689656,1.0689656,4.37931,0.3700787425041199,1.0689656,0.6451612710952759,0.7586207,aiden miller
Alex Molofeev,PG,ULM,30.0,21.866667,5.0,2.5666666,1.7333333,0.9,0.16666667,0.46666667,4.4,0.42424243688583374,1.3333334,0.6000000238418579,1.5,alex molofeev
Makai Kvamme,PG,WIU,31.0,25.32258,5.0,2.7741935,2.7096775,1.1935484,0.16129032,0.16129032,5.709677,0.35593220591545105,1.6129032,0.47999998927116394,1.2580645,makai kvamme
Noah Deitch,SF,COLC,1.0,9.0,5.0,0.0,0.0,0.0,0.0,1.0,6.0,0.3333333432674408,0.0,0.0,0.0,noah deitch
Melvin Evans,PG,CALD,1.0,32.0,5.0,8.0,3.0,1.0,2.0,0.0,11.0,0.1818181872367859,2.0,0.5,6.0,melvin evans
Jaryn Bull,PG,CALD,1.0,18.0,5.0,2.0,0.0,2.0,0.0,0.0,2.0,1.0,2.0,0.5,2.0,jaryn bull
Timothy Palmer,SF,ARBA,3.0,26.666666,5.0,4.6666665,0.6666667,1.3333334,2.3333333,0.0,3.6666667,0.3636363744735718,2.6666667,0.875,0.33333334,timothy palmer
Devon Woods,PG,MNLO,1.0,29.0,5.0,4.0,6.0,0.0,0.0,1.0,10.0,0.20000000298023224,2.0,0.0,0.0,devon woods
Meek Ater,SF,MNLO,1.0,9.0,5.0,2.0,0.0,0.0,1.0,0.0,3.0,0.6666666865348816,2.0,0.5,1.0,meek ater
Rini Harris,PG,MCK,1.0,21.0,5.0,6.0,0.0,0.0,0.0,0.0,9.0,0.2222222238779068,2.0,0.5,3.0,rini harris
David Martinez,PG,LETU,1.0,17.0,5.0,0.0,2.0,0.0,0.0,1.0,7.0,0.2857142984867096,0.0,0.0,3.0,david martinez
Jayce King,PG,ADSU,1.0,11.0,5.0,3.0,0.0,0.0,0.0,1.0,5.0,0.4000000059604645,0.0,0.0,0.0,jayce king
Wyatt Helming,SF,ADSU,1.0,18.0,5.0,5.0,0.0,2.0,1.0,1.0,6.0,0.3333333432674408,0.0,0.0,1.0,wyatt helming
Jason Clark,SF,OKCU,1.0,22.0,5.0,1.0,1.0,0.0,0.0,1.0,8.0,0.25,0.0,0.0,1.0,jason clark
Chrisean Oree,PG,CVU,1.0,30.0,5.0,2.0,3.0,0.0,0.0,1.0,9.0,0.2222222238779068,0.0,0.0,2.0,chrisean oree
JaKourion Key,PG,SAR,1.0,26.0,5.0,5.0,0.0,0.0,0.0,0.0,7.0,0.1428571492433548,6.0,0.5,0.0,jakourion key
Jefferson McLamb,PG,UMO,1.0,21.0,5.0,3.0,0.0,1.0,0.0,1.0,9.0,0.2222222238779068,0.0,0.0,0.0,jefferson mclamb
Truman Teuber,PG,WLMT,1.0,16.0,5.0,1.0,1.0,1.0,0.0,1.0,8.0,0.25,0.0,0.0,0.0,truman teuber
Kellen Sande,PG,WLMT,1.0,15.0,5.0,3.0,4.0,1.0,0.0,1.0,1.0,1.0,4.0,0.5,1.0,kellen sande
Markees Williams,PG,SFST,2.0,24.0,5.0,0.5,2.0,0.0,0.0,1.0,7.5,0.2666666805744171,0.0,0.0,3.5,markees williams
Peyton Guerrero,PG,WHTR,2.0,16.5,5.0,3.0,0.5,0.5,0.0,0.5,6.0,0.3333333432674408,1.5,0.3333333432674408,1.0,peyton guerrero
Jared Lloyd Jr.,PG,COCU,2.0,16.5,5.0,1.5,1.0,1.0,0.0,0.0,3.5,0.4285714328289032,2.5,0.800000011920929,1.0,jared lloyd jr
Peter Chambers,PG,COCU,2.0,13.0,5.0,0.0,1.5,0.5,0.0,0.0,4.0,0.5,1.0,1.0,0.5,peter chambers
Javon Brooks,PG,BMTA,1.0,12.0,5.0,2.0,0.0,0.0,0.0,1.0,5.0,0.4000000059604645,0.0,0.0,1.0,javon brooks
Elijah Preddy,PG,BLUS,1.0,15.0,5.0,1.0,2.0,1.0,1.0,1.0,3.0,0.6666666865348816,0.0,0.0,5.0,elijah preddy
Conrad Linhart,PG,CU,3.0,12.666667,5.0,0.6666667,0.0,0.0,0.33333334,1.0,3.6666667,0.4545454680919647,0.6666667,1.0,1.3333334,conrad linhart
Michael Wilson,SF,RHDS,2.0,17.5,5.0,1.5,0.0,1.0,0.5,0.5,3.0,0.6666666865348816,1.5,0.3333333432674408,1.5,michael wilson
Emmanuel Fuller,SF,DMIL,2.0,14.5,5.0,2.0,2.0,0.0,0.0,0.0,3.5,0.5714285969734192,1.0,1.0,1.0,emmanuel fuller
Finley Montoya,PG,DALL,2.0,14.5,5.0,2.0,0.5,0.0,0.0,0.0,4.5,0.4444444477558136,1.0,1.0,1.0,finley montoya
Darnell Dantzler,PG,UDC,1.0,11.0,5.0,0.0,1.0,0.0,0.0,0.0,4.0,0.0,6.0,0.8333333134651184,1.0,darnell dantzler
Jayson Perry,PG,ALLG,1.0,29.0,5.0,1.0,1.0,1.0,2.0,0.0,6.0,0.3333333432674408,2.0,0.5,4.0,jayson perry
Pijus Latauskas,SF,ALLG,1.0,25.0,5.0,6.0,0.0,0.0,1.0,0.0,3.0,0.3333333432674408,6.0,0.5,3.0,pijus latauskas
Brayden Szamrej,PG,NWD,1.0,28.0,5.0,4.0,6.0,0.0,0.0,1.0,6.0,0.1666666716337204,4.0,0.5,3.0,brayden szamrej
Brody Schuh,SF,MSMC,1.0,14.0,5.0,1.0,0.0,0.0,1.0,1.0,4.0,0.5,0.0,0.0,1.0,brody schuh
Aumad Hackett,PG,SUNO,1.0,16.0,5.0,3.0,0.0,0.0,0.0,1.0,4.0,0.25,2.0,1.0,1.0,aumad hackett
Andrew Koclanes,PG,CALT,1.0,18.0,5.0,0.0,0.0,1.0,0.0,1.0,4.0,0.5,0.0,0.0,0.0,andrew koclanes
Stuart Florescu,C,CALT,1.0,20.0,5.0,6.0,0.0,0.0,0.0,1.0,8.0,0.25,0.0,0.0,3.0,stuart florescu
Tre Kirk,PG,CIU,2.0,10.0,5.0,1.5,0.5,0.0,0.0,1.0,4.5,0.4444444477558136,0.0,0.0,1.5,tre kirk
Chase Daniel,PG,CAT,1.0,13.0,5.0,0.0,3.0,3.0,0.0,0.0,3.0,0.6666666865348816,1.0,1.0,3.0,chase daniel
Isaiah Bailey,PG,CLRY,3.0,15.0,5.0,2.0,0.33333334,0.0,0.33333334,0.33333334,3.6666667,0.5454545617103577,1.0,0.6666666865348816,0.33333334,isaiah bailey
Isaiah Johnson,SF,PSBW,2.0,21.5,5.0,6.0,0.5,0.0,0.5,0.0,6.5,0.23076923191547394,3.5,0.5714285969734192,1.5,isaiah johnson
Zaydrien Sewell,SF,LCHR,1.0,14.0,5.0,2.0,1.0,1.0,0.0,1.0,3.0,0.3333333432674408,2.0,1.0,0.0,zaydrien sewell
Larry Lee,SF,LCHR,1.0,16.0,5.0,4.0,0.0,0.0,1.0,0.0,3.0,0.6666666865348816,3.0,0.3333333432674408,1.0,larry lee
Jamauri Bryant,SF,JCSU,1.0,22.0,5.0,6.0,3.0,0.0,0.0,1.0,6.0,0.1666666716337204,2.0,1.0,4.0,jamauri bryant
Quentin Hesse,PG,HNVR,1.0,8.0,5.0,2.0,0.0,0.0,0.0,1.0,4.0,0.25,2.0,1.0,0.0,quentin hesse
Davion Butler,PG,CSS,1.0,18.0,5.0,1.0,2.0,0.0,0.0,0.0,6.0,0.3333333432674408,3.0,0.3333333432674408,2.0,davion butler
Cooper Frith,PG,REGU,1.0,32.0,5.0,1.0,1.0,0.0,1.0,0.0,6.0,0.3333333432674408,2.0,0.5,0.0,cooper frith
De'Angelo Owens,PG,JWU,2.0,25.5,5.0,1.5,4.5,1.0,0.0,1.0,4.0,0.5,0.5,0.0,2.0,de angelo owens
Pierce Ross,PG,NESU,1.0,16.0,5.0,0.0,0.0,1.0,0.0,0.0,2.0,0.5,5.0,0.6000000238418579,1.0,pierce ross
Sage Wayans,SF,NESU,1.0,9.0,5.0,0.0,0.0,0.0,1.0,1.0,3.0,0.6666666865348816,0.0,0.0,1.0,sage wayans
Wayne Hedgepeth,PG,APPR,1.0,25.0,5.0,2.0,4.0,0.0,0.0,1.0,11.0,0.1818181872367859,0.0,0.0,3.0,wayne hedgepeth
Ashraf Barsham,PG,AGSU,1.0,13.0,5.0,2.0,0.0,0.0,0.0,0.0,3.0,0.6666666865348816,2.0,0.5,3.0,ashraf barsham
Jack Maloney,PG,MNHV,1.0,12.0,5.0,3.0,0.0,0.0,0.0,1.0,4.0,0.5,0.0,0.0,0.0,jack maloney
Emanuel Henriques,PG,CNSU,2.0,17.5,5.0,0.5,0.5,1.5,0.0,0.0,4.5,0.4444444477558136,2.0,0.5,1.0,emanuel henriques
Larenz Miller,SF,PSC,1.0,17.0,5.0,3.0,1.0,0.0,0.0,0.0,2.0,0.5,4.0,0.75,0.0,larenz miller
D'monyae Davis,PG,TIFF,1.0,29.0,5.0,3.0,2.0,1.0,1.0,1.0,4.0,0.25,2.0,1.0,0.0,d monyae davis
Kur Maler,SF,KYSU,1.0,11.0,5.0,2.0,0.0,1.0,1.0,1.0,4.0,0.5,0.0,0.0,1.0,kur maler
Demerius Shakur,PG,MAMC,1.0,22.0,5.0,3.0,3.0,2.0,0.0,1.0,4.0,0.5,0.0,0.0,2.0,demerius shakur
Luke Tobin,SF,GFU,1.0,12.0,5.0,0.0,0.0,0.0,0.0,1.0,3.0,0.3333333432674408,3.0,0.6666666865348816,1.0,luke tobin
Isaias Salgado,PG,WCBC,3.0,25.333334,5.0,3.3333333,1.0,1.0,0.0,0.6666667,6.6666665,0.30000001192092896,0.6666667,0.5,2.3333333,isaias salgado
Leighton Strommen,PG,MYSU,1.0,5.0,5.0,1.0,0.0,0.0,0.0,1.0,3.0,0.6666666865348816,0.0,0.0,0.0,leighton strommen
Logan Wilson,SF,CUNE,1.0,26.0,5.0,4.0,1.0,2.0,1.0,1.0,7.0,0.1428571492433548,3.0,0.6666666865348816,0.0,logan wilson
Thomas Girma,SF,SMWC,1.0,19.0,5.0,5.0,0.0,2.0,0.0,1.0,5.0,0.4000000059604645,0.0,0.0,0.0,thomas girma
Ryan Weiss,SF,BRDS,1.0,20.0,5.0,1.0,0.0,0.0,0.0,1.0,4.0,0.5,0.0,0.0,1.0,ryan weiss
Alex Zakheim,PG,BRDS,1.0,29.0,5.0,4.0,5.0,1.0,0.0,0.0,11.0,0.1818181872367859,2.0,0.5,1.0,alex zakheim
Charles Thomas III,SF,BOWE,1.0,16.0,5.0,1.0,0.0,1.0,0.0,1.0,5.0,0.20000000298023224,2.0,1.0,2.0,charles thomas iii
Latimer Taylor Jr.,PG,OLDW,1.0,24.0,5.0,1.0,2.0,0.0,0.0,1.0,8.0,0.125,2.0,1.0,1.0,latimer taylor jr
Christian Thomas,SF,OLDW,1.0,25.0,5.0,3.0,0.0,3.0,0.0,1.0,8.0,0.25,0.0,0.0,1.0,christian thomas
Khamai Orange,PG,ROW,1.0,7.0,5.0,1.0,2.0,0.0,0.0,0.0,2.0,1.0,2.0,0.5,0.0,khamai orange
Kylen Kelly,PG,WBU,1.0,28.0,5.0,4.0,2.0,5.0,0.0,0.0,8.0,0.25,2.0,0.5,2.0,kylen kelly
Casen Chaney,PG,DOAN,1.0,36.0,5.0,2.0,7.0,4.0,1.0,1.0,9.0,0.2222222238779068,0.0,0.0,4.0,casen chaney
Elijah Harris,PG,STL,1.0,18.0,5.0,1.0,1.0,1.0,0.0,1.0,2.0,0.5,2.0,1.0,0.0,elijah harris
Elijah Mobley,PG,UAA,1.0,15.0,5.0,0.0,2.0,1.0,0.0,1.0,6.0,0.3333333432674408,0.0,0.0,0.0,elijah mobley
Mason McGown,PG,SCHR,1.0,16.0,5.0,1.0,0.0,0.0,0.0,1.0,9.0,0.2222222238779068,0.0,0.0,0.0,mason mcgown
Joshua Whiteside,SF,UMW,1.0,18.0,5.0,5.0,0.0,0.0,2.0,0.0,6.0,0.3333333432674408,2.0,0.5,2.0,joshua whiteside
Taveon Smith,PG,CBVU,1.0,18.0,5.0,1.0,1.0,1.0,0.0,1.0,5.0,0.4000000059604645,0.0,0.0,0.0,taveon smith
Evan McKean,PG,UCCS,1.0,13.0,5.0,1.0,0.0,0.0,0.0,1.0,4.0,0.5,1.0,0.0,1.0,evan mckean
Eldon Terry,SF,CONC,1.0,12.0,5.0,3.0,2.0,0.0,0.0,1.0,4.0,0.5,0.0,0.0,3.0,eldon terry
Jasaum Sowell,PG,IUC,1.0,11.0,5.0,0.0,0.0,0.0,0.0,1.0,3.0,0.6666666865348816,1.0,0.0,0.0,jasaum sowell
Hunter Hill,SF,MCC,1.0,15.0,5.0,5.0,0.0,0.0,1.0,1.0,5.0,0.4000000059604645,0.0,0.0,0.0,hunter hill
Peyton Torres,PG,MCC,1.0,12.0,5.0,1.0,1.0,0.0,0.0,1.0,6.0,0.3333333432674408,0.0,0.0,1.0,peyton torres
Derrick Brown,SF,RHDT,2.0,19.0,5.0,3.5,0.0,0.0,2.0,0.0,9.0,0.2777777910232544,0.0,0.0,1.5,derrick brown
Khalil Cooke,SG,RHDT,2.0,17.0,5.0,2.0,1.0,0.0,0.0,0.5,5.0,0.30000001192092896,2.5,0.6000000238418579,1.5,khalil cooke
Arael Jones,PG,RHDT,2.0,17.0,5.0,1.0,1.0,1.0,0.0,0.0,5.5,0.3636363744735718,2.0,0.5,1.5,arael jones
Devon Carter,SF,SNYD,1.0,16.0,5.0,3.0,1.0,0.0,0.0,0.0,5.0,0.4000000059604645,2.0,0.5,1.0,devon carter
Kechan Johnson,PG,ADR,1.0,6.0,5.0,0.0,0.0,2.0,0.0,1.0,2.0,0.5,3.0,0.6666666865348816,1.0,kechan johnson
Brendon Schlink,SF,ADR,1.0,17.0,5.0,3.0,0.0,1.0,0.0,1.0,6.0,0.3333333432674408,0.0,0.0,1.0,brendon schlink
Tyshown Doly,SG,UMFK,1.0,11.0,5.0,3.0,0.0,0.0,0.0,1.0,4.0,0.5,0.0,0.0,3.0,tyshown doly
Kori Segich,PG,WIDE,1.0,17.0,5.0,1.0,0.0,2.0,0.0,1.0,5.0,0.4000000059604645,0.0,0.0,1.0,kori segich
Jayden Lawrence,SF,WIDE,1.0,15.0,5.0,2.0,0.0,0.0,0.0,1.0,6.0,0.3333333432674408,0.0,0.0,0.0,jayden lawrence
Dylan Goodman,PG,FP,1.0,28.0,5.0,1.0,3.0,1.0,1.0,1.0,4.0,0.5,0.0,0.0,0.0,dylan goodman
Aaron Anene,PG,FP,1.0,16.0,5.0,2.0,1.0,0.0,0.0,0.0,4.0,0.5,2.0,0.5,2.0,aaron anene
Mikhali Roberts,SF,PRCP,1.0,26.0,5.0,3.0,0.0,0.0,0.0,0.0,10.0,0.10000000149011612,4.0,0.75,1.0,mikhali roberts
Nolan Simon,PG,PRCP,1.0,27.0,5.0,1.0,1.0,1.0,0.0,0.0,7.0,0.1428571492433548,4.0,0.75,5.0,nolan simon
LJ Vaughan,PG,DSLU,1.0,2.0,5.0,0.0,0.0,0.0,0.0,1.0,3.0,0.6666666865348816,0.0,0.0,0.0,lj vaughan
Ryan Glassmacher,SF,DSLU,1.0,16.0,5.0,1.0,1.0,1.0,0.0,1.0,3.0,0.6666666865348816,0.0,0.0,1.0,ryan glassmacher
Emanuel Domingo,SF,DSLU,1.0,20.0,5.0,1.0,1.0,1.0,0.0,1.0,4.0,0.5,0.0,0.0,0.0,emanuel domingo
Robbie Ruisch,PG,DSLU,1.0,16.0,5.0,1.0,0.0,0.0,0.0,1.0,2.0,0.5,2.0,1.0,1.0,robbie ruisch
Noah Castaneda,SF,ERSK,2.0,17.5,5.0,2.5,1.0,0.0,0.0,1.0,3.0,0.6666666865348816,0.0,0.0,1.0,noah castaneda
Andrew Wright,PG,NYCB,1.0,22.0,5.0,6.0,1.0,0.0,0.0,0.0,3.0,0.6666666865348816,2.0,0.5,4.0,andrew wright
David McKnight Jr.,PG,PLAT,1.0,23.0,5.0,3.0,2.0,0.0,0.0,1.0,4.0,0.5,0.0,0.0,0.0,david mcknight jr
Daniel Buttemere,PG,W&L,1.0,16.0,5.0,3.0,1.0,0.0,0.0,1.0,7.0,0.2857142984867096,0.0,0.0,1.0,daniel buttemere
Denzel Pierre,PG,UVF,1.0,18.0,5.0,0.0,0.0,0.0,0.0,1.0,7.0,0.2857142984867096,0.0,0.0,3.0,denzel pierre
Austin Matthews,SF,GEN,1.0,21.0,5.0,2.0,0.0,1.0,1.0,0.0,3.0,0.3333333432674408,4.0,0.75,2.0,austin matthews
Michael Asman,SF,RIP,1.0,24.0,5.0,4.0,2.0,0.0,0.0,1.0,7.0,0.2857142984867096,0.0,0.0,3.0,michael asman
Jordun Willard,PG,SWCU,3.0,13.666667,5.0,2.6666667,0.0,0.33333334,0.0,0.0,3.0,0.4444444477558136,3.6666667,0.6363636255264282,1.3333334,jordun willard
Braden Hudson,PG,BERE,1.0,10.0,5.0,2.0,0.0,0.0,0.0,1.0,3.0,0.6666666865348816,0.0,0.0,3.0,braden hudson
Keenan Joseph,PG,SPGN,1.0,14.0,5.0,3.0,1.0,0.0,0.0,1.0,4.0,0.5,0.0,0.0,1.0,keenan joseph
Thomas Diew,SF,UJ,1.0,15.0,5.0,0.0,0.0,0.0,0.0,0.0,3.0,0.6666666865348816,2.0,0.5,5.0,thomas diew
Jaden Ross,SF,STTX,1.0,11.0,5.0,0.0,0.0,0.0,0.0,1.0,2.0,1.0,0.0,0.0,3.0,jaden ross
Donovan Raikes,SF,WAYN,1.0,14.0,5.0,5.0,1.0,1.0,1.0,0.0,5.0,0.20000000298023224,5.0,0.6000000238418579,1.0,donovan raikes
Seth Cheney,PG,NCU,1.0,15.0,5.0,2.0,0.0,1.0,0.0,1.0,5.0,0.4000000059604645,0.0,0.0,1.0,seth cheney
JJ Howard,SF,AFST,1.0,18.0,5.0,1.0,2.0,1.0,0.0,1.0,4.0,0.5,0.0,0.0,1.0,jj howard
Alex Mullins,PG,MMID,1.0,30.0,5.0,9.0,1.0,0.0,1.0,0.0,8.0,0.25,2.0,0.5,4.0,alex mullins
Kodi Johnson,PG,BBU,1.0,9.0,5.0,5.0,1.0,1.0,0.0,1.0,3.0,0.3333333432674408,2.0,1.0,0.0,kodi johnson
Jake Rodriguez,PG,LC,1.0,17.0,5.0,1.0,2.0,0.0,0.0,1.0,2.0,0.5,2.0,1.0,0.0,jake rodriguez
Oladele Oladitan,PG,B&SA,1.0,30.0,5.0,3.0,4.0,0.0,1.0,0.0,11.0,0.1818181872367859,3.0,0.3333333432674408,4.0,oladele oladitan
Andrew Violante,PG,STJF,1.0,11.0,5.0,0.0,1.0,0.0,0.0,1.0,3.0,0.6666666865348816,0.0,0.0,0.0,andrew violante
William Hopkins,PG,VSU,1.0,24.0,5.0,4.0,4.0,1.0,0.0,1.0,7.0,0.2857142984867096,0.0,0.0,1.0,william hopkins
Marcus Jackson,SF,VSU,1.0,17.0,5.0,0.0,0.0,0.0,0.0,0.0,2.0,1.0,1.0,1.0,1.0,marcus jackson
Tyson Totten,PG,PSBH,1.0,10.0,5.0,2.0,0.0,0.0,0.0,0.0,1.0,1.0,4.0,0.75,0.0,tyson totten
Cade McNeill,PG,TMCN,1.0,3.0,5.0,0.0,0.0,0.0,0.0,1.0,2.0,1.0,0.0,0.0,0.0,cade mcneill
Damon Augustus,PG,ARTE,1.0,16.0,5.0,2.0,0.0,1.0,0.0,1.0,4.0,0.5,2.0,0.0,1.0,damon augustus
Adeboye Akinode,SF,B&SO,1.0,17.0,5.0,4.0,0.0,0.0,0.0,0.0,4.0,0.5,2.0,0.5,2.0,adeboye akinode
Travis Blake Jr.,PG,WLSN,1.0,20.0,5.0,3.0,0.0,0.0,0.0,1.0,7.0,0.2857142984867096,0.0,0.0,1.0,travis blake jr
Richard Chase,PG,WLSN,1.0,5.0,5.0,0.0,0.0,0.0,0.0,1.0,3.0,0.6666666865348816,0.0,0.0,1.0,richard chase
Simon Allen,PG,UMA,1.0,10.0,5.0,1.0,0.0,0.0,0.0,1.0,4.0,0.25,2.0,1.0,3.0,simon allen
Jamie Lawson,PG,ELMS,2.0,17.0,5.0,1.0,1.5,0.5,0.0,0.5,4.5,0.4444444477558136,1.0,0.5,2.5,jamie lawson
Makai Crawford,SF,RUC,1.0,22.0,5.0,3.0,4.0,2.0,0.0,0.0,6.0,0.3333333432674408,2.0,0.5,0.0,makai crawford
Sam Almas,PG,NCU,1.0,9.0,5.0,2.0,1.0,0.0,0.0,1.0,2.0,0.5,2.0,1.0,1.0,sam almas
Noah Brazil,PG,SMMD,2.0,11.5,5.0,1.5,0.0,0.5,0.0,0.0,4.5,0.2222222238779068,4.0,0.75,1.0,noah brazil
Kai Hyde,PG,SMMD,2.0,23.0,5.0,1.5,1.5,1.0,0.0,0.5,5.0,0.30000001192092896,1.5,1.0,2.0,kai hyde
Sam Howard,PG,UOO,1.0,11.0,5.0,1.0,0.0,0.0,0.0,1.0,4.0,0.5,1.0,0.0,0.0,sam howard
Mike Okello,C,UOO,1.0,20.0,5.0,1.0,1.0,1.0,0.0,0.0,4.0,0.5,1.0,1.0,0.0,mike okello
Kayson Dinkins,SF,CCNY,2.0,25.5,5.0,2.5,0.0,0.0,0.5,1.0,5.5,0.3636363744735718,0.0,0.0,2.5,kayson dinkins
Jabez Madplume,SF,SKC,1.0,11.0,5.0,1.0,0.0,0.0,0.0,0.0,4.0,0.5,2.0,0.5,0.0,jabez madplume
Payton Racine,SF,SKC,1.0,19.0,5.0,4.0,0.0,0.0,0.0,1.0,5.0,0.4000000059604645,0.0,0.0,1.0,payton racine
Jordan Isaac,SF,BAP,1.0,17.0,5.0,3.0,0.0,0.0,0.0,0.0,7.0,0.1428571492433548,6.0,0.5,2.0,jordan isaac
Kalleal Jones,SF,BAP,1.0,19.0,5.0,3.0,0.0,0.0,0.0,0.0,9.0,0.2222222238779068,4.0,0.25,3.0,kalleal jones
David Pina,SF,BAP,1.0,19.0,5.0,9.0,2.0,1.0,0.0,0.0,8.0,0.25,2.0,0.5,0.0,david pina
Sincere Moore,PG,MRHO,1.0,30.0,5.0,4.0,1.0,0.0,0.0,1.0,4.0,0.5,0.0,0.0,1.0,sincere moore
Jerald Colonel,SF,SFA,34.0,25.029411,4.970588,7.3235292,1.2941177,0.9411765,2.5588236,0.0,4.029412,0.5036496520042419,1.617647,0.5636363625526428,0.6764706,jerald colonel
Alex Crawford,SF,URI,32.0,19.46875,4.96875,3.28125,0.1875,0.65625,0.59375,0.5625,4.8125,0.3896103799343109,1.34375,0.4883720874786377,1.09375,alex crawford
Wilson Dubinsky,PG,MRSH,32.0,18.71875,4.96875,3.15625,1.21875,0.5,0.0,1.21875,4.25,0.3529411852359772,0.96875,0.774193525314331,0.4375,wilson dubinsky
Noah Taitz,PG,UVU,30.0,19.6,4.9666667,1.6666666,1.1666666,0.56666666,0.1,1.0,4.3333335,0.36153846979141235,1.1666666,0.7142857313156128,0.93333334,noah taitz
Anthony Enoh,SF,GAST,30.0,22.166666,4.9666667,5.0333333,0.8333333,0.6,0.6333333,0.33333334,4.633333,0.3381294906139374,2.3,0.6521739363670349,0.8666667,anthony enoh
Robert Fields,C,TXST,30.0,15.6,4.9666667,3.7,0.36666667,0.43333334,0.53333336,0.0,2.7333333,0.5243902206420898,3.0333333,0.692307710647583,0.6333333,robert fields
Marcus Fitzgerald Jr.,PG,JXST,29.0,18.310345,4.965517,1.5172414,1.0344827,0.6551724,0.06896552,1.0,4.172414,0.38842976093292236,0.8965517,0.807692289352417,0.79310346,marcus fitzgerald jr
Victor Okojie,SF,UML,29.0,18.034483,4.965517,4.827586,0.6896552,0.51724136,0.37931034,0.51724136,4.413793,0.3984375,1.6896552,0.5510203838348389,0.8965517,victor okojie
Kruz McClure,PG,DEP,28.0,18.571428,4.964286,1.4285715,1.4642857,0.78571427,0.14285715,0.8214286,4.25,0.3193277418613434,1.9285715,0.7407407164573669,1.3571428,kruz mcclure
Steele Venters,PG,GONZ,27.0,15.0,4.962963,1.2962962,1.037037,0.6296296,0.074074075,1.3333334,4.2222223,0.38596490025520325,0.44444445,0.8333333134651184,0.6296296,steele venters
Efeosa Oliogu-Elabor,SF,BTLR,25.0,16.32,4.96,2.2,2.04,0.76,0.28,0.08,4.2,0.4095238149166107,2.32,0.6206896305084229,1.44,efeosa oliogu elabor
Maliq Brown,SF,DUKE,38.0,20.210526,4.9473686,5.1842103,1.6315789,1.7894737,0.6315789,0.13157895,3.4736843,0.6287878751754761,0.8947368,0.5,1.1842105,maliq brown
Jasper Johnson,PG,UK,35.0,12.028571,4.9428573,1.0571429,1.6285714,0.14285715,0.057142857,0.8857143,4.285714,0.4000000059604645,0.71428573,0.8799999952316284,1.0,jasper johnson
Eric Mejia,PG,FAIR,34.0,18.794117,4.9411764,2.1764705,1.5294118,0.9411765,0.05882353,0.32352942,4.2941175,0.3493150770664215,2.2058823,0.7333333492279053,1.0,eric mejia
Alex Doyle,SF,STET,33.0,16.30303,4.939394,2.121212,0.90909094,0.42424244,0.21212122,1.3030303,4.151515,0.42335766553878784,0.21212122,0.5714285969734192,0.969697,alex doyle
Jake Wilkins,SF,UGA,32.0,10.1875,4.9375,1.78125,0.375,0.5625,0.4375,0.375,3.625,0.4655172526836395,1.53125,0.7755101919174194,0.5,jake wilkins
Thomas Ndong,SF,CBU,32.0,17.5,4.9375,6.5,0.375,0.46875,0.5,0.03125,3.46875,0.5675675868988037,1.5625,0.6200000047683716,0.96875,thomas ndong
Jordan Johnson,PG,BCU,32.0,16.0625,4.9375,1.3125,0.46875,0.3125,0.03125,0.9375,4.875,0.36538460850715637,0.71875,0.6086956262588501,0.5,jordan johnson
Jalin Holland,PG,COLO,31.0,17.419355,4.935484,2.6774194,0.8064516,0.7741935,0.38709676,0.48387095,4.645161,0.3888888955116272,1.548387,0.5416666865348816,1.032258,jalin holland
Kavon Bradford,PG,NAU,30.0,15.166667,4.9333334,1.5,1.5666667,0.53333336,0.16666667,0.13333334,3.9333334,0.43220338225364685,2.1333334,0.65625,1.2,kavon bradford
Samuel Hincapie,PG,LEM,30.0,15.533334,4.9333334,2.1,0.7,0.16666667,0.06666667,0.46666667,4.366667,0.4351145029067993,1.1666666,0.5714285969734192,0.6333333,samuel hincapie
R'Chaun King,SF,ALST,29.0,12.75862,4.9310346,2.3793104,0.3448276,0.51724136,0.13793103,0.0,2.724138,0.594936728477478,2.3448277,0.720588207244873,0.79310346,r chaun king
Harrison Reede,PG,UIW,26.0,10.423077,4.923077,0.7307692,0.07692308,0.1923077,0.0,1.6153846,3.0769231,0.5249999761581421,0.115384616,0.6666666865348816,0.115384616,harrison reede
Gediminas Alisas,SF,SFA,34.0,13.970589,4.9117646,2.4411764,1.2352941,0.14705883,0.05882353,0.0,3.3529413,0.6315789222717285,1.0,0.6764705777168274,0.7647059,gediminas alisas
Liam Campbell,PG,SMC,33.0,14.69697,4.909091,1.8181819,0.45454547,0.33333334,0.0,0.7878788,3.090909,0.5098039507865906,1.2121212,0.800000011920929,0.45454547,liam campbell
Bradey Henige,SF,CBU,33.0,20.181818,4.909091,5.5454545,0.5151515,0.33333334,0.33333334,0.0,3.909091,0.5348837375640869,1.3030303,0.5581395626068115,0.969697,bradey henige
Davius Loury,SF,CSUN,33.0,16.878788,4.909091,2.1515152,0.8484849,0.57575756,0.24242425,0.90909094,5.0,0.3333333432674408,1.030303,0.6470588445663452,0.8181818,davius loury
Spencer Ahrens,SF,BOIS,32.0,13.03125,4.90625,2.3125,0.65625,0.28125,0.34375,0.6875,3.96875,0.4409448802471161,1.0,0.71875,0.96875,spencer ahrens
Kedrick Osby,SF,NOLA,32.0,17.09375,4.90625,2.15625,0.1875,0.25,0.25,0.6875,4.0625,0.42307692766189575,1.03125,0.7575757503509521,0.53125,kedrick osby
Aleksas Bieliauskas,SF,WIS,35.0,20.171429,4.885714,4.3714285,0.85714287,0.17142858,0.6,0.8,4.114286,0.4305555522441864,0.85714287,0.6333333253860474,0.8,aleksas bieliauskas
Declan Ryan,SF,HC,26.0,13.5,4.8846154,2.1923077,0.6923077,0.30769232,0.07692308,0.115384616,4.076923,0.5377358198165894,0.61538464,0.625,1.1923077,declan ryan
Salim London,PG,UAB,32.0,19.625,4.875,2.25,1.5625,0.8125,0.15625,0.5625,4.5,0.3472222089767456,1.40625,0.8444444537162781,0.6875,salim london
Sam Springer,SF,L-MD,32.0,16.875,4.875,2.15625,0.625,0.125,0.125,0.8125,4.0,0.3984375,1.28125,0.6829268336296082,0.65625,sam springer
Lucas Mari,PG,UVM,30.0,19.966667,4.866667,3.9666667,1.7333333,0.43333334,0.23333333,0.6666667,4.233333,0.3858267664909363,1.3333334,0.699999988079071,1.2,lucas mari
Tyler Powell,PG,EWU,33.0,16.515152,4.848485,2.0,0.6060606,0.57575756,0.15151516,0.969697,3.909091,0.43410852551460266,0.6666667,0.7272727489471436,0.6363636,tyler powell
Isaiah Abraham,SF,GTWN,33.0,19.878788,4.848485,2.909091,0.6969697,0.4848485,0.33333334,0.75757575,4.3333335,0.38461539149284363,1.0909091,0.6944444179534912,0.4848485,isaiah abraham
Dario Domingos,SF,UTU,26.0,6.6923075,4.8461537,2.0384614,0.1923077,0.1923077,0.1923077,0.03846154,3.0,0.6282051205635071,1.6923077,0.6136363744735718,0.7692308,dario domingos
Babatunde Durodola,SF,TEM,32.0,19.1875,4.84375,3.5,1.625,0.34375,0.46875,0.0,3.40625,0.4954128563404083,1.9375,0.7580645084381104,0.9375,babatunde durodola
Romad Dean,SF,TLSA,38.0,15.973684,4.8421054,3.7105262,0.36842105,0.39473686,0.13157895,0.65789473,3.4736843,0.49242424964904785,0.81578946,0.9354838728904724,0.36842105,romad dean
Zae Blake,PG,RGV,30.0,18.966667,4.8333335,2.8,1.4,0.46666667,0.06666667,0.8333333,4.5,0.3629629611968994,0.96666664,0.7586206793785095,0.8666667,zae blake
Troy Plumtree,SF,CP,30.0,12.266666,4.8333335,2.3666666,0.6666667,0.4,0.2,0.23333333,3.8,0.5438596606254578,0.7,0.6666666865348816,1.1333333,troy plumtree
Leopold Levillain,SF,LBSU,30.0,19.3,4.8333335,5.0,1.0,0.6,0.36666667,0.0,3.1,0.5698924660682678,2.1,0.6190476417541504,1.4666667,leopold levillain
Jacob Huggins,SF,PRIN,29.0,21.172413,4.827586,4.3448277,1.6551725,0.3448276,0.5862069,0.20689656,3.8965516,0.36283186078071594,2.8965516,0.6190476417541504,0.6896552,jacob huggins
Elmarko Jackson,PG,KU,34.0,17.764706,4.8235292,1.7941177,1.4411764,0.7352941,0.20588236,0.47058824,3.7058823,0.380952388048172,1.8529412,0.8253968358039856,0.9705882,elmarko jackson
Maxim Logue,SF,FAU,28.0,11.214286,4.821429,3.0714285,0.035714287,0.5,0.53571427,0.0,3.1785715,0.6741573214530945,1.25,0.4285714328289032,0.5714286,maxim logue
Devyn Franklin,PG,GRAM,33.0,19.121212,4.818182,4.5454545,0.6969697,0.6060606,0.33333334,0.030303031,4.151515,0.41605839133262634,1.939394,0.6875,1.2121212,devyn franklin
Ariel Bland,SF,BCU,32.0,19.9375,4.8125,5.75,1.53125,0.75,1.375,0.0,3.3125,0.6320754885673523,1.03125,0.6060606241226196,1.25,ariel bland
Tomas Valentiny,SF,STBK,32.0,19.03125,4.8125,3.46875,0.9375,0.28125,0.28125,0.78125,4.375,0.3857142925262451,1.03125,0.6363636255264282,0.53125,tomas valentiny
Brennan Peterson,PG,NAU,32.0,19.3125,4.8125,0.6875,2.03125,0.4375,0.03125,1.15625,3.84375,0.4146341383457184,0.65625,0.7142857313156128,0.84375,brennan peterson
Michael Cooper,PG,WAG,31.0,13.4838705,4.806452,2.387097,0.6451613,0.38709676,0.19354838,0.48387095,3.548387,0.41818180680274963,1.6451613,0.8235294222831726,0.87096775,michael cooper
Jonathan Powell,PG,UNC,33.0,16.30303,4.787879,2.3939395,0.72727275,0.4848485,0.060606062,1.1515151,4.212121,0.38129496574401855,0.8787879,0.48275861144065857,0.33333334,jonathan powell
Kaspar Sepp,SF,COR,28.0,18.75,4.785714,5.5,2.607143,0.4642857,0.17857143,0.17857143,3.5,0.47959184646606445,1.8928572,0.6603773832321167,1.3214285,kaspar sepp
Harry Wessels,C,SMC,32.0,16.625,4.78125,5.0625,0.5625,0.40625,1.0,0.0,3.40625,0.5137614607810974,1.90625,0.6721311211585999,0.65625,harry wessels
Keynan Davis,PG,CIT,32.0,12.75,4.78125,1.4375,0.875,0.21875,0.125,0.6875,4.125,0.3636363744735718,1.8125,0.6034482717514038,0.46875,keynan davis
DeWayne Brown II,SF,TENN,35.0,14.657143,4.7714286,3.5714285,0.9142857,0.22857143,0.42857143,0.0,3.3142858,0.5862069129943848,1.3428571,0.6595744490623474,0.85714287,dewayne brown ii
Damarius Owens,SF,MARQ,30.0,15.633333,4.766667,2.5666666,0.73333335,0.56666666,0.2,0.53333336,3.8666666,0.4051724076271057,1.5333333,0.717391312122345,0.7,damarius owens
Kareem Stagg,SF,UGA,33.0,12.848485,4.757576,2.3939395,0.6060606,0.36363637,0.3939394,0.45454547,3.2424242,0.5046728849411011,1.3636364,0.7555555701255798,0.7878788,kareem stagg
Wesley Celichowski,C,AF,32.0,20.65625,4.75,2.375,1.28125,0.3125,0.5625,0.3125,4.59375,0.40136054158210754,1.40625,0.5333333611488342,1.0625,wesley celichowski
Andres Burney,SF,GASO,35.0,15.685715,4.742857,3.6571429,0.2857143,0.62857145,0.6857143,0.0,3.2,0.6607142686843872,0.94285715,0.5454545617103577,0.62857145,andres burney
Tay Mosher,SF,ETAM,27.0,16.62963,4.740741,2.074074,1.074074,0.44444445,0.074074075,1.1111112,4.4814816,0.3801652789115906,0.37037036,0.6000000238418579,0.44444445,tay mosher
Jalen Stokes,PG,UCD,27.0,13.925926,4.740741,2.5185184,0.7777778,0.5555556,0.11111111,0.25925925,3.2222223,0.4482758641242981,1.8148148,0.8775510191917419,0.8518519,jalen stokes
X'Zaevion Barnett,PG,MVSU,27.0,28.481482,4.740741,4.111111,2.6666667,1.2222222,0.14814815,0.22222222,3.8148148,0.35922330617904663,3.3333333,0.5333333611488342,2.074074,x zaevion barnett
Kendrick De Luna,SF,CSUF,34.0,17.441177,4.7352943,2.5,1.0882353,0.5,0.7647059,0.029411765,3.2941177,0.5,2.0294118,0.695652186870575,0.88235295,kendrick de luna
Bilal Abdur-Rahman,PG,AAMU,30.0,12.333333,4.733333,1.2333333,1.5,0.6666667,0.0,0.4,3.1,0.4301075339317322,2.4666667,0.6756756901741028,0.33333334,bilal abdur rahman
Evan Otten,SF,IDST,33.0,14.727273,4.7272725,3.8484848,0.27272728,0.21212122,1.7575758,0.030303031,3.4242425,0.5221238732337952,1.8484849,0.6065573692321777,0.90909094,evan otten
Kamryn Thomas,SF,OMA,28.0,20.821428,4.714286,3.5357144,0.9285714,0.2857143,0.35714287,0.64285713,3.8214285,0.40186914801597595,1.6071428,0.6222222447395325,1.0714285,kamryn thomas
Matija Samar,PG,ORST,28.0,16.285715,4.714286,1.8928572,1.3571428,0.2857143,0.035714287,0.9285714,4.642857,0.32307693362236023,0.85714287,0.9166666865348816,0.8214286,matija samar
Logan Imes,PG,ND,31.0,21.129032,4.709677,3.1935484,1.6774193,0.6451613,0.12903225,0.8064516,4.709677,0.3767123222351074,0.67741936,0.523809552192688,1.1935484,logan imes
Nick Ellington,SF,GMU,31.0,12.935484,4.709677,3.064516,0.2580645,0.3548387,0.58064514,0.032258064,3.1935484,0.5656565427780151,1.6451613,0.6470588445663452,0.61290324,nick ellington
Kelcy Phipps,PG,PRST,31.0,17.64516,4.709677,1.7096775,0.9677419,0.9677419,0.22580644,0.8064516,3.387097,0.4761904776096344,1.4193548,0.47727271914482117,0.83870965,kelcy phipps
KJ Cochran,PG,SCU,34.0,11.823529,4.7058825,1.382353,0.5588235,0.44117647,0.05882353,0.6764706,4.147059,0.43262410163879395,0.6764706,0.6521739363670349,0.44117647,kj cochran
Keziah Ekissi,PG,ORST,27.0,17.296297,4.703704,1.7037038,1.7777778,0.5925926,0.0,0.5925926,4.185185,0.3539822995662689,1.7777778,0.6458333134651184,1.074074,keziah ekissi
CJ Hall,PG,SIUE,29.0,13.103448,4.6896553,1.7931035,1.6896552,0.5862069,0.0,0.51724136,5.0,0.3724137842655182,0.6896552,0.6499999761581421,0.86206895,cj hall
Abdulai Fanta Kabba,C,WCU,29.0,17.37931,4.6896553,5.7586207,0.37931034,0.6896552,0.9310345,0.0,3.1724138,0.6739130616188049,1.2758621,0.3243243098258972,0.9310345,abdulai fanta kabba
Matt Enright,PG,APSU,25.0,15.32,4.68,1.08,1.04,0.8,0.0,1.12,3.88,0.3814432919025421,0.8,0.75,0.32,matt enright
Marcus Greene,PG,FOR,31.0,15.935484,4.677419,0.9032258,0.67741936,0.48387095,0.09677419,1.032258,4.2580647,0.40909090638160706,0.2580645,0.625,0.29032257,marcus greene
Emmanuel Ogbole,C,RUTG,34.0,18.970589,4.6764708,6.0,0.3529412,0.29411766,1.2058823,0.0,3.2941177,0.5982142686843872,1.3529412,0.54347825050354,1.0882353,emmanuel ogbole
Brandon Garrison,SF,UK,36.0,16.222221,4.6666665,4.0555553,1.0555556,0.5,0.8333333,0.11111111,3.4444444,0.5564516186714172,1.2222222,0.5909090638160706,0.9722222,brandon garrison
Trevor Vertiz,SF,CHCC,6.0,19.333334,4.6666665,1.1666666,0.6666667,0.5,0.0,1.0,6.3333335,0.28947368264198303,0.0,0.0,1.5,trevor vertiz
Jaion Pitt,SF,PAC,33.0,17.30303,4.6666665,3.6666667,0.54545456,0.6363636,0.33333334,0.121212125,2.8181818,0.6666666865348816,1.2424242,0.6341463327407837,0.3030303,jaion pitt
Rex Sunderland,PG,STO,33.0,26.818182,4.6666665,3.4545455,3.2121212,1.1818181,0.3939394,0.6969697,5.181818,0.31578946113586426,1.1212121,0.6216216087341309,2.3636363,rex sunderland
Marcus Pierce,PG,NMHU,3.0,16.666666,4.6666665,0.6666667,2.3333333,0.0,0.0,0.6666667,4.0,0.25,2.0,1.0,2.3333333,marcus pierce
CJ Booker,PG,SELA,30.0,20.433332,4.6666665,1.3,2.0333333,0.6,0.033333335,0.76666665,4.6666665,0.37142857909202576,0.6,0.7222222089767456,0.8333333,cj booker
Aiden Jensen,PG,DKSU,3.0,16.0,4.6666665,1.6666666,0.33333334,0.0,0.33333334,0.33333334,3.3333333,0.30000001192092896,2.6666667,0.875,1.3333334,aiden jensen
Khalil Dukes,PG,CPC,3.0,14.666667,4.6666665,1.0,1.3333334,1.0,0.0,0.0,2.6666667,0.375,3.3333333,0.800000011920929,0.6666667,khalil dukes
Christian Alston,PG,ACU,30.0,11.266666,4.6666665,1.9333333,0.33333334,0.5,0.23333333,0.33333334,4.633333,0.34532374143600464,1.6333333,0.6938775777816772,0.8333333,christian alston
Khamani Cooper,PG,OMA,27.0,15.481482,4.6666665,0.962963,1.2222222,0.44444445,0.037037037,0.6666667,4.185185,0.389380544424057,0.962963,0.7692307829856873,1.0,khamani cooper
Richard Cross,PG,NWIC,3.0,21.666666,4.6666665,1.3333334,1.0,0.33333334,0.0,1.0,5.0,0.3333333432674408,1.0,0.3333333432674408,1.3333334,richard cross
Xarek Sarakatsannis,PG,KCU,3.0,21.0,4.6666665,0.6666667,0.0,0.33333334,0.0,1.0,3.0,0.5555555820465088,0.6666667,0.5,1.6666666,xarek sarakatsannis
Regale Moore,PG,BRYN,3.0,14.333333,4.6666665,2.0,0.6666667,1.0,0.0,0.0,3.6666667,0.3636363744735718,3.0,0.6666666865348816,2.6666667,regale moore
Dion Grisnold,SF,DCC,3.0,17.666666,4.6666665,2.6666667,0.33333334,0.33333334,1.3333334,0.0,4.0,0.3333333432674408,2.0,1.0,1.0,dion grisnold
Maur Tablada,PG,LSIU,3.0,21.333334,4.6666665,1.0,1.0,0.0,0.0,0.6666667,4.3333335,0.38461539149284363,0.6666667,1.0,2.0,maur tablada
Cole Allen,PG,SWCU,3.0,8.0,4.6666665,1.0,0.33333334,0.6666667,0.0,1.3333334,4.0,0.4166666567325592,0.0,0.0,0.6666667,cole allen
BJ Comer,PG,NMHU,3.0,23.333334,4.6666665,2.3333333,1.6666666,1.6666666,0.0,0.33333334,4.6666665,0.3571428656578064,1.3333334,0.75,2.3333333,bj comer
Ty'Reonn King,PG,ARBA,3.0,24.333334,4.6666665,2.0,1.0,0.33333334,0.0,0.6666667,5.6666665,0.29411765933036804,1.3333334,0.5,1.6666666,ty reonn king
Brayden Pankonen,PG,DKSU,3.0,28.0,4.6666665,2.6666667,2.0,0.6666667,0.0,1.3333334,2.6666667,0.625,0.0,0.0,0.6666667,brayden pankonen
Nick Ellis,SF,CLRY,3.0,20.666666,4.6666665,3.3333333,0.33333334,0.33333334,1.0,0.33333334,5.6666665,0.29411765933036804,1.3333334,0.75,1.3333334,nick ellis
Carlos Green,PG,NDMD,3.0,20.333334,4.6666665,1.0,0.33333334,0.6666667,0.0,1.3333334,4.6666665,0.3571428656578064,0.33333334,0.0,2.3333333,carlos green
Arda Degirmenci,PG,NDMD,3.0,10.333333,4.6666665,1.0,0.33333334,0.33333334,0.0,1.0,4.0,0.4166666567325592,0.6666667,0.5,0.6666667,arda degirmenci
Maleek Arington,PG,SEA,35.0,29.6,4.6571426,3.1142857,3.9142857,2.2571428,0.114285715,0.4857143,3.7428572,0.2977099120616913,2.5714285,0.7555555701255798,1.4,maleek arington
Victory Onuetu,SF,HOF,35.0,17.942858,4.6571426,6.9428573,0.42857143,0.42857143,1.0285715,0.0,3.4857142,0.5655737519264221,1.4571428,0.4901960790157318,1.0,victory onuetu
Isaiah Walker,PG,XAV,32.0,16.96875,4.65625,2.71875,0.6875,0.53125,0.0625,0.71875,3.5,0.4732142984867096,0.78125,0.800000011920929,0.3125,isaiah walker
Hassan Washington,SF,NIU,29.0,16.551723,4.6551723,3.2413793,0.55172414,0.20689656,0.1724138,0.2413793,3.310345,0.5625,1.5517242,0.4444444477558136,1.862069,hassan washington
Darrion Sutton,SF,MOST,34.0,13.6470585,4.647059,4.3235292,0.7647059,0.5588235,0.61764705,0.11764706,3.6764705,0.5360000133514404,1.0,0.5882353186607361,0.6764706,darrion sutton
Marcus Rigsby Jr.,PG,UTA,31.0,17.64516,4.645161,2.2258065,0.67741936,0.516129,0.29032257,0.7419355,3.967742,0.4065040647983551,1.032258,0.65625,1.0,marcus rigsby jr
Cale Barclay,SF,SUU,31.0,15.548388,4.645161,2.8064516,1.0,0.22580644,0.06451613,0.16129032,3.8064516,0.43220338225364685,1.7419355,0.6851851940155029,1.0645162,cale barclay
Zion Wilburn,PG,SAM,30.0,17.0,4.633333,2.2333333,0.8666667,0.43333334,0.23333333,0.53333336,3.7333333,0.3839285671710968,2.0333333,0.6065573692321777,1.0333333,zion wilburn
Nick Pringle,SF,ARK,35.0,18.971428,4.6285715,3.857143,0.5714286,0.37142858,0.45714286,0.0,2.4285715,0.729411780834198,1.9428571,0.5588235259056091,0.8,nick pringle
Cale Jacobsen,PG,NEB,35.0,19.685715,4.6285715,2.8857143,1.3142858,0.9714286,0.31428573,0.42857143,3.3428571,0.5213675498962402,1.2,0.5952380895614624,0.62857145,cale jacobsen
Brennan Rigsby Jr.,PG,RAD,32.0,19.03125,4.625,2.3125,1.28125,0.71875,0.3125,0.75,4.21875,0.39259257912635803,0.75,0.75,0.5,brennan rigsby jr
Mathis Courbon,PG,MUR,32.0,15.75,4.625,2.03125,1.21875,0.375,0.1875,0.625,3.1875,0.44117647409439087,1.5,0.7916666865348816,0.84375,mathis courbon
Damien King,PG,UTM,29.0,14.344828,4.62069,2.724138,1.137931,1.0,0.13793103,0.31034482,3.8965516,0.4247787594795227,1.4137931,0.707317054271698,0.6551724,damien king
Carmelo Pacheco,PG,UCF,31.0,15.580646,4.612903,1.2903225,0.3548387,0.19354838,0.0,1.3870968,3.8064516,0.39830508828163147,0.19354838,1.0,0.16129032,carmelo pacheco
Kaleb Lowery,SF,NEV,36.0,18.305555,4.611111,3.0833333,0.9722222,0.4722222,0.41666666,0.5833333,3.4444444,0.4838709533214569,0.9166667,0.7575757503509521,0.5,kaleb lowery
Braelon Green,PG,EMU,28.0,20.357143,4.607143,1.7857143,1.3928572,0.53571427,0.14285715,0.5714286,4.214286,0.4237288236618042,0.8214286,0.5652173757553101,0.89285713,braelon green
Malachi Palmer,PG,VILL,33.0,18.272728,4.6060605,1.6969697,0.6060606,0.6060606,0.060606062,0.8484849,3.5151515,0.4655172526836395,0.6363636,0.761904776096344,0.5151515,malachi palmer
Conor Enright,PG,IU,32.0,29.9375,4.59375,3.0,4.625,0.625,0.0,0.8125,3.78125,0.40495866537094116,0.90625,0.7931034564971924,1.21875,conor enright
Cam Crawford,PG,DUQ,32.0,18.59375,4.59375,1.78125,0.96875,0.53125,0.0625,0.9375,4.5,0.3680555522441864,0.59375,0.5789473652839661,0.65625,cam crawford
Emmanuel Kanga,SF,GMU,32.0,13.28125,4.59375,5.25,0.5,0.1875,0.6875,0.0,2.6875,0.5813953280448914,2.46875,0.594936728477478,0.5,emmanuel kanga
Alec Squires,C,SDST,32.0,14.9375,4.59375,3.5,0.75,0.3125,0.25,0.0,2.75,0.6022727489471436,2.09375,0.611940324306488,1.09375,alec squires
Jace Posey,PG,TCU,27.0,11.333333,4.5925927,2.3333333,0.22222222,0.4074074,0.14814815,0.074074075,3.7037036,0.44999998807907104,1.7407408,0.6808510422706604,0.6296296,jace posey
Eduardo Klafke,PG,MISS,34.0,15.0,4.5882354,2.5294118,1.0882353,0.5882353,0.14705883,0.5882353,3.0882354,0.4952380955219269,1.2647059,0.7441860437393188,0.5,eduardo klafke
Josh Holloway,PG,TA&M,34.0,13.323529,4.5882354,1.7058823,1.7941177,0.7647059,0.05882353,0.3529412,3.1470587,0.5046728849411011,1.5294118,0.692307710647583,1.3529412,josh holloway
Cole Middleton,SF,LIP,29.0,11.896552,4.586207,2.137931,0.4827586,0.27586207,0.27586207,0.1724138,3.7586207,0.4403669834136963,1.3793104,0.800000011920929,1.1724138,cole middleton
Keeshawn Mason,SF,PV,29.0,15.24138,4.586207,2.7931035,0.31034482,0.3448276,0.55172414,0.27586207,3.689655,0.4579439163208008,1.4137931,0.6585366129875183,0.44827586,keeshawn mason
Peyton White,PG,NEV,36.0,13.888889,4.5833335,1.6666666,0.3611111,0.11111111,0.083333336,0.4722222,3.6666667,0.4166666567325592,1.3333334,0.7916666865348816,0.3888889,peyton white
Raysean Johnson,PG,FDU,31.0,17.451612,4.580645,1.8387097,0.67741936,0.83870965,0.0,0.516129,3.935484,0.3688524663448334,1.7096775,0.6792452931404114,0.87096775,raysean johnson
Jafeth Martinez,SF,UPST,31.0,18.35484,4.580645,5.129032,0.19354838,0.12903225,1.7096775,0.0,2.387097,0.6756756901741028,2.064516,0.65625,0.67741936,jafeth martinez
Jayden Ross,SF,CONN,38.0,17.447369,4.5789475,2.4736843,0.7894737,0.7894737,0.39473686,0.65789473,3.1842105,0.5041322112083435,1.0263158,0.692307710647583,0.6315789,jayden ross
Felix Kossaras,PG,COLO,28.0,16.392857,4.571429,1.4642857,0.42857143,0.5,0.21428572,0.6785714,3.142857,0.5,1.0,0.75,0.5,felix kossaras
Jeremiah Oden,SF,SDSU,30.0,13.833333,4.5666666,2.3333333,0.36666667,0.4,0.1,0.53333336,3.7,0.44144144654273987,1.1,0.6969696879386902,0.5,jeremiah oden
Landyn Jumawan,PG,NWST,30.0,20.066668,4.5666666,2.0,0.8,0.6333333,0.0,1.0666667,4.633333,0.28057554364204407,1.1666666,0.7714285850524902,0.6333333,landyn jumawan
Preston Copeland,SF,BALL,30.0,18.766666,4.5666666,4.366667,0.26666668,0.5,0.6666667,0.0,3.2,0.625,1.7,0.3333333432674408,0.6333333,preston copeland
Gicarri Harris,PG,PUR,39.0,15.769231,4.5641026,1.5897436,0.82051283,0.84615386,0.07692308,0.84615386,3.6410255,0.40140846371650696,0.9230769,0.8611111044883728,0.30769232,gicarri harris
Jaquel Morris,SF,NORF,32.0,13.65625,4.5625,3.4375,0.1875,0.46875,0.75,0.0,2.5,0.699999988079071,1.8125,0.5862069129943848,0.8125,jaquel morris
Jordan Lowery,PG,UTA,32.0,15.59375,4.5625,1.40625,1.21875,0.5625,0.03125,0.625,4.15625,0.3684210479259491,1.09375,0.800000011920929,0.90625,jordan lowery
Lase Olalere,SF,CHSO,32.0,15.625,4.5625,3.90625,0.6875,0.1875,1.5,0.0,2.78125,0.6629213690757751,1.96875,0.4444444477558136,1.1875,lase olalere
Sir Issac Herron,SF,LT,27.0,12.962963,4.5555553,2.4444444,0.4814815,0.33333334,0.5925926,0.037037037,3.1851852,0.5930232405662537,1.3703704,0.5405405163764954,0.8888889,sir issac herron
Dylan James,SF,UGA,33.0,15.0,4.5454545,3.7878788,0.5151515,0.6969697,0.57575756,0.030303031,3.878788,0.4609375,1.2424242,0.7560975551605225,0.8787879,dylan james
AJ Swinton,SF,FSU,26.0,15.769231,4.5384617,1.8461539,0.42307693,0.96153843,0.5,0.7307692,3.7692308,0.43877550959587097,0.88461536,0.5652173757553101,0.46153846,aj swinton
Ahmad Nowell,PG,VCU,28.0,10.392858,4.535714,1.1785715,0.60714287,0.5,0.071428575,0.85714287,3.0357144,0.4470588266849518,1.2857143,0.75,0.5,ahmad nowell
DaJohn Craig,PG,CCU,32.0,12.5625,4.53125,1.53125,0.375,0.3125,0.03125,1.09375,4.0,0.3984375,0.28125,0.8888888955116272,0.46875,dajohn craig
Ned Hull,PG,ELON,32.0,17.96875,4.53125,1.78125,0.9375,0.40625,0.0,1.0625,3.875,0.39516130089759827,0.46875,0.8666666746139526,0.625,ned hull
Simon Hildebrandt,SF,WSU,32.0,14.5,4.53125,1.8125,0.53125,0.375,0.125,0.9375,3.375,0.42592594027519226,1.0,0.71875,0.71875,simon hildebrandt
Joe Grahovac,SF,SBU,34.0,18.205883,4.529412,3.0294118,0.8235294,0.4117647,1.5882353,0.7058824,3.6176472,0.47154471278190613,0.47058824,0.875,0.7352941,joe grahovac
Taj Glover,PG,SAC,29.0,13.551724,4.5172415,1.6206896,1.2413793,0.3448276,0.06896552,0.31034482,3.413793,0.3737373650074005,2.2068965,0.75,0.41379312,taj glover
Aidan Shaw,PG,BC,31.0,25.35484,4.516129,6.16129,0.67741936,0.5483871,1.2258065,0.06451613,3.3548386,0.5192307829856873,1.6129032,0.6000000238418579,0.9354839,aidan shaw
Isaiah Mbeng,PG,ECU,31.0,23.096775,4.516129,2.1935484,2.6451614,0.83870965,0.032258064,0.8064516,4.709677,0.33561643958091736,0.83870965,0.6538461446762085,1.8064516,isaiah mbeng
Maison Adeleye,PG,NHVN,31.0,15.903226,4.516129,2.1290324,1.032258,0.5483871,0.06451613,0.4516129,3.8387096,0.42016807198524475,1.2258065,0.6842105388641357,0.9354839,maison adeleye
Parsa Hadjighasemi,PG,SFST,2.0,12.5,4.5,1.5,0.0,1.0,0.0,1.5,5.5,0.27272728085517883,0.0,0.0,1.5,parsa hadjighasemi
Will Anozie,PG,MISE,2.0,10.5,4.5,0.0,1.0,0.0,0.0,1.5,4.5,0.3333333432674408,0.0,0.0,0.0,will anozie
Blake Fisher,PG,HTU,2.0,18.5,4.5,2.5,0.5,1.5,0.0,0.5,6.0,0.1666666716337204,3.5,0.5714285969734192,1.5,blake fisher
Mason Wallace,PG,TXLU,2.0,18.0,4.5,1.0,0.5,0.5,0.0,0.5,6.0,0.3333333432674408,0.0,0.0,1.5,mason wallace
Davis Bland,SF,WCMD,2.0,12.0,4.5,0.0,0.0,0.0,0.0,1.5,2.0,0.75,0.0,0.0,0.5,davis bland
Delano Knox,PG,SNYO,2.0,29.0,4.5,2.0,2.0,1.0,0.0,0.5,7.0,0.2857142984867096,0.5,0.0,1.0,delano knox
Nemanja Sarenac,SF,HIPU,2.0,17.0,4.5,0.5,1.5,0.0,0.0,1.5,6.0,0.25,0.0,0.0,0.0,nemanja sarenac
Nekhi Fisher,PG,RHDT,2.0,18.5,4.5,1.0,0.5,0.5,0.0,0.5,4.5,0.4444444477558136,0.0,0.0,2.5,nekhi fisher
DJ Watkins,PG,SPR,2.0,19.0,4.5,3.0,1.0,1.0,0.0,0.5,10.5,0.190476194024086,0.0,0.0,2.5,dj watkins
Carter Lewis,PG,TXLU,2.0,13.5,4.5,1.0,0.5,0.0,0.0,0.5,4.5,0.4444444477558136,0.0,0.0,0.5,carter lewis
Max Rolnick,PG,ELMS,2.0,13.0,4.5,1.5,0.0,0.5,0.0,1.5,7.0,0.2142857164144516,0.0,0.0,1.0,max rolnick
Kailon Benton-Hamilton,SG,FISK,4.0,16.25,4.5,2.0,1.0,1.25,0.0,1.0,6.0,0.2916666567325592,0.0,0.0,1.25,kailon benton hamilton
Jackson Hayes,PG,BTTN,2.0,16.5,4.5,1.5,1.0,1.5,0.0,0.0,6.5,0.3076923191547394,1.0,0.5,1.0,jackson hayes
Nick Chambless,SF,BRYN,4.0,12.25,4.5,1.75,0.5,0.5,0.0,1.0,4.0,0.375,0.5,1.0,1.25,nick chambless
Kevin Gallagher,PG,OWU,2.0,16.0,4.5,1.5,0.0,0.0,0.0,1.5,5.0,0.30000001192092896,0.0,0.0,2.0,kevin gallagher
Cheikh Diagne,SF,MANR,2.0,33.5,4.5,3.0,1.5,0.5,0.0,0.5,8.5,0.23529411852359772,0.0,0.0,2.0,cheikh diagne
Bryson Bishop,PG,BCWV,2.0,16.5,4.5,3.5,0.5,0.5,0.0,0.0,2.0,0.75,3.0,0.5,2.5,bryson bishop
Myles Mayfield,SF,UNCA,32.0,22.9375,4.5,4.25,0.8125,0.34375,0.34375,0.0625,3.0,0.6145833134651184,1.78125,0.42105263471603394,1.1875,myles mayfield
C.J. McPherson,PG,TNTC,26.0,13.230769,4.5,1.5384616,0.46153846,0.46153846,0.0,0.9230769,3.8076923,0.3737373650074005,0.8076923,0.9047619104385376,0.61538464,c j mcpherson
Danny Cohen,PG,RIT,2.0,15.5,4.5,1.0,1.5,0.5,0.0,0.5,3.0,0.6666666865348816,0.0,0.0,0.0,danny cohen
Nolan Smith,SF,RIT,2.0,18.5,4.5,1.5,1.5,0.5,0.5,0.5,4.5,0.4444444477558136,0.0,0.0,1.5,nolan smith
Darreson Naruse,PG,UCSC,2.0,5.5,4.5,0.0,0.5,0.0,0.0,0.0,2.0,0.5,3.0,0.8333333134651184,0.0,darreson naruse
Milandev Chatha,PG,SFST,2.0,22.5,4.5,5.5,2.5,0.0,0.0,0.0,6.0,0.3333333432674408,1.5,0.3333333432674408,1.0,milandev chatha
Ahmari Hicks,PG,MILG,2.0,24.0,4.5,5.0,1.0,0.0,0.0,0.5,7.0,0.2857142984867096,0.0,0.0,1.5,ahmari hicks
Amare Curtis,PG,CHEY,2.0,16.5,4.5,1.0,2.0,0.5,0.0,0.0,5.0,0.20000000298023224,2.5,1.0,3.0,amare curtis
Jemard Sykes II,PG,WEBS,2.0,18.5,4.5,4.0,0.5,0.0,0.0,1.5,4.5,0.3333333432674408,0.0,0.0,1.5,jemard sykes ii
K'Shawn Scott,SF,OCU,2.0,26.0,4.5,2.0,0.5,0.0,0.0,0.5,5.5,0.3636363744735718,0.0,0.0,1.5,k shawn scott
Darren Ford Jr.,SF,TXLU,2.0,19.5,4.5,2.5,0.0,1.0,1.0,0.5,2.5,0.6000000238418579,2.0,0.5,1.0,darren ford jr
Aaron Garcia,PG,TXLU,2.0,11.0,4.5,3.0,1.0,0.0,0.0,0.5,2.5,0.6000000238418579,2.0,0.5,1.0,aaron garcia
Xerian Anderson,SF,LPU,2.0,15.0,4.5,1.0,0.0,0.0,0.5,0.5,3.0,0.6666666865348816,0.0,0.0,1.0,xerian anderson
Dallas Rufus,SF,UNKY,2.0,22.5,4.5,2.0,0.0,1.0,0.0,0.0,5.5,0.3636363744735718,1.0,0.5,1.5,dallas rufus
Drew Rhodes,PG,UNKY,2.0,20.5,4.5,2.5,1.0,0.5,0.0,0.5,6.5,0.3076923191547394,0.0,0.0,3.0,drew rhodes
Taylor Stovall,SF,BTTN,2.0,11.0,4.5,2.5,0.0,0.0,1.0,0.0,2.0,1.0,1.5,0.3333333432674408,0.5,taylor stovall
Dorian Tema,SF,RGNT,2.0,17.0,4.5,3.5,0.5,0.5,0.0,0.0,4.5,0.4444444477558136,0.5,1.0,2.0,dorian tema
Jemoi Davis,PG,ESC,2.0,12.0,4.5,2.0,0.0,0.5,0.5,0.5,3.0,0.6666666865348816,1.5,0.0,0.5,jemoi davis
Dontate Creedland,PG,VUL,8.0,15.75,4.5,0.625,0.375,0.25,0.0,0.875,3.875,0.3870967626571655,0.625,1.0,0.375,dontate creedland
Jed Moor,PG,ERSK,2.0,14.5,4.5,0.5,0.5,0.0,0.0,1.5,3.5,0.4285714328289032,0.0,0.0,1.0,jed moor
Alex Katsikas,PG,BCWV,2.0,6.5,4.5,1.0,1.0,0.0,0.0,1.0,3.0,0.5,0.5,1.0,1.0,alex katsikas
Merrick Reynolds,PG,BCWV,2.0,11.5,4.5,1.0,0.0,0.5,0.0,1.5,3.5,0.4285714328289032,0.0,0.0,0.5,merrick reynolds
Jackson Tomlin,PG,HWPU,2.0,12.0,4.5,0.0,2.0,0.5,0.0,1.0,3.0,0.5,2.0,0.25,1.5,jackson tomlin
Korey Blair,PG,SMMD,2.0,23.0,4.5,1.5,0.5,0.5,0.0,0.0,9.5,0.15789473056793213,2.0,0.75,4.0,korey blair
Michael Bowman,PG,CCNY,2.0,29.0,4.5,2.0,2.5,0.5,0.0,0.5,8.0,0.1875,1.5,0.6666666865348816,2.0,michael bowman
Kobe Watson,SF,IUE,2.0,19.0,4.5,4.5,0.0,0.0,0.5,1.0,5.5,0.27272728085517883,1.0,0.5,1.0,kobe watson
Gabe Pickens,PG,NMSU,31.0,20.806452,4.483871,1.5806452,3.032258,0.7741935,0.0,0.4516129,4.096774,0.3700787425041199,1.516129,0.6595744490623474,1.7096775,gabe pickens
KJ Debrick,SF,NCAT,29.0,11.310345,4.4827585,3.4482758,0.51724136,0.20689656,1.2068965,0.06896552,3.3793104,0.4693877696990967,1.7241379,0.7200000286102295,0.3448276,kj debrick
Sebastian Tidor,PG,PRST,27.0,12.703704,4.4814816,1.4814814,0.5555556,0.33333334,0.037037037,1.0,4.037037,0.3669724762439728,0.7407407,0.699999988079071,0.37037036,sebastian tidor
Aiden Goins,SF,BGSU,25.0,8.52,4.48,1.4,0.16,0.2,0.12,0.2,3.44,0.45348837971687317,1.32,0.8787878751754761,0.56,aiden goins
Isaiah Jones,SF,USF,34.0,15.794118,4.470588,2.9705882,0.44117647,1.2352941,0.2647059,0.7941176,3.4117646,0.4137931168079376,1.0294118,0.8285714387893677,0.32352942,isaiah jones
Jermaine O'Neal Jr.,SF,SMU,34.0,14.911765,4.470588,2.0294118,0.38235295,0.47058824,0.32352942,0.6764706,4.0588236,0.4275362193584442,0.3529412,0.9166666865348816,0.47058824,jermaine o neal jr
Dwayne Williams Jr,PG,GASO,34.0,12.970589,4.470588,1.7352941,0.3529412,0.5588235,0.029411765,0.85294116,4.382353,0.3624161183834076,0.47058824,0.9375,0.29411766,dwayne williams jr
Harry Beauchamp,PG,CARK,34.0,15.3529415,4.470588,1.4411764,1.0,0.23529412,0.029411765,1.0588236,3.4117646,0.4482758641242981,0.4117647,0.8571428656578064,0.7352941,harry beauchamp
Stefan Cicic,C,PEPP,32.0,12.4375,4.46875,2.59375,0.34375,0.25,0.84375,0.09375,3.40625,0.5321100950241089,1.34375,0.5581395626068115,0.84375,stefan cicic
Bryson Ogletree,PG,NCAT,28.0,21.0,4.464286,1.8214285,1.0714285,0.35714287,0.10714286,0.71428573,3.25,0.49450549483299255,1.0,0.5357142686843872,0.78571427,bryson ogletree
Clinton Efinda,SF,UNCG,33.0,14.818182,4.4545455,1.6060606,0.6666667,0.3030303,0.060606062,0.75757575,3.5757575,0.4067796468734741,1.0,0.7878788113594055,0.5151515,clinton efinda
John St. Germain III,PG,HC,31.0,15.548388,4.451613,1.1935484,0.9677419,0.48387095,0.032258064,0.29032257,3.3548386,0.4423076808452606,1.516129,0.7872340679168701,0.7419355,john st germain iii
Jerry Easter II,PG,USC,29.0,17.37931,4.448276,2.9655173,1.0689656,0.4827586,0.27586207,0.13793103,3.7931035,0.4363636374473572,1.3448275,0.7435897588729858,0.86206895,jerry easter ii
Elijah Perryman,PG,USU,36.0,13.916667,4.4444447,1.5555556,3.0555556,0.7777778,0.25,0.44444445,3.6666667,0.43939393758773804,0.9722222,0.800000011920929,1.3888888,elijah perryman
Josiah Sanders,PG,COLO,33.0,17.939394,4.4242425,2.6363637,1.6666666,0.36363637,0.0,0.09090909,3.7878788,0.46399998664855957,1.5757576,0.5192307829856873,0.7878788,josiah sanders
Trey Booker-Lowery,PG,KC,26.0,10.038462,4.423077,1.6923077,0.30769232,0.30769232,0.1923077,0.3846154,4.3461537,0.39823007583618164,1.0769231,0.5357142686843872,0.8076923,trey booker lowery
David Mager,PG,PEPP,31.0,10.612904,4.419355,0.87096775,0.19354838,0.19354838,0.09677419,0.6451613,3.935484,0.4098360538482666,0.7741935,0.7083333134651184,0.16129032,david mager
Tyler Smith,PG,UPST,31.0,22.903225,4.419355,2.6774194,2.8387096,1.3548387,0.09677419,0.4516129,4.419355,0.35766422748565674,1.1935484,0.6756756901741028,1.9032258,tyler smith
Al Green,PG,UNLV,29.0,12.655172,4.413793,1.2413793,0.7241379,0.55172414,0.20689656,0.6551724,3.724138,0.40740740299224854,0.82758623,0.875,0.51724136,al green
Melo Baines,SF,NORF,29.0,10.75862,4.413793,2.0,0.06896552,0.06896552,0.10344828,0.03448276,2.724138,0.6708860993385315,0.9655172,0.75,0.51724136,melo baines
Jermaine Coleman,PG,STMN,34.0,13.941176,4.4117646,1.9117647,0.47058824,0.14705883,0.11764706,1.0294118,3.735294,0.4094488322734833,0.5,0.6470588445663452,0.3529412,jermaine coleman
Quaran McPherson,PG,UAB,27.0,10.666667,4.4074073,1.5555556,0.4814815,0.4074074,0.037037037,0.44444445,3.1851852,0.44186046719551086,1.4814814,0.7749999761581421,0.8518519,quaran mcpherson
Yvens Paul,SF,EKU,32.0,17.1875,4.40625,4.03125,0.53125,0.3125,0.78125,0.0,3.1875,0.6176470518112183,1.25,0.375,1.21875,yvens paul
KJ Greene,PG,TULN,32.0,14.96875,4.40625,1.25,1.625,0.5625,0.0625,0.28125,3.3125,0.35849055647850037,2.21875,0.7887324094772339,0.9375,kj greene
Ayouba Berthe,PG,GAST,32.0,16.875,4.40625,1.875,0.78125,0.40625,0.03125,1.0625,4.65625,0.268456369638443,1.03125,0.8181818127632141,0.71875,ayouba berthe
Adetokunbo Bakare,PG,SPU,25.0,12.08,4.4,1.52,0.48,0.72,0.08,0.92,4.12,0.33980581164360046,0.84,0.8095238208770752,0.52,adetokunbo bakare
Dominykas Pleta,SF,ISU,35.0,11.285714,4.4,2.2571428,0.54285717,0.34285715,0.22857143,0.0,2.4285715,0.7058823704719543,1.6285714,0.5964912176132202,0.7714286,dominykas pleta
Jayden Skinner,PG,MATC,5.0,15.0,4.4,2.4,0.8,0.8,0.2,0.2,4.6,0.30434781312942505,1.6,0.875,1.0,jayden skinner
Joseph Venzant,PG,ACU,33.0,25.151516,4.3939395,3.2121212,0.75757575,1.6969697,0.33333334,0.36363637,2.5757575,0.48235294222831726,2.0,0.7727272510528564,1.0,joseph venzant
Quentin Duncan,PG,NJIT,33.0,13.606061,4.3939395,1.6666666,0.45454547,0.36363637,0.18181819,0.969697,3.939394,0.38461539149284363,0.75757575,0.5199999809265137,0.3030303,quentin duncan
Kaden Stuckey,SF,VMI,28.0,18.642857,4.392857,4.892857,0.53571427,0.39285713,0.8214286,0.0,4.25,0.3529411852359772,2.2142856,0.6290322542190552,1.1071428,kaden stuckey
Kam Parker,PG,AMCC,26.0,17.23077,4.3846154,2.0769231,1.5384616,0.42307693,0.07692308,0.61538464,4.076923,0.349056601524353,1.1538461,0.800000011920929,0.96153843,kam parker
Shamarrie Hugie,PG,MRSH,26.0,12.346154,4.3846154,2.4615386,0.5,0.46153846,0.115384616,0.46153846,3.1153846,0.4938271641731262,1.3076923,0.6470588445663452,0.7307692,shamarrie hugie
Ahamed Mohammed,PG,SFA,34.0,15.764706,4.382353,1.6764706,1.4705882,0.61764705,0.0882353,0.61764705,3.9117646,0.3458646535873413,1.4117647,0.75,0.7647059,ahamed mohammed
Jordan Muller,PG,CBU,34.0,20.588236,4.382353,1.0,1.8235294,0.5294118,0.0882353,0.9411765,4.147059,0.304964542388916,1.2058823,0.7560975551605225,1.4117647,jordan muller
Marcos Gonzales,PG,CIT,29.0,12.75862,4.37931,1.6206896,1.5172414,0.62068963,0.03448276,0.20689656,3.2413793,0.43617022037506104,2.1724138,0.6190476417541504,1.3793104,marcos gonzales
Caleb Crawford,PG,ME,32.0,19.90625,4.375,1.09375,1.78125,1.125,0.09375,0.46875,4.125,0.3636363744735718,1.375,0.6590909361839294,1.25,caleb crawford
Reggie Thomas,PG,UND,32.0,13.5625,4.375,1.9375,0.78125,0.71875,0.25,0.6875,3.40625,0.4587155878543854,0.875,0.6428571343421936,0.3125,reggie thomas
Esyah Pippa-White,PG,MILW,32.0,18.40625,4.375,1.8125,2.25,0.375,0.03125,0.65625,4.5625,0.28082191944122314,2.03125,0.5692307949066162,1.0,esyah pippa white
Aleksej Kostic,PG,BYU,27.0,11.962963,4.3703704,0.8888889,0.4074074,0.25925925,0.0,1.2222222,3.925926,0.3679245412349701,0.2962963,0.875,0.6296296,aleksej kostic
Jack Benter,PG,PUR,38.0,14.710526,4.368421,2.5526316,0.81578946,0.39473686,0.05263158,0.94736844,3.1842105,0.4793388545513153,0.6052632,0.6086956262588501,0.4473684,jack benter
Ty Francis,SF,NE,25.0,14.44,4.36,2.52,0.4,0.4,0.48,0.16,3.4,0.5058823823928833,1.32,0.5757575631141663,0.6,ty francis
Samson Reilly,PG,QUIN,28.0,8.857142,4.357143,0.60714287,0.42857143,0.17857143,0.0,1.3214285,3.357143,0.43617022037506104,0.17857143,0.6000000238418579,0.21428572,samson reilly
Roddy Jones,PG,CCSU,23.0,10.652174,4.347826,0.47826087,0.13043478,0.26086956,0.04347826,1.3478261,3.826087,0.3863636255264282,0.04347826,1.0,0.17391305,roddy jones
Christian Oliver,C,MORG,26.0,14.269231,4.3461537,2.9615386,0.3846154,0.1923077,0.3846154,0.07692308,3.1538463,0.5609756112098694,1.0769231,0.6785714030265808,0.53846157,christian oliver
Isaiah Watts,PG,MD,32.0,16.96875,4.34375,1.84375,0.65625,0.75,0.25,0.90625,4.25,0.3382352888584137,0.875,0.6428571343421936,0.78125,isaiah watts
Bennie Crenshaw Jr.,PG,CLRY,3.0,20.333334,4.3333335,2.3333333,1.3333334,0.33333334,0.0,1.0,6.3333335,0.2631579041481018,0.0,0.0,2.0,bennie crenshaw jr
John Kelly,SF,NJIT,33.0,15.575758,4.3333335,2.5151515,0.36363637,0.45454547,0.121212125,0.3939394,3.1818182,0.4095238149166107,1.939394,0.6875,0.6060606,john kelly
Drew Cannon,PG,BOBJ,3.0,10.0,4.3333335,0.0,0.0,0.6666667,0.0,1.3333334,4.3333335,0.3076923191547394,0.6666667,0.5,0.33333334,drew cannon
Trevor Viau,PG,CLRY,3.0,16.666666,4.3333335,2.0,1.0,1.0,0.33333334,1.0,3.0,0.5555555820465088,0.33333334,0.0,2.0,trevor viau
Treveon Lee,SF,BTHS,6.0,10.833333,4.3333335,2.5,0.33333334,0.6666667,0.0,0.16666667,3.5,0.380952388048172,3.0,0.5,1.1666666,treveon lee
Keondre Rodgers,PG,MATC,6.0,17.166666,4.3333335,3.1666667,0.33333334,0.8333333,0.0,0.0,4.3333335,0.38461539149284363,1.1666666,0.8571428656578064,1.3333334,keondre rodgers
Jonah Butler,PG,STBK,30.0,12.5,4.3333335,1.8666667,0.56666666,0.8,0.3,0.6666667,3.4333334,0.42718446254730225,0.93333334,0.7857142686843872,0.5,jonah butler
Trevor Gearhart,SF,BOBJ,3.0,17.333334,4.3333335,2.0,0.0,0.6666667,1.3333334,0.6666667,3.3333333,0.5,0.6666667,0.5,1.3333334,trevor gearhart
Ayden McCowan,PG,SWA,3.0,26.0,4.3333335,2.0,1.0,0.0,0.0,0.33333334,5.0,0.2666666805744171,1.3333334,1.0,2.3333333,ayden mccowan
Taison Chatman,PG,OSU,28.0,12.892858,4.321429,1.1785715,0.8214286,0.35714287,0.10714286,0.85714287,3.107143,0.4597701132297516,0.71428573,0.8500000238418579,0.75,taison chatman
Cam Haffner,PG,WKU,28.0,12.642858,4.321429,1.25,0.5,0.2857143,0.035714287,1.1428572,4.25,0.3445378243923187,0.25,1.0,0.35714287,cam haffner
Nestor Dyachok,SF,UNF,32.0,15.15625,4.3125,2.34375,1.0,0.25,0.15625,0.0625,3.28125,0.48571428656578064,1.5625,0.6800000071525574,0.625,nestor dyachok
Aginaldo Neto,PG,BOIS,32.0,19.6875,4.3125,1.375,1.9375,0.4375,0.0625,0.46875,3.5,0.3660714328289032,1.78125,0.719298243522644,1.59375,aginaldo neto
Joshua Eli,SF,ARMY,29.0,14.310345,4.3103447,3.5172415,0.82758623,0.37931034,0.06896552,0.44827586,3.1034484,0.46666666865348816,1.5517242,0.6222222447395325,0.31034482,joshua eli
Yacine Toumi,SF,HAW,30.0,10.2,4.3,2.5,0.36666667,0.33333334,0.4,0.0,2.4666667,0.5810810923576355,2.4666667,0.5810810923576355,0.8333333,yacine toumi
Elijah Malone,C,COLO,30.0,13.866667,4.3,3.0,0.73333335,0.43333334,0.33333334,0.13333334,3.5666666,0.5046728849411011,0.73333335,0.7727272510528564,0.76666665,elijah malone
Eian Lowe,PG,LAM,30.0,17.866667,4.3,1.5333333,2.5333333,1.0333333,0.033333335,0.5,3.8666666,0.37068966031074524,1.4666667,0.6363636255264282,1.1666666,eian lowe
Joseph Scott,SF,ACU,28.0,12.285714,4.285714,3.6785715,0.4642857,0.5714286,0.25,0.0,3.4285715,0.5208333134651184,1.3928572,0.5128205418586731,1.0714285,joseph scott
Trey Parker,PG,HALL,32.0,15.46875,4.28125,2.78125,1.46875,0.875,0.28125,0.28125,4.1875,0.35820895433425903,1.25,0.800000011920929,1.09375,trey parker
Riley Jacobs,SF,UMBC,32.0,15.375,4.28125,3.75,0.65625,0.375,0.5625,0.0,3.34375,0.4859813153743744,1.84375,0.5593220591545105,0.84375,riley jacobs
Chas Kelley III,PG,GT,29.0,17.241379,4.275862,1.3793104,1.5862069,0.44827586,0.06896552,0.9655172,3.8275862,0.4054054021835327,0.3448276,0.6000000238418579,0.86206895,chas kelley iii
Ruben Prey,SF,SJU,37.0,10.72973,4.2702703,2.054054,0.8108108,0.43243244,0.7027027,0.4054054,2.7297297,0.5049505233764648,1.6486486,0.6721311211585999,0.5405405,ruben prey
Love Bettis,PG,UIW,30.0,17.033333,4.266667,0.7,0.9,0.4,0.033333335,0.43333334,4.1,0.42276424169540405,0.43333334,0.8461538553237915,0.93333334,love bettis
Jimmy Oladokun Jr.,SF,RICE,31.0,17.35484,4.2580647,4.935484,0.6451613,0.38709676,0.7096774,0.0,3.903226,0.4793388545513153,2.064516,0.25,0.67741936,jimmy oladokun jr
Nadjrick Peat,SF,CCU,32.0,22.96875,4.25,5.6875,0.125,0.3125,1.6875,0.0,2.1875,0.6857143044471741,1.96875,0.6349206566810608,1.0625,nadjrick peat
Aly Tounkara,SF,ARST,32.0,18.1875,4.25,5.5,0.5,0.4375,1.03125,0.0,3.03125,0.6288659572601318,1.1875,0.3684210479259491,1.0,aly tounkara
Breland Morrison,PG,MIDW,4.0,18.0,4.25,2.5,0.5,0.25,0.25,0.5,3.75,0.46666666865348816,0.5,0.5,0.75,breland morrison
Ben Waller,PG,UCR,28.0,13.571428,4.25,2.357143,0.5714286,0.25,0.32142857,0.53571427,3.357143,0.41489362716674805,1.1785715,0.7878788113594055,0.60714287,ben waller
Terrell Reeves,SF,BRYN,4.0,11.5,4.25,1.5,0.5,0.25,0.0,0.25,4.75,0.42105263471603394,0.0,0.0,0.75,terrell reeves
Troy Cole Jr.,PG,SEMO,33.0,13.636364,4.242424,2.2727273,0.57575756,0.57575756,0.15151516,0.09090909,3.4545455,0.42105263471603394,1.8181819,0.6833333373069763,0.8484849,troy cole jr
Iaroslav Niagu,SF,JXST,29.0,20.758621,4.2413793,5.137931,1.137931,0.3448276,1.2413793,0.0,3.1034484,0.4888888895511627,1.6206896,0.7446808218955994,1.0689656,iaroslav niagu
Brendan Rigsbee,PG,WOF,25.0,15.68,4.24,1.72,0.76,0.2,0.28,0.32,3.24,0.4938271641731262,1.04,0.692307710647583,0.52,brendan rigsbee
Mehki Ellison,PG,EMU,25.0,14.28,4.24,1.32,1.36,0.64,0.0,0.32,3.8,0.410526305437088,1.04,0.7692307829856873,1.0,mehki ellison
Ocypher Owens,SF,TAR,30.0,17.066668,4.233333,3.3666666,0.73333335,0.76666665,0.56666666,0.3,4.0,0.3583333194255829,1.5666667,0.6808510422706604,1.3,ocypher owens
Melian Martinez,C,LT,30.0,15.366667,4.233333,2.9333334,0.2,0.1,1.7333333,0.0,2.7333333,0.7439024448394775,0.53333336,0.3125,0.76666665,melian martinez
David Thomas,PG,RICH,31.0,14.064516,4.225806,1.0967742,0.48387095,0.61290324,0.06451613,0.7741935,3.612903,0.4464285671710968,0.2580645,0.875,0.48387095,david thomas
Chris Terrell,PG,NMSU,31.0,12.83871,4.225806,1.548387,1.8709677,0.9032258,0.032258064,0.61290324,3.548387,0.4272727370262146,0.7419355,0.782608687877655,0.8064516,chris terrell
Malcolm Wrisby-Jefferson,PG,BRWN,27.0,22.185184,4.2222223,3.6296296,2.7777777,0.962963,0.18518518,0.25925925,4.3333335,0.38461539149284363,0.8518519,0.739130437374115,1.4814814,malcolm wrisby jefferson
Kordrick Turner,SF,NWST,32.0,13.625,4.21875,2.625,0.34375,0.21875,0.125,0.0,2.6875,0.5348837375640869,2.25,0.5972222089767456,0.5,kordrick turner
Tristan Gross,PG,MER,28.0,13.535714,4.214286,2.0357144,0.6785714,0.4642857,0.071428575,0.71428573,3.2142856,0.47777777910232544,0.5714286,0.75,0.4642857,tristan gross
Malchiah Marable,SF,CARK,33.0,20.515152,4.212121,4.3636365,1.4545455,0.8484849,0.75757575,0.0,2.878788,0.557894766330719,1.9090909,0.523809552192688,1.3030303,malchiah marable
Trent Sisley,SF,IU,30.0,13.1,4.2,2.8,0.36666667,0.1,0.06666667,0.43333334,3.5666666,0.42990654706954956,1.3,0.5384615659713745,0.4,trent sisley
Taj Manning,SF,KSU,30.0,20.733334,4.2,5.133333,0.93333334,0.7,0.73333335,0.16666667,3.3666666,0.48514851927757263,1.1,0.6969696879386902,0.7,taj manning
Brock Wesley,PG,ECCL,5.0,19.2,4.2,1.2,0.6,0.2,0.0,0.6,5.2,0.23076923191547394,2.4,0.5,0.6,brock wesley
James Jones,PG,CCSU,26.0,28.692308,4.1923075,5.6153846,1.2307693,0.7692308,0.65384614,0.30769232,4.3461537,0.389380544424057,0.84615386,0.5909090638160706,0.84615386,james jones
Jakob Blakley,PG,LEM,32.0,16.0,4.1875,1.1875,0.59375,0.0625,0.0,0.84375,3.84375,0.34959349036216736,0.75,0.875,0.40625,jakob blakley
Tyran Cook,PG,WIU,27.0,15.814815,4.185185,1.5925926,1.3333334,0.4074074,0.037037037,0.11111111,4.148148,0.3928571343421936,0.962963,0.8461538553237915,0.7777778,tyran cook
Timotej Malovec,SF,MIA,33.0,14.878788,4.181818,1.3333334,0.8787879,0.3030303,0.21212122,1.1212121,3.7272727,0.34959349036216736,0.6363636,0.7142857313156128,0.6060606,timotej malovec
Hampton Sanders,PG,COLU,28.0,15.142858,4.178571,1.9642857,2.25,0.5,0.035714287,0.60714287,3.2857144,0.4021739065647125,1.25,0.7428571581840515,1.1785715,hampton sanders
Christian Jones,PG,SIE,35.0,17.0,4.1714287,0.7714286,1.1714286,0.54285717,0.028571429,0.9142857,4.1714287,0.31506848335266113,0.6571429,0.95652174949646,0.8,christian jones
Nikko Trafton,PG,MATC,6.0,14.833333,4.1666665,1.3333334,0.16666667,0.8333333,0.0,0.16666667,4.6666665,0.3571428656578064,1.6666666,0.4000000059604645,1.1666666,nikko trafton
Maksim Aliakseyeu,C,NOB,6.0,21.166666,4.1666665,3.0,0.0,0.0,0.33333334,0.0,5.5,0.27272728085517883,1.3333334,0.875,1.5,maksim aliakseyeu
Yame Butler,PG,BTLR,31.0,13.645162,4.16129,1.2258065,1.3548387,0.41935483,0.29032257,0.3548387,3.2903225,0.45098039507865906,1.1290323,0.7428571581840515,0.7096774,yame butler
Justin Bailey,PG,UGA,31.0,12.580646,4.16129,1.3870968,0.67741936,0.58064514,0.0,0.9032258,3.483871,0.37962964177131653,0.83870965,0.7307692170143127,0.41935483,justin bailey
Mason Jones,SF,BALL,31.0,30.870968,4.16129,4.387097,1.7419355,1.451613,0.4516129,0.7741935,4.032258,0.3840000033378601,0.7096774,0.40909090638160706,0.8064516,mason jones
Dior Conners,PG,OHIO,31.0,11.548388,4.16129,1.2258065,0.7096774,0.516129,0.032258064,0.8064516,3.935484,0.3196721374988556,1.0645162,0.7878788113594055,0.58064514,dior conners
Jaylin Stewart,SF,CONN,32.0,16.21875,4.15625,2.625,1.09375,0.46875,0.3125,0.59375,3.5625,0.429824560880661,0.84375,0.5925925970077515,0.71875,jaylin stewart
Trey Fort,PG,MSU,33.0,10.181818,4.151515,1.2727273,0.6060606,0.24242425,0.21212122,0.8787879,3.969697,0.35114502906799316,0.54545456,0.8888888955116272,0.57575756,trey fort
LA Hayes,PG,UTEP,28.0,10.821428,4.142857,1.6785715,0.60714287,0.9285714,0.071428575,0.35714287,3.4285715,0.375,1.6428572,0.739130437374115,0.42857143,la hayes
Nazareth Fisher,SF,EIU,29.0,15.275862,4.137931,4.137931,0.37931034,0.27586207,0.51724136,0.0,2.9310346,0.5529412031173706,1.3103448,0.6842105388641357,1.0689656,nazareth fisher
Seneca Willoughby,PG,BCU,29.0,25.448277,4.137931,3.3793104,2.689655,0.82758623,0.31034482,0.82758623,3.5172415,0.3235294222831726,1.4137931,0.7317073345184326,1.4137931,seneca willoughby
Devin Tillis,SF,UVA,31.0,15.870968,4.129032,2.6774194,1.451613,0.19354838,0.0,0.7741935,3.516129,0.39449542760849,0.7419355,0.782608687877655,0.7741935,devin tillis
Carl Cherenfant,PG,MCN,33.0,16.272728,4.121212,3.030303,0.8787879,0.969697,0.21212122,0.18181819,3.0,0.4747474789619446,1.4848485,0.7346938848495483,0.8181818,carl cherenfant
Dok Muordar,C,MONM,33.0,12.454545,4.121212,2.3030303,0.121212125,0.24242425,1.2424242,0.0,3.030303,0.5099999904632568,1.6060606,0.6415094137191772,0.42424244,dok muordar
Mekhi Turner,SF,TNTC,25.0,8.88,4.12,2.72,0.44,0.36,0.28,0.0,2.52,0.6190476417541504,1.64,0.6097561120986938,0.68,mekhi turner
Micah Handlogten,C,FLA,34.0,14.823529,4.117647,5.852941,0.7352941,0.5,0.88235295,0.0,3.0,0.6372548937797546,0.7941176,0.37037035822868347,0.7058824,micah handlogten
Spencer Elliott,SF,CLT,34.0,17.205883,4.117647,2.6470587,1.0,0.32352942,0.61764705,0.20588236,3.4411764,0.470085471868515,1.4117647,0.4791666567325592,0.7058824,spencer elliott
Charles Caporaso,C,JAX,26.0,10.576923,4.1153846,2.2692308,0.30769232,0.26923078,0.26923078,0.0,2.6923077,0.5714285969734192,1.3846154,0.75,0.3846154,charles caporaso
Chase McCarty,SF,HOU,35.0,12.257143,4.114286,2.4571428,0.17142858,0.37142858,0.2857143,0.9714286,3.2857144,0.40869563817977905,0.51428574,0.8888888955116272,0.22857143,chase mccarty
Buddy Hammer Jr.,SF,UNT,29.0,14.206897,4.1034484,2.7931035,0.41379312,0.4827586,0.4827586,0.20689656,2.275862,0.469696968793869,2.275862,0.7727272510528564,0.62068963,buddy hammer jr
Tyson Commander,PG,L-MD,31.0,23.419355,4.096774,2.612903,1.0645162,0.67741936,0.2580645,0.6451613,3.3548386,0.45192307233810425,0.58064514,0.7222222089767456,1.1612903,tyson commander
Ian Platteeuw,PG,DAV,31.0,15.129032,4.096774,3.7741935,1.8709677,0.58064514,0.4516129,0.09677419,3.6774194,0.48245614767074585,1.032258,0.4375,1.1935484,ian platteeuw
Brock Scholl,SF,OMA,33.0,14.424242,4.090909,3.3333333,0.24242425,0.21212122,0.54545456,0.030303031,3.4848485,0.4434782564640045,1.3636364,0.7111111283302307,0.3030303,brock scholl
Allen Strothers,PG,ETSU,34.0,21.705883,4.0882354,2.0588236,2.9411764,1.2647059,0.20588236,0.2647059,3.2058823,0.47706422209739685,1.0882353,0.7027027010917664,1.3235294,allen strothers
Gavin Hightower,PG,USF,26.0,10.115385,4.076923,1.6538461,1.7307693,0.7692308,0.0,0.03846154,2.7692308,0.5277777910232544,1.6538461,0.6744186282157898,1.1923077,gavin hightower
Gavin Ripp,SF,USD,26.0,17.115385,4.076923,2.4615386,1.5384616,0.5,0.115384616,0.15384616,3.4230769,0.4606741666793823,0.96153843,0.800000011920929,1.0,gavin ripp
Louie Jordan,SF,RAD,29.0,10.965517,4.0689654,1.3793104,0.27586207,0.1724138,0.20689656,1.1034483,3.413793,0.38383838534355164,0.55172414,0.625,0.44827586,louie jordan
Panagiotis Pagonis,SF,NOLA,30.0,17.633333,4.0666666,3.0666666,1.0,0.43333334,0.06666667,0.4,3.6,0.34259259700775146,1.6666666,0.7200000286102295,0.73333335,panagiotis pagonis
Goanar Biliew,SF,WIU,31.0,17.258064,4.064516,2.1612904,0.16129032,0.38709676,0.32258064,0.22580644,3.2903225,0.4117647111415863,2.0,0.5645161271095276,0.87096775,goanar biliew
Kaleb Brown,PG,RMU,32.0,19.71875,4.0625,2.5,2.25,0.625,0.21875,0.65625,3.5625,0.41228070855140686,0.78125,0.6000000238418579,1.3125,kaleb brown
Ryan Kalambay,SF,DETM,32.0,20.03125,4.0625,5.3125,0.5,0.75,1.34375,0.0,2.71875,0.5747126340866089,1.3125,0.7142857313156128,0.625,ryan kalambay
Amari Evans,PG,TENN,35.0,14.428572,4.0571427,3.2,0.7714286,0.9714286,0.22857143,0.31428573,3.6857142,0.41860464215278625,1.1428572,0.574999988079071,0.6,amari evans
Jared Frey,PG,UML,25.0,13.64,4.04,1.24,1.2,0.24,0.12,0.68,3.08,0.3896103799343109,0.96,1.0,0.64,jared frey
PJ Carter,PG,LSU,26.0,10.423077,4.0384617,0.88461536,0.26923078,0.15384616,0.03846154,1.1153846,3.8461537,0.3499999940395355,0.26923078,0.8571428656578064,0.15384616,pj carter
Tyonne Farrell,SF,MORE,27.0,13.148149,4.037037,2.2592592,1.0,0.44444445,0.22222222,0.14814815,3.2592592,0.47727271914482117,1.4814814,0.5249999761581421,0.8518519,tyonne farrell
Jayden Gambrell,PG,LAM,30.0,11.2,4.0333333,0.76666665,0.43333334,0.4,0.1,1.0,4.266667,0.3359375,0.23333333,0.7142857313156128,0.6333333,jayden gambrell
Cameron Jackson,SF,UTA,31.0,17.129032,4.032258,3.903226,0.48387095,0.38709676,0.58064514,0.0,2.6774194,0.6265060305595398,1.2903225,0.5249999761581421,0.83870965,cameron jackson
Ibrahim Olajuwon,SF,FIU,32.0,14.09375,4.03125,3.15625,0.15625,0.5625,0.6875,0.0,2.96875,0.557894766330719,1.375,0.5227272510528564,0.65625,ibrahim olajuwon
Tristan Thompson,PG,CCU,32.0,19.53125,4.03125,4.15625,0.78125,0.28125,0.34375,0.15625,3.65625,0.41025641560554504,1.34375,0.6511628031730652,0.75,tristan thompson
Bastien Rieber,PG,FRES,32.0,16.25,4.03125,1.21875,1.5,0.25,0.03125,0.5,2.84375,0.3956044018268585,1.71875,0.7454545497894287,1.15625,bastien rieber
Daimion Collins,SF,USF,33.0,14.060606,4.030303,3.1515152,0.3939394,0.24242425,1.4242424,0.09090909,2.7575758,0.5824176073074341,1.2121212,0.6000000238418579,0.5151515,daimion collins
Rayvon Griffith,SF,KENT,33.0,13.818182,4.030303,2.969697,0.7878788,0.42424244,0.121212125,0.54545456,3.5757575,0.4237288236618042,0.8484849,0.5357142686843872,0.75757575,rayvon griffith
Ed Nnamoko,SF,WIN,34.0,11.088235,4.029412,3.0882354,0.1764706,0.14705883,0.3529412,0.0,2.5588236,0.540229856967926,1.9411764,0.6515151262283325,0.85294116,ed nnamoko
Truman Byrne,SF,CARK,34.0,16.294117,4.029412,3.0,1.9705882,0.14705883,0.0882353,0.85294116,3.3235295,0.40707963705062866,0.5294118,0.8888888955116272,1.0882353,truman byrne
Peter Kramer,PG,LEH,35.0,19.971428,4.0285716,1.8571428,0.6571429,0.5714286,0.2857143,1.0285715,3.4,0.38655462861061096,0.54285717,0.6842105388641357,0.54285717,peter kramer
Isaiah Lewis,PG,SUNO,1.0,26.0,4.0,2.0,2.0,0.0,0.0,0.0,8.0,0.125,2.0,1.0,2.0,isaiah lewis
Jamel Melvin,SF,BOWE,1.0,18.0,4.0,5.0,0.0,1.0,0.0,0.0,0.0,0.0,6.0,0.6666666865348816,1.0,jamel melvin
DJ Thompson,PG,TCJ,3.0,20.333334,4.0,2.0,1.0,1.0,0.0,1.0,3.0,0.4444444477558136,0.6666667,0.5,1.3333334,dj thompson
Justice Kelly,SF,LCHR,1.0,32.0,4.0,5.0,1.0,1.0,1.0,0.0,7.0,0.2857142984867096,2.0,0.0,2.0,justice kelly
Damian Zivak,PG,BENU,1.0,21.0,4.0,3.0,0.0,0.0,1.0,0.0,7.0,0.1428571492433548,2.0,1.0,2.0,damian zivak
Javian Cannady,PG,JCSU,1.0,24.0,4.0,3.0,3.0,2.0,0.0,0.0,6.0,0.3333333432674408,0.0,0.0,2.0,javian cannady
Donovan Hill,SF,STL,1.0,23.0,4.0,1.0,0.0,0.0,0.0,0.0,10.0,0.20000000298023224,0.0,0.0,0.0,donovan hill
KK Horton,PG,BRE,1.0,23.0,4.0,2.0,4.0,2.0,1.0,0.0,8.0,0.25,0.0,0.0,1.0,kk horton
Matt Doyle,SF,VTSL,1.0,25.0,4.0,7.0,1.0,0.0,1.0,0.0,4.0,0.5,0.0,0.0,2.0,matt doyle
Nas Cotton,SF,WNWL,1.0,17.0,4.0,3.0,1.0,0.0,0.0,0.0,6.0,0.3333333432674408,0.0,0.0,0.0,nas cotton
Kyle Jefferson,PG,SLC,1.0,17.0,4.0,0.0,0.0,1.0,0.0,0.0,6.0,0.3333333432674408,0.0,0.0,0.0,kyle jefferson
Justin Rivera,PG,MSMC,1.0,13.0,4.0,1.0,1.0,0.0,0.0,1.0,3.0,0.3333333432674408,2.0,0.5,2.0,justin rivera
Jamel Hollins,PG,PSC,1.0,21.0,4.0,6.0,3.0,1.0,0.0,0.0,3.0,0.6666666865348816,0.0,0.0,2.0,jamel hollins
Orion Samikoglu,PG,COLC,1.0,21.0,4.0,1.0,1.0,1.0,0.0,0.0,5.0,0.4000000059604645,0.0,0.0,1.0,orion samikoglu
Damian Bohlman,PG,CHCC,5.0,22.2,4.0,2.6,3.0,0.6,0.4,0.8,7.2,0.2222222238779068,0.0,0.0,1.4,damian bohlman
Cade Wilson,C,CHCC,5.0,15.6,4.0,1.4,1.4,0.6,0.4,0.6,4.0,0.4000000059604645,0.8,0.25,1.4,cade wilson
Quentin Wells,PG,PSUY,1.0,20.0,4.0,1.0,0.0,2.0,0.0,0.0,8.0,0.25,0.0,0.0,3.0,quentin wells
Connor Casper,SF,SFIL,1.0,20.0,4.0,2.0,0.0,1.0,0.0,0.0,5.0,0.4000000059604645,0.0,0.0,1.0,connor casper
Houston Culpepper,PG,FNU,1.0,18.0,4.0,2.0,1.0,0.0,1.0,0.0,4.0,0.5,0.0,0.0,0.0,houston culpepper
Yanni Brooks,SF,SNYD,1.0,12.0,4.0,3.0,0.0,0.0,0.0,0.0,7.0,0.2857142984867096,0.0,0.0,1.0,yanni brooks
Remy Wedgeworth-Brown,PG,NCU,1.0,15.0,4.0,1.0,2.0,1.0,0.0,0.0,4.0,0.5,0.0,0.0,0.0,remy wedgeworth brown
Chris Zaveckas,PG,NYMT,2.0,8.0,4.0,0.0,0.5,0.5,0.0,1.0,3.0,0.5,0.0,0.0,1.0,chris zaveckas
Cory Schramm,SF,GFU,1.0,26.0,4.0,7.0,0.0,0.0,0.0,0.0,3.0,0.6666666865348816,0.0,0.0,0.0,cory schramm
Shawn Jones,SF,WPEA,1.0,28.0,4.0,4.0,0.0,0.0,3.0,0.0,7.0,0.0,4.0,1.0,1.0,shawn jones
Andrew Coker,SF,ERKA,2.0,19.0,4.0,3.5,0.0,0.0,1.0,0.0,6.5,0.3076923191547394,0.5,0.0,1.0,andrew coker
Oscar Lynch,SF,GCSU,1.0,16.0,4.0,2.0,0.0,0.0,0.0,0.0,5.0,0.4000000059604645,0.0,0.0,1.0,oscar lynch
Johnny Semany,PG,LOR,1.0,13.0,4.0,0.0,2.0,0.0,0.0,0.0,5.0,0.4000000059604645,0.0,0.0,0.0,johnny semany
Clance Crosby,SF,MAMC,1.0,23.0,4.0,5.0,1.0,0.0,0.0,0.0,6.0,0.3333333432674408,0.0,0.0,1.0,clance crosby
Elijah Charles,SF,UCME,1.0,20.0,4.0,5.0,1.0,1.0,3.0,0.0,6.0,0.3333333432674408,0.0,0.0,4.0,elijah charles
Parker Neuenhaus,SF,VC,1.0,26.0,4.0,5.0,2.0,0.0,0.0,0.0,9.0,0.2222222238779068,0.0,0.0,0.0,parker neuenhaus
Kreekor Karageuzian,PG,VC,1.0,21.0,4.0,6.0,0.0,0.0,0.0,0.0,5.0,0.4000000059604645,0.0,0.0,1.0,kreekor karageuzian
Eric Zhang,PG,VC,1.0,12.0,4.0,1.0,1.0,0.0,0.0,0.0,3.0,0.3333333432674408,6.0,0.3333333432674408,1.0,eric zhang
Nathan Denham,SF,VC,1.0,20.0,4.0,5.0,1.0,0.0,0.0,0.0,3.0,0.6666666865348816,0.0,0.0,0.0,nathan denham
Fendi Francois,PG,MBOS,1.0,6.0,4.0,2.0,0.0,0.0,0.0,0.0,2.0,0.5,2.0,1.0,0.0,fendi francois
Carson Meczywor,PG,MBOS,1.0,23.0,4.0,2.0,1.0,2.0,0.0,0.0,5.0,0.4000000059604645,0.0,0.0,4.0,carson meczywor
Arturo Overton,PG,PDMT,1.0,4.0,4.0,0.0,1.0,0.0,0.0,0.0,1.0,1.0,2.0,1.0,0.0,arturo overton
Jeray Randall Jr.,PG,PANE,1.0,11.0,4.0,4.0,0.0,0.0,1.0,0.0,6.0,0.3333333432674408,0.0,0.0,1.0,jeray randall jr
Charles Gitonga,SF,STTX,1.0,13.0,4.0,2.0,0.0,1.0,0.0,0.0,3.0,0.6666666865348816,0.0,0.0,1.0,charles gitonga
Clayton McLaren,PG,MBOS,1.0,11.0,4.0,1.0,0.0,0.0,0.0,0.0,2.0,1.0,0.0,0.0,0.0,clayton mclaren
Klei Nagode,SF,JBU,1.0,5.0,4.0,1.0,0.0,0.0,0.0,0.0,3.0,0.6666666865348816,0.0,0.0,2.0,klei nagode
Daniel Schultz,SF,CTDM,1.0,24.0,4.0,3.0,2.0,1.0,1.0,0.0,11.0,0.1818181872367859,2.0,0.0,0.0,daniel schultz
Johnny Whysong,SF,CIU,2.0,25.0,4.0,4.5,0.5,3.0,0.0,0.0,4.0,0.5,0.0,0.0,1.5,johnny whysong
Gavin Ibrahim,PG,ULV,1.0,3.0,4.0,0.0,0.0,0.0,0.0,0.0,3.0,0.6666666865348816,0.0,0.0,0.0,gavin ibrahim
Carmello McNeal,PG,NCU,1.0,21.0,4.0,3.0,0.0,0.0,3.0,0.0,9.0,0.2222222238779068,0.0,0.0,1.0,carmello mcneal
JP Egan,SF,MSMC,1.0,11.0,4.0,1.0,0.0,0.0,0.0,0.0,4.0,0.5,0.0,0.0,0.0,jp egan
Diego Ledesma,PG,FRSU,1.0,12.0,4.0,2.0,0.0,0.0,0.0,0.0,5.0,0.20000000298023224,2.0,1.0,2.0,diego ledesma
Porter Abrams,SF,EOU,2.0,22.5,4.0,1.5,1.0,1.0,0.0,1.0,5.0,0.30000001192092896,0.0,0.0,1.0,porter abrams
Alex Ferrell,PG,LETU,1.0,11.0,4.0,2.0,0.0,0.0,0.0,0.0,3.0,0.0,4.0,1.0,0.0,alex ferrell
Trent Williams,PG,NWWA,1.0,16.0,4.0,1.0,0.0,1.0,0.0,0.0,2.0,0.5,2.0,1.0,0.0,trent williams
Karl Yonkeu,SF,FRN,1.0,16.0,4.0,2.0,1.0,0.0,0.0,0.0,12.0,0.1666666716337204,1.0,0.0,1.0,karl yonkeu
Jackson Pugh,PG,NDMD,3.0,22.666666,4.0,3.6666667,1.3333334,1.0,0.0,0.0,6.0,0.2777777910232544,0.6666667,1.0,1.3333334,jackson pugh
Derek Reed,PG,FDSU,1.0,17.0,4.0,4.0,3.0,1.0,0.0,0.0,6.0,0.3333333432674408,0.0,0.0,0.0,derek reed
DJ Green,PG,SOVA,2.0,20.5,4.0,2.0,1.0,0.0,0.0,0.5,4.5,0.3333333432674408,1.0,0.5,2.0,dj green
Dayton Richardson,PG,MOBL,1.0,26.0,4.0,5.0,1.0,0.0,1.0,0.0,6.0,0.1666666716337204,3.0,0.6666666865348816,0.0,dayton richardson
Mazen Sayed,PG,GWYD,1.0,22.0,4.0,1.0,1.0,1.0,1.0,0.0,7.0,0.2857142984867096,0.0,0.0,3.0,mazen sayed
Sean Cervantes,PG,WHTR,2.0,23.5,4.0,2.5,3.5,1.0,0.0,0.5,7.5,0.20000000298023224,1.0,0.5,3.0,sean cervantes
Isaiah Knight,PG,HNTC,1.0,13.0,4.0,3.0,1.0,1.0,0.0,1.0,4.0,0.25,2.0,0.5,0.0,isaiah knight
Tristan Youngblood,PG,CRWN,1.0,15.0,4.0,1.0,1.0,0.0,0.0,0.0,5.0,0.20000000298023224,3.0,0.6666666865348816,1.0,tristan youngblood
Teddy Tapken,SF,TXLU,2.0,17.5,4.0,0.0,1.5,0.0,0.0,0.0,3.0,0.5,2.5,0.4000000059604645,2.0,teddy tapken
Jason Freeman,PG,HSSU,1.0,9.0,4.0,1.0,0.0,1.0,1.0,0.0,5.0,0.4000000059604645,1.0,0.0,0.0,jason freeman
Kole Torres,PG,BRYN,4.0,14.5,4.0,2.75,0.75,0.25,0.25,1.0,5.5,0.27272728085517883,0.0,0.0,2.25,kole torres
Trey McDonald III,PG,GFU,1.0,10.0,4.0,1.0,1.0,0.0,0.0,0.0,4.0,0.5,0.0,0.0,2.0,trey mcdonald iii
Shilo Bivins,SF,MWD,1.0,25.0,4.0,3.0,0.0,0.0,0.0,0.0,4.0,0.5,0.0,0.0,1.0,shilo bivins
Eli Underwood,PG,TMCN,1.0,11.0,4.0,0.0,0.0,0.0,0.0,0.0,3.0,0.6666666865348816,0.0,0.0,0.0,eli underwood
Grayson Grove,SF,MINN,32.0,20.59375,4.0,3.15625,1.65625,1.03125,0.625,0.15625,3.0,0.59375,1.125,0.25,0.46875,grayson grove
Théo Pierre-Justin,SF,DEP,30.0,15.5,4.0,2.5666666,0.9,0.33333334,0.16666667,0.8333333,3.3333333,0.41999998688697815,0.6,0.6111111044883728,0.46666667,theo pierre justin
Kai Burdick,C,SUU,32.0,13.65625,4.0,3.34375,0.625,0.25,0.625,0.0625,2.8125,0.6555555462837219,0.625,0.4000000059604645,0.84375,kai burdick
Ramzi Salem,PG,CUST,1.0,24.0,4.0,0.0,2.0,1.0,0.0,0.0,9.0,0.2222222238779068,0.0,0.0,0.0,ramzi salem
Jacob Santiago,PG,GCTU,2.0,12.5,4.0,1.5,0.5,1.0,0.0,1.0,3.5,0.4285714328289032,0.0,0.0,0.5,jacob santiago
Taheen Braswell-Brown,PG,GCTU,2.0,18.0,4.0,2.5,0.5,0.0,0.0,0.5,5.0,0.30000001192092896,3.0,0.1666666716337204,0.0,taheen braswell brown
Steph Barnes,PG,RIVI,1.0,31.0,4.0,4.0,1.0,1.0,0.0,0.0,7.0,0.2857142984867096,1.0,0.0,3.0,steph barnes
Max Portnoy,SF,WCMD,2.0,16.0,4.0,1.5,3.0,0.0,0.5,0.0,4.0,0.5,0.0,0.0,0.5,max portnoy
Dylan Patrick,PG,PDMT,1.0,26.0,4.0,2.0,4.0,1.0,0.0,0.0,6.0,0.3333333432674408,0.0,0.0,1.0,dylan patrick
Ty Cheney,PG,MWD,1.0,27.0,4.0,4.0,1.0,1.0,0.0,0.0,7.0,0.2857142984867096,0.0,0.0,1.0,ty cheney
Dylan Long,PG,NDMD,3.0,22.333334,4.0,2.0,0.33333334,0.6666667,0.0,0.0,6.6666665,0.30000001192092896,0.0,0.0,0.33333334,dylan long
BJ McNeil,PG,EMRS,1.0,3.0,4.0,0.0,0.0,1.0,0.0,0.0,2.0,0.5,2.0,1.0,0.0,bj mcneil
Ignacio Diaz,SF,HLGU,1.0,20.0,4.0,0.0,0.0,0.0,0.0,1.0,3.0,0.3333333432674408,2.0,0.5,0.0,ignacio diaz
Michael Mcleod,PG,DCC,3.0,15.666667,4.0,2.0,0.0,1.3333334,0.0,0.6666667,3.3333333,0.30000001192092896,1.3333334,1.0,0.6666667,michael mcleod
Braxton Murray,C,BOBJ,3.0,23.666666,4.0,3.0,2.0,0.6666667,0.0,0.0,4.0,0.4166666567325592,1.0,0.6666666865348816,1.0,braxton murray
Corey Lombard Jr.,SF,LCHR,1.0,30.0,4.0,3.0,0.0,0.0,0.0,0.0,3.0,0.3333333432674408,2.0,1.0,1.0,corey lombard jr
Shannon Strickland,PG,MAMC,1.0,28.0,4.0,4.0,1.0,2.0,1.0,0.0,7.0,0.2857142984867096,0.0,0.0,0.0,shannon strickland
Jackson Lawson,SF,TUTX,1.0,10.0,4.0,2.0,0.0,1.0,0.0,0.0,8.0,0.25,3.0,0.0,0.0,jackson lawson
Cole Glasgow,PG,UJ,1.0,16.0,4.0,2.0,0.0,0.0,0.0,0.0,4.0,0.5,0.0,0.0,1.0,cole glasgow
Curro Segura,PG,JSP,1.0,11.0,4.0,3.0,2.0,0.0,0.0,0.0,3.0,0.6666666865348816,0.0,0.0,1.0,curro segura
Cody Aquino,PG,ULV,1.0,15.0,4.0,2.0,0.0,0.0,0.0,0.0,4.0,0.5,0.0,0.0,2.0,cody aquino
Trevin Williams,PG,PUGB,1.0,23.0,4.0,2.0,1.0,2.0,1.0,0.0,3.0,0.6666666865348816,0.0,0.0,3.0,trevin williams
Brody Davis,SF,HAWH,1.0,28.0,4.0,5.0,0.0,2.0,0.0,0.0,9.0,0.1111111119389534,2.0,1.0,0.0,brody davis
Tarik Islamovic,PG,TWU,2.0,8.0,4.0,2.0,0.5,0.0,0.0,0.0,4.0,0.25,2.0,1.0,0.5,tarik islamovic
Luka Novakovic,SF,UMFK,1.0,28.0,4.0,6.0,4.0,0.0,0.0,0.0,5.0,0.4000000059604645,1.0,0.0,3.0,luka novakovic
Donovan Pruitt,PG,EARL,1.0,16.0,4.0,1.0,0.0,1.0,0.0,0.0,9.0,0.2222222238779068,0.0,0.0,1.0,donovan pruitt
Tommy Reddick,PG,EARL,1.0,21.0,4.0,2.0,0.0,0.0,0.0,1.0,5.0,0.20000000298023224,5.0,0.20000000298023224,0.0,tommy reddick
Connor Smith,PG,EARL,1.0,26.0,4.0,8.0,0.0,0.0,0.0,0.0,7.0,0.1428571492433548,2.0,1.0,3.0,connor smith
Jesse Faires,SF,FRKL,1.0,26.0,4.0,3.0,2.0,1.0,0.0,0.0,5.0,0.20000000298023224,5.0,0.4000000059604645,6.0,jesse faires
Colby Chapman,PG,NCF,2.0,9.5,4.0,1.0,1.5,0.0,0.0,0.0,1.5,0.6666666865348816,2.0,1.0,2.0,colby chapman
Ty Cloud,PG,OCC,1.0,12.0,4.0,0.0,1.0,1.0,0.0,0.0,2.0,1.0,0.0,0.0,1.0,ty cloud
Xavi Tirado,PG,BRES,2.0,18.5,4.0,2.0,0.0,0.5,1.0,0.0,3.5,0.5714285969734192,0.0,0.0,0.5,xavi tirado
Tyler Suber,PG,BLU,1.0,4.0,4.0,0.0,1.0,0.0,0.0,0.0,1.0,1.0,2.0,1.0,0.0,tyler suber
William Lawder,PG,UVF,1.0,15.0,4.0,5.0,0.0,1.0,1.0,0.0,5.0,0.4000000059604645,0.0,0.0,0.0,william lawder
Soren Holmbo,SF,MSMC,1.0,13.0,4.0,1.0,0.0,2.0,0.0,0.0,4.0,0.25,2.0,1.0,0.0,soren holmbo
Hugo Maury,PG,CU,3.0,13.0,4.0,2.3333333,0.6666667,0.6666667,0.0,0.6666667,2.0,0.6666666865348816,1.3333334,0.5,2.0,hugo maury
Giulio Volonte,SF,EMRS,1.0,15.0,4.0,0.0,1.0,1.0,0.0,0.0,6.0,0.3333333432674408,0.0,0.0,1.0,giulio volonte
Simon Akena,PG,NSU,1.0,29.0,4.0,3.0,0.0,1.0,0.0,0.0,8.0,0.25,0.0,0.0,2.0,simon akena
Jack Gallagher,PG,MISE,2.0,18.5,4.0,3.0,0.0,1.0,0.0,0.5,3.5,0.4285714328289032,1.0,0.5,3.5,jack gallagher
Cade Davies,PG,CAPU,1.0,18.0,4.0,3.0,2.0,1.0,1.0,0.0,5.0,0.20000000298023224,2.0,1.0,0.0,cade davies
Alex Ortman,PG,GLDT,1.0,14.0,4.0,1.0,1.0,0.0,0.0,0.0,5.0,0.4000000059604645,0.0,0.0,0.0,alex ortman
Amari Jamison,PG,FISH,1.0,16.0,4.0,0.0,1.0,0.0,0.0,0.0,7.0,0.2857142984867096,1.0,0.0,1.0,amari jamison
Elhadji Thiam,SF,AUM,1.0,26.0,4.0,7.0,0.0,2.0,1.0,0.0,3.0,0.6666666865348816,0.0,0.0,1.0,elhadji thiam
Jayondre Leak,PG,NNMC,1.0,29.0,4.0,3.0,0.0,1.0,0.0,0.0,5.0,0.4000000059604645,0.0,0.0,1.0,jayondre leak
Arthur Celestin Jr.,SF,OLLU,1.0,17.0,4.0,2.0,0.0,0.0,1.0,0.0,7.0,0.2857142984867096,0.0,0.0,3.0,arthur celestin jr
Jehiel Henry,PG,TCFL,1.0,28.0,4.0,3.0,2.0,1.0,0.0,0.0,8.0,0.25,0.0,0.0,1.0,jehiel henry
Matthew Quinones,PG,LHMN,1.0,18.0,4.0,1.0,0.0,2.0,0.0,0.0,5.0,0.4000000059604645,1.0,0.0,1.0,matthew quinones
Gavin Wright,PG,SLC,1.0,16.0,4.0,2.0,1.0,0.0,0.0,0.0,7.0,0.2857142984867096,0.0,0.0,0.0,gavin wright
Donte Briggs,PG,SUNO,1.0,24.0,4.0,1.0,2.0,2.0,0.0,0.0,7.0,0.1428571492433548,2.0,1.0,2.0,donte briggs
Aidan Lambert,PG,FVSU,1.0,24.0,4.0,2.0,0.0,2.0,0.0,0.0,5.0,0.20000000298023224,2.0,1.0,2.0,aidan lambert
Donovan Lovelace,SF,JBU,1.0,18.0,4.0,8.0,0.0,1.0,1.0,0.0,6.0,0.0,4.0,1.0,4.0,donovan lovelace
Malachi Pearson,SF,SMWC,1.0,14.0,4.0,1.0,0.0,1.0,0.0,0.0,4.0,0.5,0.0,0.0,2.0,malachi pearson
Deacon Perry,SF,WLMT,1.0,11.0,4.0,0.0,0.0,1.0,0.0,0.0,2.0,0.5,2.0,1.0,2.0,deacon perry
Camden Hyman,PG,SCHR,1.0,17.0,4.0,1.0,0.0,0.0,0.0,0.0,7.0,0.2857142984867096,0.0,0.0,1.0,camden hyman
Jeffrey Herbin,PG,RGIS,1.0,23.0,4.0,5.0,1.0,0.0,0.0,0.0,4.0,0.5,0.0,0.0,2.0,jeffrey herbin
Gehrig Brynda,SF,RGIS,1.0,23.0,4.0,4.0,1.0,3.0,0.0,0.0,8.0,0.25,0.0,0.0,1.0,gehrig brynda
Bryan Warren,PG,PSBW,2.0,16.0,4.0,4.0,2.0,1.0,0.0,0.5,3.5,0.2857142984867096,2.0,0.75,1.0,bryan warren
Zion Hunter,ATH,MOBL,1.0,35.0,4.0,8.0,2.0,0.0,2.0,0.0,5.0,0.20000000298023224,2.0,1.0,2.0,zion hunter
Fotis Hristopoulos,SF,TASA,2.0,16.5,4.0,2.0,0.5,0.5,0.5,0.5,2.0,0.25,3.5,0.7142857313156128,1.5,fotis hristopoulos
Shainen Carter,SF,GASO,34.0,17.558823,4.0,3.264706,0.1764706,0.5294118,1.2941177,0.029411765,2.5,0.529411792755127,2.0588236,0.6428571343421936,0.88235295,shainen carter
Cal Furnish,PG,ORU,33.0,20.515152,4.0,2.5151515,1.5454545,0.6969697,0.030303031,0.6060606,2.878788,0.4421052634716034,1.1212121,0.7567567825317383,0.969697,cal furnish
Alvin Kay,SF,CBS,9.0,26.0,4.0,4.6666665,0.5555556,0.8888889,1.5555556,0.0,5.4444447,0.2857142984867096,1.1111112,0.800000011920929,1.3333334,alvin kay
Hugo Gonzalez Garcia,SG,FPU,1.0,19.0,4.0,0.0,1.0,1.0,0.0,0.0,4.0,0.25,2.0,1.0,1.0,hugo gonzalez garcia
Malkeyce Harris,SF,HTU,2.0,14.5,4.0,5.0,0.0,1.5,1.0,1.0,7.0,0.2142857164144516,0.0,0.0,2.5,malkeyce harris
Markeis Isley,SF,CALD,1.0,14.0,4.0,1.0,0.0,2.0,0.0,0.0,5.0,0.4000000059604645,0.0,0.0,2.0,markeis isley
Xavier Nelson,PG,RIT,2.0,15.0,4.0,1.5,0.0,0.5,0.0,0.5,3.5,0.4285714328289032,0.5,1.0,0.5,xavier nelson
Brody Brown,PG,RIT,2.0,23.5,4.0,1.0,1.5,1.0,0.0,1.0,3.5,0.2857142984867096,1.0,1.0,1.0,brody brown
Nigel Pierman,SF,RIT,2.0,21.5,4.0,3.5,1.5,1.0,0.5,0.0,6.0,0.25,2.0,0.5,2.0,nigel pierman
Bryson Demby,PG,JWNC,1.0,20.0,4.0,3.0,0.0,0.0,0.0,0.0,5.0,0.4000000059604645,0.0,0.0,0.0,bryson demby
Christian Outlaw,SF,JWNC,1.0,9.0,4.0,1.0,0.0,0.0,1.0,0.0,4.0,0.5,1.0,0.0,0.0,christian outlaw
ChaVez Woods,PG,MCK,1.0,16.0,4.0,2.0,0.0,0.0,0.0,0.0,5.0,0.4000000059604645,1.0,0.0,4.0,chavez woods
Jerrick Guidry,PG,ADSU,1.0,10.0,4.0,3.0,2.0,1.0,0.0,0.0,2.0,1.0,0.0,0.0,1.0,jerrick guidry
Jonathon Pickering,PG,CVU,1.0,26.0,4.0,12.0,0.0,0.0,0.0,0.0,6.0,0.3333333432674408,0.0,0.0,1.0,jonathon pickering
Giannis Donakis,SF,CVU,1.0,25.0,4.0,6.0,1.0,0.0,0.0,0.0,7.0,0.2857142984867096,0.0,0.0,2.0,giannis donakis
Nevi Tell,PG,SAR,1.0,9.0,4.0,1.0,0.0,0.0,0.0,0.0,1.0,0.0,4.0,1.0,2.0,nevi tell
Matheus Siqueira,PG,MLSP,1.0,5.0,4.0,1.0,0.0,0.0,0.0,0.0,3.0,0.3333333432674408,2.0,1.0,0.0,matheus siqueira
David Combest Jr.,PG,MLSP,1.0,25.0,4.0,6.0,4.0,0.0,1.0,0.0,2.0,1.0,0.0,0.0,5.0,david combest jr
Jayden Desimone,PG,THMC,1.0,22.0,4.0,7.0,0.0,0.0,0.0,1.0,6.0,0.1666666716337204,2.0,0.5,1.0,jayden desimone
Nate Hebert,PG,THMC,1.0,10.0,4.0,0.0,1.0,0.0,0.0,1.0,5.0,0.20000000298023224,2.0,0.5,1.0,nate hebert
Joshua Book,PG,NSU,1.0,25.0,4.0,2.0,3.0,0.0,0.0,0.0,9.0,0.1111111119389534,2.0,1.0,0.0,joshua book
Tobi Obiora,SF,NSU,1.0,20.0,4.0,6.0,2.0,1.0,2.0,0.0,7.0,0.2857142984867096,0.0,0.0,0.0,tobi obiora
Stephen Ransom,SF,DMCA,2.0,18.0,4.0,6.5,1.0,1.0,2.0,0.0,2.5,0.4000000059604645,2.0,1.0,0.5,stephen ransom
Joseph Espy,C,UCSC,2.0,22.5,4.0,2.0,2.5,0.5,1.0,0.0,10.5,0.190476194024086,0.5,0.0,3.0,joseph espy
Brandon Lucas,SF,SFST,2.0,16.5,4.0,1.5,1.0,0.0,0.0,1.0,5.5,0.27272728085517883,0.5,0.0,0.5,brandon lucas
Dane Fisher,PG,TOCC,4.0,15.25,4.0,1.25,0.75,0.5,0.0,1.0,4.5,0.2222222238779068,1.25,0.800000011920929,1.75,dane fisher
Brayden Williams,PG,MSSU,1.0,21.0,4.0,4.0,2.0,0.0,0.0,0.0,7.0,0.2857142984867096,0.0,0.0,0.0,brayden williams
Storm Gilchrist,SF,MSSU,1.0,12.0,4.0,4.0,0.0,0.0,2.0,0.0,3.0,0.6666666865348816,1.0,0.0,2.0,storm gilchrist
Connor Morris,PG,UTPB,1.0,17.0,4.0,2.0,0.0,1.0,0.0,0.0,6.0,0.1666666716337204,2.0,1.0,1.0,connor morris
Kyle McElroy,SF,UTPB,1.0,28.0,4.0,4.0,0.0,1.0,0.0,0.0,4.0,0.5,2.0,0.0,2.0,kyle mcelroy
Demarcus Forbes,PG,UFTL,3.0,17.0,4.0,2.3333333,1.3333334,0.6666667,0.0,0.6666667,4.6666665,0.2857142984867096,1.3333334,0.5,0.6666667,demarcus forbes
Daniel Lubamba,PG,BMTA,1.0,27.0,4.0,1.0,4.0,0.0,0.0,0.0,4.0,0.5,0.0,0.0,1.0,daniel lubamba
Judah Ravenell,PG,BMTA,1.0,22.0,4.0,6.0,1.0,0.0,0.0,1.0,7.0,0.1428571492433548,4.0,0.25,2.0,judah ravenell
Nick Galati,PG,IIT,2.0,10.5,4.0,1.0,0.5,0.0,0.0,1.0,2.5,0.6000000238418579,0.0,0.0,1.5,nick galati
Drew McMillin,PG,EVU,1.0,33.0,4.0,6.0,6.0,0.0,0.0,0.0,6.0,0.3333333432674408,1.0,0.0,1.0,drew mcmillin
Wandy Munoz,PG,TRCC,1.0,15.0,4.0,4.0,0.0,1.0,0.0,0.0,5.0,0.20000000298023224,4.0,0.5,0.0,wandy munoz
Jaidan Gilzene,PG,TRCC,1.0,12.0,4.0,4.0,0.0,0.0,0.0,0.0,8.0,0.25,0.0,0.0,0.0,jaidan gilzene
Ty Williams,PG,UDC,1.0,20.0,4.0,0.0,1.0,1.0,1.0,1.0,10.0,0.10000000149011612,3.0,0.3333333432674408,1.0,ty williams
Eli Teslovich,PG,ALLG,1.0,18.0,4.0,1.0,0.0,0.0,0.0,0.0,7.0,0.2857142984867096,2.0,0.0,0.0,eli teslovich
Max Wallace,SF,ALLG,1.0,21.0,4.0,7.0,1.0,1.0,1.0,0.0,8.0,0.25,0.0,0.0,1.0,max wallace
Isaiah Andino,PG,CC,1.0,14.0,4.0,2.0,1.0,0.0,0.0,0.0,2.0,0.0,7.0,0.5714285969734192,2.0,isaiah andino
Brennen Walker,SF,UHSP,1.0,21.0,4.0,1.0,1.0,3.0,0.0,0.0,3.0,0.6666666865348816,2.0,0.0,0.0,brennen walker
Kendall Connor Jr.,SF,JSP,1.0,7.0,4.0,3.0,0.0,0.0,0.0,0.0,6.0,0.3333333432674408,0.0,0.0,0.0,kendall connor jr
Skyler Kimberlin,SF,NWOK,1.0,8.0,4.0,1.0,0.0,0.0,0.0,0.0,2.0,1.0,0.0,0.0,0.0,skyler kimberlin
Tynerion Jackson,C,SUNO,1.0,14.0,4.0,4.0,0.0,0.0,0.0,0.0,4.0,0.25,2.0,1.0,1.0,tynerion jackson
Denim Perkins,PG,WUDE,1.0,32.0,4.0,3.0,4.0,5.0,0.0,1.0,4.0,0.25,6.0,0.1666666716337204,1.0,denim perkins
Trenton Gordon,SF,WNMU,1.0,15.0,4.0,3.0,0.0,0.0,2.0,0.0,5.0,0.4000000059604645,0.0,0.0,1.0,trenton gordon
Jhamal Ross,PG,RUST,1.0,18.0,4.0,1.0,1.0,1.0,0.0,0.0,2.0,1.0,0.0,0.0,3.0,jhamal ross
Marcus Haupert,SF,SCIA,1.0,11.0,4.0,4.0,0.0,0.0,0.0,0.0,4.0,0.5,0.0,0.0,0.0,marcus haupert
Solomon Tucker,SF,CAT,1.0,17.0,4.0,3.0,1.0,1.0,1.0,0.0,4.0,0.5,1.0,0.0,0.0,solomon tucker
Zion McDuffie,SF,CAT,1.0,13.0,4.0,0.0,3.0,1.0,2.0,0.0,4.0,0.5,0.0,0.0,2.0,zion mcduffie
Jalen Hilliard,SF,CAT,1.0,4.0,4.0,0.0,0.0,0.0,0.0,0.0,2.0,1.0,0.0,0.0,0.0,jalen hilliard
Sawyer Tipton,PG,PCC,1.0,6.0,4.0,0.0,0.0,0.0,0.0,0.0,0.0,0.0,4.0,1.0,2.0,sawyer tipton
Goodnews Akonofua,C,PCC,1.0,20.0,4.0,1.0,0.0,0.0,2.0,0.0,2.0,1.0,0.0,0.0,0.0,goodnews akonofua
Brady Cooper,SF,SFIL,1.0,11.0,4.0,1.0,1.0,1.0,1.0,0.0,2.0,1.0,0.0,0.0,0.0,brady cooper
C.J. Scott,PG,CTLA,1.0,13.0,4.0,0.0,0.0,0.0,0.0,0.0,1.0,1.0,2.0,1.0,0.0,c j scott
Daniel Reyes,SF,UTSO,1.0,13.0,4.0,3.0,0.0,0.0,0.0,0.0,1.0,0.0,4.0,1.0,0.0,daniel reyes
Anderson Shepherd,PG,OGLE,1.0,13.0,4.0,3.0,1.0,0.0,0.0,0.0,9.0,0.2222222238779068,0.0,0.0,0.0,anderson shepherd
RJ Robinson,PG,BMCU,2.0,16.5,4.0,2.5,1.0,0.0,0.0,0.0,5.0,0.30000001192092896,2.0,0.5,1.5,rj robinson
Major Hurley,PG,ULV,1.0,14.0,4.0,4.0,1.0,0.0,0.0,0.0,4.0,0.5,2.0,0.0,0.0,major hurley
Jordan Lyon,PG,CSS,1.0,9.0,4.0,0.0,1.0,1.0,0.0,1.0,2.0,0.5,2.0,0.5,0.0,jordan lyon
Aaron Keykal,SF,CSS,1.0,18.0,4.0,4.0,0.0,1.0,1.0,0.0,7.0,0.1428571492433548,4.0,0.5,2.0,aaron keykal
John Carreker,PG,UNKY,2.0,14.5,4.0,1.5,0.5,0.5,0.0,0.0,3.0,0.6666666865348816,0.0,0.0,2.0,john carreker
Thomas Kaine,PG,JWU,2.0,5.5,4.0,0.0,0.0,0.0,0.0,0.0,2.5,0.800000011920929,0.0,0.0,0.5,thomas kaine
Zaveyn Tate,SF,MITC,1.0,18.0,4.0,2.0,1.0,0.0,0.0,0.0,3.0,0.6666666865348816,0.0,0.0,1.0,zaveyn tate
Harry Neilson,SF,NESU,1.0,14.0,4.0,7.0,1.0,0.0,2.0,0.0,5.0,0.4000000059604645,0.0,0.0,0.0,harry neilson
Shamon Rosser,SF,APPR,1.0,24.0,4.0,2.0,0.0,0.0,1.0,0.0,5.0,0.20000000298023224,4.0,0.5,3.0,shamon rosser
Micah Bays,PG,CNSU,2.0,7.0,4.0,1.0,1.0,0.0,0.0,1.0,2.5,0.6000000238418579,0.5,0.0,0.5,micah bays
Ethan Macken,SF,ERAZ,1.0,12.0,4.0,3.0,2.0,0.0,0.0,0.0,6.0,0.3333333432674408,2.0,0.0,1.0,ethan macken
Arzika Seibou,PG,WILC,2.0,11.5,4.0,0.5,0.0,0.0,0.0,1.0,5.5,0.27272728085517883,0.0,0.0,1.0,arzika seibou
Jordan Bateman,PG,UCME,1.0,11.0,4.0,0.0,0.0,0.0,0.0,0.0,3.0,0.6666666865348816,0.0,0.0,1.0,jordan bateman
Jaden Hubbard,PG,UCME,1.0,24.0,4.0,0.0,2.0,0.0,0.0,0.0,8.0,0.25,0.0,0.0,1.0,jaden hubbard
Andrew Joncas,PG,VTSL,1.0,8.0,4.0,2.0,0.0,0.0,0.0,0.0,2.0,0.0,4.0,1.0,1.0,andrew joncas
Emani Langley,PG,RGNT,2.0,10.5,4.0,1.0,0.0,0.0,0.0,1.0,2.5,0.4000000059604645,1.0,1.0,1.0,emani langley
Mason Hunter,PG,SOVA,2.0,12.5,4.0,3.0,1.0,0.0,0.0,0.0,3.0,0.0,5.0,0.800000011920929,2.5,mason hunter
Austin Mitchell,PF,SOVA,2.0,15.0,4.0,4.0,0.0,0.5,0.0,0.0,2.5,0.6000000238418579,1.5,0.6666666865348816,0.5,austin mitchell
Mahad Yusuf,PG,SOVA,2.0,16.0,4.0,1.0,2.0,0.0,0.0,0.0,7.0,0.2142857164144516,1.0,1.0,2.0,mahad yusuf
Sawyer Huff,PG,MOBU,1.0,9.0,4.0,0.0,0.0,0.0,0.0,0.0,3.0,0.6666666865348816,0.0,0.0,1.0,sawyer huff
Stacy Davis,SF,KYSU,1.0,11.0,4.0,2.0,0.0,0.0,0.0,0.0,4.0,0.5,0.0,0.0,0.0,stacy davis
Cameron Nash,PG,LAW,1.0,12.0,4.0,2.0,0.0,0.0,0.0,0.0,4.0,0.5,0.0,0.0,0.0,cameron nash
Jackson Weber,PG,LAW,1.0,19.0,4.0,3.0,2.0,0.0,0.0,0.0,3.0,0.6666666865348816,0.0,0.0,2.0,jackson weber
Cooper Buelna,C,RFU,1.0,11.0,4.0,2.0,0.0,0.0,0.0,0.0,3.0,0.6666666865348816,0.0,0.0,0.0,cooper buelna
Jaydin Morin-Bishop,PG,OLLU,1.0,24.0,4.0,3.0,0.0,2.0,1.0,0.0,8.0,0.25,0.0,0.0,3.0,jaydin morin bishop
Isaiah Moore,PG,OLLU,1.0,20.0,4.0,4.0,0.0,1.0,0.0,0.0,5.0,0.4000000059604645,0.0,0.0,0.0,isaiah moore
Jake Centner,SF,GFU,1.0,22.0,4.0,1.0,0.0,0.0,0.0,0.0,3.0,0.6666666865348816,0.0,0.0,0.0,jake centner
Zaryen Moore,PG,FRKL,1.0,16.0,4.0,2.0,1.0,1.0,0.0,1.0,1.0,1.0,2.0,0.5,1.0,zaryen moore
Nate Wilson,PG,FRKL,1.0,15.0,4.0,0.0,1.0,0.0,0.0,0.0,2.0,1.0,0.0,0.0,3.0,nate wilson
Jagger Young,PG,TOUG,2.0,21.0,4.0,5.0,1.5,2.0,0.0,0.0,4.0,0.5,0.5,0.0,2.0,jagger young
Amon Moore,PG,MYSU,1.0,13.0,4.0,0.0,0.0,0.0,0.0,0.0,6.0,0.1666666716337204,2.0,1.0,2.0,amon moore
Kanyon Bryte,SF,COE,2.0,24.0,4.0,3.0,0.0,0.5,1.0,0.5,7.5,0.20000000298023224,1.5,0.3333333432674408,1.0,kanyon bryte
Jacob Duitsman,PG,CUNE,1.0,10.0,4.0,0.0,0.0,0.0,0.0,0.0,2.0,1.0,0.0,0.0,1.0,jacob duitsman
Christopher Owens,PG,SMWC,1.0,22.0,4.0,1.0,1.0,1.0,0.0,0.0,5.0,0.4000000059604645,0.0,0.0,2.0,christopher owens
DeYon Bell,SF,SMWC,1.0,23.0,4.0,5.0,1.0,0.0,3.0,0.0,5.0,0.4000000059604645,0.0,0.0,1.0,deyon bell
Amadou Ceesay,PG,SMWC,1.0,22.0,4.0,6.0,1.0,1.0,0.0,0.0,5.0,0.4000000059604645,2.0,0.0,2.0,amadou ceesay
Gur Dhillon,SF,BRDS,1.0,24.0,4.0,6.0,0.0,0.0,2.0,0.0,5.0,0.4000000059604645,2.0,0.0,1.0,gur dhillon
Dre Nobles,PG,HAWH,1.0,25.0,4.0,5.0,0.0,1.0,0.0,0.0,11.0,0.1818181872367859,0.0,0.0,1.0,dre nobles
Matt Gardler,PG,HFU,1.0,33.0,4.0,1.0,6.0,1.0,0.0,0.0,7.0,0.1428571492433548,2.0,1.0,4.0,matt gardler
Travis Green III,PG,CUST,1.0,21.0,4.0,1.0,2.0,2.0,0.0,0.0,10.0,0.20000000298023224,0.0,0.0,4.0,travis green iii
Ife Okebiorun,SF,ROW,1.0,24.0,4.0,2.0,0.0,1.0,1.0,0.0,3.0,0.6666666865348816,0.0,0.0,1.0,ife okebiorun
Aseem Luckey,SF,WBU,1.0,15.0,4.0,2.0,0.0,0.0,1.0,0.0,3.0,0.3333333432674408,2.0,1.0,1.0,aseem luckey
Davonta Tucker,SF,WBU,1.0,28.0,4.0,6.0,0.0,0.0,0.0,1.0,4.0,0.25,2.0,0.5,2.0,davonta tucker
Jakobe Jones,PG,BREW,2.0,22.0,4.0,2.5,2.0,1.0,0.0,0.0,6.0,0.3333333432674408,0.0,0.0,3.0,jakobe jones
Armani Reese,SF,BREW,2.0,14.0,4.0,1.5,0.0,0.0,0.0,0.0,4.5,0.4444444477558136,0.0,0.0,2.0,armani reese
Trent Shelton,PG,BREW,2.0,14.5,4.0,0.0,1.0,1.0,0.0,1.0,2.0,0.5,1.0,1.0,2.0,trent shelton
Daemon Thomas,PG,ELMR,1.0,15.0,4.0,1.0,1.0,0.0,0.0,1.0,1.0,1.0,2.0,0.5,1.0,daemon thomas
Roman Lutton,PG,SAOK,1.0,14.0,4.0,2.0,0.0,0.0,0.0,0.0,5.0,0.4000000059604645,0.0,0.0,4.0,roman lutton
Saben Attebery,SF,SUCA,1.0,13.0,4.0,1.0,0.0,0.0,0.0,0.0,5.0,0.4000000059604645,0.0,0.0,2.0,saben attebery
CJ Bayak,SF,NWWA,1.0,21.0,4.0,4.0,0.0,0.0,0.0,0.0,7.0,0.2857142984867096,0.0,0.0,0.0,cj bayak
Andrew Iyamah,SF,NWWA,1.0,9.0,4.0,1.0,1.0,1.0,1.0,0.0,5.0,0.4000000059604645,0.0,0.0,1.0,andrew iyamah
Braylon Toussaint,SF,SCHR,1.0,4.0,4.0,0.0,0.0,1.0,0.0,0.0,2.0,1.0,0.0,0.0,0.0,braylon toussaint
Nashawn Davis,SF,HSSU,1.0,22.0,4.0,3.0,2.0,1.0,0.0,0.0,9.0,0.2222222238779068,0.0,0.0,5.0,nashawn davis
Evan Frederick,SF,CBVU,1.0,16.0,4.0,2.0,3.0,1.0,1.0,0.0,9.0,0.2222222238779068,0.0,0.0,1.0,evan frederick
Quincy Everson,PG,MNCR,1.0,19.0,4.0,0.0,0.0,0.0,0.0,0.0,4.0,0.5,0.0,0.0,1.0,quincy everson
Brody Hull,SF,UCCS,1.0,18.0,4.0,5.0,1.0,0.0,0.0,0.0,6.0,0.3333333432674408,2.0,0.0,1.0,brody hull
John Gabbert,PG,CONC,1.0,3.0,4.0,0.0,0.0,0.0,0.0,0.0,1.0,1.0,2.0,1.0,1.0,john gabbert
Prince Jones-Bynum,PG,NGU,2.0,22.0,4.0,2.0,4.0,0.0,0.0,0.0,5.0,0.4000000059604645,0.5,0.0,2.0,prince jones bynum
Colby Frehe,SF,MCC,1.0,19.0,4.0,3.0,0.0,1.0,0.0,0.0,4.0,0.5,0.0,0.0,0.0,colby frehe
Anthony Graffeo-Jackson,SF,SNYD,1.0,18.0,4.0,6.0,0.0,2.0,1.0,0.0,7.0,0.2857142984867096,1.0,0.0,1.0,anthony graffeo jackson
Jacob Rehor,PG,ADR,1.0,16.0,4.0,5.0,0.0,0.0,0.0,0.0,4.0,0.5,0.0,0.0,0.0,jacob rehor
William Mensah,SF,SALV,1.0,14.0,4.0,4.0,0.0,0.0,0.0,0.0,3.0,0.6666666865348816,0.0,0.0,1.0,william mensah
Zach Oliver,SF,FRN,1.0,18.0,4.0,1.0,0.0,0.0,0.0,0.0,8.0,0.25,0.0,0.0,1.0,zach oliver
Mark Sweeney,SF,FRN,1.0,2.0,4.0,1.0,0.0,0.0,0.0,0.0,2.0,0.5,2.0,1.0,0.0,mark sweeney
Donnell Campbell,SF,PSUY,1.0,12.0,4.0,3.0,0.0,0.0,0.0,0.0,3.0,0.3333333432674408,2.0,1.0,0.0,donnell campbell
Joe Okla,SF,WORC,2.0,33.0,4.0,5.0,3.0,1.0,0.5,0.5,8.0,0.1875,1.5,0.3333333432674408,2.0,joe okla
Liam Buckley,SF,FDSU,1.0,29.0,4.0,4.0,2.0,0.0,0.0,0.0,3.0,0.3333333432674408,2.0,1.0,0.0,liam buckley
Jayden Thomas,PG,DSLU,1.0,28.0,4.0,6.0,3.0,0.0,0.0,0.0,11.0,0.09090909361839294,6.0,0.3333333432674408,6.0,jayden thomas
Martaz Owens,PG,PANE,1.0,16.0,4.0,1.0,0.0,1.0,0.0,0.0,6.0,0.3333333432674408,0.0,0.0,1.0,martaz owens
Autrey Barnes,SF,FISH,1.0,15.0,4.0,1.0,1.0,0.0,0.0,0.0,3.0,0.6666666865348816,0.0,0.0,1.0,autrey barnes
Rowan Morel,PG,NYCB,1.0,18.0,4.0,3.0,2.0,2.0,1.0,0.0,3.0,0.6666666865348816,0.0,0.0,2.0,rowan morel
Malik Ware,SF,AVER,2.0,10.5,4.0,2.0,0.0,0.0,0.0,0.5,3.0,0.3333333432674408,2.0,0.75,1.0,malik ware
Dominik McKenney-George,PG,UVF,1.0,11.0,4.0,0.0,1.0,0.0,0.0,0.0,5.0,0.4000000059604645,0.0,0.0,1.0,dominik mckenney george
Ace Branham,PG,UVF,1.0,8.0,4.0,2.0,0.0,0.0,0.0,0.0,1.0,1.0,2.0,1.0,2.0,ace branham
Abdoulaye Ba,PG,CSJ,2.0,24.0,4.0,0.5,0.0,0.5,0.5,0.0,5.5,0.1818181872367859,2.0,1.0,1.5,abdoulaye ba
Dylan Pugh,PG,OCC,1.0,21.0,4.0,1.0,1.0,0.0,0.0,0.0,4.0,0.25,4.0,0.5,0.0,dylan pugh
Alec Srock,PG,GEN,1.0,21.0,4.0,5.0,1.0,1.0,0.0,0.0,3.0,0.6666666865348816,0.0,0.0,4.0,alec srock
Evan Lopez,SF,SWA,3.0,23.333334,4.0,2.3333333,0.6666667,0.6666667,0.0,0.0,3.0,0.5555555820465088,1.0,0.6666666865348816,1.0,evan lopez
Zach Hudson,PG,BERE,1.0,20.0,4.0,3.0,3.0,0.0,0.0,0.0,2.0,0.5,2.0,1.0,1.0,zach hudson
Joshua Decker,SF,BERE,1.0,4.0,4.0,2.0,0.0,0.0,0.0,0.0,2.0,1.0,0.0,0.0,0.0,joshua decker
Gary Davis Jr,PG,VRHS,1.0,20.0,4.0,1.0,0.0,1.0,0.0,0.0,3.0,0.3333333432674408,2.0,1.0,1.0,gary davis jr
Landon Scarrettee,PG,DFC,2.0,9.5,4.0,0.5,0.0,0.0,0.0,0.0,3.0,0.3333333432674408,2.0,1.0,1.0,landon scarrettee
Denim Johnson,PG,PSC,1.0,12.0,4.0,1.0,1.0,0.0,0.0,0.0,6.0,0.3333333432674408,0.0,0.0,0.0,denim johnson
Zack Patetta,SF,MWD,1.0,8.0,4.0,1.0,0.0,0.0,0.0,0.0,5.0,0.4000000059604645,0.0,0.0,0.0,zack patetta
Brennen Varney,SF,WAYN,1.0,4.0,4.0,2.0,0.0,1.0,0.0,0.0,1.0,1.0,4.0,0.5,0.0,brennen varney
Noah Oliver,PG,PUC,1.0,8.0,4.0,2.0,0.0,0.0,0.0,0.0,2.0,0.5,3.0,0.6666666865348816,0.0,noah oliver
Isaiah Smith,SF,PUC,1.0,10.0,4.0,0.0,1.0,1.0,0.0,0.0,6.0,0.3333333432674408,0.0,0.0,2.0,isaiah smith
J'Siah Jefferson,PG,LOUR,1.0,18.0,4.0,5.0,1.0,0.0,0.0,0.0,5.0,0.4000000059604645,1.0,0.0,2.0,j siah jefferson
Ethan Marlowe,SF,NCU,1.0,15.0,4.0,3.0,0.0,1.0,0.0,0.0,3.0,0.6666666865348816,0.0,0.0,2.0,ethan marlowe
Ty Rouse,PG,TCFL,1.0,23.0,4.0,1.0,1.0,0.0,0.0,0.0,7.0,0.1428571492433548,2.0,1.0,4.0,ty rouse
Joe Bauer,PG,AFST,1.0,13.0,4.0,1.0,1.0,0.0,0.0,0.0,7.0,0.2857142984867096,0.0,0.0,1.0,joe bauer
Dominick Gramaglia,PG,MMID,1.0,17.0,4.0,1.0,0.0,0.0,0.0,0.0,6.0,0.3333333432674408,0.0,0.0,4.0,dominick gramaglia
Domenic Raymond,SF,CTNJ,1.0,17.0,4.0,2.0,1.0,0.0,0.0,0.0,2.0,0.5,2.0,1.0,3.0,domenic raymond
Zech Lilly,SF,THI,1.0,18.0,4.0,6.0,0.0,0.0,0.0,0.0,4.0,0.5,0.0,0.0,0.0,zech lilly
Das Sanders,SF,THI,1.0,22.0,4.0,0.0,2.0,1.0,1.0,0.0,6.0,0.3333333432674408,0.0,0.0,2.0,das sanders
George Sabatini,PG,BBU,1.0,23.0,4.0,1.0,2.0,1.0,2.0,0.0,5.0,0.4000000059604645,0.0,0.0,2.0,george sabatini
Gabe Springer,SF,BBU,1.0,18.0,4.0,3.0,0.0,0.0,2.0,0.0,7.0,0.2857142984867096,0.0,0.0,2.0,gabe springer
Bryce Simmons,PG,B&SA,1.0,30.0,4.0,3.0,2.0,3.0,0.0,0.0,12.0,0.0833333358168602,2.0,1.0,1.0,bryce simmons
D'Avoni Jones,PG,B&SA,1.0,16.0,4.0,3.0,0.0,0.0,0.0,0.0,3.0,0.3333333432674408,3.0,0.6666666865348816,0.0,d avoni jones
Shawn Minnehan,PG,STJF,1.0,3.0,4.0,0.0,0.0,0.0,0.0,0.0,2.0,1.0,0.0,0.0,0.0,shawn minnehan
Jonathan McCaffrey,PG,STJF,1.0,27.0,4.0,5.0,0.0,0.0,0.0,0.0,8.0,0.25,0.0,0.0,0.0,jonathan mccaffrey
Deaundre Clarke,PG,KEAN,1.0,16.0,4.0,1.0,3.0,0.0,0.0,0.0,4.0,0.5,0.0,0.0,1.0,deaundre clarke
Davian Coleman,C,VSU,1.0,20.0,4.0,4.0,1.0,0.0,2.0,0.0,3.0,0.6666666865348816,0.0,0.0,2.0,davian coleman
Noah Oberfeld,SF,DWU,1.0,8.0,4.0,2.0,0.0,0.0,0.0,1.0,5.0,0.20000000298023224,2.0,0.5,1.0,noah oberfeld
Diego Sharp,PG,NNMC,1.0,24.0,4.0,3.0,3.0,2.0,0.0,0.0,4.0,0.5,0.0,0.0,2.0,diego sharp
Trevor Gillis,PG,SHTU,2.0,12.0,4.0,2.5,0.5,1.0,0.0,1.0,3.5,0.4285714328289032,1.0,0.0,1.0,trevor gillis
Nissir Cook,C,MANR,2.0,35.0,4.0,4.0,1.0,0.0,1.5,0.0,4.5,0.3333333432674408,1.5,0.6666666865348816,3.0,nissir cook
Aamir Roger,PG,MHAM,1.0,19.0,4.0,2.0,2.0,0.0,0.0,0.0,4.0,0.5,0.0,0.0,1.0,aamir roger
Calvin Carter II,PG,TMCN,1.0,11.0,4.0,0.0,0.0,1.0,0.0,0.0,2.0,0.0,4.0,1.0,0.0,calvin carter ii
Jordan Sidle,PG,NYCA,1.0,10.0,4.0,1.0,0.0,0.0,0.0,0.0,2.0,1.0,0.0,0.0,2.0,jordan sidle
Phillip Byrd,SG,B&SO,1.0,22.0,4.0,8.0,0.0,1.0,1.0,0.0,4.0,0.5,0.0,0.0,0.0,phillip byrd
Kenji Ward-Sims,SG,B&SO,1.0,15.0,4.0,0.0,0.0,1.0,1.0,1.0,4.0,0.25,2.0,0.5,0.0,kenji ward sims
Sam Whitaker III,SF,B&SO,1.0,18.0,4.0,3.0,1.0,0.0,2.0,0.0,5.0,0.4000000059604645,1.0,0.0,0.0,sam whitaker iii
Brian Gillespie,SG,B&SO,1.0,22.0,4.0,0.0,0.0,0.0,1.0,0.0,5.0,0.4000000059604645,0.0,0.0,1.0,brian gillespie
Ricky Adams,SF,PUGB,1.0,12.0,4.0,2.0,0.0,0.0,0.0,0.0,4.0,0.5,0.0,0.0,0.0,ricky adams
Chamari Malone,PG,EAWE,3.0,13.666667,4.0,2.0,0.0,1.0,0.6666667,0.6666667,6.0,0.2777777910232544,0.33333334,0.0,0.33333334,chamari malone
Jacob Pichay,PG,DKSN,1.0,20.0,4.0,3.0,2.0,0.0,0.0,1.0,3.0,0.3333333432674408,2.0,0.5,3.0,jacob pichay
Gardy Etienne,PG,RUC,1.0,11.0,4.0,1.0,0.0,0.0,0.0,0.0,7.0,0.2857142984867096,0.0,0.0,0.0,gardy etienne
Mehki Carter,SF,RUC,1.0,14.0,4.0,2.0,3.0,3.0,0.0,0.0,3.0,0.3333333432674408,2.0,1.0,1.0,mehki carter
Ziyan Ali,PG,HWPU,2.0,9.5,4.0,1.5,1.0,0.0,0.0,0.5,4.5,0.2222222238779068,2.0,0.75,2.0,ziyan ali
Jamie Puentes,PG,HWPU,2.0,13.0,4.0,1.5,1.0,0.0,0.0,1.0,4.0,0.375,0.0,0.0,0.0,jamie puentes
Alex Genuise,SF,UOO,1.0,9.0,4.0,0.0,0.0,0.0,0.0,0.0,1.0,1.0,2.0,1.0,1.0,alex genuise
Dalton Alexander III,SF,JBU,1.0,22.0,4.0,7.0,0.0,0.0,4.0,0.0,4.0,0.5,0.0,0.0,0.0,dalton alexander iii
Jude Gonzalez,PG,MBOS,1.0,4.0,4.0,0.0,0.0,0.0,0.0,1.0,1.0,1.0,3.0,0.3333333432674408,1.0,jude gonzalez
Kenny Ermat,PG,THI,1.0,15.0,4.0,1.0,1.0,0.0,0.0,0.0,3.0,0.3333333432674408,2.0,1.0,1.0,kenny ermat
Owen Canan,PG,IUE,2.0,10.5,4.0,0.5,3.0,0.0,0.0,0.0,3.5,0.5714285969734192,0.0,0.0,1.5,owen canan
Blaze Callahan,SF,SKC,1.0,32.0,4.0,1.0,1.0,0.0,0.0,0.0,11.0,0.1818181872367859,1.0,0.0,1.0,blaze callahan
Donovan Headswift,SF,SKC,1.0,23.0,4.0,4.0,0.0,1.0,1.0,0.0,5.0,0.4000000059604645,0.0,0.0,1.0,donovan headswift
Solomon Sutton,SF,BAP,1.0,13.0,4.0,4.0,1.0,0.0,0.0,0.0,4.0,0.5,0.0,0.0,0.0,solomon sutton
Omari Henry,PG,BAP,1.0,25.0,4.0,2.0,0.0,0.0,1.0,0.0,9.0,0.0,4.0,1.0,1.0,omari henry
Kyan Evans,PG,UNC,33.0,17.60606,3.969697,1.1818181,2.4848485,0.5151515,0.0,0.969697,4.151515,0.32846716046333313,0.3939394,0.692307710647583,1.1212121,kyan evans
Lou Hutchinson,PG,AAMU,33.0,16.454546,3.969697,1.6666666,0.6666667,0.27272728,0.121212125,0.6666667,3.2121212,0.3962264060974121,0.93939394,0.8064516186714172,0.36363637,lou hutchinson
Ethan Kizer,SF,SDAK,32.0,15.15625,3.96875,1.625,0.15625,0.46875,0.09375,1.0625,3.40625,0.35779815912246704,0.9375,0.5,0.34375,ethan kizer
LeBron Thomas,PG,GB,32.0,12.09375,3.96875,1.9375,0.9375,0.34375,0.03125,0.03125,2.34375,0.47999998927116394,2.46875,0.6835442781448364,1.03125,lebron thomas
Donovan Hunter,SF,BELL,30.0,12.5,3.9666667,1.8,0.7,0.46666667,0.13333334,0.8333333,4.0666666,0.3606557250022888,0.33333334,0.6000000238418579,0.6,donovan hunter
Adrean Newton,PG,NORF,27.0,15.37037,3.9629629,1.5555556,2.1111112,0.8888889,0.037037037,0.4074074,3.2592592,0.46590909361839294,1.037037,0.5,1.5925926,adrean newton
Drew McKenna,PG,ODU,26.0,10.884615,3.9615386,2.5384614,0.53846157,0.34615386,0.23076923,0.26923078,3.6923077,0.4166666567325592,0.8076923,0.761904776096344,0.46153846,drew mckenna
Christian Gamble,PG,MERC,34.0,21.17647,3.9411764,1.617647,2.1176472,0.7647059,0.029411765,0.61764705,3.7941177,0.3643410801887512,0.7647059,0.7307692170143127,0.5588235,christian gamble
Chris Eagan,SF,AMER,32.0,11.21875,3.9375,1.6875,0.125,0.15625,0.125,0.03125,3.59375,0.4434782564640045,0.90625,0.7931034564971924,0.8125,chris eagan
Finn Lally,SF,W&M,25.0,10.08,3.92,1.92,1.0,0.28,0.48,0.4,2.76,0.49275362491607666,1.2,0.6666666865348816,0.56,finn lally
Elijah Perkins,PG,SPU,22.0,25.454546,3.909091,2.8636363,1.8181819,1.1363636,0.3181818,0.0,4.1363635,0.36263737082481384,1.6363636,0.5555555820465088,0.8181818,elijah perkins
Halon Rawlins,PG,FAIR,33.0,16.90909,3.909091,2.6060605,1.0909091,0.6969697,0.54545456,0.5151515,4.3636365,0.3402777910232544,0.6969697,0.6086956262588501,0.8181818,halon rawlins
Khalon Hudson,PG,PRES,32.0,11.1875,3.90625,2.46875,0.25,0.59375,0.09375,0.15625,2.8125,0.5111111402511597,0.96875,0.9032257795333862,0.375,khalon hudson
Mason So,PG,MSM,31.0,18.258064,3.903226,2.387097,2.2580645,0.5483871,0.12903225,0.7096774,3.3225806,0.40776699781417847,0.61290324,0.7894737124443054,1.8709677,mason so
Cougar Downing,PG,UMBC,31.0,12.419354,3.903226,0.9032258,0.61290324,0.22580644,0.0,0.9032258,3.1290324,0.41237112879753113,0.516129,0.8125,0.2580645,cougar downing
Quin Gorman,SF,STBK,31.0,18.612904,3.903226,3.6451614,0.87096775,0.5483871,0.9354839,0.4516129,3.2258065,0.4300000071525574,1.032258,0.65625,0.61290324,quin gorman
Edwin Daniel,SF,LAS,31.0,14.451612,3.903226,3.516129,0.3548387,0.516129,1.2580645,0.0,3.451613,0.4953271150588989,0.9677419,0.5,0.9032258,edwin daniel
Teshaun Steele,PG,NHVN,31.0,15.225806,3.903226,3.1935484,0.9354839,0.4516129,0.4516129,0.19354838,3.0,0.44086021184921265,1.483871,0.717391312122345,0.48387095,teshaun steele
Malachi Arrington,C,NJIT,29.0,14.137931,3.8965516,3.724138,0.03448276,0.20689656,0.6551724,0.0,2.6551723,0.5974025726318359,1.3103448,0.5526315569877625,0.7241379,malachi arrington
Isaiah Placide,PG,MASS,28.0,8.928572,3.892857,1.0,0.32142857,0.21428572,0.071428575,0.89285713,3.0357144,0.38823530077934265,0.9285714,0.692307710647583,0.2857143,isaiah placide
James Scott,SF,MISS,35.0,17.914286,3.8857143,4.6,0.62857145,0.4857143,1.3142858,0.0,2.4285715,0.729411780834198,0.6857143,0.5,0.62857145,james scott
Kerrington Kiel,SF,TROY,34.0,16.147058,3.8823528,3.5882354,1.0588236,0.88235295,0.2647059,0.44117647,3.2941177,0.3571428656578064,1.5,0.7254902124404907,0.8235294,kerrington kiel
Grady Lewis,SF,CSUN,32.0,9.53125,3.875,2.40625,0.375,0.125,0.15625,0.0,2.625,0.6547619104385376,1.125,0.3888888955116272,0.34375,grady lewis
Jordan Clayton,PG,NU,31.0,18.32258,3.8709676,1.7096775,1.3548387,0.48387095,0.16129032,1.032258,3.1290324,0.41237112879753113,0.48387095,0.5333333611488342,0.4516129,jordan clayton
Reid Cason,SF,ECU,31.0,15.16129,3.8709676,3.3225806,0.32258064,0.5483871,0.9677419,0.032258064,2.6451614,0.5609756112098694,1.2903225,0.675000011920929,0.87096775,reid cason
Brady Hardewig,PG,WGA,31.0,17.258064,3.8709676,1.2903225,0.8064516,0.41935483,0.09677419,1.0645162,3.387097,0.39047619700431824,0.19354838,0.8333333134651184,0.5483871,brady hardewig
Trevon Blassingame,PG,IDHO,35.0,16.885714,3.857143,2.6285715,0.54285717,0.6571429,0.2,0.71428573,2.8857143,0.4653465449810028,0.62857145,0.7272727489471436,0.6571429,trevon blassingame
Stephan Snagg,SF,BING,28.0,19.107143,3.857143,2.7857144,0.39285713,0.2857143,0.32142857,0.0,2.607143,0.6164383292198181,1.1428572,0.5625,0.39285713,stephan snagg
Elijah Jones,SF,LONG,27.0,17.296297,3.851852,3.6296296,0.7407407,0.7037037,0.33333334,0.18518518,2.6666667,0.4583333432674408,1.8148148,0.6734693646430969,0.6666667,elijah jones
Jay Jones,PG,PENN,27.0,13.740741,3.851852,2.2592592,1.2222222,0.4814815,0.037037037,0.25925925,2.7407408,0.4324324429035187,2.074074,0.5892857313156128,0.7407407,jay jones
Brandon Hardy,PG,SOU,33.0,19.0,3.8484848,2.2121212,0.6969697,1.030303,0.121212125,0.57575756,3.090909,0.44117647409439087,0.72727275,0.75,0.7878788,brandon hardy
Walter Brown,SF,UNLV,33.0,20.30303,3.8484848,2.8181818,1.0909091,0.5151515,0.3939394,0.5151515,3.121212,0.43689319491386414,1.060606,0.5714285969734192,0.90909094,walter brown
Eric Morgan Jr.,PG,SPU,26.0,11.115385,3.8461537,0.6923077,0.6923077,0.34615386,0.0,0.6923077,3.5769231,0.3655914068222046,0.6923077,0.7777777910232544,0.34615386,eric morgan jr
Jaxon Prunty,PG,COFC,32.0,16.4375,3.84375,1.96875,0.875,0.40625,0.0,0.375,3.0,0.3333333432674408,1.75,0.8392857313156128,0.5,jaxon prunty
Deangelo Elisee,SF,PFW,32.0,13.71875,3.84375,2.5625,0.34375,0.28125,1.28125,0.03125,2.375,0.6973684430122375,0.8125,0.6153846383094788,0.59375,deangelo elisee
Semetri Carr,PG,CAL,32.0,16.5,3.84375,2.59375,2.15625,0.40625,0.09375,0.28125,3.03125,0.36082473397254944,1.84375,0.7457627058029175,0.59375,semetri carr
Erich Harding,SF,MRSH,32.0,14.28125,3.84375,2.71875,0.46875,0.28125,0.625,0.0,2.4375,0.6282051205635071,1.65625,0.4716981053352356,0.6875,erich harding
Andrew Akuchie,SF,RICE,31.0,13.774194,3.8387096,3.8064516,0.2580645,0.2580645,0.48387095,0.032258064,2.483871,0.5584415793418884,1.4193548,0.7272727489471436,0.48387095,andrew akuchie
Jamai Felt,SF,TEM,31.0,13.387096,3.8387096,4.096774,0.38709676,0.29032257,0.8064516,0.0,2.2903225,0.6197183132171631,1.7096775,0.5849056839942932,0.8064516,jamai felt
Jalen Vazquez,PG,LEH,31.0,21.870968,3.8387096,2.580645,2.032258,1.0967742,0.06451613,0.3548387,3.516129,0.38532111048698425,1.1290323,0.6857143044471741,1.1935484,jalen vazquez
Amare Allen,SF,ME,24.0,13.791667,3.8333333,1.625,0.29166666,0.375,0.125,0.375,3.5416667,0.3764705955982208,1.4166666,0.5588235259056091,0.75,amare allen
Caleb Ross,PG,CHCC,6.0,13.5,3.8333333,1.1666666,2.1666667,1.0,0.16666667,0.5,5.1666665,0.22580644488334656,1.3333334,0.75,1.1666666,caleb ross
Dwayne Aristode,SF,ARIZ,35.0,13.228572,3.8285713,1.7428571,0.74285716,0.45714286,0.08571429,0.85714287,2.7428572,0.4895833432674408,0.5714286,0.5,0.42857143,dwayne aristode
Dean Shepherd,PG,DSU,28.0,11.142858,3.8214285,1.2142857,0.42857143,0.53571427,0.0,0.17857143,2.7142856,0.34210526943206787,2.3214285,0.7692307829856873,0.35714287,dean shepherd
Chadlyn Traylor,PG,COFC,32.0,17.3125,3.8125,1.03125,2.03125,0.34375,0.125,0.53125,3.28125,0.4095238149166107,1.125,0.5277777910232544,0.5,chadlyn traylor
Jamar Brown,PG,UCLA,36.0,15.638889,3.8055556,2.6944444,0.5277778,0.5555556,0.055555556,0.6944444,3.1111112,0.4285714328289032,0.44444445,1.0,0.33333334,jamar brown
Terrance Arceneaux,PG,NCSU,30.0,15.8,3.8,2.6333334,0.5,0.8666667,0.36666667,0.5,3.3333333,0.4099999964237213,0.73333335,0.7727272510528564,0.36666667,terrance arceneaux
Grant Polk,PG,SC,30.0,12.933333,3.8,1.1333333,0.13333334,0.23333333,0.06666667,0.8666667,3.3666666,0.3861386179924011,0.36666667,0.9090909361839294,0.23333333,grant polk
Matheo Coffi,SF,UTSA,30.0,19.066668,3.8,4.8333335,0.8333333,0.33333334,0.73333335,0.46666667,3.1333334,0.5,0.4,0.5,0.9,matheo coffi
Isaiah Barnes,PG,VAL,29.0,13.275862,3.7931035,1.8275862,0.51724136,0.27586207,0.06896552,0.37931034,3.724138,0.35185185074806213,1.137931,0.6969696879386902,0.7241379,isaiah barnes
Addarin Scott,SF,KC,29.0,12.5172415,3.7931035,2.7931035,0.4827586,0.20689656,0.44827586,0.0,3.137931,0.48351648449897766,1.3103448,0.5789473652839661,0.82758623,addarin scott
Daniel Helterhoff,SF,RID,24.0,9.25,3.7916667,1.7916666,0.33333334,0.0,0.083333336,0.0,2.2083333,0.5849056839942932,1.5833334,0.7631579041481018,0.7083333,daniel helterhoff
Trent Coleman,SF,CHSO,24.0,10.833333,3.7916667,2.5416667,0.29166666,0.125,0.0,0.5,2.3333333,0.5,1.3333334,0.71875,0.125,trent coleman
Jaquias Franklin,PG,CHSO,24.0,14.583333,3.7916667,1.5,2.625,0.5,0.083333336,0.6666667,3.5,0.3928571343421936,0.45833334,0.8181818127632141,1.2916666,jaquias franklin
Khalil Farmer,PG,UML,33.0,14.060606,3.7878788,1.4848485,0.54545456,0.42424244,0.21212122,0.54545456,3.3636363,0.3513513505458832,1.4242424,0.6170212626457214,0.4848485,khalil farmer
Carter Hopoi,SF,VAL,33.0,14.818182,3.7878788,2.3939395,0.6060606,0.33333334,0.72727275,0.15151516,3.060606,0.4455445408821106,1.8787879,0.4838709533214569,0.6060606,carter hopoi
Isaiah Henderson,SF,SIE,28.0,13.714286,3.7857144,0.8214286,0.5,0.21428572,0.071428575,0.75,3.0714285,0.3488371968269348,1.1785715,0.7575757503509521,0.53571427,isaiah henderson
Gioacchino Panzini,SF,COR,27.0,10.407408,3.7777777,1.925926,0.5555556,0.4074074,0.25925925,0.44444445,2.148148,0.6724137663841248,0.7777778,0.5714285969734192,0.5185185,gioacchino panzini
Noam Dovrat,PG,MIA,27.0,9.444445,3.7777777,0.5185185,1.037037,0.37037036,0.0,1.0,2.7037036,0.45205479860305786,0.33333334,1.0,0.4074074,noam dovrat
Keyshuan Tillery,PG,CIN,31.0,12.354838,3.7741935,1.2258065,1.8064516,0.516129,0.12903225,0.516129,3.483871,0.37037035822868347,0.9677419,0.699999988079071,1.1935484,keyshuan tillery
ArDarius Grayson,PG,WEB,31.0,13.0,3.7741935,1.548387,1.2580645,0.67741936,0.032258064,0.3548387,3.7741935,0.3333333432674408,1.1612903,0.7777777910232544,0.9032258,ardarius grayson
Kyrese Mullen,SF,NMSU,26.0,13.961538,3.7692308,3.8461537,0.42307693,0.23076923,0.07692308,0.34615386,3.4230769,0.33707866072654724,1.9230769,0.5799999833106995,0.96153843,kyrese mullen
Luke Haertle,PG,SDST,30.0,14.933333,3.7666667,2.9,1.4333333,0.5,0.13333334,0.3,3.6,0.37037035822868347,1.3333334,0.6000000238418579,1.1,luke haertle
Jake DiMichele,PG,DUQ,25.0,14.44,3.76,1.12,0.68,0.52,0.24,0.52,3.28,0.4146341383457184,0.64,0.8125,0.36,jake dimichele
KC Ibekwe,C,PAC,32.0,9.3125,3.75,1.59375,0.34375,0.21875,0.28125,0.0,2.9375,0.5957446694374084,0.84375,0.29629629850387573,0.78125,kc ibekwe
Anastasios Rozakeas,PG,MSM,24.0,14.375,3.75,2.0416667,0.5416667,0.41666666,0.0,0.9583333,3.875,0.3333333432674408,0.25,0.8333333134651184,0.5833333,anastasios rozakeas
Luka Vudragovic,PG,PEPP,31.0,11.967742,3.7419355,1.1935484,0.32258064,0.19354838,0.09677419,0.5483871,3.7419355,0.37931033968925476,0.41935483,0.8461538553237915,0.48387095,luka vudragovic
Cortez Graham-Howard,PG,UNA,27.0,13.518518,3.7407408,1.6666666,1.2222222,0.2962963,0.37037036,0.44444445,3.5185184,0.4000000059604645,0.7777778,0.6190476417541504,0.962963,cortez graham howard
Ashton Reynolds,PG,CCSU,23.0,10.217391,3.7391305,1.9565217,0.26086956,0.3043478,0.47826087,0.26086956,2.7391305,0.460317462682724,1.173913,0.8148148059844971,0.26086956,ashton reynolds
Sean Logan,SF,DAV,26.0,15.692307,3.7307692,3.3846154,0.7307692,0.46153846,2.4230769,0.07692308,3.0384614,0.49367088079452515,1.7307693,0.3777777850627899,0.7692308,sean logan
Adriel Nyorha,PG,USF,26.0,10.923077,3.7307692,1.6538461,2.0,0.5769231,0.15384616,0.3846154,3.3461537,0.39080458879470825,1.0769231,0.6785714030265808,1.1923077,adriel nyorha
Andrew Osasuyi,C,SBU,33.0,11.909091,3.7272727,2.8484848,0.21212122,0.6060606,1.6666666,0.0,2.5151515,0.650602400302887,0.969697,0.46875,0.6060606,andrew osasuyi
Ahmad Johnson,PG,UAPB,29.0,12.206897,3.724138,0.82758623,0.7586207,0.20689656,0.13793103,0.79310346,3.5172415,0.36274510622024536,0.51724136,0.7333333492279053,0.55172414,ahmad johnson
George Beale Jr.,PG,UCF,25.0,8.16,3.72,0.92,0.32,0.12,0.08,0.8,3.56,0.3258427083492279,0.72,0.8333333134651184,0.28,george beale jr
Isaiah Carr,SF,DRKE,32.0,11.71875,3.71875,3.15625,0.625,0.40625,1.15625,0.0,2.40625,0.5584415793418884,1.65625,0.6226415038108826,0.875,isaiah carr
Jamarion Davis-Fleming,SF,MSST,32.0,20.15625,3.71875,4.84375,0.6875,0.40625,1.25,0.0,2.3125,0.6756756901741028,1.75,0.3392857015132904,0.53125,jamarion davis fleming
Martins Kilups,PG,ORU,32.0,17.46875,3.71875,2.125,0.71875,0.375,0.03125,0.75,3.09375,0.4545454680919647,0.4375,0.3571428656578064,0.5,martins kilups
Jalen Breath,SF,OHIO,28.0,13.392858,3.7142856,2.9642856,0.35714287,0.21428572,0.4642857,0.0,2.5,0.5285714268684387,2.5714285,0.4166666567325592,0.75,jalen breath
Danas Kazakevicius,C,HOW,34.0,14.5,3.7058823,2.4411764,1.0294118,0.2647059,0.29411766,0.029411765,2.9117646,0.4747474789619446,1.1470588,0.7948718070983887,1.0294118,danas kazakevicius
Chris Kumu,PG,CAN,27.0,12.851851,3.7037036,1.4814814,0.22222222,0.5555556,0.074074075,0.18518518,4.0740743,0.3545454442501068,1.2222222,0.5151515007019043,0.44444445,chris kumu
Dane Christensen,SF,RGV,27.0,13.481482,3.7037036,2.4814816,0.8888889,0.37037036,0.074074075,0.5925926,3.1851852,0.39534884691238403,1.0,0.5925925970077515,0.5555556,dane christensen
Miles Klapper,PG,IDHO,30.0,11.933333,3.7,1.9333333,0.73333335,0.53333336,0.0,0.6,2.9,0.4597701132297516,0.6333333,0.6842105388641357,0.5,miles klapper
Valentino Simon,SF,OMA,30.0,12.533334,3.7,3.1333334,0.56666666,0.1,0.43333334,0.0,2.3,0.5362318754196167,1.9,0.6491228342056274,0.43333334,valentino simon
Josiah Moore,PG,TULN,32.0,12.65625,3.6875,1.875,0.90625,0.53125,0.3125,0.09375,2.9375,0.4680851101875305,1.25,0.675000011920929,0.65625,josiah moore
Cameron Tweedy,SF,SFPA,31.0,13.32258,3.6774194,2.483871,0.38709676,0.16129032,0.16129032,0.0,2.8709676,0.5617977380752563,0.67741936,0.6666666865348816,0.516129,cameron tweedy
Duce Paschal,PG,WEB,31.0,12.67742,3.6774194,2.483871,0.7096774,0.87096775,0.09677419,0.3548387,3.8064516,0.35593220591545105,0.87096775,0.7037037014961243,0.58064514,duce paschal
Isaiah Wilson,PG,WIN,34.0,19.852942,3.6764705,1.4411764,2.6470587,1.0294118,0.14705883,0.2647059,3.7941177,0.3178294599056244,1.5882353,0.6296296119689941,1.382353,isaiah wilson
Kyle Pock,SF,UNI,34.0,12.617647,3.6764705,1.0,0.20588236,0.3529412,0.0882353,0.85294116,3.1764705,0.3888888955116272,0.47058824,0.75,0.14705883,kyle pock
Cyr Malonga,C,NMSU,24.0,11.625,3.6666667,2.4583333,0.16666667,0.33333334,0.41666666,0.0,2.0416667,0.6734693646430969,1.9166666,0.47826087474823,0.6666667,cyr malonga
Cameron Wilson,SF,CPC,3.0,13.666667,3.6666667,3.3333333,0.6666667,0.0,0.0,0.0,2.6666667,0.625,0.6666667,0.5,1.6666666,cameron wilson
Jaydon Cameron,SF,JUS,3.0,17.333334,3.6666667,2.6666667,0.0,0.6666667,0.33333334,0.6666667,5.3333335,0.25,0.6666667,0.5,2.6666667,jaydon cameron
Zay Scott,PG,CU,3.0,19.0,3.6666667,2.3333333,1.0,1.0,0.0,0.33333334,4.0,0.25,1.6666666,0.800000011920929,0.6666667,zay scott
Drew Phillips,SF,VTSJ,3.0,21.333334,3.6666667,2.6666667,0.0,0.33333334,1.0,0.0,4.6666665,0.3571428656578064,0.6666667,0.5,0.6666667,drew phillips
Cam Hiatt,PG,DART,23.0,17.304348,3.652174,1.7826087,1.173913,0.6086956,0.2173913,0.82608694,3.6086957,0.3253012001514435,0.5652174,0.8461538553237915,0.8695652,cam hiatt
Milos Ilic,C,CAL,34.0,17.32353,3.6470587,4.352941,1.3529412,0.61764705,0.20588236,0.05882353,2.4117646,0.5609756112098694,1.2352941,0.7142857313156128,1.0,milos ilic
Austin Cross,PG,TROY,34.0,16.088236,3.6470587,1.5294118,0.4117647,0.4117647,0.05882353,0.7941176,3.6176472,0.3414634168148041,0.6764706,0.5652173757553101,0.44117647,austin cross
C.J. Jones,PG,KSU,31.0,17.451612,3.6451614,1.8064516,1.2903225,0.58064514,0.16129032,0.516129,4.2580647,0.31060606241226196,0.58064514,0.8333333134651184,0.7741935,c j jones
Vince Dawson III,PG,MORE,33.0,16.272728,3.6363637,2.1818182,0.42424244,0.27272728,0.030303031,0.90909094,3.2121212,0.3962264060974121,0.24242425,0.75,0.24242425,vince dawson iii
Quintin Cooper,PG,HAMP,27.0,8.518518,3.6296296,1.074074,0.5555556,0.18518518,0.14814815,0.18518518,4.148148,0.375,0.5925926,0.5625,0.4814815,quintin cooper
Allen Udemadu,SF,JAX,24.0,11.375,3.625,2.4583333,0.20833333,0.41666666,0.083333336,0.0,2.2916667,0.6000000238418579,1.1666666,0.75,1.0416666,allen udemadu
Thiago Sucatzky,PG,FIU,32.0,13.6875,3.625,1.03125,2.3125,0.78125,0.03125,0.34375,3.28125,0.4095238149166107,0.71875,0.8260869383811951,1.53125,thiago sucatzky
Isaiah Williams,PG,PRST,24.0,14.416667,3.625,1.5416666,0.25,0.75,0.29166666,0.41666666,2.9166667,0.4000000059604645,1.1666666,0.75,0.45833334,isaiah williams
Chiante' Tramble,PG,USM,34.0,12.323529,3.6176472,1.0882353,0.85294116,0.4117647,0.029411765,0.6764706,3.0882354,0.39047619700431824,0.6764706,0.782608687877655,0.7058824,chiante tramble
Pavle Stošic,SF,PEPP,31.0,16.161291,3.612903,3.7741935,0.7096774,0.38709676,0.48387095,0.16129032,3.064516,0.46315789222717285,1.1290323,0.5428571701049805,0.6451613,pavle stosic
Chandler Bing,PG,VAN,36.0,14.861111,3.6111112,1.5833334,0.41666666,0.2777778,0.22222222,0.30555555,2.5,0.47777777910232544,1.4444444,0.6346153616905212,0.6111111,chandler bing
Dante Kearse,SF,CIT,33.0,10.878788,3.6060605,1.8181819,0.6363636,0.21212122,0.030303031,0.6666667,2.6969697,0.4606741666793823,0.75757575,0.6000000238418579,0.36363637,dante kearse
Malachi Smith,PG,CONN,40.0,15.925,3.6,1.525,2.95,0.75,0.125,0.525,3.225,0.3798449635505676,1.175,0.5319148898124695,0.95,malachi smith
Kwo Agwa,SF,RGV,30.0,11.266666,3.6,1.9,0.8666667,0.4,0.53333336,0.16666667,2.4333334,0.6301369667053223,0.76666665,0.47826087474823,0.53333336,kwo agwa
Alexis Marmolejos,PG,PAC,25.0,9.16,3.6,1.56,0.28,0.24,0.08,0.64,3.28,0.353658527135849,0.76,0.8421052694320679,0.44,alexis marmolejos
Janai Williams,PG,MATC,5.0,10.4,3.6,0.6,0.2,0.6,0.0,0.0,2.6,0.38461539149284363,2.0,0.800000011920929,0.4,janai williams
Tyus Williams,SF,MATC,5.0,24.0,3.6,3.2,1.8,0.6,0.2,0.2,8.2,0.17073170840740204,1.2,0.5,1.8,tyus williams
Tai Turnage,PG,QUIN,30.0,12.566667,3.6,1.3,2.1333334,0.56666666,0.033333335,0.6,3.4,0.29411765933036804,1.2333333,0.8108108043670654,0.43333334,tai turnage
Ramel Bethea,SF,GB,30.0,12.6,3.6,2.5666666,0.26666668,0.33333334,1.2666667,0.0,2.1,0.7460317611694336,0.7,0.6666666865348816,0.56666666,ramel bethea
Milan Mejia,PG,UL,29.0,22.0,3.586207,1.2758621,0.6896552,0.9655172,0.03448276,1.0689656,3.9310346,0.31578946113586426,0.10344828,0.3333333432674408,0.4827586,milan mejia
Dillon Tingler,PG,DREX,29.0,9.931034,3.586207,1.9310344,0.37931034,0.55172414,0.06896552,0.4827586,2.586207,0.4266666769981384,0.9655172,0.9285714030265808,0.6551724,dillon tingler
Josh Dalton,SF,LMU,29.0,12.827586,3.586207,2.5517242,0.51724136,0.20689656,0.10344828,0.5862069,2.8275862,0.45121949911117554,0.62068963,0.7222222089767456,0.44827586,josh dalton
Travis Roberts,SG,ALCN,31.0,16.548388,3.580645,1.6774193,0.3548387,0.32258064,0.16129032,0.7419355,4.0,0.32258063554763794,0.516129,0.5,0.516129,travis roberts
Khalil Badru,PG,IONA,31.0,10.096774,3.580645,2.6451614,0.19354838,0.32258064,0.38709676,0.032258064,2.612903,0.4938271641731262,1.548387,0.625,0.9354839,khalil badru
Bryson Wheatfall,PG,AMCC,26.0,11.230769,3.5769231,1.8846154,0.5769231,0.5,0.30769232,0.115384616,3.6538463,0.378947377204895,1.0769231,0.6428571343421936,0.46153846,bryson wheatfall
JJ Wheat,PG,USA,33.0,13.393939,3.5757575,1.5454545,1.2424242,0.72727275,0.0,0.18181819,2.7878788,0.47826087474823,1.5757576,0.4615384638309479,0.75757575,jj wheat
Seven Ferguson,PG,NOB,7.0,12.714286,3.5714285,1.2857143,0.2857143,0.14285715,0.14285715,0.42857143,2.857143,0.5,0.42857143,0.6666666865348816,0.71428573,seven ferguson
Myles Watkins,PG,BELL,30.0,10.733334,3.5666666,1.0,1.2,0.6333333,0.033333335,0.1,2.7333333,0.5121951103210449,0.73333335,0.9090909361839294,0.8333333,myles watkins
AJ Hopkins,SF,UTM,30.0,10.8,3.5666666,1.9666667,0.33333334,0.43333334,0.3,0.93333334,3.0,0.36666667461395264,0.6,0.7222222089767456,0.3,aj hopkins
Isiah Harwell,PG,HOU,32.0,13.84375,3.5625,2.03125,0.53125,0.59375,0.25,0.71875,4.03125,0.27906978130340576,0.96875,0.6129032373428345,0.3125,isiah harwell
Caleb Embeya,SF,TOW,34.0,20.647058,3.5588236,5.8235292,0.44117647,0.88235295,0.44117647,0.0,2.4117646,0.5,1.9411764,0.5909090638160706,0.9117647,caleb embeya
Ali Assran,SF,CP,31.0,12.741936,3.548387,3.3548386,0.7419355,0.38709676,0.58064514,0.19354838,2.8387096,0.4318181872367859,1.516129,0.5957446694374084,1.2258065,ali assran
Jeremy Foumena,C,UCF,26.0,9.5,3.5384614,2.3461537,0.23076923,0.115384616,0.1923077,0.0,2.8076923,0.5479452013969421,0.9230769,0.5,0.3846154,jeremy foumena
Brendan Oliver,SF,CAN,30.0,9.933333,3.5333333,1.8666667,0.2,0.16666667,0.0,0.33333334,3.2,0.3854166567325592,0.96666664,0.7586206793785095,0.46666667,brendan oliver
Villiam Garcia Adsten,PG,DREX,32.0,17.53125,3.53125,3.75,1.28125,0.4375,0.34375,0.4375,3.625,0.32758620381355286,1.3125,0.5476190447807312,1.34375,villiam garcia adsten
Peitok Machar,SF,MCN,34.0,12.470589,3.5294118,3.1176472,0.0882353,0.4117647,0.6764706,0.0,1.882353,0.703125,1.5294118,0.5769230723381042,0.2647059,peitok machar
Landon Moore,PG,ILST,36.0,13.888889,3.5277777,1.2777778,0.9722222,0.30555555,0.0,0.5555556,3.0,0.4166666567325592,0.9444444,0.5,0.4722222,landon moore
Will Tschetter,SF,MICH,40.0,13.675,3.525,1.9,0.625,0.1,0.1,0.725,2.725,0.3761467933654785,0.825,0.9090909361839294,0.3,will tschetter
Jaden Haire,SF,AMCC,25.0,10.08,3.52,1.92,0.32,0.28,0.16,0.0,2.56,0.53125,1.4,0.5714285969734192,0.76,jaden haire
Kiir Kuany,SF,OHIO,31.0,8.83871,3.516129,1.3548387,0.16129032,0.29032257,0.38709676,0.22580644,2.6774194,0.5301204919815063,0.61290324,0.7368420958518982,0.29032257,kiir kuany
Cameron Cohn,PG,WUUT,2.0,12.5,3.5,1.0,0.5,0.5,0.0,0.5,2.5,0.4000000059604645,1.0,1.0,1.0,cameron cohn
Iversyn Smith,PG,JVCU,2.0,26.0,3.5,5.5,0.0,0.5,1.5,0.0,4.5,0.3333333432674408,1.0,0.5,3.0,iversyn smith
Luca Colceag,SF,UTM,28.0,12.928572,3.5,2.0714285,0.71428573,0.4642857,0.53571427,0.78571427,3.2857144,0.3478260934352875,0.75,0.5714285969734192,0.71428573,luca colceag
Wesley Johnson,C,TUSC,2.0,16.0,3.5,2.5,0.0,0.0,0.5,0.5,6.5,0.23076923191547394,0.0,0.0,0.0,wesley johnson
Jacob Brown,SF,NGU,2.0,34.5,3.5,8.0,4.5,0.5,0.5,0.5,7.0,0.2142857164144516,0.5,0.0,0.5,jacob brown
Kohrey Bridges,SF,ESC,2.0,12.5,3.5,0.0,0.5,0.0,0.0,0.5,4.0,0.375,1.0,0.0,1.5,kohrey bridges
Tyler Anderson,PG,NYMT,2.0,18.0,3.5,1.0,0.5,0.0,0.5,0.0,3.5,0.2857142984867096,1.5,1.0,1.5,tyler anderson
Dylan Logsdon,PG,ERKA,2.0,10.5,3.5,0.5,0.5,0.0,0.0,0.5,2.5,0.4000000059604645,1.0,1.0,3.0,dylan logsdon
Porter Bazil,SF,COCU,2.0,12.5,3.5,2.0,0.5,0.0,0.0,0.0,5.0,0.30000001192092896,2.0,0.25,1.5,porter bazil
Silas Sawtelle,PG,JWU,2.0,24.5,3.5,2.5,1.0,2.0,0.0,0.5,8.5,0.11764705926179886,1.5,0.6666666865348816,1.5,silas sawtelle
Caleb Schroeder,PG,EOU,2.0,15.5,3.5,3.5,0.5,0.5,0.0,0.0,2.0,0.75,0.5,1.0,1.0,caleb schroeder
Micah Bruer,PG,ERKA,2.0,19.0,3.5,2.5,1.0,0.5,0.0,0.5,5.5,0.27272728085517883,0.0,0.0,3.0,micah bruer
Jackson Newell,SF,COE,2.0,25.0,3.5,3.5,1.0,0.0,0.5,0.5,4.5,0.3333333432674408,0.0,0.0,1.5,jackson newell
Ethan Turner,SF,BTTN,2.0,18.0,3.5,4.0,0.5,0.5,1.0,0.0,6.5,0.23076923191547394,1.0,0.5,2.0,ethan turner
Kolin Polk,PG,TXLU,2.0,10.5,3.5,1.0,0.0,0.0,0.0,1.0,5.0,0.20000000298023224,1.0,0.5,0.5,kolin polk
Jordan Streeter,PG,STX,2.0,22.5,3.5,1.5,0.5,0.0,0.0,0.5,4.0,0.375,0.5,0.0,2.5,jordan streeter
Valerian Bruce,PG,ERSK,2.0,16.5,3.5,2.0,1.5,0.0,0.0,0.0,3.5,0.2857142984867096,2.5,0.6000000238418579,1.0,valerian bruce
Parker Chatman,SF,DFC,2.0,14.5,3.5,1.0,0.5,0.0,0.0,0.5,3.5,0.4285714328289032,0.0,0.0,1.5,parker chatman
Ibrahim Wally,PG,SNYO,2.0,19.0,3.5,0.5,1.0,1.5,0.0,0.0,3.0,0.3333333432674408,2.0,0.75,0.0,ibrahim wally
Jasiah Rainey,PG,SHTU,2.0,19.0,3.5,4.0,1.5,0.5,0.0,0.0,4.5,0.3333333432674408,1.0,0.5,2.0,jasiah rainey
Danilo Rajlic,SF,SHTU,2.0,20.0,3.5,2.5,0.5,1.5,0.0,0.0,2.5,0.6000000238418579,1.0,0.5,1.5,danilo rajlic
Landon Catlett,PG,SOVA,2.0,13.0,3.5,1.5,0.0,0.5,0.0,0.5,2.5,0.4000000059604645,2.0,0.5,1.0,landon catlett
Isaiah Ramazani,PG,AVER,2.0,10.5,3.5,1.0,1.5,0.5,0.0,0.5,3.0,0.3333333432674408,1.0,1.0,2.0,isaiah ramazani
Kaleb Thurman,SF,NGU,2.0,6.0,3.5,2.0,0.5,0.0,0.0,0.5,4.0,0.375,2.0,0.0,0.0,kaleb thurman
Jayden Rowe-Perry,PG,WAU,2.0,14.5,3.5,1.0,1.5,1.0,0.0,0.5,3.0,0.3333333432674408,1.5,0.6666666865348816,0.5,jayden rowe perry
Daniel James,SF,CCSU,28.0,12.571428,3.5,3.142857,0.35714287,0.2857143,0.21428572,0.25,2.5714285,0.5138888955116272,0.8214286,0.739130437374115,0.39285713,daniel james
Griffen Goodbary,SF,DRKE,32.0,13.125,3.5,2.65625,0.875,0.21875,0.28125,0.34375,2.25,0.5138888955116272,1.25,0.675000011920929,0.40625,griffen goodbary
Jamal Ukaegbu,PG,MBAL,2.0,19.5,3.5,3.5,1.0,1.5,0.5,0.0,3.0,0.3333333432674408,3.5,0.4285714328289032,2.0,jamal ukaegbu
Sergej Cvetkovic,PG,MILG,2.0,10.0,3.5,1.0,1.0,0.0,0.0,0.5,3.5,0.2857142984867096,1.5,0.6666666865348816,0.5,sergej cvetkovic
Ryan Scott,SF,RHDS,2.0,13.5,3.5,1.0,0.5,0.5,1.0,0.5,7.5,0.20000000298023224,0.0,0.0,0.5,ryan scott
Matthew Martinez,PG,DMIL,2.0,6.0,3.5,0.0,0.0,0.0,0.0,1.0,3.0,0.3333333432674408,1.0,0.5,0.5,matthew martinez
Jalen St Clair,PG,DSU,26.0,13.730769,3.5,0.84615386,1.1538461,0.84615386,0.115384616,0.1923077,3.6538463,0.3368421196937561,1.3846154,0.6111111044883728,0.96153843,jalen st clair
Emmanuel Carson,PG,CHEY,2.0,13.0,3.5,2.0,0.5,0.0,0.0,0.5,4.0,0.375,0.0,0.0,2.0,emmanuel carson
Naadhir Wood,SF,CHEY,2.0,21.5,3.5,4.0,0.0,0.5,1.0,0.5,3.5,0.4285714328289032,0.0,0.0,0.5,naadhir wood
Sparsh Kadyan,SF,NOB,6.0,15.0,3.5,1.8333334,0.16666667,0.5,0.16666667,0.33333334,3.3333333,0.25,1.8333334,0.8181818127632141,0.6666667,sparsh kadyan
Quade Morton,PG,OCU,2.0,13.5,3.5,1.0,0.5,0.0,0.0,0.5,3.0,0.3333333432674408,1.0,1.0,0.0,quade morton
Ethan Dublin,SF,PSBW,2.0,6.5,3.5,0.0,0.0,0.0,0.0,0.5,2.5,0.6000000238418579,0.0,0.0,1.0,ethan dublin
Jonathan Baker Jr.,PG,BMCU,2.0,27.0,3.5,0.5,1.0,0.5,0.0,0.0,10.0,0.10000000149011612,1.5,1.0,2.0,jonathan baker jr
Cole Hammack,PG,EOU,2.0,17.0,3.5,1.0,2.0,0.5,0.0,0.0,5.5,0.1818181872367859,2.0,0.75,2.5,cole hammack
Jacquarium Collum,SF,BTTN,2.0,7.0,3.5,0.5,0.0,0.5,0.0,0.5,2.5,0.6000000238418579,0.0,0.0,0.0,jacquarium collum
Jordan Ealey,SF,TOUG,2.0,19.0,3.5,3.0,1.5,0.0,0.0,0.0,3.0,0.5,1.0,0.5,2.0,jordan ealey
Jordyn McKeen,PG,CCSC,2.0,18.0,3.5,1.0,3.0,0.5,0.0,0.5,2.5,0.6000000238418579,1.0,0.0,3.0,jordyn mckeen
Landon Rivers,PG,STX,2.0,10.0,3.5,0.5,0.0,0.5,0.0,1.0,1.5,0.6666666865348816,1.0,0.5,0.0,landon rivers
Aamere Tolbert,PG,VUL,10.0,20.6,3.5,1.8,0.3,0.9,0.2,0.5,3.7,0.3243243098258972,1.1,0.5454545617103577,1.0,aamere tolbert
Tyler Meinel,SF,PSAB,2.0,24.0,3.5,2.0,0.5,0.5,1.0,0.5,4.0,0.25,2.0,0.5,0.5,tyler meinel
Zion Williams,PG,NYMT,2.0,21.5,3.5,2.5,3.0,1.0,0.0,0.5,12.0,0.125,1.0,0.0,2.0,zion williams
Andrei Kyle Honrada,PG,ERSK,2.0,19.5,3.5,1.0,2.5,1.0,0.0,0.5,4.0,0.375,0.0,0.0,2.0,andrei kyle honrada
Jaylen Jenkins,PG,JVCU,2.0,16.5,3.5,0.5,0.0,0.5,0.0,0.5,4.0,0.375,0.0,0.0,0.0,jaylen jenkins
Kofi Williams,SF,AVER,2.0,8.0,3.5,1.5,0.0,0.0,0.0,0.5,3.5,0.4285714328289032,0.0,0.0,0.0,kofi williams
Eric Steward,PG,TOUG,2.0,16.0,3.5,2.0,1.0,1.0,0.0,0.5,2.5,0.6000000238418579,0.0,0.0,0.0,eric steward
Jordan Brinson,PG,CSUN,33.0,18.272728,3.4848485,2.8181818,1.6060606,0.3939394,0.060606062,0.6666667,2.969697,0.3877550959587097,0.6060606,0.8500000238418579,0.5151515,jordan brinson
Garrett Sundra,SF,ND,31.0,17.838709,3.483871,3.1612904,0.4516129,0.22580644,0.3548387,0.516129,2.903226,0.4444444477558136,0.61290324,0.6315789222717285,0.41935483,garrett sundra
Marcus Glover,SF,UIW,29.0,16.48276,3.4827585,3.3793104,0.5862069,0.37931034,0.5862069,0.0,1.9310344,0.5,2.2068965,0.703125,0.6551724,marcus glover
Warren Marshall IV,PG,OAK,29.0,12.448276,3.4827585,1.6896552,0.2413793,0.5862069,0.62068963,0.2413793,2.6206896,0.5263158082962036,0.82758623,0.5833333134651184,0.41379312,warren marshall iv
DJ Nix,SF,COR,27.0,12.37037,3.4814816,1.6666666,1.1481482,0.25925925,0.44444445,0.7037037,2.925926,0.4177215099334717,0.5925926,0.5625,0.7407407,dj nix
Jamie Vinson,SF,TA&M,30.0,6.633333,3.4666667,2.2666667,0.36666667,0.06666667,0.56666666,0.1,2.6666667,0.5375000238418579,0.8666667,0.5769230723381042,0.43333334,jamie vinson
Quron Elliott,PG,MAN,30.0,11.566667,3.4666667,1.1666666,0.8666667,0.13333334,0.0,0.23333333,3.0666666,0.43478259444236755,0.8,0.7083333134651184,0.46666667,quron elliott
Zach Keller,SF,USU,35.0,13.6,3.4571428,2.0,0.51428574,0.2,0.057142857,0.22857143,2.3428571,0.5609756112098694,1.0857143,0.5526315569877625,0.6,zach keller
Tyeree Bryan,PG,TTU,33.0,17.09091,3.4545455,2.5151515,0.6060606,0.42424244,0.21212122,0.6666667,3.3636363,0.3513513505458832,0.6363636,0.6666666865348816,0.3030303,tyeree bryan
Zayden High,SF,UNC,29.0,9.068966,3.4482758,2.8275862,0.4827586,0.3448276,0.2413793,0.10344828,2.6551723,0.48051947355270386,1.1724138,0.6764705777168274,0.62068963,zayden high
Dola Adebayo,SF,GMU,27.0,11.518518,3.4444444,2.2592592,0.4074074,0.6296296,0.2962963,0.22222222,2.8888888,0.42307692766189575,0.962963,0.807692289352417,0.5925926,dola adebayo
Grant Slatten,PG,TNTC,25.0,16.52,3.44,1.92,0.72,0.52,0.16,0.44,2.84,0.43661972880363464,0.8,0.6499999761581421,0.64,grant slatten
Makai Richards,C,UTC,32.0,13.0625,3.4375,3.0625,0.875,0.25,0.46875,0.03125,2.3125,0.5810810923576355,0.9375,0.7666666507720947,0.84375,makai richards
Kellan Boylan,SF,LIP,32.0,12.21875,3.4375,3.625,0.6875,0.5625,0.1875,0.03125,2.5625,0.46341463923454285,1.53125,0.6734693646430969,0.4375,kellan boylan
Amir Jenkins,PG,WVU,32.0,16.03125,3.4375,2.125,2.03125,0.625,0.0,0.25,3.4375,0.33636364340782166,1.625,0.5384615659713745,0.71875,amir jenkins
Adria Rodriguez,PG,WSU,32.0,20.25,3.4375,3.40625,3.34375,1.09375,0.15625,0.03125,3.25,0.4038461446762085,1.84375,0.4237288236618042,1.71875,adria rodriguez
Trenton Ruth,PG,STO,32.0,11.375,3.4375,1.125,1.21875,0.3125,0.03125,0.4375,3.71875,0.32773110270500183,0.90625,0.6206896305084229,0.71875,trenton ruth
Miles Goodman,SF,UTA,30.0,13.3,3.4333334,2.7,0.13333334,0.26666668,0.4,0.1,3.1,0.4516128897666931,1.0333333,0.5161290168762207,0.8666667,miles goodman
Stephen Giwa,C,RICE,31.0,15.4838705,3.419355,4.83871,0.38709676,0.38709676,1.0645162,0.0,2.2903225,0.6056337952613831,1.3548387,0.4761904776096344,0.7419355,stephen giwa
Bodey Howell,PG,RICE,25.0,10.68,3.4,0.64,0.56,0.32,0.0,0.76,3.28,0.40243902802467346,0.0,0.0,0.44,bodey howell
Paul-Ismael Diomande,PG,LNCA,5.0,13.8,3.4,2.0,0.2,0.0,0.4,0.0,4.0,0.3499999940395355,0.8,0.75,1.2,paul ismael diomande
Cameron Johnson,SF,MERC,33.0,12.212121,3.3939395,2.3636363,0.45454547,0.36363637,0.3030303,0.27272728,3.2727273,0.40740740299224854,0.6060606,0.75,0.6060606,cameron johnson
Ma'Kye Taylor,SF,UALB,31.0,13.709678,3.387097,2.1935484,0.4516129,0.32258064,0.2580645,0.06451613,3.2580645,0.4653465449810028,0.6451613,0.44999998807907104,0.8064516,ma kye taylor
Ariik Mawien,PG,UNCO,31.0,8.935484,3.387097,1.967742,0.38709676,0.16129032,0.19354838,0.32258064,3.0,0.4516128897666931,0.61290324,0.5789473652839661,0.6451613,ariik mawien
Tristen Guillouette,C,FGCU,29.0,13.413794,3.3793104,2.9655173,0.55172414,0.62068963,0.5862069,0.0,2.275862,0.5303030014038086,1.5172414,0.6363636255264282,0.55172414,tristen guillouette
Kohl Rosario,PG,KU,29.0,11.620689,3.3793104,1.3103448,0.44827586,0.27586207,0.1724138,0.62068963,3.0,0.4252873659133911,0.27586207,0.75,0.41379312,kohl rosario
Sebastian Whitfield,SF,PRIN,29.0,12.4827585,3.3793104,1.8965517,0.51724136,0.3448276,0.13793103,0.41379312,3.4482758,0.3700000047683716,0.6896552,0.6000000238418579,0.7586207,sebastian whitfield
Jesse Burris,PG,OHIO,24.0,10.0,3.375,1.2083334,0.20833333,0.20833333,0.16666667,0.5833333,3.3333333,0.36250001192092896,0.41666666,0.8999999761581421,0.5,jesse burris
Amadou Doumbia,SF,NCAT,27.0,13.925926,3.3703704,4.0,0.22222222,0.5185185,1.2592592,0.0,2.4444444,0.5151515007019043,1.3333334,0.6388888955116272,0.4814815,amadou doumbia
Chidi Chiakwelu,SF,PRES,33.0,11.090909,3.3636363,2.3636363,0.121212125,0.24242425,1.2424242,0.0,2.0,0.6818181872367859,1.4545455,0.4375,0.45454547,chidi chiakwelu
Petar Pinter,C,NE,26.0,14.269231,3.3461537,2.0769231,0.3846154,0.30769232,0.23076923,0.0,2.6538463,0.5507246255874634,0.7692308,0.550000011920929,0.65384614,petar pinter
Gasper Kocevar,C,FRES,26.0,13.423077,3.3461537,2.1538463,0.7307692,0.34615386,0.34615386,0.15384616,2.0,0.6153846383094788,1.3461539,0.5428571701049805,0.65384614,gasper kocevar
Miles Rose,PG,UALB,29.0,15.655172,3.3448277,1.6206896,1.4482758,0.62068963,0.03448276,0.20689656,3.6206896,0.380952388048172,1.0344827,0.36666667461395264,1.0,miles rose
Blake Daberkow,SF,IDST,32.0,8.0,3.34375,1.59375,0.40625,0.21875,0.34375,0.0,2.3125,0.5405405163764954,1.28125,0.6585366129875183,0.5625,blake daberkow
Oskar Giltay,SF,STAN,32.0,14.5625,3.34375,4.125,0.34375,0.65625,1.21875,0.0,2.09375,0.6268656849861145,1.25,0.574999988079071,0.65625,oskar giltay
Rayniel Wright,PG,SCST,32.0,16.3125,3.34375,1.625,1.84375,1.15625,0.03125,0.0625,3.28125,0.39047619700431824,1.4375,0.5,1.96875,rayniel wright
Jamari McDowell,PG,KU,35.0,17.22857,3.3428571,1.6,1.1142857,0.42857143,0.14285715,0.85714287,2.857143,0.36000001430511475,0.6857143,0.625,0.4857143,jamari mcdowell
Caleb Tinker,SF,LSIU,3.0,22.0,3.3333333,2.3333333,0.6666667,0.33333334,0.6666667,0.0,3.3333333,0.4000000059604645,0.6666667,1.0,2.3333333,caleb tinker
Josh Parker,PG,SWES,3.0,15.333333,3.3333333,2.0,1.0,0.0,0.0,0.33333334,5.3333335,0.1875,1.3333334,0.75,2.3333333,josh parker
Grener Polynice,SF,OAKW,3.0,20.333334,3.3333333,4.0,1.0,0.6666667,0.0,0.0,3.6666667,0.4545454680919647,0.0,0.0,0.0,grener polynice
Thaddeus Burns,PG,COGA,3.0,24.0,3.3333333,3.0,2.3333333,1.6666666,0.33333334,0.6666667,5.0,0.2666666805744171,0.0,0.0,2.6666667,thaddeus burns
Jeremiah Camara,SF,COGA,3.0,19.0,3.3333333,3.6666667,0.0,0.0,1.0,0.0,3.6666667,0.1818181872367859,3.3333333,0.6000000238418579,1.6666666,jeremiah camara
Azaan Sheikh,PG,NDMD,3.0,11.333333,3.3333333,1.3333334,0.0,0.0,0.0,0.33333334,2.3333333,0.2857142984867096,1.6666666,1.0,1.3333334,azaan sheikh
Holden Pierre-Louis,SF,CLE,30.0,15.6,3.3333333,2.6666667,1.0333333,0.3,1.1666666,0.0,2.6,0.5641025900840759,1.0333333,0.3870967626571655,1.3333334,holden pierre louis
Shadrack Kakora,SF,TCJ,3.0,12.333333,3.3333333,2.0,0.0,0.33333334,0.0,0.33333334,2.6666667,0.5,0.6666667,0.5,1.0,shadrack kakora
Trevor Pittman,PG,BOBJ,3.0,17.666666,3.3333333,0.33333334,1.6666666,0.6666667,0.0,0.6666667,3.6666667,0.3636363744735718,0.0,0.0,1.6666666,trevor pittman
TJ Fischhaber,C,CLRY,3.0,10.666667,3.3333333,2.6666667,0.0,0.6666667,0.6666667,0.0,1.3333334,0.75,4.0,0.3333333432674408,0.0,tj fischhaber
Alexander Richardson,C,LUC,30.0,12.933333,3.3333333,3.7666667,0.7,0.2,0.53333336,0.0,2.3666666,0.577464759349823,1.2666667,0.4736842215061188,0.7,alexander richardson
Simon Brown,PG,CU,3.0,7.0,3.3333333,1.3333334,0.6666667,0.0,0.0,0.0,1.0,0.3333333432674408,3.3333333,0.800000011920929,0.33333334,simon brown
Enock Rosil,SF,CU,3.0,13.0,3.3333333,1.0,0.0,0.0,0.0,0.33333334,5.0,0.2666666805744171,0.6666667,0.5,1.6666666,enock rosil
Jordan Foster,PG,NDMD,3.0,12.666667,3.3333333,2.0,2.3333333,0.6666667,0.6666667,0.0,3.3333333,0.20000000298023224,2.6666667,0.75,0.33333334,jordan foster
Jayden Little,SF,TCJ,3.0,11.333333,3.3333333,2.3333333,0.33333334,0.33333334,0.0,0.33333334,2.6666667,0.5,0.6666667,0.5,1.0,jayden little
Godfrey Little,PG,LSIU,3.0,19.666666,3.3333333,1.3333334,1.3333334,0.0,0.33333334,0.6666667,6.6666665,0.15000000596046448,0.6666667,1.0,0.6666667,godfrey little
Kameron Burris,PG,SWCU,3.0,14.333333,3.3333333,1.6666666,0.33333334,0.0,0.0,0.6666667,4.3333335,0.3076923191547394,0.0,0.0,0.6666667,kameron burris
Elias Vera,PG,EAWE,3.0,12.666667,3.3333333,1.3333334,0.0,0.33333334,0.0,0.33333334,3.0,0.4444444477558136,0.6666667,0.5,2.0,elias vera
Louis Lesmond,PG,FOR,28.0,19.357143,3.3214285,2.1785715,0.96428573,0.2857143,0.10714286,0.53571427,4.428571,0.29032257199287415,0.5,0.4285714328289032,0.8214286,louis lesmond
London Fields,PG,ETAM,25.0,14.68,3.32,1.56,0.92,0.56,0.16,0.6,3.28,0.3414634168148041,0.68,0.7058823704719543,0.56,london fields
Raevon Thomas,SF,JKST,25.0,17.6,3.32,3.28,0.28,0.16,0.56,0.28,2.32,0.5344827771186829,1.0,0.5600000023841858,0.84,raevon thomas
Aly Khalifa,C,LOU,35.0,11.885715,3.3142858,1.8571428,2.4571428,0.34285715,0.37142858,0.7714286,2.7428572,0.4375,0.22857143,0.625,0.94285715,aly khalifa
Kaden Fuhrmann,PG,MERC,32.0,11.5,3.3125,0.75,0.78125,0.3125,0.0,0.78125,3.0,0.3854166567325592,0.25,0.875,0.375,kaden fuhrmann
Darren Harris,PG,DUKE,36.0,9.666667,3.3055556,0.8333333,0.3611111,0.30555555,0.0,0.6388889,2.5277777,0.36263737082481384,1.0833334,0.7692307829856873,0.1388889,darren harris
Mussa Mzein,C,MVSU,33.0,17.424242,3.3030303,2.1818182,0.6060606,0.42424244,0.18181819,0.060606062,3.121212,0.446601927280426,0.8181818,0.5555555820465088,1.2424242,mussa mzein
Josh Rivera,SF,HALL,30.0,11.733334,3.3,2.0,0.46666667,0.33333334,0.1,0.06666667,2.8,0.488095223903656,0.93333334,0.5357142686843872,0.36666667,josh rivera
Carter Berg-McLean,PG,L-MD,30.0,13.933333,3.3,2.4666667,1.5666667,0.2,0.26666668,0.16666667,3.3,0.39393940567970276,0.7,0.761904776096344,0.73333335,carter berg mclean
Brandon Hall,PG,DUQ,27.0,18.222221,3.2962964,1.2962962,0.8148148,0.7777778,0.18518518,0.5185185,3.2592592,0.3636363744735718,0.8148148,0.5,0.8888889,brandon hall
Yohann Sissoko,PG,FAU,27.0,11.222222,3.2962964,1.7407408,1.074074,0.22222222,0.11111111,0.33333334,2.3703704,0.40625,1.3703704,0.7567567825317383,0.9259259,yohann sissoko
Trey Brown,PG,UMES,27.0,13.740741,3.2962964,2.3703704,1.2962962,0.4814815,0.18518518,0.33333334,3.2962964,0.3595505654811859,0.8888889,0.6666666865348816,1.5185186,trey brown
Sharod Barnes,PG,WMU,27.0,12.407408,3.2962964,1.6296296,1.2962962,0.4814815,0.037037037,0.037037037,2.5185184,0.3382352888584137,1.8888888,0.8235294222831726,1.3703704,sharod barnes
Kobe Rodgers,PG,LOU,34.0,14.294118,3.2941177,2.5294118,1.4705882,0.88235295,0.14705883,0.32352942,2.264706,0.4675324559211731,0.9705882,0.8787878751754761,0.7647059,kobe rodgers
Jayden Fort,SF,GTWN,34.0,13.5,3.2941177,3.235294,0.5294118,0.0882353,0.5882353,0.029411765,2.4705882,0.5,1.3235294,0.6000000238418579,0.5,jayden fort
Matt Dann,SF,SHSU,31.0,9.67742,3.2903225,2.8387096,0.38709676,0.19354838,0.8064516,0.0,2.064516,0.640625,1.0645162,0.6060606241226196,0.4516129,matt dann
Kadar Waller,PG,CSUB,32.0,20.4375,3.28125,1.8125,2.78125,1.5,0.03125,0.25,3.0,0.34375,1.3125,0.738095223903656,1.28125,kadar waller
Trey Horton III,PG,UTEP,25.0,15.32,3.28,1.52,0.72,0.48,0.12,0.8,3.72,0.29032257199287415,0.52,0.6153846383094788,0.6,trey horton iii
Dylan Godfrey,SF,UCR,25.0,9.44,3.28,1.32,0.56,0.24,0.08,0.64,3.28,0.37804877758026123,0.24,0.6666666865348816,0.52,dylan godfrey
Will Allen,SF,LT,33.0,15.878788,3.2727273,3.5757575,0.33333334,0.57575756,0.3030303,0.18181819,2.3939395,0.5063291192054749,1.2121212,0.550000011920929,0.93939394,will allen
Sean Newman Jr.,PG,SDSU,33.0,15.424242,3.2727273,1.1515151,2.3636363,0.5151515,0.030303031,0.27272728,2.8484848,0.3617021143436432,1.0909091,0.8611111044883728,0.8484849,sean newman jr
Tucker Tornatta,C,VAL,26.0,9.230769,3.2692308,2.1923077,0.53846157,0.07692308,0.23076923,0.1923077,2.2307692,0.4655172526836395,1.6538461,0.604651153087616,0.88461536,tucker tornatta
Chip Brunt,PG,NWST,30.0,11.3,3.2666667,1.2,0.8,0.6666667,0.2,0.23333333,2.0333333,0.5245901346206665,1.2333333,0.7297297120094299,0.8,chip brunt
CJ Beaumont,PG,SHSU,30.0,10.2,3.2666667,2.4333334,0.13333334,0.23333333,0.26666668,0.73333335,2.5333333,0.43421053886413574,0.53333336,0.625,0.36666667,cj beaumont
Zander Carter,PG,LIB,34.0,13.088235,3.264706,1.7352941,0.7941176,0.64705884,0.029411765,0.3529412,2.4117646,0.4878048896789551,1.2058823,0.46341463923454285,0.29411766,zander carter
Ethan Butler,SF,CLT,27.0,13.740741,3.2592592,2.0370371,0.6666667,0.22222222,0.33333334,0.33333334,2.2962964,0.4677419364452362,1.0,0.7777777910232544,0.7037037,ethan butler
Caleb Steger,PG,BC,31.0,11.258064,3.2580645,1.032258,0.19354838,0.19354838,0.06451613,0.7419355,3.0,0.3333333432674408,0.7741935,0.6666666865348816,0.48387095,caleb steger
Josh Lee,PG,DEN,24.0,10.791667,3.25,1.4583334,0.6666667,0.45833334,0.0,0.41666666,2.5,0.38333332538604736,1.1666666,0.7857142686843872,0.5833333,josh lee
Corbin Zentner,PG,COR,24.0,11.625,3.25,0.875,0.75,0.25,0.0,0.9166667,2.6666667,0.40625,0.25,0.6666666865348816,0.25,corbin zentner
Raul Villar,PG,CLT,32.0,11.96875,3.25,1.59375,1.21875,0.5625,0.03125,0.25,2.09375,0.38805970549583435,1.6875,0.8148148059844971,0.5625,raul villar
Davis White,PG,CSUF,28.0,13.285714,3.25,1.7142857,0.39285713,0.32142857,0.071428575,0.78571427,3.0,0.3571428656578064,0.5,0.6428571343421936,0.60714287,davis white
Samuel Eno,PG,TOCC,4.0,10.25,3.25,3.0,0.5,0.5,0.25,0.0,2.75,0.3636363744735718,1.5,0.8333333134651184,0.75,samuel eno
Malik Presley,PG,GMU,33.0,16.060606,3.2424242,1.4848485,0.8181818,0.4848485,0.24242425,0.21212122,2.5757575,0.4941176474094391,1.0909091,0.4444444477558136,0.75757575,malik presley
Ryan Archey,PG,NCCU,25.0,7.92,3.24,0.8,0.8,0.48,0.0,0.24,3.2,0.38749998807907104,0.84,0.6190476417541504,0.92,ryan archey
Kyle Edison,PG,SELA,25.0,9.88,3.24,1.52,0.88,0.52,0.04,0.36,2.6,0.3692307770252228,1.48,0.6486486196517944,0.84,kyle edison
Dimitri Clerc,SF,MASS,26.0,8.653846,3.2307692,2.6538463,0.15384616,0.23076923,0.1923077,0.0,2.1153846,0.6181818246841431,1.4615384,0.42105263471603394,0.7692308,dimitri clerc
Jacob Conner,SF,DAY,36.0,16.972221,3.2222223,2.3333333,1.0555556,0.6388889,0.2777778,0.5277778,2.75,0.4040403962135315,0.75,0.6296296119689941,0.5833333,jacob conner
Rokas Jocius,SF,LMU,32.0,12.53125,3.21875,3.0,0.375,0.21875,0.3125,0.21875,2.40625,0.5454545617103577,0.71875,0.52173912525177,0.6875,rokas jocius
Grant Sanders,SF,NICH,32.0,15.59375,3.21875,3.21875,0.9375,0.78125,0.375,0.0625,2.3125,0.5675675868988037,1.15625,0.45945945382118225,1.0,grant sanders
Kolby Gilles,SF,AF,32.0,12.6875,3.21875,1.71875,0.59375,0.25,0.09375,0.09375,2.625,0.4523809552192688,1.3125,0.5714285969734192,1.59375,kolby gilles
Pharrell Boyogueno,PG,WIN,28.0,11.5,3.2142856,2.107143,0.32142857,0.64285713,0.2857143,0.71428573,2.7857144,0.38461539149284363,0.78571427,0.4545454680919647,0.2857143,pharrell boyogueno
Fallou Gueye,PG,SHU,28.0,12.785714,3.2142856,1.3571428,1.1428572,0.5714286,0.17857143,0.4642857,3.142857,0.3295454680919647,0.85714287,0.7916666865348816,0.78571427,fallou gueye
Dante Censori-Hercules,PG,PORT,33.0,20.484848,3.2121212,3.5454545,1.3636364,0.8181818,0.24242425,0.060606062,2.3333333,0.5194805264472961,1.2424242,0.5853658318519592,0.6363636,dante censori hercules
Mor Seck,C,TOW,34.0,14.529411,3.2058823,3.8529413,0.0882353,0.23529412,0.64705884,0.0,2.5882354,0.5454545617103577,0.88235295,0.4333333373069763,0.7941176,mor seck
Tariq Ingraham,SF,MEM,25.0,9.28,3.2,1.72,0.2,0.28,0.2,0.0,2.08,0.5,1.68,0.6666666865348816,0.52,tariq ingraham
Bessanty Saragba,SF,DSU,25.0,22.12,3.2,3.24,0.24,0.36,0.16,0.0,2.92,0.45205479860305786,1.0,0.5600000023841858,0.68,bessanty saragba
Jaxon Pollard,SF,SAM,25.0,13.0,3.2,3.68,0.6,0.36,0.16,0.4,3.64,0.3186813294887543,0.8,0.6000000238418579,0.32,jaxon pollard
Sebastien Emenalo,PG,L-MD,31.0,14.5161295,3.1935484,3.2580645,0.38709676,0.516129,0.29032257,0.5483871,3.1290324,0.3711340129375458,0.67741936,0.4761904776096344,0.5483871,sebastien emenalo
Christian Beam,C,GAST,26.0,15.538462,3.1923077,3.8846154,0.1923077,0.26923078,0.84615386,0.0,2.0384614,0.4716981053352356,2.1923077,0.5789473652839661,0.8076923,christian beam
Baasil Saunders,PG,COPP,26.0,15.384615,3.1923077,1.8846154,0.7307692,0.5,0.15384616,0.115384616,3.2692308,0.4000000059604645,0.7307692,0.6315789222717285,0.96153843,baasil saunders
EJ Mosley,PG,PFW,32.0,13.0625,3.1875,1.09375,0.78125,0.375,0.0625,0.46875,2.65625,0.38823530077934265,0.84375,0.7777777910232544,0.3125,ej mosley
Yuval Levin,SF,PFW,32.0,9.65625,3.1875,1.875,0.65625,0.78125,0.125,0.40625,2.78125,0.40449437499046326,0.78125,0.6800000071525574,0.53125,yuval levin
Dorin Buca,C,KSU,27.0,12.851851,3.1851852,3.2962964,0.5185185,0.18518518,1.2962962,0.074074075,2.4814816,0.5074626803398132,1.1111112,0.5333333611488342,1.1481482,dorin buca
Lucas Lueth,SF,PENN,29.0,16.034483,3.1724138,2.8965516,0.55172414,0.44827586,0.7241379,0.2413793,3.2068965,0.3978494703769684,1.0,0.37931033968925476,0.4827586,lucas lueth
Alex Dupre,PG,PRST,30.0,15.4,3.1666667,1.6333333,0.6333333,0.16666667,0.3,0.5,3.0666666,0.29347825050354004,1.0333333,0.8387096524238586,0.43333334,alex dupre
Jacob Dar,PG,HALL,31.0,10.096774,3.1612904,1.9032258,0.32258064,0.29032257,0.29032257,0.12903225,2.451613,0.4868420958518982,0.83870965,0.7692307829856873,0.32258064,jacob dar
Simm-Marten Saadi,SF,WYO,32.0,8.625,3.15625,1.0625,0.28125,0.1875,0.1875,0.75,3.21875,0.34951457381248474,0.15625,1.0,0.5,simm marten saadi
Chris Morgan,PG,PFW,27.0,14.444445,3.148148,1.037037,1.037037,0.6296296,0.037037037,0.4074074,2.4074075,0.3692307770252228,1.2222222,0.7878788113594055,0.5185185,chris morgan
NaVuan Peterson,SF,GWEB,27.0,13.148149,3.148148,2.074074,0.8518519,0.37037036,0.33333334,0.5925926,3.148148,0.34117648005485535,0.4814815,0.8461538553237915,0.44444445,navuan peterson
Quin Berger,PG,BUCK,30.0,16.6,3.1333334,1.4333333,0.73333335,0.7,0.06666667,0.73333335,3.1666667,0.3263157904148102,0.46666667,0.7142857313156128,0.8666667,quin berger
Scottie Hubbard,PG,ODU,32.0,16.0,3.125,2.90625,0.5,0.6875,0.0625,0.6875,3.0,0.34375,0.5,0.75,0.71875,scottie hubbard
Dailliss Cox,SF,CHST,32.0,15.21875,3.125,3.21875,0.21875,0.28125,0.03125,0.09375,2.9375,0.4680851101875305,0.40625,0.692307710647583,0.375,dailliss cox
Jacobe Whitted,PG,TNTC,24.0,15.375,3.125,3.875,0.8333333,0.375,0.41666666,0.5,3.375,0.32098764181137085,0.7083333,0.6470588445663452,0.75,jacobe whitted
Brandon Lieb,SF,ILST,36.0,12.527778,3.1111112,4.0277777,0.6666667,0.16666667,0.8333333,0.0,2.5,0.5111111402511597,1.0555556,0.5263158082962036,0.7777778,brandon lieb
Micah Caster,PG,ULM,27.0,13.518518,3.1111112,1.037037,0.8148148,0.5555556,0.037037037,0.4074074,2.851852,0.27272728085517883,1.5185186,0.7560975551605225,0.7407407,micah caster
Marcus Scurry,PG,SFA,28.0,7.392857,3.107143,0.5,0.35714287,0.10714286,0.035714287,0.5714286,2.75,0.41558441519737244,0.42857143,0.5833333134651184,0.35714287,marcus scurry
Caleb Middleton,C,ELON,29.0,10.137931,3.1034484,3.3793104,0.3448276,0.20689656,0.3448276,0.0,2.4827585,0.5555555820465088,0.51724136,0.6666666865348816,0.31034482,caleb middleton
Abou Magassa,SF,WYO,29.0,10.275862,3.1034484,3.0,0.1724138,0.3448276,0.2413793,0.0,2.0344827,0.5762711763381958,1.4827586,0.5116279125213623,0.4827586,abou magassa
Jakai Robinson,PG,BRY,30.0,15.8,3.1,2.0,0.8666667,0.23333333,0.3,0.06666667,2.1666667,0.38461539149284363,1.6666666,0.8199999928474426,0.4,jakai robinson
Joe Manning,PG,SOU,30.0,11.666667,3.1,0.73333335,1.5666667,0.53333336,0.16666667,0.56666666,2.8666666,0.3255814015865326,0.76666665,0.8695651888847351,0.93333334,joe manning
Kobi Pearson,SF,AMCC,31.0,8.870968,3.096774,1.7741935,0.32258064,0.2580645,0.22580644,0.09677419,2.1290324,0.5454545617103577,1.3548387,0.5,0.7419355,kobi pearson
Ian Smikle,SF,TLSA,38.0,13.789474,3.0789473,3.631579,0.9736842,0.31578946,0.31578946,0.0,2.368421,0.5333333611488342,1.4210526,0.3888888955116272,0.65789473,ian smikle
Hayden Tibbits,PG,STMN,26.0,10.961538,3.0769231,1.0,1.1153846,0.42307693,0.03846154,0.5769231,2.4615386,0.421875,0.8076923,0.523809552192688,0.34615386,hayden tibbits
Erik Oliver-Bush,PG,MAN,26.0,16.153847,3.0769231,2.0384614,0.9230769,0.42307693,0.88461536,0.15384616,2.6923077,0.44285714626312256,0.8076923,0.6666666865348816,0.7692308,erik oliver bush
Makhi Leach,PG,BGSU,26.0,8.423077,3.0769231,1.0384616,0.3846154,0.46153846,0.115384616,0.07692308,2.2692308,0.4576271176338196,1.2307693,0.75,0.61538464,makhi leach
Tyler Robbins,SF,M-OH,27.0,5.7777777,3.074074,1.8518518,0.25925925,0.11111111,0.6296296,0.14814815,2.1111112,0.5789473652839661,0.7037037,0.6842105388641357,0.37037036,tyler robbins
Brock Felder,SF,SEA,28.0,7.357143,3.0714285,2.3214285,0.14285715,0.071428575,0.21428572,0.0,1.75,0.795918345451355,0.5714286,0.5,0.42857143,brock felder
Oakland Fort,PG,NAU,29.0,11.034483,3.0689654,0.79310346,1.5172414,0.41379312,0.03448276,0.3448276,2.586207,0.5066666603088379,0.20689656,0.5,0.4827586,oakland fort
AB Coulibaly,PG,RID,29.0,12.068966,3.0689654,1.6206896,0.41379312,0.4827586,0.13793103,0.37931034,3.1724138,0.3586956560611725,0.6896552,0.6000000238418579,0.51724136,ab coulibaly
Tyler Kropp,SF,NU,31.0,11.935484,3.064516,2.1290324,0.29032257,0.3548387,0.2580645,0.09677419,2.483871,0.44155845046043396,0.83870965,0.9230769276618958,0.32258064,tyler kropp
Jayden Taylor,SF,DEL,31.0,15.225806,3.064516,2.419355,0.22580644,0.16129032,0.48387095,0.12903225,1.9354838,0.5833333134651184,1.0967742,0.6176470518112183,0.5483871,jayden taylor
Tyler Schmidt,PG,TOW,32.0,14.03125,3.0625,1.375,0.75,0.4375,0.21875,0.5,2.96875,0.4000000059604645,0.21875,0.8571428656578064,0.34375,tyler schmidt
Todd Jones Jr.,SF,UL,33.0,16.39394,3.060606,3.878788,0.27272728,0.5151515,1.1212121,0.0,2.121212,0.5857142806053162,1.030303,0.5588235259056091,0.6363636,todd jones jr
Rocco Awad,PG,NJIT,33.0,12.787879,3.060606,1.3030303,0.3030303,0.4848485,0.18181819,0.6969697,3.5151515,0.2931034564971924,0.3939394,0.7692307829856873,0.6363636,rocco awad
Will James Jr.,PG,TOL,34.0,9.441176,3.0588236,1.7352941,0.8235294,0.4117647,0.0882353,0.14705883,2.4117646,0.5121951103210449,0.5,0.8823529481887817,0.61764705,will james jr
Lamine Niang,SF,UTM,25.0,9.08,3.04,2.48,0.36,0.12,0.76,0.0,2.52,0.5555555820465088,0.48,0.5,0.6,lamine niang
DeMarco Johnson,PG,ELON,30.0,15.266666,3.0333333,2.2666667,2.4,0.8666667,0.33333334,0.16666667,2.2333333,0.46268656849861145,1.4,0.5714285969734192,1.1666666,demarco johnson
Lorenzo Abellar,PG,SUU,31.0,11.451612,3.032258,0.8064516,1.483871,0.29032257,0.06451613,0.2580645,2.7419355,0.3176470696926117,1.3225807,0.7804877758026123,0.7741935,lorenzo abellar
Bryson Calamese,PG,ALCN,31.0,11.16129,3.032258,0.87096775,1.1612903,0.516129,0.06451613,0.2580645,3.0,0.34408602118492126,0.9677419,0.7333333492279053,1.0645162,bryson calamese
Martin de LaPorterie,SF,DREX,33.0,12.909091,3.030303,3.121212,0.3030303,0.15151516,0.6060606,0.18181819,2.5454545,0.4761904776096344,0.6060606,0.699999988079071,0.8787879,martin de laporterie
Brycen Long,PG,PRST,27.0,10.407408,3.0,0.7407407,0.6296296,0.33333334,0.074074075,0.7037037,2.148148,0.36206895112991333,0.8888889,0.8333333134651184,0.6666667,brycen long
Owen LaRocca,PG,HNTC,1.0,13.0,3.0,0.0,2.0,0.0,0.0,1.0,2.0,0.5,0.0,0.0,0.0,owen larocca
Di'Andre Howell-South,PG,HFU,1.0,14.0,3.0,1.0,0.0,1.0,0.0,0.0,2.0,0.0,4.0,0.75,4.0,di andre howell south
Benton Wofford II,PG,WVUT,1.0,3.0,3.0,0.0,0.0,0.0,0.0,1.0,1.0,1.0,0.0,0.0,1.0,benton wofford ii
Kooper Staley,PG,RFU,1.0,15.0,3.0,2.0,1.0,0.0,0.0,1.0,4.0,0.25,0.0,0.0,0.0,kooper staley
Sincere Whitehead,SF,FVSU,1.0,15.0,3.0,3.0,1.0,0.0,0.0,0.0,1.0,0.0,4.0,0.75,2.0,sincere whitehead
Ashton Magee,SF,SOU,31.0,11.258064,3.0,1.7419355,0.22580644,0.32258064,0.29032257,0.032258064,2.032258,0.4444444477558136,1.8064516,0.6428571343421936,0.58064514,ashton magee
Jesaiah McWright,PG,AGSU,1.0,24.0,3.0,1.0,2.0,0.0,0.0,0.0,6.0,0.0,4.0,0.75,1.0,jesaiah mcwright
Johannes Kirsipuu,PG,NMHU,3.0,7.3333335,3.0,1.0,0.0,0.0,0.0,0.33333334,2.3333333,0.2857142984867096,1.3333334,1.0,1.0,johannes kirsipuu
Brycen Shackelford,SF,CHAM,3.0,13.0,3.0,1.6666666,0.33333334,0.0,0.0,0.0,1.6666666,0.800000011920929,0.6666667,0.5,0.0,brycen shackelford
Mason Meyers,PG,SLC,1.0,13.0,3.0,2.0,1.0,0.0,0.0,1.0,5.0,0.20000000298023224,0.0,0.0,0.0,mason meyers
Donaven Johnson,PG,PSNK,1.0,35.0,3.0,4.0,1.0,0.0,0.0,0.0,7.0,0.0,6.0,0.5,7.0,donaven johnson
Jace Herrell,PG,LGC,2.0,11.5,3.0,3.0,0.5,1.0,0.0,0.5,4.5,0.2222222238779068,1.0,0.5,2.0,jace herrell
Kyle Florio,PG,GLDT,1.0,13.0,3.0,1.0,0.0,0.0,0.0,1.0,3.0,0.3333333432674408,0.0,0.0,1.0,kyle florio
Samer Sawan,PG,GLDT,1.0,16.0,3.0,0.0,0.0,1.0,0.0,1.0,4.0,0.25,0.0,0.0,0.0,samer sawan
Arvel Chandler,PG,MISE,2.0,16.0,3.0,1.0,0.5,2.5,0.0,0.0,5.0,0.30000001192092896,0.0,0.0,1.0,arvel chandler
Ja'bri White,SF,PSBW,2.0,23.0,3.0,2.0,1.0,1.0,0.0,0.0,5.5,0.27272728085517883,0.0,0.0,1.0,ja bri white
Brendan McNamara,PG,EMRS,1.0,17.0,3.0,0.0,1.0,1.0,0.0,1.0,3.0,0.3333333432674408,0.0,0.0,2.0,brendan mcnamara
Jayven Jones,ATH,WUUT,1.0,15.0,3.0,0.0,5.0,0.0,0.0,1.0,2.0,0.5,0.0,0.0,0.0,jayven jones
Noah Ahooja,PG,CRWN,1.0,15.0,3.0,2.0,2.0,1.0,0.0,1.0,1.0,1.0,0.0,0.0,2.0,noah ahooja
Bryce Jackson,PG,TUSC,2.0,17.0,3.0,2.0,1.0,0.0,0.0,0.0,6.5,0.1538461595773697,1.0,1.0,1.0,bryce jackson
Matt Amano,PG,PCC,1.0,5.0,3.0,0.0,0.0,0.0,0.0,1.0,3.0,0.3333333432674408,0.0,0.0,0.0,matt amano
Isaiah Stein,SF,WAU,2.0,10.0,3.0,2.0,0.5,0.0,0.0,0.0,2.5,0.6000000238418579,0.0,0.0,1.5,isaiah stein
Christian Daley,PG,STJF,1.0,5.0,3.0,0.0,0.0,0.0,0.0,0.0,2.0,0.5,3.0,0.3333333432674408,1.0,christian daley
Zach Clay,SF,WCBC,3.0,15.333333,3.0,2.0,0.33333334,0.0,0.0,0.33333334,3.6666667,0.27272728085517883,0.6666667,1.0,1.3333334,zach clay
Tucker Lowe,PG,RHDT,2.0,13.5,3.0,0.0,0.0,0.0,0.0,1.0,2.5,0.4000000059604645,0.0,0.0,0.5,tucker lowe
Myles Tucker,PG,JJC,1.0,13.0,3.0,2.0,1.0,0.0,0.0,1.0,2.0,0.5,0.0,0.0,0.0,myles tucker
John Loughlin,PG,W&L,1.0,21.0,3.0,1.0,1.0,1.0,0.0,1.0,4.0,0.25,0.0,0.0,0.0,john loughlin
TyShaun Washington,PG,MOBL,1.0,14.0,3.0,0.0,1.0,0.0,0.0,1.0,2.0,0.5,0.0,0.0,2.0,tyshaun washington
Austin Dewes,SF,UCME,1.0,20.0,3.0,4.0,2.0,0.0,0.0,0.0,2.0,0.5,3.0,0.3333333432674408,3.0,austin dewes
Randy Rosenquist Jr.,PG,DWU,1.0,24.0,3.0,4.0,5.0,3.0,1.0,1.0,4.0,0.25,0.0,0.0,1.0,randy rosenquist jr
Kody Uyesugi,PG,LC,1.0,15.0,3.0,0.0,1.0,0.0,0.0,1.0,5.0,0.20000000298023224,0.0,0.0,0.0,kody uyesugi
Ben Kobil,PG,SMMD,2.0,15.0,3.0,1.0,0.0,0.0,0.0,0.0,4.0,0.25,1.5,0.6666666865348816,1.0,ben kobil
Kiah Key,PG,UTSO,1.0,11.0,3.0,1.0,0.0,0.0,0.0,1.0,2.0,0.5,0.0,0.0,0.0,kiah key
Ryan Kenney,SF,STAM,1.0,2.0,3.0,1.0,1.0,1.0,0.0,1.0,1.0,1.0,1.0,0.0,0.0,ryan kenney
Jaaron Harriott,PG,LYON,1.0,6.0,3.0,0.0,1.0,0.0,0.0,1.0,1.0,1.0,0.0,0.0,2.0,jaaron harriott
Brett Larson,SF,NYCA,1.0,2.0,3.0,0.0,1.0,0.0,0.0,1.0,1.0,1.0,0.0,0.0,0.0,brett larson
Blake Seitz,SF,RHDT,2.0,19.0,3.0,3.5,0.5,1.0,0.5,1.0,6.0,0.1666666716337204,0.0,0.0,0.5,blake seitz
Charles Higby Jr.,SF,HAWH,1.0,9.0,3.0,3.0,0.0,0.0,0.0,1.0,1.0,1.0,1.0,0.0,2.0,charles higby jr
Emmett Loew,PG,LOR,1.0,20.0,3.0,0.0,2.0,0.0,0.0,1.0,7.0,0.1428571492433548,0.0,0.0,1.0,emmett loew
Tony Benkovic,SF,PSUY,1.0,22.0,3.0,5.0,0.0,0.0,1.0,0.0,4.0,0.0,4.0,0.75,0.0,tony benkovic
Luke Lentz,PG,UTSO,1.0,10.0,3.0,0.0,2.0,1.0,0.0,1.0,4.0,0.25,0.0,0.0,1.0,luke lentz
Bennett Bowers,PG,LBC,1.0,17.0,3.0,3.0,1.0,0.0,0.0,1.0,5.0,0.20000000298023224,0.0,0.0,0.0,bennett bowers
Max Richardson,SF,ERKA,2.0,19.5,3.0,1.5,0.5,1.0,0.0,0.0,3.0,0.5,0.0,0.0,1.0,max richardson
Ryan Lominack,PG,WPEA,1.0,14.0,3.0,2.0,1.0,0.0,0.0,1.0,5.0,0.20000000298023224,0.0,0.0,0.0,ryan lominack
Devin Benson,PG,GWYD,1.0,10.0,3.0,1.0,0.0,1.0,0.0,1.0,3.0,0.3333333432674408,0.0,0.0,0.0,devin benson
Cameron Evans,PG,ABSU,1.0,19.0,3.0,3.0,1.0,1.0,0.0,1.0,5.0,0.20000000298023224,0.0,0.0,2.0,cameron evans
Cobi Commodore,PG,BERE,1.0,16.0,3.0,3.0,1.0,2.0,0.0,1.0,5.0,0.20000000298023224,0.0,0.0,2.0,cobi commodore
Ty Runyan,PG,TWU,2.0,15.5,3.0,0.5,1.5,0.0,0.0,1.0,4.5,0.2222222238779068,0.0,0.0,1.5,ty runyan
Stacy Byrd,SF,RDPH,1.0,13.0,3.0,1.0,0.0,0.0,1.0,1.0,3.0,0.3333333432674408,0.0,0.0,1.0,stacy byrd
Ayson McLuskie,PG,BCKB,1.0,9.0,3.0,0.0,0.0,0.0,0.0,1.0,2.0,0.5,0.0,0.0,2.0,ayson mcluskie
Kris Jones,PG,TXLU,2.0,7.5,3.0,0.5,0.5,0.5,0.0,1.0,4.0,0.25,0.0,0.0,0.5,kris jones
Jacob Overbeck,C,ABU,3.0,14.333333,3.0,1.3333334,0.33333334,0.0,0.33333334,0.33333334,4.3333335,0.23076923191547394,0.6666667,1.0,1.6666666,jacob overbeck
Ben Grunloh,PG,RFU,1.0,15.0,3.0,1.0,0.0,2.0,0.0,1.0,5.0,0.20000000298023224,0.0,0.0,2.0,ben grunloh
Hassane Diallo,SF,PV,28.0,10.321428,3.0,2.857143,0.25,0.2857143,0.71428573,0.0,1.9642857,0.5090909004211426,1.6428572,0.6086956262588501,0.64285713,hassane diallo
Samuel Jacobs,PG,AQUI,1.0,15.0,3.0,1.0,1.0,0.0,0.0,1.0,2.0,0.5,0.0,0.0,1.0,samuel jacobs
Collin Himmelberg,PG,MWD,1.0,25.0,3.0,7.0,1.0,2.0,0.0,0.0,6.0,0.1666666716337204,2.0,0.5,3.0,collin himmelberg
Tymir Smalls,PG,ARCA,1.0,1.0,3.0,0.0,0.0,0.0,0.0,1.0,1.0,1.0,0.0,0.0,0.0,tymir smalls
Michael Kennedy,SF,DALL,2.0,10.0,3.0,1.0,0.0,0.0,0.5,0.0,1.5,1.0,0.0,0.0,0.5,michael kennedy
Jake Hart,PG,LYBG,1.0,20.0,3.0,2.0,1.0,1.0,0.0,1.0,2.0,0.5,0.0,0.0,2.0,jake hart
Dallas Wilder,SF,ROSE,1.0,20.0,3.0,2.0,0.0,0.0,0.0,1.0,2.0,0.5,0.0,0.0,2.0,dallas wilder
Osiris Melendez,ATH,STE,1.0,5.0,3.0,0.0,1.0,0.0,0.0,1.0,2.0,0.5,0.0,0.0,1.0,osiris melendez
Ismael Diouf,SF,UNI,35.0,10.514286,3.0,1.2285714,1.0,0.22857143,0.2,0.34285715,2.8,0.43877550959587097,0.31428573,0.6363636255264282,0.7714286,ismael diouf
Ma'Syn Howell,PG,OKCU,1.0,21.0,3.0,2.0,1.0,0.0,0.0,0.0,5.0,0.20000000298023224,1.0,1.0,1.0,ma syn howell
Donovan Rakotonanahary,PG,NKU,32.0,12.375,3.0,2.34375,0.40625,0.5625,0.125,0.03125,1.78125,0.7017543911933899,0.84375,0.5555555820465088,0.3125,donovan rakotonanahary
KD Gordon,PG,ERSK,2.0,11.5,3.0,1.0,0.0,0.5,0.5,0.5,0.5,1.0,3.5,0.4285714328289032,1.5,kd gordon
Joel Ofori,SF,OLDW,1.0,24.0,3.0,0.0,0.0,1.0,1.0,0.0,11.0,0.09090909361839294,2.0,0.5,1.0,joel ofori
Christian Hathorn,PG,VTSL,1.0,19.0,3.0,0.0,2.0,0.0,0.0,1.0,1.0,1.0,0.0,0.0,3.0,christian hathorn
Chaz Cobbs Jr.,PG,CLRY,3.0,18.333334,3.0,1.3333334,1.0,1.6666666,0.33333334,0.0,5.0,0.2666666805744171,0.6666667,0.5,1.0,chaz cobbs jr
Matt Mahoney,PG,DKSN,1.0,16.0,3.0,0.0,1.0,0.0,0.0,1.0,4.0,0.25,0.0,0.0,1.0,matt mahoney
Toby Ford,PG,HLGU,1.0,9.0,3.0,1.0,0.0,0.0,0.0,1.0,3.0,0.3333333432674408,0.0,0.0,1.0,toby ford
Josh Talton,PG,HLGU,1.0,26.0,3.0,1.0,1.0,1.0,0.0,0.0,10.0,0.10000000149011612,2.0,0.5,3.0,josh talton
Derrick Miller,PG,CLRY,3.0,17.666666,3.0,2.0,1.3333334,0.33333334,0.33333334,0.0,6.6666665,0.20000000298023224,0.33333334,1.0,2.0,derrick miller
Malcolm King,PG,PQC,1.0,14.0,3.0,0.0,0.0,0.0,0.0,1.0,2.0,0.5,0.0,0.0,1.0,malcolm king
Carter Ruck,PG,TUTX,1.0,14.0,3.0,0.0,1.0,0.0,0.0,1.0,5.0,0.20000000298023224,0.0,0.0,2.0,carter ruck
Jaxson Vandegarde,PG,NESU,1.0,17.0,3.0,2.0,1.0,2.0,0.0,0.0,2.0,0.5,2.0,0.5,0.0,jaxson vandegarde
Mark Cooper,PG,FISK,4.0,27.25,3.0,3.75,3.0,1.0,0.0,0.0,3.5,0.2142857164144516,2.75,0.5454545617103577,3.25,mark cooper
Owen Hektner,SF,UJ,1.0,19.0,3.0,1.0,0.0,0.0,0.0,1.0,3.0,0.3333333432674408,0.0,0.0,1.0,owen hektner
Delshawn Simms,PG,SFIL,1.0,33.0,3.0,1.0,4.0,1.0,0.0,1.0,3.0,0.3333333432674408,0.0,0.0,2.0,delshawn simms
Josh Lincoln,SF,WPAC,1.0,26.0,3.0,0.0,0.0,1.0,0.0,1.0,6.0,0.1666666716337204,0.0,0.0,3.0,josh lincoln
Marvin Lee,SF,PUGB,1.0,19.0,3.0,2.0,2.0,0.0,0.0,1.0,6.0,0.1666666716337204,0.0,0.0,1.0,marvin lee
Andre Norris,PG,JSP,1.0,28.0,3.0,7.0,1.0,1.0,1.0,0.0,6.0,0.1666666716337204,2.0,0.5,0.0,andre norris
Tanner Sullivan,PG,NYCA,1.0,8.0,3.0,0.0,0.0,0.0,0.0,1.0,3.0,0.3333333432674408,0.0,0.0,0.0,tanner sullivan
Landon Brewer,PG,OHCU,1.0,22.0,3.0,4.0,3.0,1.0,0.0,1.0,5.0,0.20000000298023224,0.0,0.0,1.0,landon brewer
Blake Kooiman,SF,UMO,1.0,7.0,3.0,1.0,0.0,0.0,0.0,1.0,3.0,0.3333333432674408,0.0,0.0,1.0,blake kooiman
Grady Smitley,PG,EARL,1.0,7.0,3.0,0.0,0.0,0.0,0.0,0.0,0.0,0.0,3.0,1.0,1.0,grady smitley
Marcus Bast,PG,LC,1.0,20.0,3.0,2.0,6.0,0.0,0.0,1.0,3.0,0.3333333432674408,0.0,0.0,2.0,marcus bast
Damon Fann,SG,OAKW,3.0,16.666666,3.0,2.3333333,0.33333334,0.33333334,0.0,0.6666667,5.0,0.20000000298023224,2.0,0.1666666716337204,1.0,damon fann
Bradley Graham,PG,ESC,2.0,24.5,3.0,3.0,3.0,0.5,0.0,0.0,5.0,0.20000000298023224,1.0,1.0,1.0,bradley graham
Bryson Seymour,SF,FRKL,1.0,1.0,3.0,0.0,0.0,0.0,0.0,1.0,2.0,0.5,0.0,0.0,0.0,bryson seymour
Quinn Hart,PG,OWU,2.0,21.0,3.0,2.5,1.0,1.5,0.0,1.0,2.5,0.4000000059604645,0.0,0.0,0.0,quinn hart
Carter Burg,PG,MHAM,1.0,17.0,3.0,5.0,0.0,0.0,0.0,1.0,3.0,0.3333333432674408,0.0,0.0,0.0,carter burg
Jordan Willis,PG,MCM,1.0,9.0,3.0,0.0,0.0,0.0,0.0,1.0,5.0,0.20000000298023224,0.0,0.0,0.0,jordan willis
Trey Grube,PG,LBC,1.0,10.0,3.0,0.0,0.0,0.0,0.0,1.0,4.0,0.25,0.0,0.0,1.0,trey grube
Nile Austin,PG,LBC,1.0,22.0,3.0,3.0,3.0,0.0,0.0,1.0,4.0,0.25,0.0,0.0,1.0,nile austin
Tyler Owens,PG,BLU,1.0,4.0,3.0,0.0,0.0,0.0,1.0,0.0,2.0,0.5,2.0,0.5,0.0,tyler owens
Tim Smith,PG,VRHS,1.0,16.0,3.0,3.0,0.0,1.0,0.0,0.0,2.0,0.5,1.0,1.0,3.0,tim smith
Hunter Fitch,SF,MSSU,1.0,5.0,3.0,1.0,0.0,0.0,1.0,0.0,2.0,0.5,2.0,0.5,0.0,hunter fitch
Sharrod Taylor,PG,UTPB,1.0,19.0,3.0,2.0,5.0,2.0,0.0,1.0,3.0,0.3333333432674408,0.0,0.0,2.0,sharrod taylor
Brady Watson,PG,UTPB,1.0,6.0,3.0,1.0,0.0,0.0,0.0,1.0,1.0,1.0,0.0,0.0,1.0,brady watson
Tommy Ball,PG,WUUT,2.0,22.5,3.0,1.0,3.0,0.0,0.0,0.0,4.0,0.125,2.0,1.0,0.5,tommy ball
Trevon Clark,PG,FNU,1.0,6.0,3.0,0.0,0.0,0.0,0.0,0.0,1.0,1.0,1.0,1.0,1.0,trevon clark
Jadorian Jones,SF,ECCL,5.0,11.6,3.0,0.4,0.2,0.4,0.0,0.2,3.2,0.1875,2.8,0.5714285969734192,0.8,jadorian jones
D.J. Orloff,SF,MISE,2.0,16.0,3.0,1.5,0.5,0.5,0.0,0.0,4.0,0.375,0.5,0.0,0.0,d j orloff
Esseck Bryant,SF,CNSU,2.0,6.0,3.0,0.5,0.5,0.5,0.5,0.0,3.0,0.5,0.0,0.0,0.0,esseck bryant
Brett Bush,ATH,ERAZ,1.0,13.0,3.0,2.0,0.0,0.0,0.0,1.0,2.0,0.5,0.0,0.0,0.0,brett bush
Caiden Swenby,PG,MNCR,1.0,8.0,3.0,0.0,0.0,0.0,0.0,1.0,2.0,0.5,0.0,0.0,0.0,caiden swenby
Adam Montoya,PG,NNMC,1.0,11.0,3.0,1.0,1.0,0.0,0.0,1.0,2.0,0.5,0.0,0.0,1.0,adam montoya
Jackson Sellars,PG,AVER,2.0,22.5,3.0,2.0,1.0,1.0,0.0,0.0,6.5,0.07692307978868484,3.0,0.6666666865348816,4.0,jackson sellars
Keith Sharp,SF,UMA,1.0,19.0,3.0,5.0,0.0,0.0,2.0,0.0,4.0,0.25,2.0,0.5,0.0,keith sharp
Noah Mason,SF,BNIL,1.0,15.0,3.0,3.0,2.0,0.0,0.0,0.0,4.0,0.25,2.0,0.5,3.0,noah mason
Ryan Sammons,PG,BNIL,1.0,12.0,3.0,0.0,1.0,0.0,0.0,1.0,3.0,0.3333333432674408,0.0,0.0,0.0,ryan sammons
Sila Tako,SF,BLUS,1.0,15.0,3.0,4.0,0.0,1.0,0.0,0.0,3.0,0.3333333432674408,3.0,0.3333333432674408,2.0,sila tako
Trey Walters,PG,ABU,3.0,15.666667,3.0,1.0,0.33333334,1.0,0.0,0.33333334,4.6666665,0.2142857164144516,0.6666667,1.0,2.0,trey walters
Cameron Moore,PG,AQUI,1.0,22.0,3.0,1.0,0.0,1.0,0.0,1.0,1.0,1.0,0.0,0.0,5.0,cameron moore
Josh Rogosich,ATH,WRNR,1.0,6.0,3.0,2.0,2.0,0.0,0.0,1.0,2.0,0.5,0.0,0.0,1.0,josh rogosich
Karson Peffer,SF,MTTC,1.0,24.0,3.0,2.0,3.0,0.0,0.0,0.0,8.0,0.125,2.0,0.5,0.0,karson peffer
Tre Lucia,PG,UCCS,1.0,9.0,3.0,0.0,0.0,0.0,1.0,1.0,1.0,1.0,0.0,0.0,0.0,tre lucia
Chris Tackett,SF,BMCU,2.0,21.5,3.0,4.0,0.0,0.5,1.0,0.0,3.5,0.4285714328289032,0.0,0.0,1.5,chris tackett
AJ Wolfe,PG,WLMT,1.0,6.0,3.0,0.0,0.0,0.0,0.0,1.0,4.0,0.25,0.0,0.0,0.0,aj wolfe
Andrew Melillo,PG,MNHV,1.0,14.0,3.0,1.0,1.0,0.0,0.0,1.0,4.0,0.25,0.0,0.0,1.0,andrew melillo
Tyler Kuhn,PG,MNHV,1.0,6.0,3.0,0.0,0.0,1.0,0.0,0.0,2.0,0.5,3.0,0.3333333432674408,0.0,tyler kuhn
Andrew Ciaglo,PG,ELMS,2.0,17.5,3.0,1.5,1.0,1.5,0.0,1.0,4.5,0.2222222238779068,0.0,0.0,0.5,andrew ciaglo
Aidan Haskins,SF,HAMP,30.0,10.933333,3.0,1.3333334,0.6,0.13333334,0.033333335,0.8333333,2.8666666,0.3720930218696594,0.06666667,0.5,0.16666667,aidan haskins
Riley Woods,PG,UCC,1.0,25.0,3.0,5.0,3.0,5.0,0.0,1.0,8.0,0.125,0.0,0.0,1.0,riley woods
Luke Kirklin,PG,UCC,1.0,21.0,3.0,2.0,1.0,0.0,0.0,0.0,1.0,1.0,1.0,1.0,0.0,luke kirklin
Xavier Fancher,PG,UCC,1.0,8.0,3.0,0.0,0.0,0.0,0.0,1.0,3.0,0.3333333432674408,0.0,0.0,0.0,xavier fancher
Ryan Kranz,SF,COLC,1.0,17.0,3.0,0.0,0.0,0.0,0.0,1.0,2.0,0.5,0.0,0.0,0.0,ryan kranz
Izaiha Bredwood,PG,BRYN,4.0,16.5,3.0,2.0,0.75,0.0,0.0,0.25,3.5,0.3571428656578064,0.5,0.5,1.25,izaiha bredwood
Chris Alford,SF,BRYN,4.0,12.25,3.0,2.25,0.5,0.25,0.0,0.5,2.25,0.5555555820465088,0.0,0.0,1.0,chris alford
Nathan Landtroop,SF,BRYN,4.0,10.75,3.0,1.75,0.5,0.25,0.0,0.5,4.0,0.3125,0.0,0.0,1.25,nathan landtroop
Brandon Gibson Jr.,PG,FPU,1.0,10.0,3.0,0.0,0.0,0.0,0.0,0.0,3.0,0.0,4.0,0.75,0.0,brandon gibson jr
William Givens,PG,JWNC,1.0,17.0,3.0,1.0,4.0,1.0,0.0,0.0,6.0,0.1666666716337204,2.0,0.5,6.0,william givens
Justin King,PG,MCK,1.0,13.0,3.0,4.0,1.0,2.0,0.0,1.0,3.0,0.3333333432674408,0.0,0.0,2.0,justin king
Joshua Schönbäck,SF,MCK,1.0,20.0,3.0,2.0,0.0,2.0,0.0,1.0,2.0,0.5,0.0,0.0,3.0,joshua schonback
Malachi Washington,C,MBAL,2.0,15.5,3.0,1.5,1.5,0.5,0.5,0.0,3.0,0.5,0.0,0.0,1.5,malachi washington
Corey Easton,SG,MBAL,2.0,9.0,3.0,1.5,0.0,1.0,0.0,1.0,4.5,0.2222222238779068,0.0,0.0,2.0,corey easton
Andrew Hill,PG,OKCU,1.0,11.0,3.0,1.0,1.0,1.0,0.0,1.0,1.0,1.0,0.0,0.0,1.0,andrew hill
Chacun Anderson II,PG,OKCU,1.0,2.0,3.0,0.0,0.0,0.0,0.0,1.0,2.0,0.5,0.0,0.0,0.0,chacun anderson ii
Finley Pruever,PG,CVU,1.0,16.0,3.0,0.0,0.0,0.0,0.0,0.0,3.0,0.3333333432674408,2.0,0.5,1.0,finley pruever
Brevon Ricker,PG,MIDW,4.0,8.0,3.0,0.0,0.25,0.0,0.0,1.0,3.5,0.2857142984867096,0.0,0.0,0.5,brevon ricker
Oliver Roberts,PG,UMO,1.0,4.0,3.0,0.0,1.0,0.0,0.0,1.0,2.0,0.5,0.0,0.0,1.0,oliver roberts
Davis Hester,PG,WLMT,1.0,19.0,3.0,1.0,1.0,0.0,0.0,1.0,4.0,0.25,0.0,0.0,1.0,davis hester
Ibrahim Doumbouya,PG,THMC,1.0,10.0,3.0,3.0,1.0,0.0,0.0,1.0,6.0,0.1666666716337204,0.0,0.0,1.0,ibrahim doumbouya
Lance Crowell,SF,THMC,1.0,6.0,3.0,0.0,1.0,1.0,0.0,1.0,1.0,1.0,0.0,0.0,0.0,lance crowell
Reed Ownby,PG,TUSC,2.0,11.0,3.0,1.5,0.0,0.0,0.0,0.0,4.5,0.3333333432674408,0.0,0.0,2.0,reed ownby
Miles Burrows,SF,UCSC,2.0,14.0,3.0,0.0,0.5,0.0,0.0,1.0,2.5,0.4000000059604645,0.0,0.0,1.5,miles burrows
Dorrell Thomas,PG,CAPH,1.0,18.0,3.0,3.0,0.0,0.0,0.0,1.0,5.0,0.20000000298023224,0.0,0.0,1.0,dorrell thomas
Amar Lane,SF,GCTU,2.0,17.5,3.0,2.0,0.5,0.5,0.5,0.0,3.0,0.5,0.5,0.0,1.0,amar lane
Aveion Tucker,PG,RDPH,1.0,27.0,3.0,3.0,3.0,0.0,0.0,0.0,8.0,0.125,1.0,1.0,1.0,aveion tucker
Ayden Barone,SF,RDPH,1.0,9.0,3.0,0.0,0.0,0.0,0.0,1.0,2.0,0.5,0.0,0.0,0.0,ayden barone
Bricen Buciak,SF,SFST,2.0,19.5,3.0,1.0,0.5,0.0,0.0,0.5,7.5,0.13333334028720856,1.0,0.5,1.0,bricen buciak
Daniel Halldorsson,PG,MSSU,1.0,23.0,3.0,3.0,3.0,3.0,0.0,1.0,3.0,0.3333333432674408,0.0,0.0,1.0,daniel halldorsson
Talan Dawkins,PG,MMA,1.0,18.0,3.0,2.0,0.0,0.0,0.0,1.0,4.0,0.25,0.0,0.0,1.0,talan dawkins
Shane Potts,PG,BMTA,1.0,17.0,3.0,4.0,1.0,0.0,0.0,0.0,3.0,0.3333333432674408,2.0,0.5,0.0,shane potts
Anthony Latty,C,BLUS,1.0,32.0,3.0,4.0,3.0,0.0,1.0,0.0,3.0,0.3333333432674408,2.0,0.5,1.0,anthony latty
Omar Salman,PG,IIT,2.0,9.5,3.0,1.0,0.0,0.0,0.0,1.0,3.0,0.3333333432674408,0.0,0.0,0.5,omar salman
Marcel Elicagaray,PG,WHMN,1.0,16.0,3.0,3.0,0.0,0.0,0.0,0.0,5.0,0.20000000298023224,2.0,0.5,1.0,marcel elicagaray
James Clay,PG,DMIL,2.0,7.0,3.0,0.5,1.0,1.0,0.0,0.5,0.5,1.0,3.0,0.5,2.5,james clay
Xavier Santacasa,PG,OUAZ,1.0,9.0,3.0,0.0,0.0,0.0,0.0,0.0,1.0,1.0,2.0,0.5,0.0,xavier santacasa
Gabe Schulhauser,PG,OUAZ,1.0,12.0,3.0,1.0,0.0,0.0,0.0,0.0,5.0,0.20000000298023224,1.0,1.0,0.0,gabe schulhauser
Kyle Haslam,SF,OUAZ,1.0,11.0,3.0,1.0,0.0,0.0,0.0,1.0,4.0,0.25,0.0,0.0,0.0,kyle haslam
Max Mkpa,C,OUAZ,1.0,15.0,3.0,1.0,0.0,1.0,0.0,0.0,3.0,0.3333333432674408,2.0,0.5,0.0,max mkpa
Jeremiah Sibley,PG,PCLT,1.0,14.0,3.0,2.0,4.0,0.0,0.0,1.0,3.0,0.3333333432674408,0.0,0.0,1.0,jeremiah sibley
Cohen Pease,PG,ALLG,1.0,2.0,3.0,0.0,0.0,0.0,0.0,1.0,1.0,1.0,1.0,0.0,1.0,cohen pease
Malik Gelinas,PG,CC,1.0,12.0,3.0,1.0,0.0,0.0,0.0,1.0,5.0,0.20000000298023224,0.0,0.0,2.0,malik gelinas
Sam Hailey,PG,HNTC,1.0,6.0,3.0,0.0,1.0,0.0,0.0,1.0,1.0,1.0,0.0,0.0,0.0,sam hailey
Amarian Griffin,PG,HNTC,1.0,4.0,3.0,2.0,0.0,0.0,0.0,1.0,2.0,0.5,0.0,0.0,0.0,amarian griffin
Michael Zhang,PG,MIT,1.0,32.0,3.0,1.0,1.0,0.0,0.0,0.0,13.0,0.07692307978868484,2.0,0.5,1.0,michael zhang
Mikey Hawkins,PG,NWOK,1.0,14.0,3.0,1.0,3.0,2.0,0.0,0.0,4.0,0.25,3.0,0.3333333432674408,1.0,mikey hawkins
Kyler Penco,PG,NWOK,1.0,5.0,3.0,3.0,1.0,2.0,0.0,1.0,1.0,1.0,2.0,0.0,0.0,kyler penco
Jacob Schafer,PG,WEBS,2.0,12.0,3.0,0.0,1.0,0.5,0.0,0.5,3.0,0.3333333432674408,1.0,0.5,1.0,jacob schafer
Will Harmon,PG,WEBS,2.0,7.0,3.0,0.0,0.0,0.0,0.0,0.0,2.0,0.5,1.0,1.0,0.0,will harmon
Dallas Harding-Fair,C,WEBS,2.0,16.0,3.0,2.0,0.5,0.0,0.5,0.0,2.5,0.4000000059604645,1.5,0.6666666865348816,0.5,dallas harding fair
Georges Archer,SF,LYON,1.0,14.0,3.0,2.0,0.0,1.0,0.0,1.0,7.0,0.1428571492433548,0.0,0.0,1.0,georges archer
NoNo Brown,PG,WNMU,1.0,18.0,3.0,0.0,1.0,0.0,1.0,1.0,6.0,0.1666666716337204,0.0,0.0,1.0,nono brown
Fletcher Cole,PG,OCU,2.0,19.5,3.0,1.5,0.5,0.0,0.0,0.0,5.0,0.30000001192092896,0.5,0.0,1.5,fletcher cole
Chase Timberlake,PG,MLLY,1.0,27.0,3.0,5.0,0.0,1.0,0.0,0.0,4.0,0.25,3.0,0.3333333432674408,4.0,chase timberlake
Michael Kasperbauer,PG,SCIA,1.0,18.0,3.0,0.0,1.0,1.0,0.0,0.0,2.0,0.5,1.0,1.0,0.0,michael kasperbauer
Caleb Dyvig,PG,SCIA,1.0,4.0,3.0,0.0,0.0,0.0,0.0,1.0,2.0,0.5,0.0,0.0,1.0,caleb dyvig
Nathaniel Winter,PG,SCIA,1.0,7.0,3.0,0.0,2.0,1.0,0.0,1.0,3.0,0.3333333432674408,0.0,0.0,0.0,nathaniel winter
Brian Everhart,PG,CLRY,3.0,16.333334,3.0,1.0,1.3333334,0.33333334,0.0,1.0,4.6666665,0.2142857164144516,0.33333334,0.0,1.3333334,brian everhart
Coleton Hansen,SF,SFIL,1.0,27.0,3.0,3.0,4.0,0.0,1.0,0.0,7.0,0.1428571492433548,2.0,0.5,2.0,coleton hansen
Carter McCarn,SF,BOBJ,3.0,6.3333335,3.0,0.0,0.0,0.0,0.0,0.6666667,1.6666666,0.6000000238418579,0.33333334,1.0,0.33333334,carter mccarn
Alex Evans,SF,BRES,2.0,12.5,3.0,1.5,0.0,1.0,0.0,0.0,6.0,0.1666666716337204,1.5,0.6666666865348816,1.5,alex evans
Ryan Dunn,PG,UTSO,1.0,15.0,3.0,1.0,3.0,1.0,0.0,1.0,4.0,0.25,0.0,0.0,3.0,ryan dunn
Ricardo Gomez Jr.,SF,UTSO,1.0,17.0,3.0,3.0,0.0,0.0,0.0,1.0,6.0,0.1666666716337204,0.0,0.0,1.0,ricardo gomez jr
Jack Harper,PG,UTSO,1.0,11.0,3.0,2.0,0.0,1.0,0.0,1.0,1.0,1.0,0.0,0.0,0.0,jack harper
DJay Snead,PG,WCMD,2.0,7.0,3.0,0.5,0.5,0.0,0.0,0.0,2.5,0.0,3.0,1.0,0.0,djay snead
Jacob Becker,SF,WCMD,2.0,12.5,3.0,1.0,0.5,0.5,0.5,1.0,3.5,0.2857142984867096,0.0,0.0,0.5,jacob becker
Will Gregory,PG,VC,1.0,12.0,3.0,0.0,1.0,0.0,0.0,1.0,2.0,0.5,0.0,0.0,0.0,will gregory
Mason Lewis,PG,EU,1.0,15.0,3.0,2.0,1.0,1.0,0.0,1.0,3.0,0.3333333432674408,0.0,0.0,2.0,mason lewis
Cooper Grams,PG,LOR,1.0,2.0,3.0,0.0,0.0,0.0,0.0,1.0,1.0,1.0,0.0,0.0,0.0,cooper grams
Luka Goshadze,SF,BMCU,2.0,9.5,3.0,1.0,0.0,0.5,0.0,0.5,2.5,0.4000000059604645,1.0,0.5,0.5,luka goshadze
Francisco Muhammad,PG,ULV,1.0,9.0,3.0,0.0,0.0,1.0,0.0,1.0,1.0,1.0,0.0,0.0,1.0,francisco muhammad
Lebron Gough,PG,HNVR,1.0,10.0,3.0,1.0,2.0,0.0,0.0,1.0,1.0,1.0,0.0,0.0,1.0,lebron gough
Sheldon Gatlin,PG,HNVR,1.0,9.0,3.0,0.0,0.0,0.0,1.0,1.0,2.0,0.5,0.0,0.0,0.0,sheldon gatlin
Kobe Karels,PG,CSS,1.0,13.0,3.0,2.0,0.0,0.0,0.0,1.0,2.0,0.5,0.0,0.0,1.0,kobe karels
Nebiyu Teklemariam,SF,CSS,1.0,12.0,3.0,1.0,0.0,0.0,0.0,1.0,5.0,0.20000000298023224,0.0,0.0,1.0,nebiyu teklemariam
Conner Barney,PG,CSS,1.0,11.0,3.0,1.0,0.0,0.0,0.0,1.0,3.0,0.3333333432674408,1.0,0.0,1.0,conner barney
Kaleb McLendon,PG,UNKY,2.0,17.5,3.0,2.0,0.0,0.0,0.0,1.0,4.5,0.2222222238779068,0.0,0.0,0.0,kaleb mclendon
Nathan Mattera,SF,REDL,1.0,15.0,3.0,1.0,0.0,2.0,0.0,1.0,4.0,0.25,0.0,0.0,0.0,nathan mattera
Dylan Tea,SF,NESU,1.0,7.0,3.0,0.0,0.0,0.0,0.0,1.0,3.0,0.3333333432674408,0.0,0.0,0.0,dylan tea
Quadir Pettaway,PG,AGSU,1.0,12.0,3.0,1.0,1.0,0.0,0.0,1.0,2.0,0.5,0.0,0.0,0.0,quadir pettaway
Jabbari Barry,PG,AGSU,1.0,11.0,3.0,0.0,0.0,0.0,0.0,1.0,7.0,0.1428571492433548,0.0,0.0,2.0,jabbari barry
James Apostolico,PG,MNHV,1.0,5.0,3.0,0.0,0.0,0.0,0.0,1.0,1.0,1.0,0.0,0.0,0.0,james apostolico
Triston Marrero,PG,MNHV,1.0,4.0,3.0,1.0,0.0,0.0,0.0,1.0,1.0,1.0,0.0,0.0,1.0,triston marrero
Seb Cecunjenin,PG,PSC,1.0,2.0,3.0,0.0,0.0,0.0,0.0,1.0,2.0,0.5,0.0,0.0,0.0,seb cecunjenin
Travis Williams,PG,WILC,2.0,10.5,3.0,1.0,1.0,0.5,0.0,1.0,3.0,0.3333333432674408,0.0,0.0,1.0,travis williams
Josh Goodall,PG,UCME,1.0,11.0,3.0,1.0,0.0,1.0,0.0,0.0,0.0,0.0,4.0,0.75,2.0,josh goodall
Jacob McPhail,PG,VTSL,1.0,3.0,3.0,0.0,0.0,0.0,0.0,1.0,2.0,0.5,2.0,0.0,1.0,jacob mcphail
Kyan Bowman,PG,SHAW,1.0,6.0,3.0,0.0,0.0,0.0,0.0,1.0,1.0,1.0,0.0,0.0,0.0,kyan bowman
Ashton Davis,C,SOVA,2.0,7.5,3.0,0.0,0.0,0.0,0.0,0.0,1.5,0.6666666865348816,2.0,0.5,0.5,ashton davis
Jason Ezeadiuguwu,PG,DCC,3.0,13.0,3.0,1.3333334,0.33333334,1.0,0.0,1.0,5.6666665,0.1764705926179886,0.6666667,0.0,0.33333334,jason ezeadiuguwu
Ayo Awoyomi,SF,DCC,3.0,18.0,3.0,1.6666666,0.0,0.0,0.33333334,0.0,5.0,0.2666666805744171,1.3333334,0.25,1.3333334,ayo awoyomi
Jordan Reed,PG,MWSU,1.0,16.0,3.0,1.0,2.0,0.0,0.0,0.0,2.0,0.5,2.0,0.5,3.0,jordan reed
Tristan Wiggins,PG,MOBU,1.0,14.0,3.0,0.0,1.0,0.0,0.0,0.0,7.0,0.1428571492433548,2.0,0.5,2.0,tristan wiggins
Thai Elder,PG,MOBU,1.0,10.0,3.0,0.0,0.0,0.0,0.0,1.0,4.0,0.25,0.0,0.0,0.0,thai elder
Harold Best,SF,GWYD,1.0,4.0,3.0,0.0,0.0,0.0,0.0,1.0,3.0,0.3333333432674408,0.0,0.0,0.0,harold best
King Keary,PG,KYSU,1.0,19.0,3.0,2.0,2.0,2.0,0.0,1.0,8.0,0.125,0.0,0.0,3.0,king keary
Noah Portalatin,PG,LAW,1.0,4.0,3.0,0.0,0.0,0.0,0.0,1.0,2.0,0.5,0.0,0.0,1.0,noah portalatin
Robert Olive,SF,LAW,1.0,2.0,3.0,1.0,0.0,0.0,0.0,1.0,1.0,1.0,0.0,0.0,0.0,robert olive
Jace Birney,SF,FRKL,1.0,5.0,3.0,1.0,0.0,0.0,0.0,1.0,1.0,1.0,0.0,0.0,1.0,jace birney
Keelan Russell,PG,UNTD,1.0,19.0,3.0,2.0,1.0,0.0,0.0,1.0,2.0,0.5,0.0,0.0,2.0,keelan russell
Aaron Harden,SF,TASA,2.0,8.5,3.0,3.5,0.5,0.0,0.0,1.0,1.5,0.6666666865348816,0.0,0.0,1.0,aaron harden
Amir Ford,SF,MYSU,1.0,12.0,3.0,1.0,0.0,0.0,4.0,0.0,1.0,1.0,2.0,0.5,0.0,amir ford
Aaydan Saucedo,PG,PUG,1.0,16.0,3.0,4.0,0.0,0.0,0.0,1.0,5.0,0.20000000298023224,0.0,0.0,0.0,aaydan saucedo
Amadou Kaloga,PG,BOWE,1.0,17.0,3.0,1.0,1.0,2.0,0.0,0.0,3.0,0.3333333432674408,2.0,0.5,0.0,amadou kaloga
Nazaire Hinton,C,BOWE,1.0,17.0,3.0,4.0,0.0,0.0,3.0,0.0,2.0,0.5,2.0,0.5,3.0,nazaire hinton
Devin Barksdale,PG,AUM,1.0,25.0,3.0,0.0,2.0,6.0,0.0,1.0,8.0,0.125,0.0,0.0,3.0,devin barksdale
Max Ogbalet-Ndiaye,PG,AUM,1.0,13.0,3.0,0.0,2.0,2.0,0.0,1.0,7.0,0.1428571492433548,0.0,0.0,1.0,max ogbalet ndiaye
Devonte Powell,SG,OAKW,3.0,10.333333,3.0,2.0,1.0,0.33333334,0.0,0.33333334,4.0,0.3333333432674408,0.0,0.0,1.6666666,devonte powell
Dorian Davis,PG,SHEN,1.0,19.0,3.0,6.0,2.0,1.0,0.0,1.0,8.0,0.125,0.0,0.0,1.0,dorian davis
Kameron Brown,PG,SHEN,1.0,9.0,3.0,0.0,0.0,0.0,0.0,1.0,1.0,1.0,0.0,0.0,1.0,kameron brown
Alex Jackson IV,SF,CUST,1.0,21.0,3.0,3.0,1.0,1.0,0.0,0.0,5.0,0.20000000298023224,2.0,0.5,1.0,alex jackson iv
Dallas Metzger,PG,MCP,1.0,15.0,3.0,4.0,1.0,0.0,0.0,1.0,4.0,0.25,0.0,0.0,0.0,dallas metzger
Trey Connell,PG,DOAN,1.0,4.0,3.0,1.0,1.0,0.0,0.0,1.0,2.0,0.5,0.0,0.0,0.0,trey connell
Treyvon Smith,SF,CCSC,2.0,10.0,3.0,1.5,0.5,0.0,0.0,0.0,3.0,0.5,0.5,0.0,0.0,treyvon smith
Gil Gonzalez,PG,BREW,2.0,31.0,3.0,7.0,1.5,0.0,1.5,0.0,6.0,0.0833333358168602,2.0,1.0,1.5,gil gonzalez
Aeris Lawson,PG,STL,1.0,15.0,3.0,0.0,1.0,2.0,0.0,1.0,3.0,0.3333333432674408,0.0,0.0,2.0,aeris lawson
Marley Gonzalez,SF,MTTC,1.0,8.0,3.0,1.0,0.0,0.0,0.0,0.0,1.0,1.0,2.0,0.5,2.0,marley gonzalez
Cole Johnson,PG,UAA,1.0,21.0,3.0,1.0,2.0,1.0,0.0,1.0,5.0,0.20000000298023224,0.0,0.0,1.0,cole johnson
Jalon Bailey,PG,WVUT,1.0,3.0,3.0,1.0,0.0,0.0,0.0,1.0,2.0,0.5,0.0,0.0,0.0,jalon bailey
JJ Babcock,SF,ELMR,1.0,20.0,3.0,1.0,0.0,0.0,1.0,1.0,5.0,0.20000000298023224,1.0,0.0,2.0,jj babcock
Semaj Bethea,PG,BFC,1.0,28.0,3.0,0.0,5.0,2.0,0.0,1.0,6.0,0.1666666716337204,0.0,0.0,0.0,semaj bethea
Jahi Whitney,PG,BFC,1.0,14.0,3.0,2.0,1.0,1.0,0.0,0.0,3.0,0.3333333432674408,1.0,1.0,1.0,jahi whitney
Steve Tatsiguia,SF,SAOK,1.0,13.0,3.0,2.0,2.0,1.0,0.0,0.0,1.0,1.0,1.0,1.0,3.0,steve tatsiguia
Christian Watkins,PG,NWWA,1.0,23.0,3.0,3.0,3.0,1.0,0.0,0.0,9.0,0.1111111119389534,2.0,0.5,2.0,christian watkins
Tyler Jackson,PG,ROSE,1.0,23.0,3.0,1.0,0.0,0.0,0.0,1.0,9.0,0.1111111119389534,0.0,0.0,1.0,tyler jackson
Evan Griffin,PG,HOUG,1.0,14.0,3.0,1.0,0.0,2.0,0.0,0.0,2.0,0.5,2.0,0.5,1.0,evan griffin
Zach Sisson,PG,HOUG,1.0,18.0,3.0,1.0,0.0,0.0,0.0,1.0,1.0,1.0,0.0,0.0,1.0,zach sisson
Cayden Munnilal,PG,SCHR,1.0,17.0,3.0,0.0,1.0,2.0,0.0,1.0,9.0,0.1111111119389534,0.0,0.0,2.0,cayden munnilal
Terrance Johnson,PG,HSSU,1.0,10.0,3.0,5.0,1.0,0.0,0.0,0.0,2.0,0.5,2.0,0.5,0.0,terrance johnson
Jean Paul El Shamee,SF,CAMR,1.0,11.0,3.0,2.0,0.0,0.0,1.0,0.0,3.0,0.3333333432674408,3.0,0.3333333432674408,0.0,jean paul el shamee
Billy Carlson,PG,UMW,1.0,21.0,3.0,0.0,0.0,2.0,1.0,1.0,5.0,0.20000000298023224,0.0,0.0,1.0,billy carlson
Cannon Young,SF,CBVU,1.0,6.0,3.0,1.0,0.0,0.0,1.0,0.0,1.0,0.0,5.0,0.6000000238418579,2.0,cannon young
Richard Massey,PG,YUNE,1.0,7.0,3.0,0.0,0.0,0.0,0.0,1.0,3.0,0.3333333432674408,0.0,0.0,0.0,richard massey
Mason Etter,SF,GCSU,1.0,13.0,3.0,3.0,0.0,0.0,0.0,1.0,2.0,0.5,0.0,0.0,0.0,mason etter
Dylan Gansel,PG,MCC,1.0,5.0,3.0,2.0,0.0,0.0,0.0,1.0,1.0,1.0,0.0,0.0,0.0,dylan gansel
Marcus Bauman,PG,MCC,1.0,12.0,3.0,0.0,1.0,0.0,0.0,1.0,4.0,0.25,0.0,0.0,0.0,marcus bauman
Trayden Chambers,SF,MCC,1.0,16.0,3.0,3.0,0.0,0.0,1.0,1.0,4.0,0.25,0.0,0.0,0.0,trayden chambers
DeAndre Newland,C,FVSU,1.0,7.0,3.0,0.0,0.0,0.0,0.0,1.0,1.0,1.0,0.0,0.0,0.0,deandre newland
Jeremiah Dallas,PG,ADR,1.0,15.0,3.0,2.0,2.0,3.0,0.0,0.0,2.0,0.5,3.0,0.3333333432674408,5.0,jeremiah dallas
Noah Vanlaningham,PG,ADR,1.0,8.0,3.0,0.0,0.0,0.0,0.0,1.0,3.0,0.3333333432674408,0.0,0.0,1.0,noah vanlaningham
Zavier Francoeur,PG,SALV,1.0,16.0,3.0,2.0,1.0,0.0,0.0,1.0,3.0,0.3333333432674408,0.0,0.0,2.0,zavier francoeur
Jeremy Hanton,PG,WIDE,1.0,2.0,3.0,0.0,0.0,0.0,0.0,1.0,2.0,0.5,0.0,0.0,0.0,jeremy hanton
Jaylen Wills,PG,FP,1.0,15.0,3.0,2.0,2.0,0.0,0.0,1.0,5.0,0.20000000298023224,0.0,0.0,3.0,jaylen wills
Grgo Katic,SF,FP,1.0,15.0,3.0,2.0,0.0,1.0,0.0,1.0,3.0,0.3333333432674408,0.0,0.0,0.0,grgo katic
Caelan Zeilenga,PG,FP,1.0,0.0,3.0,0.0,0.0,0.0,0.0,1.0,1.0,1.0,0.0,0.0,0.0,caelan zeilenga
Jack Armstrong,SF,TWU,2.0,14.5,3.0,3.0,0.0,0.0,1.5,0.0,3.5,0.2857142984867096,1.0,1.0,0.5,jack armstrong
TayShaun Hawkins,SF,SJLI,1.0,19.0,3.0,1.0,1.0,1.0,0.0,1.0,6.0,0.1666666716337204,0.0,0.0,2.0,tayshaun hawkins
Gilad Shafir,PG,SJLI,1.0,3.0,3.0,0.0,0.0,0.0,0.0,1.0,2.0,0.5,0.0,0.0,1.0,gilad shafir
Anthony Flashey,PG,JJC,1.0,2.0,3.0,0.0,0.0,0.0,0.0,1.0,1.0,1.0,0.0,0.0,0.0,anthony flashey
Apollo Eugene,PG,WPAC,1.0,12.0,3.0,0.0,1.0,0.0,0.0,0.0,0.0,0.0,6.0,0.5,0.0,apollo eugene
Xavier McDowell,PG,PRCP,1.0,18.0,3.0,0.0,0.0,1.0,0.0,1.0,5.0,0.20000000298023224,0.0,0.0,2.0,xavier mcdowell
Robbie Siechen,PG,FDSU,1.0,13.0,3.0,2.0,1.0,0.0,0.0,1.0,3.0,0.3333333432674408,0.0,0.0,0.0,robbie siechen
Benjamin Wagner,SF,TUTX,1.0,7.0,3.0,2.0,0.0,0.0,0.0,0.0,1.0,1.0,2.0,0.5,0.0,benjamin wagner
Riley Buzby,PG,DSLU,1.0,15.0,3.0,1.0,0.0,0.0,0.0,1.0,2.0,0.5,0.0,0.0,1.0,riley buzby
Josiah Peeples,PG,ERSK,2.0,9.0,3.0,0.0,0.0,0.0,0.0,0.0,1.5,0.6666666865348816,1.0,1.0,1.5,josiah peeples
Jocqua Keaton,PG,PANE,1.0,19.0,3.0,1.0,0.0,1.0,0.0,1.0,11.0,0.09090909361839294,0.0,0.0,1.0,jocqua keaton
Khalid Johnson,PG,PANE,1.0,7.0,3.0,0.0,0.0,0.0,0.0,1.0,5.0,0.20000000298023224,0.0,0.0,1.0,khalid johnson
Ja Chudgar,PG,GRNB,1.0,26.0,3.0,4.0,0.0,2.0,0.0,1.0,3.0,0.3333333432674408,1.0,0.0,0.0,ja chudgar
Josh Gonzalez,PG,FISH,1.0,7.0,3.0,3.0,0.0,0.0,0.0,1.0,3.0,0.3333333432674408,0.0,0.0,0.0,josh gonzalez
Jarrod Taylor,PG,FISH,1.0,12.0,3.0,0.0,2.0,0.0,0.0,1.0,6.0,0.1666666716337204,0.0,0.0,0.0,jarrod taylor
Austin Wrynn,PG,SJBK,1.0,15.0,3.0,1.0,0.0,0.0,0.0,1.0,2.0,0.5,0.0,0.0,0.0,austin wrynn
Joseph Abraham,PG,SJBK,1.0,8.0,3.0,0.0,0.0,1.0,0.0,1.0,1.0,1.0,0.0,0.0,0.0,joseph abraham
Maven Cummings,PG,SJBK,1.0,12.0,3.0,0.0,0.0,0.0,0.0,1.0,5.0,0.20000000298023224,2.0,0.0,0.0,maven cummings
Matty Stolfo,PG,PLAT,1.0,11.0,3.0,1.0,0.0,0.0,0.0,1.0,3.0,0.3333333432674408,0.0,0.0,0.0,matty stolfo
Malachi Nelson,PG,JVCU,2.0,18.0,3.0,4.0,0.0,0.0,1.0,0.0,2.5,0.4000000059604645,1.5,0.6666666865348816,0.5,malachi nelson
Tristin Harkins,PG,WVWC,1.0,27.0,3.0,1.0,2.0,4.0,0.0,1.0,8.0,0.125,0.0,0.0,0.0,tristin harkins
Adrijus Janciauskas,PG,WVWC,1.0,9.0,3.0,1.0,0.0,0.0,0.0,1.0,1.0,1.0,0.0,0.0,2.0,adrijus janciauskas
Jorge Jimenez,PG,MSMC,1.0,14.0,3.0,2.0,2.0,0.0,0.0,0.0,5.0,0.0,5.0,0.6000000238418579,3.0,jorge jimenez
Amaan Sanni,PG,SPRH,1.0,22.0,3.0,2.0,4.0,0.0,0.0,0.0,7.0,0.1428571492433548,1.0,1.0,7.0,amaan sanni
DJ Biatcha,C,OCU,2.0,19.5,3.0,1.5,0.0,1.0,0.5,0.0,2.5,0.4000000059604645,2.0,0.5,0.5,dj biatcha
Michael Broady,PG,UVF,1.0,14.0,3.0,3.0,0.0,1.0,1.0,1.0,5.0,0.20000000298023224,0.0,0.0,0.0,michael broady
Tayt Lucas,PG,GEN,1.0,14.0,3.0,0.0,1.0,3.0,0.0,1.0,2.0,0.5,0.0,0.0,1.0,tayt lucas
CJ Brown,PG,RIP,1.0,14.0,3.0,1.0,2.0,0.0,0.0,1.0,3.0,0.3333333432674408,0.0,0.0,0.0,cj brown
Wyatt Clark,PG,BERE,1.0,3.0,3.0,0.0,0.0,0.0,0.0,1.0,1.0,1.0,0.0,0.0,1.0,wyatt clark
Rydarius Hill,SF,VRHS,1.0,13.0,3.0,4.0,1.0,1.0,0.0,0.0,3.0,0.3333333432674408,2.0,0.5,0.0,rydarius hill
Tyler Hicks,PG,SPGN,1.0,12.0,3.0,0.0,0.0,0.0,0.0,1.0,1.0,1.0,0.0,0.0,0.0,tyler hicks
Caleb Iheukwu,PG,PSC,1.0,19.0,3.0,1.0,0.0,0.0,0.0,1.0,4.0,0.25,0.0,0.0,2.0,caleb iheukwu
Nas Joy,PG,LBC,1.0,3.0,3.0,0.0,0.0,0.0,0.0,1.0,2.0,0.5,0.0,0.0,0.0,nas joy
Armani Jones,SF,WLSN,1.0,20.0,3.0,2.0,2.0,2.0,0.0,1.0,7.0,0.1428571492433548,0.0,0.0,3.0,armani jones
Dylan Ashley,PG,WAYN,1.0,4.0,3.0,0.0,1.0,0.0,0.0,1.0,1.0,1.0,0.0,0.0,0.0,dylan ashley
Scott Bilovus,PG,WAYN,1.0,22.0,3.0,1.0,1.0,1.0,0.0,1.0,6.0,0.1666666716337204,0.0,0.0,3.0,scott bilovus
Brady Anderson,SF,WAYN,1.0,13.0,3.0,4.0,1.0,0.0,0.0,0.0,4.0,0.25,1.0,1.0,1.0,brady anderson
Sammy Detweiler,PG,OHCU,1.0,3.0,3.0,0.0,0.0,0.0,0.0,1.0,2.0,0.5,0.0,0.0,0.0,sammy detweiler
Ashton Pratt,PG,MRCY,1.0,22.0,3.0,1.0,2.0,0.0,0.0,1.0,7.0,0.1428571492433548,0.0,0.0,0.0,ashton pratt
Jaden Jones,PG,BVU,1.0,21.0,3.0,3.0,0.0,0.0,0.0,1.0,2.0,0.5,0.0,0.0,2.0,jaden jones
Jackson Jones,PG,BVU,1.0,13.0,3.0,0.0,0.0,0.0,0.0,1.0,4.0,0.25,0.0,0.0,1.0,jackson jones
Ned Hayes,PG,BVU,1.0,15.0,3.0,1.0,1.0,0.0,0.0,1.0,4.0,0.25,0.0,0.0,0.0,ned hayes
Kyle Sternberg,SF,BVU,1.0,20.0,3.0,3.0,3.0,0.0,0.0,1.0,5.0,0.20000000298023224,0.0,0.0,2.0,kyle sternberg
Zachary Marini,PG,BVU,1.0,3.0,3.0,0.0,0.0,0.0,0.0,1.0,1.0,1.0,0.0,0.0,1.0,zachary marini
Wesley Vana,SF,BVU,1.0,3.0,3.0,0.0,0.0,0.0,0.0,1.0,1.0,1.0,0.0,0.0,0.0,wesley vana
Camdyn Shoesmith,SF,WORC,2.0,11.5,3.0,5.5,0.5,0.0,0.0,0.0,2.5,0.6000000238418579,0.0,0.0,1.0,camdyn shoesmith
Ramone Bailey,SF,PUC,1.0,14.0,3.0,3.0,1.0,1.0,0.0,1.0,5.0,0.20000000298023224,0.0,0.0,2.0,ramone bailey
Hayden Cresswell,PG,PUC,1.0,17.0,3.0,1.0,0.0,2.0,0.0,1.0,4.0,0.25,0.0,0.0,0.0,hayden cresswell
Joshua Lee-Peeples,C,TCFL,1.0,15.0,3.0,0.0,0.0,0.0,0.0,0.0,2.0,0.5,2.0,0.5,2.0,joshua lee peeples
Avery Cunningham,PG,AFST,1.0,18.0,3.0,2.0,3.0,2.0,0.0,1.0,4.0,0.25,0.0,0.0,2.0,avery cunningham
Junior Hans,PG,CTNJ,1.0,16.0,3.0,1.0,0.0,0.0,0.0,0.0,3.0,0.0,4.0,0.75,2.0,junior hans
Noah Tenorio,PG,PSHZ,1.0,7.0,3.0,1.0,1.0,0.0,0.0,1.0,1.0,1.0,0.0,0.0,4.0,noah tenorio
Chase Smucker,PG,BBU,1.0,17.0,3.0,2.0,0.0,0.0,0.0,0.0,4.0,0.0,3.0,1.0,3.0,chase smucker
Max Schneider,PG,STJF,1.0,22.0,3.0,1.0,3.0,0.0,0.0,1.0,6.0,0.1666666716337204,0.0,0.0,2.0,max schneider
Giovanni Schillaci,PG,STJF,1.0,17.0,3.0,0.0,1.0,1.0,0.0,1.0,9.0,0.1111111119389534,0.0,0.0,0.0,giovanni schillaci
Charlie Anderson,PG,AQUI,1.0,4.0,3.0,1.0,1.0,0.0,0.0,1.0,2.0,0.5,0.0,0.0,0.0,charlie anderson
Zeke Oritz,PG,GLDT,1.0,16.0,3.0,2.0,1.0,2.0,0.0,1.0,8.0,0.125,0.0,0.0,2.0,zeke oritz
Alijah Townsel,PG,CRWN,1.0,6.0,3.0,2.0,0.0,0.0,0.0,1.0,1.0,1.0,0.0,0.0,1.0,alijah townsel
Alex Stein,PG,STN,2.0,20.0,3.0,1.0,1.0,0.0,0.0,0.5,4.5,0.2222222238779068,1.0,0.5,1.0,alex stein
TJ Mitchell,PG,PQC,1.0,21.0,3.0,0.0,0.0,0.0,0.0,0.0,3.0,0.3333333432674408,2.0,0.5,3.0,tj mitchell
Danny Murphy,SF,NYCA,1.0,10.0,3.0,3.0,0.0,1.0,0.0,1.0,2.0,0.5,0.0,0.0,1.0,danny murphy
Shaft Clark,SF,BLU,1.0,23.0,3.0,4.0,1.0,0.0,1.0,0.0,5.0,0.0,6.0,0.5,0.0,shaft clark
Christopher Stephens,PG,TOUG,2.0,14.0,3.0,1.5,0.5,0.5,0.0,0.0,1.5,1.0,0.0,0.0,0.0,christopher stephens
Charles Tierney,PG,BNIL,1.0,6.0,3.0,0.0,0.0,0.0,0.0,1.0,2.0,0.5,0.0,0.0,0.0,charles tierney
Santana Noel,SF,UMA,1.0,16.0,3.0,0.0,0.0,0.0,0.0,1.0,5.0,0.20000000298023224,0.0,0.0,1.0,santana noel
Gabe Downes,PG,SLC,1.0,8.0,3.0,0.0,0.0,1.0,0.0,0.0,2.0,0.5,1.0,1.0,1.0,gabe downes
Aiden Dunlap,SF,ELMS,2.0,9.0,3.0,0.5,0.0,0.0,0.0,0.0,2.0,0.75,0.0,0.0,1.0,aiden dunlap
Keion Elliott,PG,RUC,1.0,26.0,3.0,1.0,1.0,2.0,0.0,1.0,6.0,0.1666666716337204,0.0,0.0,2.0,keion elliott
Isaiah Waters,PG,RUC,1.0,12.0,3.0,2.0,2.0,1.0,0.0,0.0,4.0,0.25,2.0,0.5,1.0,isaiah waters
Porter Kretschman,SF,UOO,1.0,22.0,3.0,6.0,4.0,0.0,1.0,0.0,6.0,0.1666666716337204,2.0,0.5,3.0,porter kretschman
Skyler Venezia,SF,MBOS,1.0,11.0,3.0,1.0,0.0,0.0,0.0,1.0,2.0,0.5,0.0,0.0,1.0,skyler venezia
Patrick Coen,C,LOR,1.0,14.0,3.0,4.0,0.0,0.0,0.0,1.0,3.0,0.3333333432674408,0.0,0.0,1.0,patrick coen
Bryson Fenwick,PG,MISE,2.0,6.5,3.0,1.5,0.0,0.5,0.0,1.0,2.5,0.4000000059604645,0.0,0.0,0.5,bryson fenwick
Jesse Elrod,PG,MOBU,1.0,7.0,3.0,1.0,0.0,0.0,0.0,1.0,2.0,0.5,0.0,0.0,1.0,jesse elrod
Tobey Billups,PG,IUE,2.0,15.0,3.0,2.0,2.5,0.5,0.0,0.0,5.5,0.1818181872367859,1.0,1.0,3.0,tobey billups
Andrew Bloomfield,SF,AL,1.0,4.0,3.0,0.0,0.0,0.0,0.0,1.0,1.0,1.0,0.0,0.0,0.0,andrew bloomfield
Devin Carter,SF,FMU,1.0,11.0,3.0,1.0,0.0,1.0,0.0,0.0,5.0,0.0,4.0,0.75,2.0,devin carter
Micah Morgan,PG,FMU,1.0,24.0,3.0,2.0,2.0,0.0,0.0,0.0,3.0,0.3333333432674408,2.0,0.5,2.0,micah morgan
Mihailo Boškovic,SF,BYU,34.0,12.0,2.9705882,1.8529412,0.61764705,0.14705883,0.4117647,0.44117647,2.6176472,0.4157303273677826,0.44117647,0.800000011920929,0.61764705,mihailo boskovic
Christian Brown,SF,JMU,33.0,13.30303,2.969697,3.8484848,0.3939394,0.36363637,1.4848485,0.030303031,1.939394,0.5625,1.3333334,0.5681818127632141,0.93939394,christian brown
Jeremiah Evans,SF,UL,32.0,10.875,2.96875,1.96875,0.28125,0.34375,0.59375,0.0,2.09375,0.49253731966018677,1.28125,0.707317054271698,0.9375,jeremiah evans
Malek Robinson,PG,CHST,32.0,15.375,2.96875,1.5625,0.875,1.78125,0.03125,0.21875,2.4375,0.3205128312110901,1.6875,0.7037037014961243,0.78125,malek robinson
Jack Daugherty,SF,ILST,29.0,10.551724,2.9655173,1.4827586,0.1724138,0.20689656,0.03448276,0.79310346,3.6206896,0.2380952388048172,0.5862069,0.7647058963775635,0.1724138,jack daugherty
Jared Garcia,SF,NEB,28.0,8.321428,2.9642856,2.142857,0.32142857,0.17857143,0.5,0.35714287,2.8214285,0.3291139304637909,0.96428573,0.7777777910232544,0.71428573,jared garcia
Trent Noah,SF,UK,27.0,10.62963,2.9629629,2.2962964,0.4814815,0.44444445,0.11111111,0.6296296,2.2962964,0.35483869910240173,0.8518519,0.8260869383811951,0.2962963,trent noah
Cam Denson,SF,BALL,26.0,15.846154,2.9615386,2.5769231,0.7692308,0.6923077,0.84615386,0.15384616,2.6538463,0.37681159377098083,1.3846154,0.5833333134651184,1.1153846,cam denson
Pierre Geneste Jr.,C,CSUB,26.0,18.846153,2.9615386,6.9615383,0.30769232,0.46153846,1.3846154,0.0,2.0769231,0.6111111044883728,1.1538461,0.36666667461395264,0.84615386,pierre geneste jr
Antwan Wilson,PG,RID,26.0,12.076923,2.9615386,1.5,0.65384614,0.26923078,0.26923078,0.30769232,3.3846154,0.3068181872367859,0.7692308,0.75,0.61538464,antwan wilson
KaiMani Murdock,PG,LAF,25.0,10.56,2.96,1.6,0.4,0.24,0.2,0.84,2.96,0.3513513505458832,0.12,0.3333333432674408,0.32,kaimani murdock
Always Wright,PG,RGV,33.0,15.181818,2.939394,1.6363636,1.9090909,0.36363637,0.060606062,0.21212122,2.878788,0.4000000059604645,0.6969697,0.6086956262588501,1.2727273,always wright
Jai Chisolm,PG,CSUN,33.0,8.757576,2.939394,1.3636364,0.18181819,0.45454547,0.18181819,0.3939394,3.2121212,0.3679245412349701,0.3030303,0.6000000238418579,0.36363637,jai chisolm
Chike Ndefo,PG,TOW,32.0,12.59375,2.9375,2.9375,0.1875,0.40625,0.3125,0.03125,2.375,0.46052631735801697,1.53125,0.4693877696990967,0.65625,chike ndefo
Lefteris Liotopoulos,PG,SJU,30.0,7.733333,2.9333334,0.9,0.36666667,0.2,0.033333335,0.56666666,2.4333334,0.34246575832366943,0.9,0.7777777910232544,0.4,lefteris liotopoulos
Gabe Dynes,C,USC,30.0,11.866667,2.9333334,2.3333333,0.43333334,0.13333334,1.0333333,0.0,1.7333333,0.7884615659713745,0.56666666,0.3529411852359772,0.7,gabe dynes
Amari Reed,SF,UTA,30.0,10.533334,2.9333334,2.4,0.06666667,0.46666667,0.73333335,0.0,1.9,0.5964912176132202,1.2,0.5555555820465088,0.6666667,amari reed
Win Miller,PG,BEL,27.0,8.666667,2.925926,0.7407407,0.5925926,0.11111111,0.0,0.5555556,2.2592592,0.39344263076782227,0.6666667,0.8888888955116272,0.7407407,win miller
Aleks Szymczyk,C,CSUN,26.0,8.230769,2.9230769,2.8076923,0.23076923,0.115384616,0.03846154,0.07692308,2.0769231,0.5185185074806213,1.1923077,0.5806451439857483,0.42307693,aleks szymczyk
Oleg Kojenets,SF,STBK,32.0,10.40625,2.90625,3.03125,0.375,0.1875,0.625,0.0,2.625,0.3928571343421936,1.4375,0.5869565010070801,0.6875,oleg kojenets
Caedin Hamilton,SF,MARQ,32.0,12.90625,2.90625,2.875,0.625,0.4375,0.375,0.0,2.4375,0.42307692766189575,1.25,0.675000011920929,0.8125,caedin hamilton
Justin Abson,SF,UGA,31.0,11.387096,2.903226,3.6451614,0.41935483,0.32258064,1.6451613,0.0,1.6774193,0.6346153616905212,1.2258065,0.6315789222717285,0.516129,justin abson
Or Ashkenazi,SF,LIP,31.0,19.451612,2.903226,2.8064516,1.451613,0.7096774,0.09677419,0.41935483,2.387097,0.4189189076423645,0.6451613,0.75,0.5483871,or ashkenazi
Jabrion Spikes,PG,TNST,31.0,10.548388,2.903226,1.2903225,0.32258064,0.5483871,0.09677419,0.16129032,2.451613,0.5,0.41935483,0.692307710647583,0.5483871,jabrion spikes
Momo Nkugwa,PG,UVM,30.0,12.633333,2.9,2.2666667,0.6666667,0.46666667,0.26666668,0.26666668,2.3666666,0.49295774102211,0.6333333,0.4736842215061188,0.4,momo nkugwa
EJ Horton,PG,UNT,30.0,10.1,2.9,1.1666666,0.33333334,0.6333333,0.23333333,0.3,2.4666667,0.4324324429035187,0.76666665,0.6086956262588501,0.6666667,ej horton
Apostolos Roumoglou,SF,RICH,27.0,15.407408,2.8888888,3.2592592,1.1481482,0.5185185,0.4814815,0.5185185,3.1851852,0.3488371968269348,0.22222222,0.6666666865348816,0.37037036,apostolos roumoglou
Shawn Nelson,PG,NKU,27.0,11.407408,2.8888888,1.6666666,0.6296296,0.44444445,0.074074075,0.22222222,2.9629629,0.3499999940395355,1.1111112,0.5333333611488342,0.8148148,shawn nelson
Yanis Bamba,SF,ME,25.0,11.4,2.88,1.16,0.52,0.28,0.28,0.24,3.04,0.3552631437778473,0.8,0.6000000238418579,0.44,yanis bamba
Simon Majok,C,MEM,25.0,12.36,2.88,2.44,0.16,0.44,0.56,0.08,1.8,0.46666666865348816,1.56,0.7179487347602844,0.64,simon majok
Domas Kauzonas,SF,UNCG,33.0,9.969697,2.878788,1.5757576,0.3030303,0.121212125,0.21212122,0.0,2.2121212,0.5753424763679504,0.7878788,0.42307692766189575,0.72727275,domas kauzonas
Isaiah West,PG,BEL,32.0,16.8125,2.875,2.5625,1.75,0.875,0.15625,0.25,2.5,0.4124999940395355,0.8125,0.692307710647583,1.28125,isaiah west
Michael Sulaka,SF,WMU,24.0,11.041667,2.875,2.0416667,0.5833333,0.125,0.375,0.041666668,2.25,0.5185185074806213,0.7083333,0.7058823704719543,0.41666666,michael sulaka
Aidan Rubio,PG,EMU,31.0,9.903226,2.8709676,1.3548387,0.4516129,0.3548387,0.16129032,0.41935483,2.8387096,0.3863636255264282,0.41935483,0.6153846383094788,0.38709676,aidan rubio
Delyle Williams,PG,JKST,31.0,17.258064,2.8709676,2.3548386,1.2903225,0.8064516,0.22580644,0.3548387,3.1290324,0.27835050225257874,1.2903225,0.6000000238418579,1.1935484,delyle williams
Tyler Jones,PG,UCR,30.0,13.3,2.8666666,1.3333334,0.9,0.43333334,0.0,0.6666667,2.5,0.3466666638851166,0.6,0.7777777910232544,0.33333334,tyler jones
James Okonkwo,SF,UTAH,29.0,21.655172,2.862069,5.413793,0.7586207,0.4827586,0.9655172,0.0,2.137931,0.5161290168762207,1.0344827,0.6333333253860474,0.79310346,james okonkwo
Fabián Flores,C,DEP,28.0,10.5,2.857143,2.9285715,0.32142857,0.32142857,0.5,0.0,1.6785715,0.6808510422706604,0.89285713,0.6399999856948853,0.32142857,fabian flores
Shane Sands,SG,BTHS,7.0,19.428572,2.857143,0.85714287,0.42857143,0.5714286,0.42857143,0.85714287,5.0,0.20000000298023224,0.0,0.0,0.85714287,shane sands
Sam Alamutu,PG,WRST,34.0,11.911765,2.8529413,2.3823528,1.0882353,0.8235294,0.14705883,0.0882353,2.2941177,0.5,0.7352941,0.6399999856948853,0.88235295,sam alamutu
Marcus Overstreet,SF,SJSU,26.0,10.423077,2.8461537,3.1923077,0.34615386,0.30769232,0.26923078,0.0,2.2692308,0.5423728823661804,0.7307692,0.5263158082962036,0.46153846,marcus overstreet
Josh Hayes,SF,UTAH,32.0,13.21875,2.84375,2.0,0.28125,0.0625,0.96875,0.0,1.8125,0.6379310488700867,0.875,0.6071428656578064,0.4375,josh hayes
Jordan Butler,SF,SC,25.0,8.88,2.84,1.8,0.16,0.16,0.2,0.2,1.76,0.47727271914482117,1.24,0.774193525314331,0.2,jordan butler
Jorge Moreno,SF,SIU,25.0,10.84,2.84,3.0,0.48,0.24,0.36,0.0,1.8,0.644444465637207,1.24,0.4193548262119293,0.76,jorge moreno
Isaac Dye,PG,ACU,25.0,7.56,2.84,0.92,0.32,0.2,0.12,0.72,2.48,0.35483869910240173,0.48,0.75,0.28,isaac dye
Cheikh Sow,PG,IDST,31.0,17.032259,2.8387096,3.096774,0.3548387,0.8064516,0.3548387,0.06451613,2.387097,0.31081080436706543,1.6774193,0.7692307829856873,0.61290324,cheikh sow
Corey Sands,PG,CHST,30.0,17.433332,2.8333333,1.9,0.6,0.43333334,0.0,0.53333336,3.1333334,0.3085106313228607,0.5,0.7333333492279053,0.4,corey sands
Jackson Lawley,PG,CHCC,6.0,9.0,2.8333333,0.33333334,0.8333333,0.16666667,0.0,0.8333333,3.0,0.3333333432674408,0.0,0.0,0.8333333,jackson lawley
Tegra Izay,C,USM,35.0,11.057143,2.8285713,3.0857143,0.2857143,0.25714287,0.85714287,0.0,1.5142857,0.6037735939025879,1.6857142,0.5932203531265259,0.45714286,tegra izay
Sam Silverstein,PG,UIC,35.0,21.22857,2.8285713,4.457143,1.7714286,1.1428572,0.14285715,0.028571429,2.4285715,0.47058823704719543,1.0,0.5142857432365417,0.94285715,sam silverstein
Josh Jones,C,UND,29.0,17.896551,2.8275862,3.310345,1.0,0.51724136,0.4827586,0.0,2.3448277,0.47058823704719543,1.5172414,0.40909090638160706,1.0689656,josh jones
Matar Diop,SF,STET,31.0,12.774194,2.8064516,2.7741935,0.22580644,0.38709676,0.58064514,0.032258064,2.2580645,0.48571428656578064,1.3548387,0.4285714328289032,0.61290324,matar diop
Luke Bevilacqua,SF,LAF,25.0,9.12,2.8,1.6,0.52,0.2,0.28,0.0,1.64,0.5853658318519592,1.6,0.550000011920929,1.08,luke bevilacqua
Chad Milne,SF,CHCC,5.0,18.2,2.8,3.2,1.2,0.8,0.2,0.6,5.2,0.19230769574642181,0.4,0.5,1.6,chad milne
Emil Hernandez,PG,MATC,5.0,9.4,2.8,1.6,0.0,0.4,0.0,0.4,3.0,0.4000000059604645,0.0,0.0,0.2,emil hernandez
Cyril Obasogie,C,DSU,24.0,14.666667,2.7916667,3.9583333,0.25,0.29166666,0.5833333,0.0,2.875,0.43478259444236755,0.6666667,0.4375,0.5416667,cyril obasogie
Magnus Entenmann,SF,KENT,33.0,11.545455,2.7878788,2.4242425,0.4848485,0.3939394,0.3030303,0.21212122,1.8484849,0.44262295961380005,1.1212121,0.837837815284729,0.45454547,magnus entenmann
Drew King,PG,YSU,32.0,17.40625,2.78125,3.0625,2.90625,0.46875,0.03125,0.15625,1.75,0.4642857015132904,1.40625,0.7111111283302307,1.15625,drew king
Jaden Smith,C,JOES,36.0,9.055555,2.7777777,1.7777778,0.30555555,0.16666667,0.5,0.055555556,1.9444444,0.4571428596973419,1.3611112,0.6938775777816772,0.6944444,jaden smith
Jamaria Clark,PG,KC,27.0,11.777778,2.7777777,0.4814815,0.9259259,0.4074074,0.037037037,0.37037036,2.8888888,0.29487180709838867,0.7407407,0.949999988079071,0.5925926,jamaria clark
Nate Johnson,PG,DETM,26.0,10.307693,2.7692308,1.9230769,0.3846154,0.3846154,0.07692308,0.15384616,3.0384614,0.3164556920528412,1.1923077,0.5806451439857483,0.5,nate johnson
Devon Arlington,PG,YALE,30.0,14.1,2.7666667,1.9666667,1.5333333,0.53333336,0.16666667,0.46666667,2.7666667,0.33734938502311707,0.73333335,0.5909090638160706,1.1,devon arlington
Daniel Thomas,SF,UNCA,30.0,20.066668,2.7666667,4.9333334,0.43333334,0.5,0.46666667,0.0,2.3333333,0.4571428596973419,1.1666666,0.5428571701049805,0.8666667,daniel thomas
Cassius Brooks,PG,UTEP,30.0,13.766666,2.7666667,1.8,0.73333335,0.5,0.1,0.2,2.3666666,0.39436620473861694,0.8666667,0.807692289352417,0.6333333,cassius brooks
Anthony Andrews,SF,TXSO,25.0,13.56,2.76,1.8,0.76,0.16,0.28,0.24,2.72,0.3970588147640228,0.6,0.6000000238418579,0.64,anthony andrews
Nakyel Shelton,PG,LMU,28.0,8.75,2.75,0.9285714,0.39285713,0.17857143,0.14285715,0.35714287,1.9285715,0.46296295523643494,0.71428573,0.8500000238418579,0.42857143,nakyel shelton
Tay Knox,C,TXST,32.0,14.0625,2.75,2.59375,0.40625,0.40625,0.96875,0.0,1.84375,0.5593220591545105,1.28125,0.5365853905677795,0.78125,tay knox
Isaac Munkadi,SF,FAIR,34.0,9.294118,2.735294,2.6764705,0.0882353,0.20588236,0.7647059,0.029411765,1.8235294,0.5645161271095276,1.2647059,0.5116279125213623,0.3529412,isaac munkadi
Daniil Glazkov,PG,LUC,26.0,12.692307,2.7307692,1.9230769,0.53846157,0.1923077,0.0,0.5769231,2.2307692,0.3965517282485962,0.7692308,0.5,0.5,daniil glazkov
James Flippin,SF,AAMU,26.0,9.846154,2.7307692,1.9615384,0.6923077,0.23076923,0.3846154,0.15384616,2.9615386,0.350649356842041,0.96153843,0.5199999809265137,0.9230769,james flippin
Ryder Frost,SF,ND,26.0,6.1538463,2.7307692,0.7692308,0.23076923,0.03846154,0.0,0.7692308,2.1923077,0.4035087823867798,0.30769232,0.625,0.1923077,ryder frost
Jojo McIver,PG,CSU,33.0,12.363636,2.7272727,1.8484849,1.030303,0.3939394,0.030303031,0.18181819,2.1515152,0.4084506928920746,1.060606,0.7428571581840515,0.93939394,jojo mciver
Kody Williams,PG,HAMP,29.0,15.965517,2.724138,1.0344827,1.5862069,0.4827586,0.03448276,0.37931034,3.0344827,0.2954545319080353,0.7586207,0.7272727489471436,0.62068963,kody williams
Drew Fuquay,SF,MRSH,29.0,7.448276,2.724138,1.8275862,0.20689656,0.2413793,0.3448276,0.1724138,1.6896552,0.5918367505073547,0.7586207,0.7272727489471436,0.27586207,drew fuquay
Tsvet Sotirov,SF,GASO,35.0,11.285714,2.7142856,1.6,0.37142858,0.25714287,0.14285715,0.5714286,2.857143,0.33000001311302185,0.42857143,0.6000000238418579,0.2857143,tsvet sotirov
Ma'Shy Hill,SF,ACU,33.0,10.030303,2.6969697,1.5454545,0.18181819,0.09090909,0.36363637,0.0,1.9090909,0.6190476417541504,0.8484849,0.3928571343421936,0.7878788,ma shy hill
Pearse McGuinn,SF,STO,25.0,9.32,2.68,1.6,0.28,0.0,0.16,0.16,2.36,0.4067796468734741,0.76,0.7894737124443054,0.6,pearse mcguinn
Irish Coquia,PG,NOLA,25.0,9.56,2.68,0.68,1.2,0.32,0.0,0.56,2.44,0.3442623019218445,0.52,0.8461538553237915,0.76,irish coquia
Evan Anderson,PG,SDAK,28.0,14.964286,2.6785715,1.9642857,0.64285713,0.35714287,0.035714287,0.2857143,1.8214285,0.5098039507865906,0.71428573,0.75,0.64285713,evan anderson
Jaylen Robinson,SF,RICH,31.0,10.290322,2.6774194,1.483871,0.9354839,0.38709676,0.2580645,0.032258064,1.8064516,0.6071428656578064,1.2580645,0.3589743673801422,0.48387095,jaylen robinson
Alliou Fall,SF,IONA,31.0,18.806452,2.6774194,4.096774,1.0967742,0.58064514,1.1612903,0.0,2.6451614,0.4390243887901306,0.7096774,0.5,1.2580645,alliou fall
Devin Faulkner,SF,OAKW,3.0,15.0,2.6666667,1.3333334,0.6666667,0.33333334,0.0,0.6666667,2.6666667,0.375,0.0,0.0,1.0,devin faulkner
Will Shaver,C,SAM,30.0,9.666667,2.6666667,2.6333334,0.8,0.23333333,0.56666666,0.13333334,2.1,0.4761904776096344,0.9,0.5925925970077515,1.1333333,will shaver
Trevor Vermillion,C,WCBC,3.0,21.333334,2.6666667,3.3333333,0.0,0.6666667,0.6666667,0.0,3.3333333,0.4000000059604645,0.6666667,0.0,1.0,trevor vermillion
Amire Robinson,PG,NEV,36.0,9.416667,2.6666667,1.0833334,0.3888889,0.22222222,0.055555556,0.44444445,2.0833333,0.4533333480358124,0.4722222,0.7058823704719543,0.19444445,amire robinson
Darone Frierson,SF,VTSJ,3.0,29.0,2.6666667,2.3333333,0.33333334,0.0,0.33333334,0.6666667,4.6666665,0.2142857164144516,0.0,0.0,0.6666667,darone frierson
Kavien Jones,SF,TNST,30.0,10.533334,2.6666667,2.3666666,0.16666667,0.2,0.13333334,0.06666667,2.1,0.5873016119003296,0.3,0.4444444477558136,0.23333333,kavien jones
Amare Slaughter,PG,CLRY,3.0,14.666667,2.6666667,2.0,0.6666667,1.3333334,0.0,0.0,5.0,0.20000000298023224,1.6666666,0.4000000059604645,2.3333333,amare slaughter
Tyler Gray,PG,LSIU,3.0,2.6666667,2.6666667,0.0,0.0,0.0,0.33333334,0.6666667,2.0,0.5,0.0,0.0,0.0,tyler gray
Jamarras McCray,SF,SWES,3.0,15.0,2.6666667,2.0,0.6666667,0.6666667,0.6666667,0.33333334,2.3333333,0.2857142984867096,1.0,1.0,1.3333334,jamarras mccray
Cahmai Crosby,PG,UNT,33.0,9.393939,2.6666667,0.969697,0.3030303,0.15151516,0.0,0.75757575,2.5757575,0.34117648005485535,0.24242425,0.625,0.21212122,cahmai crosby
Wai'apo Louis,PG,CU,3.0,10.0,2.6666667,0.33333334,0.33333334,0.33333334,0.0,0.33333334,1.6666666,0.4000000059604645,1.0,1.0,0.6666667,wai apo louis
Nolan Segner,SF,DKSU,3.0,10.333333,2.6666667,1.0,1.0,0.0,0.0,0.0,3.3333333,0.4000000059604645,0.6666667,0.0,0.0,nolan segner
Nyzhir Brown,SF,JUS,3.0,17.333334,2.6666667,0.33333334,1.3333334,0.0,0.0,0.6666667,4.6666665,0.2142857164144516,0.0,0.0,1.6666666,nyzhir brown
Brandon Choy,PG,SWA,3.0,12.0,2.6666667,1.3333334,0.0,0.0,0.0,0.33333334,2.6666667,0.375,0.6666667,0.5,1.3333334,brandon choy
Ethan Harrell,PG,SWA,3.0,8.666667,2.6666667,0.33333334,0.33333334,0.33333334,0.0,0.6666667,1.6666666,0.6000000238418579,0.0,0.0,0.0,ethan harrell
JaQualon Roberts,SF,DAV,32.0,11.84375,2.65625,2.40625,0.40625,0.625,0.375,0.03125,2.0625,0.4545454680919647,1.21875,0.6153846383094788,0.625,jaqualon roberts
Chad Moodie,SF,APP,32.0,12.6875,2.65625,2.6875,0.125,0.1875,0.59375,0.0,1.8125,0.5862069129943848,1.28125,0.4146341383457184,0.4375,chad moodie
Wilhelm Breidenbach,SF,GCU,29.0,12.5172415,2.6551723,2.3448277,0.7241379,0.44827586,0.1724138,0.13793103,2.1724138,0.380952388048172,1.0689656,0.8064516186714172,0.62068963,wilhelm breidenbach
Kai Yu,C,BRAD,29.0,8.275862,2.6551723,1.9310344,0.3448276,0.20689656,0.06896552,0.1724138,2.0689654,0.46666666865348816,0.79310346,0.695652186870575,0.41379312,kai yu
Jamari Phillips,PG,ORE,26.0,11.269231,2.6538463,0.88461536,0.53846157,0.115384616,0.03846154,0.6923077,2.8076923,0.31506848335266113,0.23076923,0.8333333134651184,0.53846157,jamari phillips
Corey Chest,SF,MISS,34.0,13.029411,2.6470587,3.7941177,0.64705884,0.47058824,0.7352941,0.029411765,1.882353,0.59375,0.7941176,0.48148149251937866,0.5294118,corey chest
Brandon Williams,PG,UCLA,34.0,12.1470585,2.6470587,1.882353,0.32352942,0.4117647,0.23529412,0.1764706,2.264706,0.41558441519737244,0.9117647,0.6451612710952759,0.23529412,brandon williams
RJ Keene II,PG,BOIS,31.0,22.193548,2.6451614,4.580645,1.9032258,0.6451613,0.3548387,0.61290324,2.548387,0.37974682450294495,0.19354838,0.5,0.516129,rj keene ii
Dennis Evans,C,GCU,25.0,8.44,2.64,1.88,0.04,0.16,1.2,0.0,1.44,0.6666666865348816,0.96,0.75,0.4,dennis evans
Isaiah Brown,PG,HOW,33.0,10.333333,2.6363637,1.0909091,1.4242424,0.33333334,0.0,0.21212122,1.8787879,0.35483869910240173,1.4242424,0.7659574747085571,1.030303,isaiah brown
Rick Issanza,C,LMU,30.0,16.233334,2.6333334,3.3666666,0.26666668,0.33333334,1.4333333,0.0,1.7,0.6666666865348816,1.0666667,0.34375,0.6333333,rick issanza
Chase Martin,PG,ORU,30.0,19.1,2.6333334,3.4,1.6,0.53333336,0.26666668,0.13333334,2.1,0.4444444477558136,1.1333333,0.5588235259056091,1.0,chase martin
Ivan Njegovan,C,OSU,30.0,11.433333,2.6333334,3.0,0.6666667,0.13333334,0.4,0.06666667,1.7,0.5686274766921997,0.96666664,0.6551724076271057,0.6,ivan njegovan
Kerem Konan,SF,CREI,30.0,8.433333,2.6333334,1.8333334,0.36666667,0.23333333,0.3,0.0,1.6666666,0.6000000238418579,0.96666664,0.6551724076271057,0.56666666,kerem konan
Vangelis Zougris,SF,LOU,27.0,9.074074,2.6296296,2.4444444,0.6296296,0.33333334,0.18518518,0.0,1.8148148,0.5714285969734192,0.8518519,0.6521739363670349,0.7777778,vangelis zougris
Braeden MacVicar,SF,CCU,24.0,7.2083335,2.625,2.0,0.125,0.041666668,0.20833333,0.6666667,2.5,0.30000001192092896,0.6666667,0.6875,0.33333334,braeden macvicar
John Clemmons,PG,DSU,24.0,6.7083335,2.625,1.1666666,0.041666668,0.16666667,0.0,0.20833333,2.4166667,0.2586206793785095,1.5,0.7777777910232544,0.45833334,john clemmons
Kabeya Tshibangu,C,NIA,24.0,11.166667,2.625,1.7916666,0.45833334,0.20833333,0.45833334,0.0,1.7916666,0.6976743936538696,0.45833334,0.27272728085517883,0.29166666,kabeya tshibangu
Zach Halligan,PG,AKR,34.0,11.5,2.6176472,2.2058823,0.7058824,0.47058824,0.029411765,0.2647059,1.9705882,0.447761207818985,0.7352941,0.800000011920929,0.2647059,zach halligan
Drew Carter,PG,ORE,26.0,14.307693,2.6153846,1.1153846,0.8076923,0.3846154,0.0,0.61538464,2.2307692,0.3965517282485962,0.26923078,0.8571428656578064,0.8076923,drew carter
Luke Davis,SF,ECU,26.0,11.423077,2.6153846,3.1153846,0.46153846,0.23076923,0.23076923,0.03846154,2.0384614,0.49056604504585266,0.7307692,0.7894737124443054,0.46153846,luke davis
Eli Greenberg,PG,LEM,31.0,14.032258,2.612903,1.2258065,1.5806452,0.516129,0.06451613,0.41935483,2.419355,0.3333333432674408,0.7419355,0.782608687877655,1.0645162,eli greenberg
Evans Kipruto,C,UCSB,28.0,8.964286,2.607143,2.0357144,0.21428572,0.4642857,0.60714287,0.0,1.4642857,0.6585366129875183,1.0357143,0.6551724076271057,0.71428573,evans kipruto
RJ Taylor,PG,UNI,30.0,10.966666,2.6,0.96666664,1.1333333,0.43333334,0.0,0.4,2.2333333,0.46268656849861145,0.13333334,1.0,0.33333334,rj taylor
Sader Servilus,PG,VAL,25.0,10.6,2.6,2.6,0.68,0.56,0.16,0.24,1.88,0.42553192377090454,1.32,0.5757575631141663,0.48,sader servilus
Spence Wewe,SF,QUIN,32.0,16.5,2.59375,5.21875,0.375,0.28125,1.03125,0.0,2.25,0.5277777910232544,0.65625,0.3333333432674408,0.6875,spence wewe
Antonio Dorn,C,VT,24.0,8.5,2.5833333,1.8333334,0.41666666,0.083333336,0.20833333,0.0,1.75,0.6428571343421936,0.6666667,0.5,0.5,antonio dorn
Mason Blackwood,SF,PSU,26.0,12.269231,2.5769231,1.7692307,0.23076923,0.1923077,0.03846154,0.23076923,2.1153846,0.4909090995788574,0.34615386,0.7777777910232544,0.30769232,mason blackwood
Jalen Harper,PG,URI,26.0,11.653846,2.5769231,1.8461539,0.30769232,0.07692308,0.15384616,0.3846154,2.3846154,0.30645161867141724,1.0769231,0.6785714030265808,0.5,jalen harper
CJ Larry,PG,NWST,25.0,18.16,2.56,1.44,1.48,0.56,0.08,0.28,2.6,0.32307693362236023,1.12,0.5357142686843872,1.4,cj larry
Judah Pickens,PG,CBS,9.0,18.88889,2.5555556,1.7777778,1.4444444,1.2222222,0.33333334,0.22222222,3.3333333,0.2666666805744171,0.7777778,0.7142857313156128,3.0,judah pickens
Dante Oliver,PG,UNF,31.0,12.741936,2.548387,1.3548387,0.41935483,0.29032257,0.032258064,0.4516129,2.0,0.4032258093357086,0.8064516,0.6000000238418579,0.22580644,dante oliver
Khoi Thurmon,PG,OAK,32.0,11.8125,2.53125,0.8125,1.34375,0.6875,0.0625,0.09375,2.75,0.34090909361839294,0.875,0.6428571343421936,0.875,khoi thurmon
Tyler Lee,PG,CARK,34.0,9.294118,2.5294118,1.5294118,0.44117647,0.38235295,0.05882353,0.38235295,1.9705882,0.447761207818985,0.5882353,0.6499999761581421,0.3529412,tyler lee
DaMaryon Fishburn,PG,COR,21.0,8.619047,2.5238094,2.047619,1.4761904,0.47619048,0.0,0.33333334,1.2857143,0.7037037014961243,0.6666667,0.5714285969734192,0.71428573,damaryon fishburn
Przemek Hartman,SF,ULM,25.0,9.24,2.52,1.24,0.24,0.08,0.2,0.16,2.4,0.4333333373069763,0.72,0.3888888955116272,0.64,przemek hartman
Derwin Hodge Jr.,SF,SCST,27.0,18.222221,2.5185184,3.1851852,1.1111112,0.44444445,1.0,0.0,2.4444444,0.43939393758773804,0.962963,0.38461539149284363,1.4074074,derwin hodge jr
Nate Guerengomba,PG,QUIN,29.0,14.103448,2.5172415,1.6896552,0.6896552,0.44827586,0.1724138,0.10344828,2.5517242,0.3513513505458832,1.0344827,0.6000000238418579,0.55172414,nate guerengomba
Achille Lonati,PG,SBU,29.0,8.103448,2.5172415,0.79310346,0.6551724,0.41379312,0.10344828,0.44827586,2.413793,0.37142857909202576,0.44827586,0.6153846383094788,0.3448276,achille lonati
Tyrone Iroghama,PG,MVSU,29.0,11.724138,2.5172415,2.1724138,0.2413793,0.2413793,0.27586207,0.0,1.9655173,0.4912280738353729,1.5172414,0.3863636255264282,1.0,tyrone iroghama
Blaise Keita,SF,WKU,31.0,12.935484,2.516129,3.8387096,0.3548387,0.5483871,0.19354838,0.0,1.7419355,0.5,1.1935484,0.6486486196517944,0.4516129,blaise keita
Ethan Burg,PG,TENN,31.0,10.741936,2.516129,0.87096775,1.1290323,0.2580645,0.032258064,0.48387095,1.967742,0.44262295961380005,0.3548387,0.8181818127632141,0.7096774,ethan burg
Joel Ewald,PG,ERKA,2.0,4.0,2.5,0.0,0.0,0.0,0.0,0.5,1.0,0.5,1.0,1.0,0.0,joel ewald
Joshua Vogt,PG,RGNT,2.0,14.0,2.5,0.5,1.5,0.0,0.0,0.5,6.0,0.1666666716337204,1.0,0.0,2.5,joshua vogt
Jackson Sousa,PG,RHDT,2.0,17.0,2.5,0.0,0.0,1.5,0.0,0.5,3.0,0.3333333432674408,0.0,0.0,2.0,jackson sousa
Jimmy House,PG,COCU,2.0,10.5,2.5,0.0,0.0,0.5,0.0,0.5,3.5,0.2857142984867096,0.0,0.0,0.0,jimmy house
Ezra Guest,PG,COCU,2.0,22.5,2.5,1.0,2.0,1.5,0.0,0.5,2.0,0.5,0.0,0.0,0.0,ezra guest
Blake Logsdon,PG,ERKA,2.0,10.0,2.5,0.0,0.0,0.0,0.0,0.5,2.5,0.4000000059604645,0.0,0.0,0.5,blake logsdon
Jackson Dawson,SF,NCF,2.0,14.5,2.5,2.0,0.5,0.0,0.5,0.5,3.0,0.3333333432674408,0.0,0.0,0.5,jackson dawson
Chris Jarrett,PG,TXLU,2.0,11.0,2.5,2.0,1.0,0.0,0.0,0.5,3.5,0.2857142984867096,0.0,0.0,1.5,chris jarrett
Cal Drake,SF,BRYN,4.0,16.75,2.5,2.5,0.75,0.25,0.75,0.0,2.5,0.30000001192092896,1.75,0.5714285969734192,1.25,cal drake
Elliot Lowndes,SF,SEMO,32.0,7.125,2.5,1.3125,0.1875,0.3125,0.46875,0.375,2.03125,0.4923076927661896,0.25,0.5,0.25,elliot lowndes
Anthony Gooden,PG,GCTU,2.0,5.0,2.5,0.5,0.5,0.5,0.0,0.5,1.0,0.5,2.5,0.4000000059604645,0.5,anthony gooden
Thomas Menegus,SF,GCTU,2.0,8.5,2.5,2.0,0.0,0.0,0.5,0.0,2.5,0.4000000059604645,1.0,0.5,0.0,thomas menegus
Nolan Waldon,PG,WCMD,2.0,15.0,2.5,1.0,0.5,0.5,0.0,0.0,3.5,0.2857142984867096,1.0,0.5,1.0,nolan waldon
Carter Eddy,PG,HWPU,2.0,4.5,2.5,0.0,0.0,0.0,0.0,0.5,2.0,0.5,0.0,0.0,1.0,carter eddy
Jacob Gonzalez,PG,ERKA,2.0,12.5,2.5,1.0,2.0,0.0,0.0,0.0,2.5,0.20000000298023224,2.0,0.75,0.5,jacob gonzalez
Kabryen Tinson,PG,BRES,2.0,17.0,2.5,0.5,1.5,0.0,0.0,0.5,2.5,0.4000000059604645,0.0,0.0,2.0,kabryen tinson
Malachi Hale,SF,TUSC,2.0,13.5,2.5,1.0,0.0,0.5,0.0,0.5,4.0,0.25,0.5,0.0,1.5,malachi hale
Jonah El-Farra,SF,WUUT,2.0,15.0,2.5,2.0,0.5,1.0,0.0,0.0,2.5,0.4000000059604645,1.0,0.5,2.5,jonah el farra
Josh Pelzer,PG,MISE,2.0,6.0,2.5,0.0,0.5,0.0,0.0,0.5,2.0,0.5,0.0,0.0,0.5,josh pelzer
Jude Ballstaedt,SG,SOVA,2.0,10.5,2.5,3.0,0.5,0.5,0.0,0.5,3.5,0.2857142984867096,0.5,0.0,2.0,jude ballstaedt
Preston Saia,SF,KCU,4.0,20.5,2.5,2.0,0.75,1.25,0.0,0.75,4.5,0.1666666716337204,0.5,0.5,1.25,preston saia
Zyon Heath,PG,LGC,2.0,7.0,2.5,2.0,0.0,1.0,0.0,0.0,2.5,0.20000000298023224,2.0,0.75,1.0,zyon heath
Dylan Hooter,SF,JWU,2.0,16.5,2.5,3.5,1.0,0.0,0.0,0.5,4.0,0.25,0.0,0.0,2.0,dylan hooter
Xzavier Brown,SF,TASA,2.0,26.0,2.5,3.5,3.5,2.0,0.0,0.0,3.5,0.2857142984867096,0.5,1.0,4.0,xzavier brown
Gabriel Til,PG,TASA,2.0,13.0,2.5,0.5,0.0,0.5,1.0,0.0,2.0,0.25,2.0,0.75,1.0,gabriel til
Luke Allison,SF,EOU,2.0,7.0,2.5,1.0,0.0,0.0,0.0,0.0,3.0,0.3333333432674408,1.5,0.3333333432674408,0.0,luke allison
Lance Porter,PG,WAU,2.0,15.0,2.5,2.0,1.5,0.0,0.0,0.0,2.5,0.4000000059604645,1.5,0.3333333432674408,1.5,lance porter
David Estes,C,WHTR,2.0,9.0,2.5,2.0,0.5,0.0,0.0,0.5,2.5,0.4000000059604645,0.0,0.0,1.0,david estes
Obrad Kuzmanovic,SF,IIT,2.0,26.5,2.5,2.0,0.0,1.0,0.0,0.0,5.0,0.20000000298023224,1.0,0.5,0.5,obrad kuzmanovic
Dominic Crapia,PG,DMIL,2.0,20.5,2.5,2.5,1.0,0.0,0.0,0.5,6.0,0.1666666716337204,0.0,0.0,1.0,dominic crapia
Joseph Jones,PG,DMIL,2.0,12.0,2.5,1.0,0.5,0.0,0.5,0.5,2.0,0.5,0.0,0.0,1.0,joseph jones
Evan Herrera,PG,DALL,2.0,13.0,2.5,1.5,0.5,0.5,0.0,0.5,3.0,0.3333333432674408,0.0,0.0,1.0,evan herrera
Hadrian Reitsma,SF,DALL,2.0,10.0,2.5,2.0,0.0,0.0,0.0,0.5,5.0,0.20000000298023224,0.0,0.0,0.5,hadrian reitsma
David Carr Jr.,PG,WCMD,2.0,12.0,2.5,1.0,1.5,2.5,0.0,0.5,2.5,0.20000000298023224,1.5,0.6666666865348816,1.0,david carr jr
Desmond Every,PG,LPU,2.0,9.5,2.5,2.0,0.0,0.0,0.0,0.5,3.0,0.3333333432674408,0.0,0.0,0.5,desmond every
Kiyron Powell-Scott,C,CNSU,2.0,16.5,2.5,3.0,1.0,0.0,1.5,0.0,3.0,0.3333333432674408,0.5,1.0,3.0,kiyron powell scott
Rashad Stevenson,PG,WILC,2.0,5.0,2.5,0.0,0.0,1.0,0.0,0.0,1.0,1.0,1.0,0.5,0.0,rashad stevenson
Darcy Minega,SF,RGNT,2.0,17.5,2.5,4.0,0.5,0.0,0.5,0.5,6.5,0.1538461595773697,0.0,0.0,2.5,darcy minega
Joshua Hanna,SF,RGNT,2.0,21.5,2.5,3.5,2.5,0.5,0.5,0.5,4.0,0.25,0.0,0.0,1.0,joshua hanna
Hobson Herlihy,PG,SNYO,2.0,5.0,2.5,0.5,0.5,0.5,0.0,0.5,3.0,0.3333333432674408,0.0,0.0,0.0,hobson herlihy
Felix Greif,SF,TASA,2.0,18.5,2.5,2.0,0.5,0.5,0.5,0.0,4.5,0.2222222238779068,2.0,0.25,1.0,felix greif
Paul Stegmann,SF,TASA,2.0,8.0,2.5,2.0,1.0,0.5,0.0,0.5,2.5,0.20000000298023224,1.5,0.6666666865348816,1.0,paul stegmann
Kobey Jones,SG,FISK,4.0,8.0,2.5,1.75,0.75,0.0,0.25,0.0,4.0,0.1875,1.0,1.0,1.25,kobey jones
Jamison McKenzie,PG,CCSC,2.0,14.0,2.5,3.0,1.0,0.0,0.5,0.5,4.0,0.25,0.5,0.0,2.0,jamison mckenzie
Kyle Pemberton,SF,BREW,2.0,8.5,2.5,0.0,0.0,0.0,1.0,0.5,3.0,0.3333333432674408,0.0,0.0,0.0,kyle pemberton
Jerry Abushanab,PG,STX,2.0,22.0,2.5,0.5,1.5,0.5,0.5,0.0,4.5,0.2222222238779068,0.5,1.0,2.5,jerry abushanab
Jakov Kusanovic,SF,TWU,2.0,3.5,2.5,1.0,0.0,0.0,0.0,0.5,1.0,1.0,0.0,0.0,0.0,jakov kusanovic
Blair Crumbie,PG,AVER,2.0,15.0,2.5,1.0,0.5,0.5,0.0,0.5,3.5,0.2857142984867096,0.5,0.0,1.5,blair crumbie
Najhe Speed,PG,CSJ,2.0,4.0,2.5,0.5,0.0,0.0,0.0,0.0,0.5,0.0,3.0,0.8333333134651184,0.5,najhe speed
Chaske Jacobs,PG,HSKL,2.0,20.5,2.5,3.0,1.0,1.5,0.0,0.5,4.5,0.2222222238779068,0.0,0.0,0.5,chaske jacobs
Jayden Bush,SF,HWPU,2.0,9.0,2.5,1.5,0.5,0.0,0.5,0.0,3.0,0.3333333432674408,1.0,0.5,0.5,jayden bush
Will Jefferson,SF,HWPU,2.0,12.0,2.5,0.5,0.0,0.5,0.0,0.5,1.5,0.3333333432674408,1.5,0.6666666865348816,4.0,will jefferson
Jackson Williams,SG,OWU,2.0,7.5,2.5,0.5,0.0,0.0,0.0,0.5,1.5,0.3333333432674408,1.5,0.6666666865348816,1.5,jackson williams
Jameer Ajibade,PG,IUE,2.0,8.5,2.5,1.0,0.0,0.0,0.0,0.5,1.5,0.6666666865348816,0.0,0.0,0.0,jameer ajibade
Obomate Abbey,PG,UTAH,31.0,15.290322,2.483871,1.5806452,2.1935484,0.38709676,0.0,0.2580645,2.967742,0.28260868787765503,0.67741936,0.8095238208770752,1.1290323,obomate abbey
Jack Reddick,PG,FGCU,32.0,10.84375,2.46875,1.65625,1.25,0.34375,0.0625,0.34375,2.4375,0.3589743673801422,0.59375,0.6315789222717285,0.625,jack reddick
Ryan Crotty,PG,OKST,28.0,10.0,2.4642856,1.5,0.5,0.071428575,0.035714287,0.5714286,2.25,0.30158731341362,0.71428573,0.75,0.21428572,ryan crotty
Teon Tindal,C,SCST,26.0,9.384615,2.4615386,1.5769231,0.26923078,0.26923078,0.34615386,0.0,1.8461539,0.5208333134651184,1.1538461,0.46666666865348816,0.7307692,teon tindal
Ryan Cornish,PG,USC,25.0,10.92,2.44,0.72,0.8,0.16,0.16,0.44,1.96,0.36734694242477417,0.6,0.9333333373069763,0.44,ryan cornish
Brewer Carruth,PG,USM,30.0,11.066667,2.4333334,1.2333333,0.26666668,0.36666667,0.0,0.26666668,2.3666666,0.35211268067359924,0.56666666,0.8823529481887817,0.36666667,brewer carruth
Dezmon Briscoe,SF,KENT,30.0,8.6,2.4333334,2.1333334,0.33333334,0.16666667,0.7,0.0,1.7,0.5490196347236633,1.0,0.5666666626930237,0.53333336,dezmon briscoe
Yanis Ndjonga,SF,MCN,28.0,10.428572,2.4285715,3.392857,0.10714286,0.42857143,0.10714286,0.071428575,1.5714285,0.6363636255264282,0.42857143,0.8333333134651184,0.2857143,yanis ndjonga
Jesse McCulloch,SF,MSU,28.0,7.357143,2.4285715,1.2857143,0.21428572,0.10714286,0.4642857,0.32142857,1.7142857,0.4791666567325592,0.5,0.9285714030265808,0.32142857,jesse mcculloch
Elijah Mitchell,PG,PV,28.0,12.071428,2.4285715,1.4285715,0.5714286,0.21428572,0.17857143,0.2857143,1.6428572,0.3695652186870575,1.0714285,0.8666666746139526,0.10714286,elijah mitchell
Hayden Assemian,SF,SC,24.0,9.833333,2.4166667,2.4583333,0.29166666,0.16666667,0.41666666,0.0,1.5,0.6944444179534912,0.5833333,0.5714285969734192,0.5,hayden assemian
Kalifa Sakho,SF,HOU,34.0,12.8529415,2.4117646,2.6176472,0.0882353,0.20588236,0.5882353,0.0,1.1764706,0.824999988079071,0.7941176,0.5925925970077515,0.4117647,kalifa sakho
Will Ashford,PG,CMU,27.0,11.481482,2.4074075,1.3333334,0.6666667,0.25925925,0.11111111,0.22222222,2.2962964,0.3870967626571655,0.6296296,0.6470588445663452,0.8148148,will ashford
Luka Damjanac,SF,MASS,30.0,10.233334,2.4,2.5333333,0.6666667,0.16666667,0.16666667,0.1,1.6333333,0.5918367505073547,0.56666666,0.6470588445663452,0.53333336,luka damjanac
Adrian Hernandez,PG,LNCA,5.0,15.8,2.4,0.8,0.6,0.8,0.0,0.8,4.0,0.20000000298023224,0.0,0.0,1.0,adrian hernandez
Cole McCabe,SF,RID,28.0,12.642858,2.392857,2.0357144,0.39285713,0.32142857,0.42857143,0.17857143,2.607143,0.31506848335266113,0.71428573,0.800000011920929,0.5,cole mccabe
Reece Hagy,SF,IUIN,31.0,11.032258,2.387097,2.096774,0.7419355,0.38709676,0.22580644,0.22580644,2.096774,0.4153846204280853,0.7419355,0.5652173757553101,0.2580645,reece hagy
Connor Dick,PG,MONT,26.0,9.192307,2.3846154,1.6153846,0.30769232,0.3846154,0.26923078,0.15384616,1.6153846,0.4047619104385376,1.1923077,0.774193525314331,0.53846157,connor dick
Elijah Parker,PG,CCSU,29.0,14.620689,2.3793104,2.0344827,1.0689656,0.6896552,0.20689656,0.2413793,2.310345,0.4029850661754608,0.6551724,0.42105263471603394,0.79310346,elijah parker
Samuel Ariyibi,SF,UTU,32.0,9.90625,2.375,1.78125,0.53125,0.5625,0.25,0.03125,1.9375,0.4193548262119293,1.0625,0.6764705777168274,0.78125,samuel ariyibi
Demarion Watson,PG,UNT,32.0,14.03125,2.375,2.34375,0.5625,0.75,0.75,0.34375,2.125,0.3235294222831726,0.9375,0.699999988079071,0.59375,demarion watson
Rory Hawke,PG,SMC,32.0,10.59375,2.375,1.1875,0.34375,0.21875,0.03125,0.125,1.65625,0.5094339847564697,0.71875,0.782608687877655,0.53125,rory hawke
Brian Amuneke,PG,WICH,36.0,7.8055553,2.3611112,0.7222222,0.33333334,0.30555555,0.083333336,0.5277778,2.4444444,0.3295454680919647,0.44444445,0.5,0.22222222,brian amuneke
Shay Johnson Jr.,SF,LBSU,31.0,15.903226,2.3548386,1.9032258,0.7096774,0.3548387,0.7096774,0.0,1.548387,0.7083333134651184,0.38709676,0.4166666567325592,0.6451613,shay johnson jr
Eli Wilborn,SF,JMU,31.0,8.451612,2.3548386,2.8709676,0.2580645,0.16129032,0.58064514,0.0,1.7419355,0.6296296119689941,0.6451613,0.25,0.67741936,eli wilborn
Akiva McBirney-Griffin,SF,UCI,34.0,9.823529,2.3529413,2.1470587,0.44117647,0.3529412,0.32352942,0.0,1.9411764,0.40909090638160706,1.2058823,0.6341463327407837,0.7941176,akiva mcbirney griffin
Jacob Hammond,SF,PRIN,23.0,7.0869565,2.347826,1.173913,0.2173913,0.08695652,0.13043478,0.04347826,2.2173913,0.3921568691730499,0.7826087,0.7222222089767456,0.5217391,jacob hammond
Lewis Rowe,C,UIW,26.0,14.807693,2.3461537,2.4230769,1.0384616,0.3846154,0.23076923,0.0,2.4230769,0.460317462682724,0.34615386,0.3333333432674408,0.3846154,lewis rowe
Anthony Robinson,SF,XAV,26.0,10.0,2.3461537,2.4230769,0.30769232,0.34615386,0.53846157,0.0,1.3461539,0.5428571701049805,2.0384614,0.43396225571632385,0.61538464,anthony robinson
Jared Lary,PG,DETM,26.0,9.730769,2.3461537,1.7692307,0.6923077,0.1923077,0.15384616,0.23076923,2.6923077,0.3142857253551483,0.5769231,0.7333333492279053,0.7692308,jared lary
Max Jusianiec,PG,CAN,26.0,11.269231,2.3461537,1.2307693,1.0384616,0.23076923,0.115384616,0.3846154,2.0384614,0.3962264060974121,0.42307693,0.8181818127632141,0.30769232,max jusianiec
Ramon Walker Jr.,PG,HOU,29.0,10.75862,2.3448277,1.8965517,0.51724136,0.1724138,0.06896552,0.31034482,2.0,0.3448275923728943,0.86206895,0.7599999904632568,0.27586207,ramon walker jr
Percy Daniels,C,TULN,32.0,16.46875,2.34375,2.21875,0.71875,0.375,1.5,0.0,1.34375,0.6279069781303406,0.90625,0.7241379022598267,0.46875,percy daniels
Conner Barfield,PG,BOBJ,3.0,12.333333,2.3333333,0.6666667,1.3333334,0.0,0.0,0.33333334,3.0,0.2222222238779068,0.6666667,1.0,1.3333334,conner barfield
Landon Kauka,PG,NWIC,3.0,9.0,2.3333333,1.0,0.33333334,0.33333334,0.0,0.0,3.3333333,0.30000001192092896,0.6666667,0.5,0.6666667,landon kauka
Richard Harley,PG,CPC,3.0,25.0,2.3333333,4.6666665,1.6666666,2.3333333,0.0,0.0,2.6666667,0.125,2.3333333,0.7142857313156128,4.6666665,richard harley
Vladimir Khryapa,SF,UTM,30.0,13.833333,2.3333333,2.5,0.9,1.0,0.6,0.23333333,2.4,0.3611111044883728,0.8,0.4583333432674408,1.0333333,vladimir khryapa
Michael Okafor,C,UFTL,3.0,18.0,2.3333333,1.3333334,0.33333334,0.6666667,0.0,0.0,2.6666667,0.375,0.6666667,0.5,0.6666667,michael okafor
Hudson Yarbrough,SF,SWES,3.0,8.0,2.3333333,0.6666667,0.0,0.33333334,0.0,0.33333334,1.6666666,0.6000000238418579,0.33333334,0.0,1.0,hudson yarbrough
Brody Smith,PG,SWCU,3.0,10.0,2.3333333,0.6666667,0.0,0.0,0.33333334,0.0,2.3333333,0.2857142984867096,1.3333334,0.75,0.33333334,brody smith
Elijah Garcia,PG,SWCU,3.0,11.0,2.3333333,0.33333334,1.3333334,0.6666667,0.0,0.33333334,3.3333333,0.20000000298023224,1.0,0.6666666865348816,1.0,elijah garcia
Musa Sagnia,SF,NCSU,34.0,12.411765,2.3235295,2.8235295,0.23529412,0.5882353,0.5,0.029411765,1.6764706,0.5964912176132202,0.64705884,0.4545454680919647,0.47058824,musa sagnia
Jordan Gabriel,C,MRST,25.0,7.0,2.32,1.8,0.28,0.16,0.36,0.0,1.8,0.5333333611488342,0.88,0.4545454680919647,0.28,jordan gabriel
Jordan Gorecki,C,TXSO,26.0,17.23077,2.3076923,3.1538463,0.65384614,0.115384616,1.3461539,0.0,1.5769231,0.5853658318519592,0.9230769,0.5,0.84615386,jordan gorecki
Dwayne Wimbley Jr.,SF,MASS,33.0,14.030303,2.3030303,2.2121212,0.4848485,0.4848485,0.36363637,0.21212122,2.939394,0.30927833914756775,0.4848485,0.5625,0.90909094,dwayne wimbley jr
Stas Sivka,SF,GMU,29.0,10.965517,2.275862,1.4482758,0.37931034,0.10344828,0.27586207,0.37931034,2.0,0.37931033968925476,0.51724136,0.7333333492279053,0.37931034,stas sivka
Je'kel Cotton,PG,DETM,27.0,7.3703704,2.2592592,2.5185184,0.14814815,0.11111111,0.11111111,0.44444445,2.3333333,0.3492063581943512,0.37037036,0.5,0.22222222,je kel cotton
Elijah Kelly,PG,LONG,31.0,10.870968,2.2580645,1.7419355,0.41935483,0.7096774,0.22580644,0.41935483,1.9032258,0.4237288236618042,0.38709676,0.5833333134651184,0.48387095,elijah kelly
Chase Thompson,SF,CLEM,35.0,8.971429,2.2571428,1.1428572,0.2857143,0.2,0.114285715,0.2857143,1.5142857,0.5283018946647644,0.54285717,0.6842105388641357,0.31428573,chase thompson
Trey Morrow,SF,BRYN,4.0,13.0,2.25,0.75,0.5,0.5,0.0,0.25,2.5,0.4000000059604645,0.0,0.0,0.25,trey morrow
Judson Bjornstad,SF,SAM,24.0,8.75,2.25,1.375,0.29166666,0.083333336,0.25,0.25,1.9166666,0.3478260934352875,0.9166667,0.7272727489471436,0.29166666,judson bjornstad
Rhys Grocott,SF,PSSH,4.0,22.75,2.25,5.75,1.0,0.25,0.75,0.25,4.0,0.1875,1.0,0.5,1.0,rhys grocott
Trae Taylor,SF,MONT,29.0,8.379311,2.2413793,1.6206896,0.06896552,0.2413793,0.20689656,0.0,1.3793104,0.675000011920929,0.86206895,0.4399999976158142,0.37931034,trae taylor
Janusz Ratowski,SF,STET,25.0,7.52,2.24,1.68,0.28,0.24,0.28,0.04,1.52,0.6315789222717285,0.44,0.6363636255264282,0.56,janusz ratowski
Khadim Mboup,SF,BYU,34.0,15.588235,2.235294,5.0588236,0.3529412,0.5588235,0.5294118,0.05882353,2.0294118,0.49275362491607666,0.7647059,0.23076923191547394,0.7647059,khadim mboup
Terrance Williams II,SF,USC,31.0,13.290322,2.2258065,1.967742,0.5483871,0.32258064,0.032258064,0.2580645,1.9354838,0.30000001192092896,1.2580645,0.6410256624221802,0.12903225,terrance williams ii
John Broom,PG,USA,31.0,15.129032,2.2258065,2.7419355,0.38709676,0.61290324,0.2580645,0.41935483,1.9032258,0.4406779706478119,0.16129032,0.800000011920929,0.19354838,john broom
Luka Jovanovic,C,MTSU,31.0,13.580646,2.2258065,2.967742,0.3548387,0.38709676,0.516129,0.032258064,1.3870968,0.6976743936538696,0.48387095,0.5333333611488342,0.4516129,luka jovanovic
A.J. Patterson,PG,AF,29.0,14.344828,2.2068965,1.8965517,1.7586207,0.6896552,0.13793103,0.03448276,1.8965517,0.41818180680274963,0.9655172,0.6071428656578064,1.7241379,a j patterson
Chris Nwuli,SF,RUTG,30.0,10.1,2.2,1.4666667,0.36666667,0.2,0.3,0.13333334,1.7,0.37254902720451355,1.1666666,0.6857143044471741,0.6333333,chris nwuli
Howie Keene,PG,MTST,25.0,12.2,2.2,1.72,0.56,0.52,0.12,0.52,2.32,0.32758620381355286,0.16,1.0,0.32,howie keene
Augusto Cassiá,SF,MISS,31.0,10.354838,2.1935484,1.5806452,0.516129,0.3548387,0.22580644,0.12903225,1.7741935,0.4545454680919647,0.58064514,0.7777777910232544,0.32258064,augusto cassia
Tre Norman,PG,MARQ,30.0,8.066667,2.1666667,1.3666667,0.73333335,0.53333336,0.0,0.033333335,1.7,0.4313725531101227,1.0333333,0.6451612710952759,0.73333335,tre norman
Caleb Pennyfeather,SF,LR,30.0,11.466666,2.1666667,2.2666667,0.33333334,0.53333336,0.56666666,0.033333335,2.2333333,0.447761207818985,0.4,0.3333333432674408,0.33333334,caleb pennyfeather
Michael Simcoe,SF,UCSB,31.0,9.0,2.1612904,1.6451613,0.58064514,0.41935483,0.12903225,0.06451613,1.7419355,0.48148149251937866,0.7741935,0.5416666865348816,0.516129,michael simcoe
Jannoy Thomas,PG,PV,31.0,9.903226,2.1612904,1.2580645,0.61290324,0.5483871,0.09677419,0.0,1.3548387,0.5952380895614624,0.8064516,0.6800000071525574,0.41935483,jannoy thomas
Jake Brack,SF,SDAK,25.0,13.52,2.16,2.52,0.4,0.28,0.28,0.0,1.4,0.5714285969734192,1.0,0.5600000023841858,0.48,jake brack
Saba Gigiberia,C,SF,27.0,6.111111,2.148148,2.5925925,0.5925926,0.14814815,0.25925925,0.0,2.074074,0.4464285671710968,0.8518519,0.3478260934352875,0.44444445,saba gigiberia
Declan Peterson,C,WMU,27.0,9.074074,2.148148,2.1851852,0.5185185,0.14814815,0.25925925,0.0,1.5925926,0.604651153087616,0.4074074,0.5454545617103577,0.8888889,declan peterson
Michael Phillips II,SF,MARQ,28.0,7.928571,2.142857,1.3214285,0.21428572,0.17857143,0.32142857,0.60714287,2.107143,0.32203391194343567,0.5,0.3571428656578064,0.32142857,michael phillips ii
Coreon Hardy,PG,CBS,7.0,13.857142,2.142857,1.1428572,0.2857143,0.5714286,0.0,0.2857143,5.142857,0.1388888955116272,0.5714286,0.75,2.857143,coreon hardy
Parker Applegate,PG,CARK,29.0,7.137931,2.137931,1.4137931,0.13793103,0.2413793,0.0,0.20689656,1.9655173,0.38596490025520325,0.51724136,0.800000011920929,0.37931034,parker applegate
Cole Scherer,PG,EWU,29.0,7.862069,2.137931,0.9655172,0.44827586,0.41379312,0.03448276,0.31034482,2.3448277,0.3529411852359772,0.2413793,0.7142857313156128,0.3448276,cole scherer
Brandon Russell,PG,SFPA,29.0,10.793103,2.137931,1.1034483,0.9310345,0.3448276,0.13793103,0.2413793,2.8275862,0.23170731961727142,0.6896552,0.8500000238418579,0.7586207,brandon russell
Josh Akpovwa,SF,TXSO,24.0,8.541667,2.125,1.625,0.29166666,0.125,0.375,0.0,1.625,0.4615384638309479,1.2083334,0.517241358757019,0.7083333,josh akpovwa
Bryce Slay,PG,MRSH,24.0,8.583333,2.125,1.0833334,0.5833333,0.41666666,0.125,0.41666666,1.9166666,0.30434781312942505,0.6666667,0.8125,0.33333334,bryce slay
Jerry Ngopot,SF,CCU,25.0,8.16,2.12,2.2,0.12,0.12,0.08,0.36,2.56,0.34375,0.12,0.0,0.16,jerry ngopot
Halvine Dzellat,C,CIN,26.0,8.307693,2.1153846,1.9615384,0.115384616,0.15384616,0.115384616,0.0,1.4615384,0.5526315569877625,0.6923077,0.7222222089767456,0.42307693,halvine dzellat
Leeroy Odiahi,SF,WKU,30.0,10.066667,2.1,1.0333333,0.06666667,0.2,0.33333334,0.0,1.1333333,0.6470588445663452,0.76666665,0.8260869383811951,0.4,leeroy odiahi
Bryce Dortch,SF,RUTG,31.0,14.419354,2.096774,3.1935484,0.12903225,0.5483871,0.67741936,0.0,1.3225807,0.6097561120986938,0.9032258,0.5357142686843872,0.38709676,bryce dortch
Derrick Green,SF,CCU,31.0,10.580646,2.096774,2.8709676,0.16129032,0.09677419,0.2580645,0.0,1.1290323,0.6571428775787354,1.4193548,0.4318181872367859,0.41935483,derrick green
Joseph Owens,SF,CHST,26.0,11.115385,2.0769231,2.1538463,0.23076923,0.3846154,0.53846157,0.0,1.5769231,0.5365853905677795,0.61538464,0.625,0.5769231,joseph owens
Mantas Juzenas,PG,SMC,26.0,5.769231,2.0769231,1.4230769,0.26923078,0.115384616,0.0,0.5769231,1.4230769,0.45945945382118225,0.34615386,0.5555555820465088,0.26923078,mantas juzenas
Saša Ciani,SF,PSU,28.0,10.035714,2.0714285,1.8928572,0.21428572,0.10714286,0.17857143,0.035714287,1.9285715,0.3888888955116272,0.78571427,0.6818181872367859,0.39285713,sasa ciani
Ayomi Odetoyinbo,SF,COLG,33.0,10.939394,2.060606,2.6060605,0.27272728,0.15151516,1.2424242,0.0,1.6363636,0.5740740895271301,0.33333334,0.5454545617103577,0.3939394,ayomi odetoyinbo
Isaac Nyakundi,SF,LEM,25.0,9.56,2.04,1.72,0.28,0.24,0.48,0.12,1.76,0.47727271914482117,0.44,0.5454545617103577,0.52,isaac nyakundi
JD Bowden,PG,PRES,28.0,8.142858,2.0357144,0.39285713,1.0357143,0.5,0.035714287,0.25,1.7857143,0.30000001192092896,0.8214286,0.8695651888847351,0.64285713,jd bowden
Kylan Blackmon,PG,CLT,29.0,11.344828,2.0344827,1.2413793,0.41379312,0.20689656,0.03448276,0.37931034,2.0,0.27586206793785095,0.82758623,0.6666666865348816,0.41379312,kylan blackmon
Chase Cormier,PG,IONA,32.0,9.25,2.03125,0.71875,0.34375,0.34375,0.0,0.5625,2.0,0.328125,0.1875,0.8333333134651184,0.25,chase cormier
Kiani Saxon,SF,WYO,33.0,14.939394,2.030303,2.7575758,0.42424244,0.33333334,0.6060606,0.18181819,1.6969697,0.4642857015132904,0.8484849,0.3214285671710968,0.6363636,kiani saxon
Marvin Musiime-Kamali,PG,AKR,35.0,8.742857,2.0285714,2.0,0.45714286,0.51428574,0.17142858,0.0,1.1428572,0.699999988079071,0.6571429,0.6521739363670349,0.31428573,marvin musiime kamali
Marcellus Vail,PG,CBVU,1.0,15.0,2.0,2.0,1.0,0.0,0.0,0.0,5.0,0.20000000298023224,0.0,0.0,2.0,marcellus vail
Chris Smith,SF,UDC,1.0,13.0,2.0,0.0,0.0,0.0,0.0,0.0,2.0,0.0,2.0,1.0,0.0,chris smith
Jaron Hansen,SF,NWWA,1.0,14.0,2.0,3.0,0.0,2.0,0.0,0.0,3.0,0.3333333432674408,0.0,0.0,0.0,jaron hansen
Maurice Vassel,SF,UMES,25.0,7.56,2.0,1.2,0.12,0.08,0.28,0.0,1.24,0.5806451439857483,0.8,0.699999988079071,0.76,maurice vassel
Jayden Doyle,PG,AUM,1.0,20.0,2.0,3.0,0.0,1.0,0.0,0.0,7.0,0.1428571492433548,0.0,0.0,0.0,jayden doyle
Matthew Simmons,PG,SHEN,1.0,23.0,2.0,2.0,2.0,1.0,0.0,0.0,2.0,0.5,0.0,0.0,4.0,matthew simmons
Miles Chanthavongsa,PG,BENU,1.0,7.0,2.0,2.0,0.0,0.0,0.0,0.0,2.0,0.5,0.0,0.0,1.0,miles chanthavongsa
Myles Haynes,SF,UCME,1.0,15.0,2.0,3.0,1.0,0.0,0.0,0.0,5.0,0.20000000298023224,0.0,0.0,1.0,myles haynes
Zhaelin Callahan,PG,TWU,2.0,18.5,2.0,0.0,3.0,1.0,0.5,0.0,4.0,0.25,0.0,0.0,3.5,zhaelin callahan
Davis Walker,PG,UJ,1.0,15.0,2.0,2.0,2.0,1.0,0.0,0.0,2.0,0.5,0.0,0.0,2.0,davis walker
Jeremiah Davis,PG,GLDT,1.0,10.0,2.0,2.0,0.0,1.0,0.0,0.0,2.0,0.5,1.0,0.0,0.0,jeremiah davis
James Boyd,PG,KYSU,1.0,16.0,2.0,4.0,2.0,0.0,0.0,0.0,2.0,0.5,0.0,0.0,0.0,james boyd
Otto Luessenhop,SF,EMRS,1.0,16.0,2.0,0.0,0.0,0.0,0.0,0.0,1.0,0.0,2.0,1.0,0.0,otto luessenhop
Tony Carpio,SF,GCSU,1.0,19.0,2.0,6.0,1.0,1.0,0.0,0.0,3.0,0.3333333432674408,0.0,0.0,2.0,tony carpio
David Hill,PG,MNFD,1.0,7.0,2.0,1.0,1.0,0.0,0.0,0.0,4.0,0.25,0.0,0.0,0.0,david hill
Dirin Birhiray,SF,NWOK,1.0,14.0,2.0,1.0,0.0,0.0,0.0,0.0,5.0,0.20000000298023224,0.0,0.0,0.0,dirin birhiray
Tehshaundre Cole,SF,MWSU,1.0,13.0,2.0,7.0,1.0,1.0,2.0,0.0,5.0,0.20000000298023224,2.0,0.0,2.0,tehshaundre cole
Enrique Perez,PG,BRDS,1.0,8.0,2.0,0.0,0.0,0.0,0.0,0.0,2.0,0.5,0.0,0.0,0.0,enrique perez
Derek Hickman,SF,SLC,1.0,15.0,2.0,1.0,0.0,0.0,1.0,0.0,6.0,0.1666666716337204,0.0,0.0,2.0,derek hickman
Chris Dougherty,C,SLC,1.0,17.0,2.0,6.0,3.0,0.0,2.0,0.0,5.0,0.20000000298023224,0.0,0.0,0.0,chris dougherty
Matthew Walsh,PG,MSMC,1.0,13.0,2.0,1.0,2.0,0.0,0.0,0.0,1.0,0.0,3.0,0.6666666865348816,4.0,matthew walsh
Gustarling Louis,PG,SNYD,1.0,9.0,2.0,3.0,0.0,0.0,0.0,0.0,2.0,0.0,2.0,1.0,3.0,gustarling louis
Braxton Crocker,PG,WNWL,1.0,20.0,2.0,3.0,0.0,1.0,0.0,0.0,2.0,0.5,0.0,0.0,0.0,braxton crocker
Parker Gonzalez,SF,LGC,2.0,18.5,2.0,6.0,0.5,1.0,1.0,0.0,4.0,0.25,0.0,0.0,2.5,parker gonzalez
Josh Stewart,PG,JBU,1.0,21.0,2.0,2.0,1.0,0.0,0.0,0.0,5.0,0.20000000298023224,0.0,0.0,1.0,josh stewart
Michael Salvatore,PG,CTNJ,1.0,15.0,2.0,1.0,3.0,1.0,0.0,0.0,3.0,0.3333333432674408,0.0,0.0,1.0,michael salvatore
Troy Crighton,PG,JSP,1.0,10.0,2.0,0.0,1.0,2.0,0.0,0.0,1.0,1.0,0.0,0.0,0.0,troy crighton
Patrick Quarnstrom,PG,LOR,1.0,14.0,2.0,1.0,0.0,0.0,0.0,0.0,2.0,0.5,0.0,0.0,2.0,patrick quarnstrom
Hunter Richardson,SF,OUAZ,1.0,16.0,2.0,4.0,0.0,1.0,0.0,0.0,4.0,0.25,0.0,0.0,1.0,hunter richardson
Henry Wilson,PG,OXY,1.0,14.0,2.0,2.0,1.0,0.0,0.0,0.0,3.0,0.3333333432674408,0.0,0.0,2.0,henry wilson
Chase Miller,SF,OXY,1.0,15.0,2.0,2.0,0.0,0.0,2.0,0.0,4.0,0.25,0.0,0.0,0.0,chase miller
Cade Roelofs,PG,CRWN,1.0,13.0,2.0,1.0,1.0,3.0,0.0,0.0,3.0,0.3333333432674408,0.0,0.0,2.0,cade roelofs
PJ Ebeling,SF,CRWN,1.0,14.0,2.0,3.0,3.0,0.0,0.0,0.0,3.0,0.3333333432674408,0.0,0.0,2.0,pj ebeling
Ikechi Ajukwa,SF,SMWC,1.0,16.0,2.0,2.0,1.0,1.0,0.0,0.0,7.0,0.1428571492433548,0.0,0.0,1.0,ikechi ajukwa
Piercen Young,PG,LYBG,1.0,30.0,2.0,4.0,3.0,1.0,1.0,0.0,9.0,0.1111111119389534,0.0,0.0,3.0,piercen young
Jack Dempsey,SF,RHDS,2.0,12.0,2.0,1.5,1.0,0.5,0.0,0.0,1.0,1.0,0.0,0.0,0.5,jack dempsey
Griffin Powell,SF,GRNB,1.0,17.0,2.0,0.0,1.0,0.0,0.0,0.0,4.0,0.25,0.0,0.0,0.0,griffin powell
Isaiah Williams,SF,PUGB,1.0,6.0,2.0,0.0,0.0,0.0,0.0,0.0,2.0,0.5,0.0,0.0,1.0,isaiah williams
Jacob Ankeny,SF,UMW,1.0,19.0,2.0,4.0,1.0,0.0,3.0,0.0,3.0,0.3333333432674408,2.0,0.0,1.0,jacob ankeny
Jason Pilapil,PG,IIT,2.0,7.5,2.0,0.0,0.0,0.0,0.0,0.0,1.5,0.6666666865348816,0.0,0.0,0.0,jason pilapil
Olwadara Idowu,PG,PSNK,1.0,18.0,2.0,3.0,0.0,0.0,1.0,0.0,4.0,0.25,1.0,0.0,2.0,olwadara idowu
Eric Freeny,PG,UCLA,28.0,11.035714,2.0,1.6071428,0.42857143,0.2857143,0.14285715,0.35714287,2.0,0.375,0.2857143,0.5,0.32142857,eric freeny
Pape N'Diaye,SF,XAV,29.0,9.275862,2.0,2.3448277,0.2413793,0.2413793,0.9655172,0.31034482,1.6206896,0.4680851101875305,0.31034482,0.5555555820465088,0.1724138,pape n diaye
J.D. Roberts,SF,MNCR,1.0,21.0,2.0,3.0,3.0,3.0,0.0,0.0,2.0,0.5,0.0,0.0,1.0,j d roberts
Tyler Mrus,SF,BYU,27.0,9.592592,2.0,0.8888889,0.2962963,0.22222222,0.11111111,0.5185185,1.7777778,0.3125,0.4074074,0.9090909361839294,0.22222222,tyler mrus
Christian Drummond,PG,COLC,1.0,11.0,2.0,0.0,0.0,0.0,0.0,0.0,5.0,0.20000000298023224,0.0,0.0,0.0,christian drummond
Amare Jordan,SF,JJC,1.0,12.0,2.0,1.0,0.0,0.0,2.0,0.0,3.0,0.3333333432674408,0.0,0.0,0.0,amare jordan
James Bradberry,SF,JJC,1.0,21.0,2.0,3.0,1.0,0.0,0.0,0.0,1.0,1.0,0.0,0.0,1.0,james bradberry
Tamatoa Humbert,PG,JSP,1.0,10.0,2.0,1.0,1.0,1.0,0.0,0.0,2.0,0.5,0.0,0.0,0.0,tamatoa humbert
Tyler Scarpulla,PG,ROSE,1.0,18.0,2.0,0.0,1.0,0.0,0.0,0.0,1.0,0.0,2.0,1.0,0.0,tyler scarpulla
Rugby Ryken,PG,MMU,2.0,16.5,2.0,2.0,1.5,0.0,0.0,0.0,5.0,0.20000000298023224,0.0,0.0,1.5,rugby ryken
Shea Fitzgerald,PG,VC,1.0,25.0,2.0,1.0,2.0,0.0,0.0,0.0,11.0,0.09090909361839294,0.0,0.0,2.0,shea fitzgerald
Mack Gorton,C,MLSP,1.0,5.0,2.0,0.0,0.0,0.0,0.0,0.0,3.0,0.3333333432674408,0.0,0.0,0.0,mack gorton
Richard Fu,PG,WVUT,1.0,1.0,2.0,0.0,0.0,0.0,0.0,0.0,2.0,0.5,0.0,0.0,0.0,richard fu
Adam Seams,PG,WVUT,1.0,25.0,2.0,2.0,0.0,0.0,0.0,0.0,5.0,0.0,2.0,1.0,2.0,adam seams
Malik Payton,PG,BENU,1.0,21.0,2.0,2.0,1.0,2.0,0.0,0.0,2.0,0.0,2.0,1.0,5.0,malik payton
Jon Taylor,PG,UCME,1.0,22.0,2.0,2.0,0.0,0.0,0.0,0.0,7.0,0.1428571492433548,0.0,0.0,0.0,jon taylor
Kenny Rodriguez,PG,SJLI,1.0,8.0,2.0,0.0,0.0,0.0,0.0,0.0,1.0,1.0,0.0,0.0,1.0,kenny rodriguez
Andrew Kim,PG,SLC,1.0,18.0,2.0,1.0,2.0,0.0,0.0,0.0,5.0,0.20000000298023224,0.0,0.0,1.0,andrew kim
Jake Bernardo,SF,CC,1.0,11.0,2.0,2.0,0.0,0.0,0.0,0.0,3.0,0.3333333432674408,0.0,0.0,1.0,jake bernardo
Donn'Yae Ferguson,SF,YUNE,1.0,10.0,2.0,3.0,0.0,0.0,0.0,0.0,1.0,1.0,0.0,0.0,0.0,donn yae ferguson
Manu Alford,SF,MLLY,1.0,18.0,2.0,1.0,1.0,0.0,0.0,0.0,3.0,0.3333333432674408,0.0,0.0,1.0,manu alford
Saba Beroshvili,PG,MLLY,1.0,2.0,2.0,0.0,0.0,0.0,0.0,0.0,2.0,0.5,0.0,0.0,0.0,saba beroshvili
Landon Engelage,PG,UHSP,1.0,11.0,2.0,1.0,0.0,0.0,0.0,0.0,6.0,0.1666666716337204,0.0,0.0,3.0,landon engelage
Helquis Pulido,SF,FNU,1.0,5.0,2.0,0.0,0.0,0.0,0.0,0.0,1.0,1.0,0.0,0.0,0.0,helquis pulido
Danny Staskunas,PG,TRCC,1.0,8.0,2.0,0.0,1.0,0.0,0.0,0.0,3.0,0.0,2.0,1.0,2.0,danny staskunas
Jonald Joseph,SF,RWC,1.0,7.0,2.0,1.0,0.0,0.0,0.0,0.0,1.0,1.0,0.0,0.0,1.0,jonald joseph
Omotola Oladeji,SF,SNYD,1.0,7.0,2.0,0.0,0.0,0.0,0.0,0.0,1.0,0.0,2.0,1.0,1.0,omotola oladeji
Micah Breaux,PG,OXY,1.0,13.0,2.0,2.0,0.0,0.0,0.0,0.0,3.0,0.3333333432674408,0.0,0.0,1.0,micah breaux
Preston Fortner,PG,MOBU,1.0,15.0,2.0,0.0,1.0,0.0,0.0,0.0,3.0,0.3333333432674408,0.0,0.0,1.0,preston fortner
Bodie Bentley,SF,AL,1.0,4.0,2.0,0.0,0.0,1.0,0.0,0.0,1.0,1.0,0.0,0.0,0.0,bodie bentley
Louis Monroe,PG,BOYC,1.0,14.0,2.0,1.0,0.0,0.0,1.0,0.0,4.0,0.25,1.0,0.0,2.0,louis monroe
Caden Dewey,SF,NCF,2.0,11.0,2.0,2.5,0.0,0.0,1.0,0.0,3.5,0.2857142984867096,0.0,0.0,1.5,caden dewey
Alex Mena,SF,ABSU,1.0,10.0,2.0,4.0,0.0,0.0,0.0,0.0,2.0,0.5,0.0,0.0,1.0,alex mena
Jaylen Black,PG,BERE,1.0,20.0,2.0,1.0,6.0,0.0,0.0,0.0,2.0,0.5,0.0,0.0,0.0,jaylen black
Ty High,PG,BERE,1.0,3.0,2.0,0.0,0.0,1.0,0.0,0.0,1.0,1.0,0.0,0.0,0.0,ty high
Jack Ngog,PG,BERE,1.0,11.0,2.0,0.0,1.0,1.0,0.0,0.0,4.0,0.25,0.0,0.0,0.0,jack ngog
Jayden Beloti,PG,BLUS,1.0,14.0,2.0,1.0,0.0,0.0,2.0,0.0,2.0,0.5,0.0,0.0,0.0,jayden beloti
Jamar Mitchell,SF,GFU,1.0,13.0,2.0,0.0,1.0,0.0,0.0,0.0,5.0,0.20000000298023224,2.0,0.0,1.0,jamar mitchell
Carter May,SF,HWPU,2.0,13.5,2.0,1.5,0.0,0.5,0.0,0.0,1.5,0.6666666865348816,0.0,0.0,1.0,carter may
Ryan Neal,PG,TMCN,1.0,16.0,2.0,2.0,0.0,0.0,0.0,0.0,3.0,0.3333333432674408,0.0,0.0,0.0,ryan neal
Terrance Vincent Jr.,SF,WCMD,2.0,5.5,2.0,0.5,0.0,0.0,0.0,0.0,1.0,1.0,0.0,0.0,0.5,terrance vincent jr
Tyler Smith,SF,CRWN,1.0,13.0,2.0,1.0,2.0,1.0,1.0,0.0,4.0,0.25,0.0,0.0,3.0,tyler smith
Kevin Juarez,SF,TXLU,2.0,14.0,2.0,0.0,1.0,0.0,0.0,0.0,2.0,0.25,1.0,1.0,0.5,kevin juarez
Yasmo Mohamud,SF,THMC,1.0,13.0,2.0,1.0,0.0,0.0,0.0,0.0,3.0,0.0,2.0,1.0,1.0,yasmo mohamud
Spencer Minihan,SF,THMC,1.0,25.0,2.0,2.0,0.0,0.0,0.0,0.0,3.0,0.3333333432674408,0.0,0.0,1.0,spencer minihan
Napat Ratanaphunsri,PG,PSNK,1.0,32.0,2.0,2.0,1.0,1.0,0.0,0.0,3.0,0.3333333432674408,2.0,0.0,2.0,napat ratanaphunsri
Nick Henry,SF,AQUI,1.0,14.0,2.0,0.0,0.0,1.0,0.0,0.0,3.0,0.3333333432674408,0.0,0.0,0.0,nick henry
Zein Wahdan,C,WNE,1.0,19.0,2.0,4.0,2.0,0.0,1.0,0.0,2.0,0.0,2.0,1.0,2.0,zein wahdan
Tyler Buggs,SF,LYBG,1.0,16.0,2.0,3.0,0.0,1.0,0.0,0.0,5.0,0.20000000298023224,0.0,0.0,2.0,tyler buggs
Jake Koverman,PG,SMMD,2.0,22.0,2.0,2.0,0.5,1.0,0.0,0.5,4.5,0.1111111119389534,1.0,0.5,2.0,jake koverman
Caden Zurek,SF,EMRS,1.0,16.0,2.0,6.0,0.0,1.0,0.0,0.0,6.0,0.1666666716337204,0.0,0.0,0.0,caden zurek
Michael Walker,SF,ABSU,1.0,12.0,2.0,1.0,0.0,0.0,0.0,0.0,0.0,0.0,2.0,1.0,0.0,michael walker
Nick Ghetie,PG,STL,1.0,7.0,2.0,0.0,0.0,0.0,0.0,0.0,2.0,0.0,2.0,1.0,1.0,nick ghetie
David Hansen,SF,WEB,25.0,5.6,2.0,1.08,0.12,0.08,0.04,0.56,1.64,0.3658536672592163,0.24,1.0,0.32,david hansen
Kaia Berridge,PG,EVAN,28.0,11.964286,2.0,1.1428572,0.75,0.32142857,0.14285715,0.42857143,2.0714285,0.3103448152542114,0.5,0.5714285969734192,0.64285713,kaia berridge
DaCannon Wickware,SF,UTEP,1.0,22.0,2.0,10.0,0.0,0.0,2.0,0.0,2.0,0.5,0.0,0.0,4.0,dacannon wickware
Cam'Ron Brown,PG,NWOK,1.0,25.0,2.0,3.0,2.0,1.0,0.0,0.0,3.0,0.0,2.0,1.0,3.0,cam ron brown
Alfredo Addesa,SF,LEH,33.0,8.030303,2.0,1.4545455,0.33333334,0.24242425,0.15151516,0.27272728,2.030303,0.35820895433425903,0.36363637,0.75,0.6666667,alfredo addesa
Jaiden Lee,PG,LANE,1.0,36.0,2.0,7.0,6.0,0.0,0.0,0.0,3.0,0.3333333432674408,0.0,0.0,2.0,jaiden lee
Domenic Malvey,PG,SALV,1.0,34.0,2.0,4.0,1.0,3.0,0.0,0.0,5.0,0.20000000298023224,0.0,0.0,0.0,domenic malvey
LaRenzo Hopkins,PG,IUC,1.0,10.0,2.0,1.0,4.0,1.0,0.0,0.0,4.0,0.25,0.0,0.0,1.0,larenzo hopkins
Andrew LaVigne,PG,OGLE,1.0,21.0,2.0,0.0,0.0,1.0,0.0,0.0,3.0,0.0,2.0,1.0,2.0,andrew lavigne
Carter Watkins,PG,OGLE,1.0,18.0,2.0,3.0,0.0,1.0,0.0,0.0,5.0,0.20000000298023224,0.0,0.0,2.0,carter watkins
Marshall Kerley,ATH,FRSU,3.0,13.333333,2.0,1.3333334,0.0,0.33333334,0.33333334,0.6666667,2.6666667,0.25,0.0,0.0,1.0,marshall kerley
Ben Costello,SF,WCMD,2.0,10.0,2.0,1.5,0.0,0.0,0.0,0.0,2.5,0.4000000059604645,0.0,0.0,2.0,ben costello
Michel Loftin,PG,MWD,1.0,25.0,2.0,0.0,4.0,2.0,0.0,0.0,5.0,0.20000000298023224,0.0,0.0,3.0,michel loftin
Kobe Jones,PG,UMO,1.0,2.0,2.0,0.0,0.0,0.0,0.0,0.0,2.0,0.5,0.0,0.0,0.0,kobe jones
Simeon Tokoto,SF,PFEI,2.0,11.0,2.0,0.5,1.5,0.0,0.0,0.0,3.5,0.1428571492433548,1.0,1.0,1.0,simeon tokoto
Jordan Richardson,PG,WPEA,1.0,3.0,2.0,0.0,0.0,0.0,0.0,0.0,4.0,0.25,0.0,0.0,0.0,jordan richardson
Tayson Parks,C,AL,1.0,9.0,2.0,0.0,2.0,0.0,0.0,0.0,3.0,0.3333333432674408,0.0,0.0,0.0,tayson parks
Juan Ruiz,SF,DKSN,1.0,15.0,2.0,6.0,0.0,1.0,1.0,0.0,5.0,0.20000000298023224,1.0,0.0,3.0,juan ruiz
Daniel Ablorh,PG,DKSN,1.0,4.0,2.0,1.0,1.0,2.0,0.0,0.0,1.0,1.0,0.0,0.0,1.0,daniel ablorh
Bryce Donovan,SF,DKSN,1.0,11.0,2.0,1.0,0.0,1.0,0.0,0.0,3.0,0.3333333432674408,1.0,0.0,1.0,bryce donovan
Terius Maxie,SF,DCC,3.0,14.333333,2.0,2.3333333,0.6666667,0.0,0.33333334,0.0,3.0,0.3333333432674408,0.33333334,0.0,2.0,terius maxie
Tomario Thomas Jr.,PG,LCHR,1.0,18.0,2.0,4.0,0.0,0.0,0.0,0.0,9.0,0.0,2.0,1.0,1.0,tomario thomas jr
Joshua Chesney,SF,TUTX,1.0,13.0,2.0,0.0,0.0,0.0,1.0,0.0,2.0,0.0,2.0,1.0,1.0,joshua chesney
Javon Toliver,SF,TUTX,1.0,11.0,2.0,5.0,0.0,0.0,0.0,0.0,2.0,0.5,0.0,0.0,1.0,javon toliver
Makeem Roberts,PG,WILC,2.0,28.0,2.0,4.5,2.5,2.0,0.0,0.0,5.0,0.10000000149011612,1.0,1.0,1.0,makeem roberts
Carson Woodford,SF,UJ,1.0,19.0,2.0,3.0,0.0,2.0,0.0,0.0,2.0,0.5,0.0,0.0,1.0,carson woodford
Dave Dalge,PG,YUNE,1.0,10.0,2.0,2.0,1.0,0.0,0.0,0.0,3.0,0.3333333432674408,0.0,0.0,1.0,dave dalge
Caleb Geisendorfer,SF,PUGB,1.0,25.0,2.0,3.0,0.0,0.0,0.0,0.0,4.0,0.25,0.0,0.0,1.0,caleb geisendorfer
Caleb Schmelzer,PF,OHCU,1.0,36.0,2.0,2.0,2.0,1.0,0.0,0.0,5.0,0.20000000298023224,0.0,0.0,3.0,caleb schmelzer
Drazen Smith,PG,OHCU,1.0,2.0,2.0,1.0,0.0,0.0,0.0,0.0,2.0,0.5,0.0,0.0,0.0,drazen smith
Cameron Perkins,SF,MBOS,1.0,15.0,2.0,0.0,0.0,1.0,0.0,0.0,6.0,0.1666666716337204,0.0,0.0,1.0,cameron perkins
Noah Gathings,PG,EARL,1.0,11.0,2.0,1.0,1.0,0.0,1.0,0.0,2.0,0.0,2.0,1.0,0.0,noah gathings
Hamweemba Mukando,SF,EARL,1.0,16.0,2.0,0.0,0.0,0.0,0.0,0.0,2.0,0.5,0.0,0.0,3.0,hamweemba mukando
Yuta Yamamoto,PG,PONT,1.0,16.0,2.0,0.0,2.0,0.0,0.0,0.0,4.0,0.25,0.0,0.0,1.0,yuta yamamoto
Jonah Lewis,PG,OWU,2.0,7.0,2.0,1.0,0.0,0.0,0.0,0.0,2.0,0.5,0.0,0.0,0.5,jonah lewis
Jalen Cherry,PG,MCM,1.0,29.0,2.0,9.0,1.0,1.0,2.0,0.0,5.0,0.20000000298023224,0.0,0.0,3.0,jalen cherry
Gervai Maeweathers,PG,MCM,1.0,9.0,2.0,1.0,1.0,0.0,1.0,0.0,3.0,0.0,2.0,1.0,0.0,gervai maeweathers
Marcos Mejia,SF,BRES,2.0,11.0,2.0,2.0,0.0,1.0,0.0,0.0,3.5,0.1428571492433548,1.0,1.0,0.0,marcos mejia
Marco Cabezas,PG,LBC,1.0,13.0,2.0,1.0,1.0,0.0,0.0,0.0,4.0,0.25,0.0,0.0,1.0,marco cabezas
Doug Adiok,SF,LBC,1.0,13.0,2.0,0.0,0.0,1.0,1.0,0.0,2.0,0.5,0.0,0.0,1.0,doug adiok
Nicholaus Harris-Huntley,SF,ERKA,2.0,3.5,2.0,0.0,0.0,0.5,0.0,0.0,0.5,0.0,3.0,0.6666666865348816,0.0,nicholaus harris huntley
Kaleb Eller,PG,MSMC,1.0,18.0,2.0,3.0,0.0,1.0,0.0,0.0,4.0,0.25,0.0,0.0,2.0,kaleb eller
Justin Minor,SF,UDC,1.0,28.0,2.0,4.0,0.0,1.0,1.0,0.0,1.0,1.0,0.0,0.0,1.0,justin minor
Zivko Damjanovic,SF,MILG,2.0,13.5,2.0,1.0,0.5,0.0,0.0,0.0,3.0,0.3333333432674408,0.0,0.0,0.5,zivko damjanovic
James Connolly,PG,MRCY,1.0,11.0,2.0,3.0,0.0,0.0,0.0,0.0,5.0,0.20000000298023224,0.0,0.0,0.0,james connolly
Dalton White,SF,LETU,1.0,4.0,2.0,0.0,0.0,0.0,0.0,0.0,1.0,0.0,2.0,1.0,0.0,dalton white
Edmund Thomas,SF,CTDM,1.0,24.0,2.0,11.0,2.0,0.0,0.0,0.0,10.0,0.0,2.0,1.0,3.0,edmund thomas
Guillermo Gasset Ruiz,PG,EMRS,1.0,27.0,2.0,4.0,1.0,0.0,0.0,0.0,4.0,0.25,0.0,0.0,3.0,guillermo gasset ruiz
Peter Amakasu,PG,WUUT,2.0,15.5,2.0,1.0,0.5,0.5,0.0,0.0,5.5,0.1818181872367859,0.0,0.0,2.0,peter amakasu
Boston Painter,SF,WUUT,2.0,17.5,2.0,2.5,0.5,0.5,0.0,0.0,4.0,0.125,2.0,0.5,0.5,boston painter
Jonathan Norman,C,FNU,1.0,22.0,2.0,2.0,1.0,0.0,0.0,0.0,9.0,0.1111111119389534,0.0,0.0,2.0,jonathan norman
Cooper Jackson,SF,RFU,1.0,25.0,2.0,4.0,2.0,0.0,0.0,0.0,11.0,0.09090909361839294,0.0,0.0,2.0,cooper jackson
Jacob Spaulding,PG,TRCC,1.0,7.0,2.0,1.0,1.0,1.0,0.0,0.0,2.0,0.5,0.0,0.0,2.0,jacob spaulding
Silas Spaulding,PG,TRCC,1.0,7.0,2.0,0.0,1.0,0.0,0.0,0.0,3.0,0.3333333432674408,0.0,0.0,0.0,silas spaulding
Ryan Gierhahn,PG,TRCC,1.0,20.0,2.0,0.0,0.0,0.0,0.0,0.0,4.0,0.25,0.0,0.0,0.0,ryan gierhahn
Luke Florio,PG,GLDT,1.0,15.0,2.0,0.0,0.0,0.0,0.0,0.0,1.0,1.0,0.0,0.0,1.0,luke florio
Wyatt Carlson,SF,GLDT,1.0,17.0,2.0,1.0,1.0,1.0,1.0,0.0,2.0,0.5,0.0,0.0,2.0,wyatt carlson
Isaac Hancey,SG,SOVA,2.0,5.0,2.0,1.5,0.0,0.0,0.0,0.0,1.0,0.5,1.0,1.0,0.5,isaac hancey
Chappelle Whitney,SF,AUM,1.0,12.0,2.0,3.0,0.0,1.0,0.0,0.0,5.0,0.0,4.0,0.5,1.0,chappelle whitney
Adrian Alicea,PG,MITC,1.0,15.0,2.0,1.0,0.0,1.0,0.0,0.0,7.0,0.1428571492433548,0.0,0.0,1.0,adrian alicea
Adam Gardner,C,MITC,1.0,4.0,2.0,2.0,0.0,0.0,0.0,0.0,1.0,1.0,0.0,0.0,0.0,adam gardner
Nasir Brown,PG,MNFD,1.0,15.0,2.0,1.0,1.0,2.0,0.0,0.0,5.0,0.0,2.0,1.0,2.0,nasir brown
Noel Rolon,PG,STE,1.0,4.0,2.0,0.0,0.0,0.0,0.0,0.0,2.0,0.0,4.0,0.5,0.0,noel rolon
Joseph Mazzola,ATH,STE,1.0,20.0,2.0,1.0,0.0,0.0,1.0,0.0,4.0,0.25,0.0,0.0,0.0,joseph mazzola
Davion Fitzgerald,PG,TCJ,3.0,5.3333335,2.0,0.0,0.33333334,0.33333334,0.0,0.0,1.6666666,0.4000000059604645,0.6666667,1.0,0.33333334,davion fitzgerald
Gregory Melvin,SF,KYSU,1.0,19.0,2.0,6.0,0.0,0.0,0.0,0.0,5.0,0.20000000298023224,0.0,0.0,1.0,gregory melvin
Jediah Chavarin-Rivens,PG,TXLU,2.0,7.0,2.0,0.5,0.0,0.5,0.0,0.0,2.5,0.20000000298023224,2.0,0.5,0.5,jediah chavarin rivens
Colin Hartig,SF,PLAT,1.0,17.0,2.0,4.0,0.0,0.0,1.0,0.0,2.0,0.5,0.0,0.0,1.0,colin hartig
Kenyon Elliott,PG,OLLU,1.0,16.0,2.0,2.0,2.0,0.0,0.0,0.0,2.0,0.5,0.0,0.0,4.0,kenyon elliott
Daniel Cruz,PG,OLLU,1.0,8.0,2.0,0.0,0.0,0.0,0.0,0.0,2.0,0.5,0.0,0.0,0.0,daniel cruz
Donte Sharp,PG,UMA,1.0,14.0,2.0,1.0,0.0,0.0,0.0,0.0,3.0,0.3333333432674408,0.0,0.0,1.0,donte sharp
Brandon McCoy,PG,BNIL,1.0,15.0,2.0,3.0,0.0,0.0,0.0,0.0,5.0,0.20000000298023224,0.0,0.0,0.0,brandon mccoy
Connor Glasgow,SF,BNIL,1.0,13.0,2.0,4.0,2.0,0.0,1.0,0.0,0.0,0.0,2.0,1.0,2.0,connor glasgow
Isiah Corson,SF,THMC,1.0,25.0,2.0,0.0,0.0,0.0,0.0,0.0,2.0,0.0,4.0,0.5,1.0,isiah corson
Ty Lampley,SF,HSSU,1.0,18.0,2.0,1.0,2.0,0.0,0.0,0.0,3.0,0.3333333432674408,0.0,0.0,2.0,ty lampley
Matthew McCallum,SF,LSIU,3.0,10.0,2.0,2.3333333,0.33333334,0.6666667,0.0,0.0,2.6666667,0.25,1.3333334,0.5,1.3333334,matthew mccallum
Gunter Daniels,PG,UCCS,1.0,3.0,2.0,1.0,0.0,0.0,0.0,0.0,0.0,0.0,2.0,1.0,0.0,gunter daniels
Lamont Jones,PG,WVWC,1.0,3.0,2.0,0.0,0.0,0.0,0.0,0.0,1.0,1.0,0.0,0.0,1.0,lamont jones
Jerell Baptiste,PG,WVWC,1.0,6.0,2.0,0.0,1.0,0.0,0.0,0.0,4.0,0.25,0.0,0.0,0.0,jerell baptiste
Aidan Jacomet,PG,FRN,1.0,1.0,2.0,0.0,0.0,0.0,0.0,0.0,1.0,1.0,0.0,0.0,0.0,aidan jacomet
Hayden Campbell,SF,UHSP,1.0,13.0,2.0,2.0,1.0,0.0,0.0,0.0,1.0,1.0,0.0,0.0,0.0,hayden campbell
Alec Hilliard,SF,WNWL,1.0,14.0,2.0,1.0,0.0,0.0,0.0,0.0,8.0,0.125,0.0,0.0,0.0,alec hilliard
Sean Molloy,PG,NCU,1.0,11.0,2.0,1.0,2.0,0.0,0.0,0.0,1.0,1.0,0.0,0.0,1.0,sean molloy
Justin Sveiteris,SF,NCU,1.0,16.0,2.0,2.0,1.0,0.0,0.0,0.0,1.0,0.0,2.0,1.0,1.0,justin sveiteris
Aiden Olmstead,PG,BENU,1.0,14.0,2.0,2.0,0.0,0.0,0.0,0.0,1.0,0.0,2.0,1.0,1.0,aiden olmstead
Daniel McCollum,PG,LHMN,1.0,15.0,2.0,2.0,0.0,1.0,0.0,0.0,2.0,0.0,4.0,0.5,1.0,daniel mccollum
James Quinn,PG,WAU,2.0,5.5,2.0,0.0,0.5,0.0,0.0,0.0,0.0,0.0,2.0,1.0,0.5,james quinn
Prince Johnson,SF,EIU,31.0,10.774194,2.0,2.3548386,0.06451613,0.19354838,0.4516129,0.0,1.3225807,0.4878048896789551,1.032258,0.6875,0.16129032,prince johnson
Isaiah Tyson,PG,UCC,1.0,21.0,2.0,1.0,2.0,0.0,0.0,0.0,5.0,0.20000000298023224,0.0,0.0,4.0,isaiah tyson
Kenyon Gardner,PG,UCC,1.0,12.0,2.0,1.0,1.0,0.0,0.0,0.0,5.0,0.20000000298023224,0.0,0.0,1.0,kenyon gardner
Ty Gibbs,PG,BRYN,4.0,16.25,2.0,2.25,0.75,0.0,0.0,0.0,4.0,0.1875,0.5,1.0,2.0,ty gibbs
Loukas Jones,PG,FPU,1.0,15.0,2.0,5.0,0.0,1.0,0.0,0.0,4.0,0.25,0.0,0.0,2.0,loukas jones
Micah Cole,SF,FPU,1.0,3.0,2.0,1.0,0.0,0.0,0.0,0.0,2.0,0.5,0.0,0.0,0.0,micah cole
Tristan Rogers,PG,CALD,1.0,11.0,2.0,2.0,1.0,1.0,0.0,0.0,1.0,1.0,0.0,0.0,0.0,tristan rogers
Jamison Beesley,PG,MNLO,1.0,12.0,2.0,2.0,1.0,0.0,0.0,0.0,1.0,1.0,0.0,0.0,3.0,jamison beesley
Makai Rhodes,SF,JWNC,1.0,3.0,2.0,0.0,0.0,0.0,0.0,0.0,1.0,1.0,0.0,0.0,0.0,makai rhodes
Noah Franklin,SF,MCK,1.0,16.0,2.0,2.0,0.0,0.0,0.0,0.0,6.0,0.1666666716337204,0.0,0.0,1.0,noah franklin
Blake Pingeton,SF,MCK,1.0,11.0,2.0,1.0,0.0,0.0,0.0,0.0,4.0,0.25,0.0,0.0,0.0,blake pingeton
Wyatt Zellers,SF,MCK,1.0,25.0,2.0,3.0,2.0,0.0,1.0,0.0,5.0,0.20000000298023224,0.0,0.0,0.0,wyatt zellers
Mason Wynne,PG,MBAL,2.0,7.0,2.0,0.5,0.0,0.0,0.0,0.0,2.5,0.4000000059604645,0.0,0.0,2.0,mason wynne
Andrew Jones,C,MBAL,2.0,4.0,2.0,0.5,0.0,0.0,0.0,0.0,2.0,0.5,0.0,0.0,0.0,andrew jones
David Oyona-Ibandzo,SF,OKCU,1.0,23.0,2.0,1.0,0.0,0.0,1.0,0.0,3.0,0.3333333432674408,0.0,0.0,0.0,david oyona ibandzo
Jayce Tillman,PG,SAR,1.0,14.0,2.0,2.0,0.0,0.0,0.0,0.0,4.0,0.25,0.0,0.0,0.0,jayce tillman
Gavin Hall,PG,WLMT,1.0,10.0,2.0,3.0,0.0,0.0,0.0,0.0,3.0,0.0,2.0,1.0,0.0,gavin hall
Landon Voros,PG,THMC,1.0,4.0,2.0,0.0,0.0,0.0,0.0,0.0,1.0,1.0,0.0,0.0,0.0,landon voros
Jake Vliem,C,NSU,1.0,4.0,2.0,0.0,0.0,0.0,0.0,0.0,1.0,1.0,0.0,0.0,1.0,jake vliem
Omari Davis,PG,DMCA,2.0,12.0,2.0,1.0,1.0,0.5,0.0,0.0,1.5,0.3333333432674408,1.0,1.0,1.0,omari davis
Kason Johnson,PG,DMCA,2.0,5.0,2.0,1.0,0.0,0.0,0.0,0.0,2.0,0.25,1.0,1.0,0.0,kason johnson
Caden Breznikar,SF,UCSC,2.0,26.5,2.0,1.5,4.0,3.0,1.0,0.0,6.0,0.1666666716337204,0.5,0.0,4.5,caden breznikar
Brian Donohue,SF,RDPH,1.0,10.0,2.0,2.0,1.0,0.0,0.0,0.0,3.0,0.0,4.0,0.5,0.0,brian donohue
Ragan Gilreath,SF,RDPH,1.0,9.0,2.0,2.0,0.0,0.0,0.0,0.0,4.0,0.25,0.0,0.0,0.0,ragan gilreath
Zack Rygg,PG,MCM,1.0,17.0,2.0,5.0,3.0,0.0,0.0,0.0,7.0,0.0,2.0,1.0,1.0,zack rygg
Jordan Kamga,SF,MCM,1.0,8.0,2.0,2.0,0.0,0.0,0.0,0.0,1.0,1.0,0.0,0.0,1.0,jordan kamga
Sverre Woudstra,SF,WHTR,2.0,6.0,2.0,1.5,0.5,0.0,0.0,0.0,1.0,0.5,2.0,0.5,0.5,sverre woudstra
Rashad Kee,PG,UTPB,1.0,18.0,2.0,2.0,2.0,0.0,0.0,0.0,3.0,0.3333333432674408,0.0,0.0,0.0,rashad kee
Elijah Adegbenro,SF,BMTA,1.0,3.0,2.0,0.0,0.0,0.0,0.0,0.0,2.0,0.5,0.0,0.0,0.0,elijah adegbenro
Will Nathaniel,PG,BMTA,1.0,11.0,2.0,2.0,0.0,0.0,0.0,0.0,7.0,0.1428571492433548,1.0,0.0,2.0,will nathaniel
Myles Smith,PG,BMTA,1.0,17.0,2.0,4.0,0.0,0.0,0.0,0.0,3.0,0.3333333432674408,2.0,0.0,3.0,myles smith
Alhousseny Diallo,SF,BMTA,1.0,6.0,2.0,1.0,0.0,0.0,0.0,0.0,1.0,1.0,0.0,0.0,0.0,alhousseny diallo
Josiah Watkins,PG,BLUS,1.0,4.0,2.0,0.0,0.0,0.0,0.0,0.0,1.0,1.0,0.0,0.0,0.0,josiah watkins
Isaiah Dudley,SF,IIT,2.0,13.0,2.0,1.0,1.5,0.0,0.0,0.0,3.5,0.2857142984867096,0.0,0.0,2.0,isaiah dudley
Cole Griesemer,PG,EVU,1.0,3.0,2.0,0.0,0.0,0.0,0.0,0.0,2.0,0.5,0.0,0.0,1.0,cole griesemer
Ty Campbell,PG,EVU,1.0,14.0,2.0,2.0,1.0,0.0,0.0,0.0,1.0,1.0,0.0,0.0,1.0,ty campbell
DJ Evans,PG,CU,3.0,13.666667,2.0,1.0,0.33333334,0.33333334,0.0,0.0,2.3333333,0.2857142984867096,0.6666667,1.0,1.6666666,dj evans
Devon Green,PG,LGC,2.0,12.5,2.0,1.0,2.5,0.5,0.0,0.0,1.5,0.6666666865348816,0.0,0.0,1.0,devon green
Julian Witt,SF,WHMN,1.0,4.0,2.0,0.0,0.0,0.0,0.0,0.0,1.0,1.0,0.0,0.0,0.0,julian witt
Brandt Martin,PG,TRCC,1.0,12.0,2.0,2.0,0.0,1.0,0.0,0.0,2.0,0.0,2.0,1.0,0.0,brandt martin
Zack Turner,PG,MILG,2.0,14.5,2.0,1.5,2.0,1.5,0.0,0.0,3.5,0.2857142984867096,0.0,0.0,1.5,zack turner
Riley Michels,SF,RHDS,2.0,12.0,2.0,2.0,1.0,0.0,0.5,0.0,6.0,0.1666666716337204,0.0,0.0,0.5,riley michels
Derek Ross Jr,PG,LYBG,1.0,22.0,2.0,2.0,2.0,1.0,0.0,0.0,4.0,0.25,0.0,0.0,1.0,derek ross jr
Darrius Kendall,PG,OUAZ,1.0,13.0,2.0,2.0,0.0,2.0,0.0,0.0,5.0,0.20000000298023224,0.0,0.0,2.0,darrius kendall
Tyran Simpson,PG,OUAZ,1.0,13.0,2.0,0.0,0.0,1.0,0.0,0.0,2.0,0.0,4.0,0.5,1.0,tyran simpson
Jack Galiardi,SF,OUAZ,1.0,15.0,2.0,3.0,1.0,0.0,1.0,0.0,4.0,0.25,0.0,0.0,2.0,jack galiardi
Travis Smith,SF,DALL,2.0,6.5,2.0,0.5,0.0,0.0,0.0,0.0,2.0,0.25,1.0,1.0,1.0,travis smith
Wyley Nunn,SF,DALL,2.0,9.0,2.0,0.5,0.0,0.0,0.5,0.0,1.0,1.0,0.0,0.0,0.5,wyley nunn
Jalen Bradberry,PG,UDC,1.0,3.0,2.0,0.0,0.0,0.0,0.0,0.0,1.0,1.0,0.0,0.0,0.0,jalen bradberry
Devon Lewis,PG,ALLG,1.0,19.0,2.0,2.0,1.0,0.0,0.0,0.0,1.0,1.0,0.0,0.0,1.0,devon lewis
Owen Maddalon,PG,ALLG,1.0,18.0,2.0,2.0,0.0,0.0,0.0,0.0,2.0,0.5,0.0,0.0,1.0,owen maddalon
Jacob Szep,SF,ALLG,1.0,3.0,2.0,2.0,1.0,0.0,0.0,0.0,1.0,1.0,0.0,0.0,0.0,jacob szep
Jeremiah Predin,PG,CC,1.0,15.0,2.0,7.0,0.0,0.0,1.0,0.0,8.0,0.125,0.0,0.0,2.0,jeremiah predin
Manny Hidalgo,PG,CC,1.0,18.0,2.0,3.0,0.0,0.0,0.0,0.0,12.0,0.0833333358168602,0.0,0.0,3.0,manny hidalgo
Jordan Lindsey,PG,HNTC,1.0,4.0,2.0,0.0,0.0,0.0,0.0,0.0,2.0,0.5,0.0,0.0,0.0,jordan lindsey
Myles Murphy,PG,HNTC,1.0,18.0,2.0,3.0,0.0,0.0,0.0,0.0,2.0,0.5,0.0,0.0,1.0,myles murphy
Kendall Smith,PG,HNTC,1.0,5.0,2.0,0.0,2.0,0.0,0.0,0.0,2.0,0.0,2.0,1.0,0.0,kendall smith
Donovan Elmore,SF,UHSP,1.0,4.0,2.0,1.0,0.0,0.0,1.0,0.0,2.0,0.5,0.0,0.0,0.0,donovan elmore
Jamonte Smith,PG,NWD,1.0,17.0,2.0,0.0,3.0,2.0,0.0,0.0,1.0,0.0,2.0,1.0,1.0,jamonte smith
Tristyn Ambrose-Pearce,SF,CAPU,1.0,14.0,2.0,0.0,0.0,1.0,0.0,0.0,3.0,0.3333333432674408,0.0,0.0,1.0,tristyn ambrose pearce
Wyatt Mowery,C,MIT,1.0,23.0,2.0,6.0,2.0,1.0,3.0,0.0,8.0,0.125,0.0,0.0,1.0,wyatt mowery
Braylon Wheeler,PG,ECSU,2.0,12.0,2.0,1.5,1.0,0.0,0.0,0.0,2.5,0.4000000059604645,0.0,0.0,0.5,braylon wheeler
LePra George,PG,JBU,1.0,20.0,2.0,3.0,1.0,1.0,1.0,0.0,5.0,0.20000000298023224,0.0,0.0,0.0,lepra george
James Delia,PG,JBU,1.0,5.0,2.0,1.0,1.0,1.0,0.0,0.0,1.0,1.0,0.0,0.0,0.0,james delia
Kamran Akbar,PG,JBU,1.0,5.0,2.0,1.0,0.0,0.0,0.0,0.0,1.0,1.0,0.0,0.0,0.0,kamran akbar
Morgan Baldwin,PG,SUNO,1.0,18.0,2.0,1.0,1.0,0.0,0.0,0.0,3.0,0.3333333432674408,1.0,0.0,2.0,morgan baldwin
William Burroughs V,PG,WEBS,2.0,9.0,2.0,0.5,1.0,0.5,0.0,0.0,4.5,0.2222222238779068,0.0,0.0,3.0,william burroughs v
Sebastian Reed,PG,WEBS,2.0,14.0,2.0,2.0,0.5,0.0,0.0,0.0,4.5,0.2222222238779068,0.0,0.0,1.5,sebastian reed
Stephen Reed,PG,LYON,1.0,20.0,2.0,2.0,2.0,1.0,0.0,0.0,3.0,0.3333333432674408,0.0,0.0,1.0,stephen reed
Chyjuan Dumas,C,LYON,1.0,8.0,2.0,0.0,0.0,0.0,0.0,0.0,1.0,1.0,0.0,0.0,2.0,chyjuan dumas
Xavier Sorrell,SF,LYON,1.0,17.0,2.0,3.0,0.0,1.0,0.0,0.0,2.0,0.5,0.0,0.0,0.0,xavier sorrell
Elson Berhanu,SF,WUDE,1.0,7.0,2.0,2.0,0.0,0.0,0.0,0.0,4.0,0.25,0.0,0.0,0.0,elson berhanu
Pranit Gunjal,SF,CALT,1.0,13.0,2.0,1.0,2.0,0.0,0.0,0.0,3.0,0.3333333432674408,0.0,0.0,0.0,pranit gunjal
Isaac Meddings,PG,OCU,2.0,3.5,2.0,0.0,0.0,0.0,0.0,0.5,1.5,0.3333333432674408,1.0,0.5,0.5,isaac meddings
Harry Adam,PG,MLLY,1.0,2.0,2.0,0.0,0.0,1.0,0.0,0.0,1.0,1.0,0.0,0.0,0.0,harry adam
Johnathon Molierce,SF,RUST,1.0,22.0,2.0,4.0,0.0,1.0,0.0,0.0,10.0,0.10000000149011612,0.0,0.0,1.0,johnathon molierce
Kylan Haywood,SF,RUST,1.0,27.0,2.0,2.0,3.0,1.0,0.0,0.0,6.0,0.1666666716337204,0.0,0.0,2.0,kylan haywood
Spencer Holley,PG,SCIA,1.0,18.0,2.0,3.0,0.0,1.0,0.0,0.0,3.0,0.3333333432674408,1.0,0.0,0.0,spencer holley
Carson Daniel,PG,CAT,1.0,28.0,2.0,0.0,1.0,4.0,0.0,0.0,1.0,1.0,0.0,0.0,1.0,carson daniel
Nicholas Addison,PG,CTLA,1.0,29.0,2.0,5.0,2.0,0.0,0.0,0.0,2.0,0.5,0.0,0.0,2.0,nicholas addison
JaMil Wilson,SF,UTSO,1.0,15.0,2.0,2.0,0.0,0.0,0.0,0.0,4.0,0.25,0.0,0.0,0.0,jamil wilson
Khadir Muhammad,PG,UTSO,1.0,14.0,2.0,0.0,2.0,0.0,0.0,0.0,3.0,0.3333333432674408,0.0,0.0,1.0,khadir muhammad
Leo Becker,SF,WCMD,2.0,8.5,2.0,1.0,0.0,0.5,0.0,0.0,2.0,0.5,0.0,0.0,0.0,leo becker
Joshua Escheik,PG,LCHR,1.0,6.0,2.0,0.0,1.0,0.0,0.0,0.0,1.0,0.0,2.0,1.0,2.0,joshua escheik
Chad Jones,PG,LCHR,1.0,16.0,2.0,1.0,0.0,0.0,0.0,0.0,8.0,0.125,0.0,0.0,3.0,chad jones
Kam Stone,PG,OGLE,1.0,14.0,2.0,2.0,0.0,1.0,0.0,0.0,5.0,0.20000000298023224,0.0,0.0,6.0,kam stone
Ryder Block,SF,BRE,1.0,7.0,2.0,4.0,1.0,0.0,0.0,0.0,1.0,1.0,0.0,0.0,0.0,ryder block
Noah Osuji,SF,BRE,1.0,5.0,2.0,1.0,0.0,0.0,0.0,0.0,1.0,1.0,0.0,0.0,0.0,noah osuji
Isaac Slaton,PG,PONT,1.0,2.0,2.0,0.0,0.0,0.0,0.0,0.0,1.0,1.0,0.0,0.0,0.0,isaac slaton
Eli McNally,PG,PONT,1.0,3.0,2.0,1.0,0.0,0.0,0.0,0.0,1.0,0.0,2.0,1.0,1.0,eli mcnally
Gyasi Zinn,SF,VC,1.0,16.0,2.0,4.0,0.0,0.0,2.0,0.0,2.0,0.5,0.0,0.0,0.0,gyasi zinn
Kas Mirza,PG,VC,1.0,3.0,2.0,1.0,0.0,0.0,0.0,0.0,1.0,1.0,0.0,0.0,0.0,kas mirza
Jack Moineau,SF,VC,1.0,1.0,2.0,0.0,0.0,0.0,0.0,0.0,1.0,1.0,0.0,0.0,0.0,jack moineau
Marc Raye,PG,JCSU,1.0,15.0,2.0,1.0,3.0,1.0,0.0,0.0,5.0,0.20000000298023224,0.0,0.0,1.0,marc raye
Ethan Davis,PG,EU,1.0,2.0,2.0,0.0,0.0,0.0,0.0,0.0,1.0,0.0,2.0,1.0,0.0,ethan davis
Anthony Williams,SF,EU,1.0,14.0,2.0,0.0,0.0,4.0,0.0,0.0,2.0,0.5,0.0,0.0,0.0,anthony williams
Peyton Davis,PG,KCU,3.0,2.3333333,2.0,0.6666667,0.0,0.0,0.0,0.6666667,1.3333334,0.5,0.0,0.0,0.0,peyton davis
Cam Freeman,PG,HNVR,1.0,18.0,2.0,1.0,2.0,0.0,0.0,0.0,2.0,0.0,2.0,1.0,3.0,cam freeman
Jeremiah Alexander,PG,HNVR,1.0,15.0,2.0,0.0,1.0,1.0,0.0,0.0,6.0,0.1666666716337204,0.0,0.0,1.0,jeremiah alexander
Jace Jenkins,PG,HNVR,1.0,5.0,2.0,0.0,0.0,0.0,0.0,0.0,2.0,0.5,0.0,0.0,0.0,jace jenkins
Jayden Brown,PG,CSS,1.0,18.0,2.0,2.0,0.0,1.0,0.0,0.0,3.0,0.3333333432674408,0.0,0.0,6.0,jayden brown
Drelyn Jones,PG,CSS,1.0,14.0,2.0,3.0,0.0,0.0,0.0,0.0,4.0,0.25,0.0,0.0,0.0,drelyn jones
Ben Raymond,SF,CSS,1.0,12.0,2.0,2.0,0.0,0.0,0.0,0.0,1.0,0.0,2.0,1.0,2.0,ben raymond
Tanner Thomson,PG,CSS,1.0,18.0,2.0,0.0,0.0,0.0,0.0,0.0,5.0,0.20000000298023224,0.0,0.0,3.0,tanner thomson
Drey Wisdom,PG,CSS,1.0,9.0,2.0,0.0,0.0,0.0,0.0,0.0,2.0,0.0,2.0,1.0,1.0,drey wisdom
Joziah Wyatt-Taylor,SF,PITG,1.0,15.0,2.0,2.0,1.0,1.0,0.0,0.0,4.0,0.25,0.0,0.0,0.0,joziah wyatt taylor
Jaydan Brown,SF,PITG,1.0,2.0,2.0,0.0,0.0,0.0,0.0,0.0,1.0,1.0,0.0,0.0,0.0,jaydan brown
Avery Mickens,PG,WNE,1.0,8.0,2.0,0.0,0.0,0.0,0.0,0.0,5.0,0.20000000298023224,0.0,0.0,0.0,avery mickens
Jhace Boston,PG,REDL,1.0,19.0,2.0,5.0,4.0,1.0,0.0,0.0,7.0,0.1428571492433548,1.0,0.0,3.0,jhace boston
Logan Flores-Peoples,PG,REGU,1.0,26.0,2.0,2.0,0.0,2.0,0.0,0.0,6.0,0.1666666716337204,0.0,0.0,1.0,logan flores peoples
Jaxyn Beaudet,C,MITC,1.0,19.0,2.0,5.0,0.0,1.0,1.0,0.0,3.0,0.3333333432674408,0.0,0.0,1.0,jaxyn beaudet
Archer McMenamin,C,CTBR,1.0,12.0,2.0,2.0,0.0,1.0,0.0,0.0,2.0,0.0,3.0,0.6666666865348816,1.0,archer mcmenamin
Davon Scott,PG,AGSU,1.0,17.0,2.0,1.0,0.0,1.0,0.0,0.0,5.0,0.20000000298023224,0.0,0.0,1.0,davon scott
Antonio Del Vescovo,SF,MNHV,1.0,7.0,2.0,1.0,1.0,0.0,0.0,0.0,1.0,1.0,2.0,0.0,2.0,antonio del vescovo
Dimaunye Smith-Powe,PG,CNSU,2.0,13.5,2.0,1.0,1.0,0.5,0.0,0.0,2.5,0.4000000059604645,1.0,0.0,0.5,dimaunye smith powe
Jack Taylor,PG,PSC,1.0,29.0,2.0,3.0,0.0,0.0,0.0,0.0,4.0,0.25,0.0,0.0,5.0,jack taylor
Anthony Robinson,SF,WILC,2.0,26.0,2.0,3.0,3.0,1.0,0.0,0.0,5.5,0.09090909361839294,1.5,0.6666666865348816,4.5,anthony robinson
Cayden Howell,PG,MUW,1.0,15.0,2.0,1.0,1.0,1.0,0.0,0.0,3.0,0.3333333432674408,0.0,0.0,2.0,cayden howell
Tylen Simpson,PG,MUW,1.0,2.0,2.0,0.0,0.0,0.0,0.0,0.0,1.0,1.0,0.0,0.0,0.0,tylen simpson
Mal Stansfield,PG,MUW,1.0,8.0,2.0,0.0,0.0,0.0,0.0,0.0,1.0,0.0,2.0,1.0,1.0,mal stansfield
Avion Pinner,SF,SHAW,1.0,6.0,2.0,0.0,0.0,0.0,1.0,0.0,3.0,0.3333333432674408,0.0,0.0,1.0,avion pinner
Daniel Mbaeteka,C,SHAW,1.0,5.0,2.0,0.0,0.0,0.0,0.0,0.0,1.0,1.0,0.0,0.0,0.0,daniel mbaeteka
Grant Overman,C,WPEA,1.0,14.0,2.0,4.0,2.0,0.0,0.0,0.0,3.0,0.3333333432674408,0.0,0.0,2.0,grant overman
Dalton Johnson,PG,WPEA,1.0,15.0,2.0,0.0,2.0,0.0,0.0,0.0,9.0,0.1111111119389534,0.0,0.0,1.0,dalton johnson
Marquel Newsome,PG,TIFF,1.0,22.0,2.0,2.0,0.0,0.0,0.0,0.0,9.0,0.1111111119389534,0.0,0.0,1.0,marquel newsome
Javaris Moye,PG,MOBU,1.0,14.0,2.0,3.0,0.0,1.0,0.0,0.0,7.0,0.1428571492433548,0.0,0.0,1.0,javaris moye
Tyson Williams,PG,MOBU,1.0,17.0,2.0,3.0,2.0,1.0,0.0,0.0,1.0,1.0,2.0,0.0,0.0,tyson williams
Caleb Starks,PG,GWYD,1.0,4.0,2.0,0.0,0.0,0.0,0.0,0.0,1.0,1.0,0.0,0.0,0.0,caleb starks
Able Houston,SF,MAMC,1.0,16.0,2.0,1.0,0.0,1.0,0.0,0.0,3.0,0.3333333432674408,0.0,0.0,1.0,able houston
Matthew Gonzales,PG,OLLU,1.0,16.0,2.0,0.0,2.0,0.0,0.0,0.0,5.0,0.20000000298023224,0.0,0.0,1.0,matthew gonzales
Jermey Irwin,SF,OLLU,1.0,17.0,2.0,1.0,0.0,0.0,0.0,0.0,4.0,0.25,0.0,0.0,0.0,jermey irwin
Anthony Williams,PG,GFU,1.0,16.0,2.0,2.0,1.0,0.0,0.0,0.0,3.0,0.0,2.0,1.0,2.0,anthony williams
Dre Lawrence,PG,GFU,1.0,8.0,2.0,1.0,0.0,0.0,0.0,0.0,3.0,0.3333333432674408,2.0,0.0,2.0,dre lawrence
Nico Cervantes,PG,GFU,1.0,7.0,2.0,2.0,0.0,0.0,0.0,0.0,1.0,0.0,2.0,1.0,0.0,nico cervantes
Kaden Gonzalez,PG,SNYO,2.0,6.5,2.0,1.0,0.0,1.0,0.0,0.0,2.5,0.4000000059604645,0.0,0.0,0.0,kaden gonzalez
Dylan Beverly,SF,FRKL,1.0,18.0,2.0,1.0,1.0,2.0,1.0,0.0,4.0,0.25,0.0,0.0,2.0,dylan beverly
Avery Saunders,C,FRKL,1.0,14.0,2.0,5.0,0.0,1.0,0.0,0.0,2.0,0.5,0.0,0.0,0.0,avery saunders
Demaryon Thornton,PG,UNTD,1.0,27.0,2.0,2.0,0.0,0.0,0.0,0.0,11.0,0.09090909361839294,0.0,0.0,2.0,demaryon thornton
Dreyon Thornton,PG,UNTD,1.0,24.0,2.0,0.0,0.0,4.0,0.0,0.0,5.0,0.0,2.0,1.0,4.0,dreyon thornton
Dontrel Lee,PG,MATC,5.0,12.6,2.0,1.0,0.8,1.0,0.0,0.0,2.4,0.3333333432674408,0.8,0.5,0.8,dontrel lee
Damien Walters Jr.,PG,TOUG,2.0,10.5,2.0,1.0,0.0,0.0,0.0,0.0,2.5,0.20000000298023224,1.0,1.0,1.0,damien walters jr
Louis Santiago,SF,TCJ,3.0,4.3333335,2.0,1.0,0.0,0.33333334,0.0,0.33333334,1.3333334,0.25,1.3333334,0.75,0.0,louis santiago
John Lawrenz,PG,WCBC,3.0,24.0,2.0,3.3333333,0.33333334,0.6666667,0.6666667,0.33333334,6.6666665,0.10000000149011612,0.6666667,0.5,0.6666667,john lawrenz
Leny Ranchin,C,WCBC,3.0,22.333334,2.0,3.0,0.0,0.0,0.33333334,0.0,8.0,0.0833333358168602,2.0,0.3333333432674408,2.0,leny ranchin
Rick Vandenheever,SF,TASA,2.0,7.0,2.0,1.0,0.0,0.5,0.0,0.0,1.5,0.6666666865348816,1.0,0.0,0.5,rick vandenheever
Darius Brant,SF,MYSU,1.0,12.0,2.0,1.0,1.0,0.0,2.0,0.0,4.0,0.25,0.0,0.0,1.0,darius brant
Noah Brown,PG,MYSU,1.0,6.0,2.0,0.0,2.0,0.0,0.0,0.0,1.0,0.0,2.0,1.0,0.0,noah brown
Luke Jarussi,SF,PUG,1.0,7.0,2.0,0.0,0.0,0.0,1.0,0.0,1.0,1.0,1.0,0.0,0.0,luke jarussi
Beckett Turner,PG,PUG,1.0,10.0,2.0,1.0,1.0,0.0,0.0,0.0,4.0,0.25,0.0,0.0,0.0,beckett turner
José Maria Palacios,PG,WNWL,1.0,8.0,2.0,2.0,0.0,1.0,0.0,0.0,3.0,0.3333333432674408,0.0,0.0,0.0,jose maria palacios
Asheton Glass,PG,WNWL,1.0,17.0,2.0,2.0,0.0,0.0,0.0,0.0,7.0,0.1428571492433548,0.0,0.0,0.0,asheton glass
Anthony Lambdin,SF,RGIS,1.0,11.0,2.0,2.0,0.0,0.0,1.0,0.0,2.0,0.5,0.0,0.0,1.0,anthony lambdin
Amir Panagiotis,PG,RGIS,1.0,5.0,2.0,0.0,0.0,0.0,0.0,0.0,4.0,0.25,0.0,0.0,1.0,amir panagiotis
Jayden Hosein,PG,HAWH,1.0,18.0,2.0,3.0,0.0,1.0,0.0,0.0,6.0,0.1666666716337204,0.0,0.0,2.0,jayden hosein
John Allen,SF,SHEN,1.0,18.0,2.0,3.0,0.0,0.0,1.0,0.0,5.0,0.0,2.0,1.0,0.0,john allen
Jermaine King Jr.,PG,OLDW,1.0,19.0,2.0,5.0,1.0,0.0,0.0,0.0,6.0,0.1666666716337204,0.0,0.0,1.0,jermaine king jr
Stephon Rosch Kouassi,SF,OLDW,1.0,23.0,2.0,1.0,0.0,0.0,0.0,0.0,3.0,0.3333333432674408,0.0,0.0,2.0,stephon rosch kouassi
Connor Brown,SF,CUST,1.0,5.0,2.0,5.0,0.0,0.0,0.0,0.0,2.0,0.5,3.0,0.0,0.0,connor brown
Quinten Blackburn,SF,CUST,1.0,14.0,2.0,1.0,0.0,1.0,0.0,0.0,1.0,1.0,0.0,0.0,1.0,quinten blackburn
Aadam Coulibaly,SF,DOAN,1.0,5.0,2.0,0.0,0.0,0.0,0.0,0.0,1.0,1.0,0.0,0.0,2.0,aadam coulibaly
Tysicere Jackson,SF,ARCA,1.0,6.0,2.0,1.0,0.0,1.0,2.0,0.0,2.0,0.5,1.0,0.0,1.0,tysicere jackson
Keenan Reiss,PG,ARCA,1.0,3.0,2.0,1.0,0.0,0.0,0.0,0.0,2.0,0.5,0.0,0.0,0.0,keenan reiss
Jamel Hazell,SF,AL,1.0,8.0,2.0,2.0,1.0,0.0,0.0,0.0,4.0,0.25,0.0,0.0,1.0,jamel hazell
Bishop Tosi,SF,UAA,1.0,19.0,2.0,4.0,0.0,0.0,2.0,0.0,3.0,0.3333333432674408,0.0,0.0,0.0,bishop tosi
Amin Ba-Ahmad,PG,ELMR,1.0,9.0,2.0,0.0,0.0,2.0,0.0,0.0,2.0,0.5,0.0,0.0,0.0,amin ba ahmad
Damair Burton,PG,ELMR,1.0,2.0,2.0,0.0,0.0,0.0,0.0,0.0,2.0,0.5,0.0,0.0,0.0,damair burton
Owen Evans,PG,ELMR,1.0,14.0,2.0,1.0,0.0,0.0,0.0,0.0,1.0,0.0,2.0,1.0,0.0,owen evans
AJ Graham,PG,ELMR,1.0,12.0,2.0,2.0,1.0,0.0,0.0,0.0,1.0,1.0,0.0,0.0,0.0,aj graham
Carter Seeberger,PG,ELMR,1.0,8.0,2.0,0.0,0.0,0.0,0.0,0.0,4.0,0.25,0.0,0.0,1.0,carter seeberger
Brandon Hendryx,SF,BFC,1.0,11.0,2.0,0.0,0.0,1.0,0.0,0.0,2.0,0.5,1.0,0.0,1.0,brandon hendryx
Jamouri McCalister,PG,SAOK,1.0,9.0,2.0,2.0,2.0,1.0,0.0,0.0,2.0,0.5,0.0,0.0,2.0,jamouri mccalister
Chris Yapo,SF,SAOK,1.0,24.0,2.0,2.0,2.0,2.0,0.0,0.0,3.0,0.3333333432674408,0.0,0.0,2.0,chris yapo
Logan Stempniak,SF,NWWA,1.0,27.0,2.0,5.0,3.0,1.0,0.0,0.0,6.0,0.1666666716337204,0.0,0.0,2.0,logan stempniak
Tyshien Jones,PG,ROSE,1.0,22.0,2.0,2.0,0.0,1.0,0.0,0.0,4.0,0.25,0.0,0.0,2.0,tyshien jones
Cooper Abner,SF,CMBL,1.0,5.0,2.0,0.0,0.0,0.0,0.0,0.0,1.0,1.0,0.0,0.0,1.0,cooper abner
Chino Ugorji,SF,SCHR,1.0,8.0,2.0,2.0,0.0,1.0,0.0,0.0,2.0,0.5,0.0,0.0,1.0,chino ugorji
Greg Wilson,C,HSSU,1.0,19.0,2.0,4.0,2.0,1.0,1.0,0.0,8.0,0.125,0.0,0.0,0.0,greg wilson
Isaiah McLemore,PG,CAMR,1.0,4.0,2.0,1.0,0.0,1.0,0.0,0.0,2.0,0.0,2.0,1.0,0.0,isaiah mclemore
Kelen Smith,PG,CAMR,1.0,4.0,2.0,1.0,0.0,0.0,0.0,0.0,1.0,0.0,2.0,1.0,0.0,kelen smith
Shawn Williams,SF,UCCS,1.0,13.0,2.0,1.0,0.0,1.0,0.0,0.0,4.0,0.25,0.0,0.0,1.0,shawn williams
Quintin Sewell,SF,KCC,1.0,3.0,2.0,1.0,0.0,0.0,0.0,0.0,2.0,0.5,0.0,0.0,0.0,quintin sewell
Cole Lambert,PG,CONC,1.0,7.0,2.0,0.0,0.0,1.0,0.0,0.0,2.0,0.5,0.0,0.0,0.0,cole lambert
Travis Makabu,PG,EARL,1.0,17.0,2.0,1.0,1.0,0.0,0.0,0.0,4.0,0.25,0.0,0.0,2.0,travis makabu
Bud Davis,PG,EARL,1.0,21.0,2.0,4.0,1.0,0.0,0.0,0.0,7.0,0.0,2.0,1.0,3.0,bud davis
Julian Walker,SF,GCSU,1.0,17.0,2.0,2.0,0.0,0.0,0.0,0.0,4.0,0.25,0.0,0.0,4.0,julian walker
James Braddy,PG,MCC,1.0,19.0,2.0,1.0,1.0,0.0,0.0,0.0,4.0,0.25,0.0,0.0,2.0,james braddy
Xavier Lucas,PG,MCC,1.0,10.0,2.0,2.0,0.0,0.0,0.0,0.0,3.0,0.0,2.0,1.0,3.0,xavier lucas
Andre Pantlitz,C,RHDT,2.0,10.0,2.0,2.5,0.0,0.0,0.0,0.0,3.0,0.1666666716337204,3.0,0.3333333432674408,1.5,andre pantlitz
Jaden Smiley,SF,ADR,1.0,19.0,2.0,3.0,0.0,0.0,0.0,0.0,4.0,0.25,0.0,0.0,0.0,jaden smiley
Carson Lutz,PG,ADR,1.0,16.0,2.0,5.0,3.0,0.0,0.0,0.0,5.0,0.20000000298023224,0.0,0.0,4.0,carson lutz
Gavin Saunders,PG,ADR,1.0,4.0,2.0,0.0,0.0,0.0,0.0,0.0,1.0,1.0,0.0,0.0,0.0,gavin saunders
Dylan Gira,SF,ADR,1.0,11.0,2.0,0.0,0.0,1.0,1.0,0.0,5.0,0.20000000298023224,0.0,0.0,0.0,dylan gira
Jack McMullen,PG,SALV,1.0,27.0,2.0,3.0,0.0,1.0,0.0,0.0,5.0,0.20000000298023224,0.0,0.0,1.0,jack mcmullen
Elijah Martinez,PG,UMFK,1.0,35.0,2.0,7.0,1.0,4.0,0.0,0.0,6.0,0.1666666716337204,0.0,0.0,5.0,elijah martinez
Isaiah Jackson,C,MRHO,1.0,2.0,2.0,0.0,0.0,0.0,0.0,0.0,1.0,1.0,0.0,0.0,0.0,isaiah jackson
Ethan Dodson,PG,WIDE,1.0,18.0,2.0,3.0,1.0,0.0,0.0,0.0,3.0,0.3333333432674408,0.0,0.0,0.0,ethan dodson
TJ Bryson,PG,WIDE,1.0,19.0,2.0,2.0,1.0,0.0,0.0,0.0,3.0,0.3333333432674408,0.0,0.0,2.0,tj bryson
Sam Seiden,PG,FRN,1.0,3.0,2.0,1.0,1.0,0.0,0.0,0.0,2.0,0.5,0.0,0.0,0.0,sam seiden
Joey Valerio,SF,PSUY,1.0,10.0,2.0,1.0,0.0,0.0,0.0,0.0,3.0,0.3333333432674408,0.0,0.0,0.0,joey valerio
Joseph Fernandez,SF,SJLI,1.0,8.0,2.0,2.0,1.0,0.0,0.0,0.0,2.0,0.5,1.0,0.0,1.0,joseph fernandez
Rayan Meguie,SF,JJC,1.0,6.0,2.0,0.0,0.0,0.0,1.0,0.0,0.0,0.0,2.0,1.0,0.0,rayan meguie
Peyton Albers,PG,WPAC,1.0,17.0,2.0,2.0,0.0,1.0,0.0,0.0,4.0,0.25,0.0,0.0,0.0,peyton albers
Demir Conliffe,PG,WPAC,1.0,19.0,2.0,3.0,0.0,1.0,0.0,0.0,6.0,0.1666666716337204,0.0,0.0,1.0,demir conliffe
Dajon Burton,PG,WORC,2.0,20.0,2.0,0.5,0.5,1.0,0.0,0.0,6.0,0.1666666716337204,0.0,0.0,4.0,dajon burton
Jordan Tucker,PG,FDSU,1.0,10.0,2.0,5.0,0.0,0.0,1.0,0.0,2.0,0.5,0.0,0.0,2.0,jordan tucker
Landon Harlin,PG,TUTX,1.0,7.0,2.0,0.0,0.0,0.0,0.0,0.0,1.0,0.0,2.0,1.0,2.0,landon harlin
Sam Kahn,SF,DSLU,1.0,8.0,2.0,1.0,0.0,0.0,0.0,0.0,1.0,1.0,0.0,0.0,0.0,sam kahn
Jaylen Dopson,PG,PANE,1.0,7.0,2.0,4.0,1.0,0.0,0.0,0.0,3.0,0.3333333432674408,0.0,0.0,0.0,jaylen dopson
Jesiah Justice,PG,PANE,1.0,10.0,2.0,1.0,0.0,0.0,0.0,0.0,4.0,0.25,0.0,0.0,0.0,jesiah justice
Donte Walters Jr.,PG,PANE,1.0,13.0,2.0,4.0,1.0,0.0,0.0,0.0,3.0,0.3333333432674408,0.0,0.0,0.0,donte walters jr
Will Gray,PG,GRNB,1.0,13.0,2.0,1.0,3.0,0.0,0.0,0.0,5.0,0.20000000298023224,0.0,0.0,2.0,will gray
Jeremiah Howard,SF,GRNB,1.0,8.0,2.0,1.0,2.0,0.0,0.0,0.0,1.0,1.0,0.0,0.0,2.0,jeremiah howard
EJ Sutton,SF,GRNB,1.0,6.0,2.0,1.0,0.0,0.0,0.0,0.0,3.0,0.3333333432674408,0.0,0.0,0.0,ej sutton
Zander Poissant,PG,NYCB,1.0,15.0,2.0,3.0,0.0,1.0,0.0,0.0,3.0,0.3333333432674408,2.0,0.0,2.0,zander poissant
Nasir Trotter,PG,NYCB,1.0,3.0,2.0,0.0,0.0,0.0,0.0,0.0,1.0,1.0,0.0,0.0,1.0,nasir trotter
Henry Sues,PG,SJBK,1.0,9.0,2.0,0.0,0.0,0.0,1.0,0.0,3.0,0.3333333432674408,0.0,0.0,0.0,henry sues
Blaise Corozzo,PG,SJBK,1.0,7.0,2.0,2.0,1.0,0.0,0.0,0.0,2.0,0.5,0.0,0.0,1.0,blaise corozzo
Nick Shlimov,PG,SJBK,1.0,7.0,2.0,0.0,2.0,2.0,0.0,0.0,3.0,0.3333333432674408,0.0,0.0,2.0,nick shlimov
Kevin Die',PG,W&L,1.0,8.0,2.0,0.0,1.0,1.0,0.0,0.0,2.0,0.5,0.0,0.0,0.0,kevin die
Shane Peters,PG,PSNK,1.0,20.0,2.0,5.0,0.0,0.0,0.0,0.0,2.0,0.5,0.0,0.0,1.0,shane peters
Keith Rockmore Jr.,PG,PSNK,1.0,22.0,2.0,1.0,0.0,0.0,0.0,0.0,5.0,0.0,4.0,0.5,1.0,keith rockmore jr
Jalen Williams,SG,SPRH,1.0,14.0,2.0,2.0,0.0,0.0,0.0,0.0,6.0,0.1666666716337204,0.0,0.0,0.0,jalen williams
Ruben Bos,SF,SPRH,1.0,27.0,2.0,7.0,1.0,0.0,1.0,0.0,2.0,0.5,0.0,0.0,0.0,ruben bos
Nikoloz Abuladze,PG,SPRH,1.0,12.0,2.0,1.0,2.0,0.0,0.0,0.0,5.0,0.20000000298023224,0.0,0.0,3.0,nikoloz abuladze
Deven Dowdie,PG,UVF,1.0,19.0,2.0,2.0,1.0,1.0,1.0,0.0,5.0,0.20000000298023224,0.0,0.0,2.0,deven dowdie
Aidan Littleton,PG,UVF,1.0,9.0,2.0,3.0,0.0,1.0,0.0,0.0,5.0,0.20000000298023224,0.0,0.0,2.0,aidan littleton
Zeke Blades,SF,OCC,1.0,16.0,2.0,1.0,2.0,0.0,0.0,0.0,2.0,0.0,2.0,1.0,1.0,zeke blades
Elijah Brush,C,GEN,1.0,6.0,2.0,2.0,0.0,0.0,0.0,0.0,1.0,1.0,0.0,0.0,1.0,elijah brush
Manny Duran,PG,ECMA,1.0,15.0,2.0,2.0,1.0,1.0,0.0,0.0,2.0,0.5,0.0,0.0,0.0,manny duran
Aidan Oliveira,PG,ECMA,1.0,24.0,2.0,2.0,3.0,1.0,0.0,0.0,3.0,0.3333333432674408,0.0,0.0,4.0,aidan oliveira
Gabriel Wright,SF,VRHS,1.0,11.0,2.0,1.0,0.0,2.0,0.0,0.0,2.0,0.0,2.0,1.0,3.0,gabriel wright
Jaheim Hall,SF,VRHS,1.0,17.0,2.0,1.0,2.0,0.0,1.0,0.0,3.0,0.3333333432674408,0.0,0.0,2.0,jaheim hall
Grady Toumazos,PG,DFC,2.0,19.0,2.0,1.0,1.0,1.0,0.0,0.0,3.5,0.1428571492433548,1.0,1.0,3.0,grady toumazos
Victor Lado,PG,PSC,1.0,16.0,2.0,1.0,0.0,0.0,0.0,0.0,6.0,0.1666666716337204,0.0,0.0,0.0,victor lado
Isaiah Poindexter,PG,PSC,1.0,18.0,2.0,2.0,1.0,1.0,0.0,0.0,3.0,0.3333333432674408,2.0,0.0,2.0,isaiah poindexter
Everett Stubblefield,PG,PSC,1.0,15.0,2.0,0.0,0.0,0.0,0.0,0.0,4.0,0.25,1.0,0.0,0.0,everett stubblefield
Quentin Wright,PG,PSC,1.0,23.0,2.0,2.0,3.0,0.0,1.0,0.0,5.0,0.20000000298023224,2.0,0.0,0.0,quentin wright
Sam Hensley,PG,PSC,1.0,11.0,2.0,2.0,0.0,0.0,0.0,0.0,3.0,0.0,2.0,1.0,2.0,sam hensley
DJ Fox,PG,MISE,2.0,6.5,2.0,1.5,1.5,0.0,0.0,0.5,1.5,0.3333333432674408,1.0,0.5,0.5,dj fox
Nathan Kongolo,PG,STTX,1.0,36.0,2.0,3.0,5.0,5.0,1.0,0.0,5.0,0.20000000298023224,0.0,0.0,2.0,nathan kongolo
Legborsi Mato,PG,STTX,1.0,13.0,2.0,2.0,0.0,1.0,1.0,0.0,2.0,0.0,2.0,1.0,0.0,legborsi mato
Garrett Rodgers,SF,STTX,1.0,19.0,2.0,2.0,2.0,0.0,0.0,0.0,1.0,1.0,0.0,0.0,0.0,garrett rodgers
Lorenzo Staley,SF,WAYN,1.0,6.0,2.0,1.0,0.0,0.0,0.0,0.0,1.0,0.0,2.0,1.0,1.0,lorenzo staley
Tyler Walls,PG,WAYN,1.0,3.0,2.0,0.0,0.0,0.0,0.0,0.0,2.0,0.5,0.0,0.0,1.0,tyler walls
Ryan Moss,SF,WAYN,1.0,4.0,2.0,0.0,0.0,0.0,0.0,0.0,1.0,1.0,0.0,0.0,0.0,ryan moss
Tyrell Miller,SF,MRCY,1.0,24.0,2.0,5.0,0.0,1.0,0.0,0.0,2.0,0.0,2.0,1.0,2.0,tyrell miller
Keaton Flaherty,PG,BVU,1.0,12.0,2.0,1.0,2.0,0.0,0.0,0.0,1.0,1.0,2.0,0.0,1.0,keaton flaherty
Brody Buck,PG,BVU,1.0,15.0,2.0,0.0,1.0,1.0,0.0,0.0,3.0,0.3333333432674408,0.0,0.0,2.0,brody buck
Landon Blatchford,SF,BVU,1.0,7.0,2.0,1.0,0.0,0.0,0.0,0.0,2.0,0.5,0.0,0.0,0.0,landon blatchford
Kaden Bean,PG,PUC,1.0,13.0,2.0,2.0,2.0,0.0,0.0,0.0,3.0,0.3333333432674408,0.0,0.0,2.0,kaden bean
Cole Biedenharn,SF,LOUR,1.0,8.0,2.0,0.0,0.0,0.0,0.0,0.0,1.0,1.0,0.0,0.0,1.0,cole biedenharn
Matthew Saurez,PG,TCFL,1.0,28.0,2.0,2.0,0.0,0.0,0.0,0.0,11.0,0.09090909361839294,0.0,0.0,4.0,matthew saurez
Timothy Trimmings,C,TCFL,1.0,20.0,2.0,2.0,0.0,1.0,0.0,0.0,9.0,0.1111111119389534,0.0,0.0,2.0,timothy trimmings
Hunter Streb,SF,AFST,1.0,9.0,2.0,1.0,0.0,0.0,0.0,0.0,4.0,0.25,0.0,0.0,0.0,hunter streb
Mussie Hayelom,PG,ERKA,2.0,3.0,2.0,0.0,0.0,0.5,0.0,0.0,1.0,1.0,0.0,0.0,0.5,mussie hayelom
Jack Martin,PG,CTNJ,1.0,14.0,2.0,1.0,1.0,0.0,0.0,0.0,5.0,0.20000000298023224,0.0,0.0,4.0,jack martin
Isaiah Gonzalez,PG,THI,1.0,5.0,2.0,0.0,0.0,0.0,0.0,0.0,3.0,0.3333333432674408,2.0,0.0,0.0,isaiah gonzalez
Samuel Wall,PG,LNCA,5.0,12.8,2.0,0.8,0.6,0.0,0.0,0.4,1.8,0.3333333432674408,0.6,0.6666666865348816,1.4,samuel wall
Joey Marshall,PG,BBU,1.0,9.0,2.0,0.0,1.0,0.0,0.0,0.0,3.0,0.0,2.0,1.0,1.0,joey marshall
Kaaba Murray,PG,BBU,1.0,13.0,2.0,1.0,0.0,1.0,0.0,0.0,4.0,0.25,0.0,0.0,1.0,kaaba murray
Shemar O'Roy-Ford,SF,LC,1.0,13.0,2.0,0.0,0.0,0.0,1.0,0.0,2.0,0.5,0.0,0.0,2.0,shemar o roy ford
Kayonte Perdue,PG,B&SA,1.0,15.0,2.0,1.0,0.0,1.0,1.0,0.0,8.0,0.125,0.0,0.0,1.0,kayonte perdue
Khaleil Gayle,PG,B&SA,1.0,16.0,2.0,1.0,0.0,0.0,0.0,0.0,4.0,0.25,0.0,0.0,1.0,khaleil gayle
Davaughn Hueitt,SF,HLGU,1.0,13.0,2.0,2.0,0.0,2.0,1.0,0.0,4.0,0.25,0.0,0.0,1.0,davaughn hueitt
Cooper Amen,SF,HLGU,1.0,9.0,2.0,0.0,0.0,0.0,0.0,0.0,0.0,0.0,2.0,1.0,1.0,cooper amen
Alex Hayes,PG,STJF,1.0,15.0,2.0,0.0,0.0,0.0,0.0,0.0,6.0,0.1666666716337204,0.0,0.0,4.0,alex hayes
Alex Girich,SF,STJF,1.0,17.0,2.0,1.0,2.0,1.0,0.0,0.0,3.0,0.3333333432674408,1.0,0.0,2.0,alex girich
Brandon Washington,PG,GLDT,1.0,23.0,2.0,5.0,0.0,1.0,0.0,0.0,5.0,0.20000000298023224,0.0,0.0,2.0,brandon washington
Jaylen Wynn,PG,VSU,1.0,9.0,2.0,2.0,1.0,0.0,0.0,0.0,3.0,0.3333333432674408,0.0,0.0,0.0,jaylen wynn
Aiden Costain,SF,DWU,1.0,13.0,2.0,3.0,0.0,0.0,1.0,0.0,1.0,1.0,0.0,0.0,1.0,aiden costain
Mikayle Oliphant,SF,PFEI,2.0,10.0,2.0,1.5,0.5,0.0,0.5,0.0,2.5,0.20000000298023224,1.0,1.0,0.5,mikayle oliphant
Zay Marte,PG,LHMN,1.0,16.0,2.0,2.0,1.0,1.0,0.0,0.0,2.0,0.0,2.0,1.0,1.0,zay marte
Marcus Vincenti,SF,LHMN,1.0,15.0,2.0,4.0,0.0,0.0,2.0,0.0,1.0,0.0,4.0,0.5,2.0,marcus vincenti
Jake Jenisch,PG,PSBH,1.0,22.0,2.0,1.0,1.0,0.0,0.0,0.0,5.0,0.20000000298023224,0.0,0.0,0.0,jake jenisch
Erin Hardrick,PG,TMCN,1.0,7.0,2.0,0.0,0.0,0.0,0.0,0.0,2.0,0.5,0.0,0.0,0.0,erin hardrick
Aiden Underdown,PG,ARTE,1.0,24.0,2.0,6.0,4.0,0.0,0.0,0.0,3.0,0.3333333432674408,2.0,0.0,1.0,aiden underdown
Kevin Siakam,SF,B&SO,1.0,4.0,2.0,2.0,0.0,0.0,0.0,0.0,3.0,0.3333333432674408,0.0,0.0,0.0,kevin siakam
Jeremiah White,PG,PANE,1.0,22.0,2.0,0.0,1.0,0.0,0.0,0.0,4.0,0.25,2.0,0.0,0.0,jeremiah white
Cameron Rothstein-Epp,PG,WLSN,1.0,7.0,2.0,0.0,2.0,1.0,0.0,0.0,1.0,1.0,0.0,0.0,0.0,cameron rothstein epp
Jakeem Cole,PG,BNIL,1.0,17.0,2.0,1.0,1.0,0.0,0.0,0.0,3.0,0.3333333432674408,0.0,0.0,3.0,jakeem cole
Jordan Freeman,PG,BNIL,1.0,8.0,2.0,1.0,1.0,1.0,0.0,0.0,3.0,0.3333333432674408,0.0,0.0,0.0,jordan freeman
Connor Louthan,PG,BNIL,1.0,5.0,2.0,1.0,0.0,0.0,1.0,0.0,1.0,1.0,0.0,0.0,0.0,connor louthan
Parker Reynolds,SF,UMA,1.0,8.0,2.0,1.0,1.0,0.0,0.0,0.0,1.0,1.0,0.0,0.0,1.0,parker reynolds
Chauncey Brown,PG,STE,1.0,3.0,2.0,0.0,0.0,0.0,0.0,0.0,1.0,1.0,0.0,0.0,0.0,chauncey brown
Elias Flaim,PG,SLC,1.0,10.0,2.0,1.0,2.0,0.0,0.0,0.0,5.0,0.20000000298023224,0.0,0.0,1.0,elias flaim
Romelo Mangum,PG,RUC,1.0,8.0,2.0,1.0,1.0,1.0,0.0,0.0,3.0,0.3333333432674408,0.0,0.0,0.0,romelo mangum
Jake Lowman,SG,OWU,2.0,23.5,2.0,2.5,3.0,1.0,0.0,0.5,6.0,0.0833333358168602,1.0,0.5,0.5,jake lowman
Sam Caldwell,SF,SMMD,2.0,7.0,2.0,1.0,0.5,0.5,0.0,0.0,3.0,0.3333333432674408,0.0,0.0,0.0,sam caldwell
Trey Kolakovich,PG,UOO,1.0,10.0,2.0,2.0,3.0,1.0,0.0,0.0,1.0,0.0,2.0,1.0,2.0,trey kolakovich
Isaiah Harper,PG,PUC,1.0,18.0,2.0,3.0,0.0,0.0,0.0,0.0,2.0,0.0,2.0,1.0,0.0,isaiah harper
Micah Norris,PG,JCSU,1.0,2.0,2.0,0.0,0.0,0.0,0.0,0.0,1.0,1.0,0.0,0.0,0.0,micah norris
Carlos Almanzar,SF,SNYO,2.0,17.0,2.0,1.5,0.0,0.0,0.0,0.0,3.5,0.2857142984867096,0.0,0.0,0.0,carlos almanzar
Braxton Lewis,SF,FMU,1.0,16.0,2.0,5.0,1.0,0.0,1.0,0.0,5.0,0.0,2.0,1.0,0.0,braxton lewis
Cameron Noel,PG,FMU,1.0,25.0,2.0,5.0,1.0,2.0,0.0,0.0,4.0,0.25,0.0,0.0,1.0,cameron noel
Morgan Brewer,SF,FMU,1.0,11.0,2.0,2.0,0.0,2.0,0.0,0.0,2.0,0.5,0.0,0.0,0.0,morgan brewer
Reese Hamburger,PG,OGLE,1.0,1.0,2.0,0.0,0.0,0.0,0.0,0.0,1.0,1.0,0.0,0.0,0.0,reese hamburger
Anthony Charlo-Placid,SF,SKC,1.0,6.0,2.0,0.0,0.0,0.0,0.0,0.0,2.0,0.5,1.0,0.0,0.0,anthony charlo placid
Kaleb Murray,PG,ABSU,1.0,7.0,2.0,0.0,0.0,0.0,0.0,0.0,2.0,0.5,0.0,0.0,0.0,kaleb murray
Blake Robison,PG,LOUR,1.0,10.0,2.0,0.0,2.0,2.0,0.0,0.0,5.0,0.20000000298023224,0.0,0.0,1.0,blake robison
Rufus Owolabi,C,PQC,1.0,9.0,2.0,3.0,0.0,1.0,0.0,0.0,1.0,1.0,0.0,0.0,1.0,rufus owolabi
KJ Johnson,PG,BAP,1.0,11.0,2.0,1.0,0.0,3.0,0.0,0.0,2.0,0.5,0.0,0.0,3.0,kj johnson
CJ McKinley,PG,BAP,1.0,7.0,2.0,0.0,0.0,0.0,1.0,0.0,1.0,1.0,0.0,0.0,3.0,cj mckinley
Wyatt Gravil,SF,PRCP,1.0,16.0,2.0,2.0,1.0,1.0,0.0,0.0,4.0,0.25,0.0,0.0,0.0,wyatt gravil
Kristiyan Vasilev,SF,MOBL,1.0,9.0,2.0,1.0,2.0,1.0,0.0,0.0,1.0,1.0,0.0,0.0,1.0,kristiyan vasilev
Mo Kamara,SF,MOBL,1.0,15.0,2.0,1.0,0.0,0.0,0.0,0.0,1.0,0.0,2.0,1.0,0.0,mo kamara
Ben Michaels,SF,UVM,31.0,13.096774,1.967742,2.2258065,0.38709676,0.12903225,0.2580645,0.06451613,1.9354838,0.36666667461395264,0.7741935,0.625,0.48387095,ben michaels
Brock Vice,SF,MUR,30.0,5.3333335,1.9666667,1.8333334,0.16666667,0.2,0.23333333,0.13333334,1.2,0.6111111044883728,0.53333336,0.6875,0.33333334,brock vice
Houston Holland,PG,UTC,28.0,10.107142,1.9642857,1.6428572,0.5714286,0.21428572,0.10714286,0.39285713,1.4642857,0.46341463923454285,0.2857143,0.75,0.39285713,houston holland
Jackson Keith,SF,BTLR,26.0,8.615385,1.9615384,1.7307693,0.23076923,0.07692308,0.07692308,0.1923077,1.6538461,0.44186046719551086,0.53846157,0.5714285969734192,0.15384616,jackson keith
Levi Beckwith,SF,UMES,26.0,17.346153,1.9615384,2.8846154,0.5769231,0.53846157,0.46153846,0.15384616,2.8461537,0.2432432472705841,0.6923077,0.6111111044883728,0.8076923,levi beckwith
Dylan Veillette,SF,MRMK,33.0,8.121212,1.939394,1.8181819,0.15151516,0.24242425,0.5151515,0.030303031,1.5757576,0.4615384638309479,0.6666667,0.6818181872367859,0.27272728,dylan veillette
Nolan Dorsey,PG,CAL,31.0,10.67742,1.9354838,1.516129,0.3548387,0.38709676,0.0,0.38709676,1.7741935,0.38181817531585693,0.29032257,0.6666666865348816,0.32258064,nolan dorsey
Eunique Rink,SF,HAMP,30.0,11.766666,1.9333333,1.9,0.16666667,0.26666668,0.73333335,0.0,1.3666667,0.6341463327407837,0.46666667,0.4285714328289032,0.4,eunique rink
Ryan Jones Jr.,SF,LIB,27.0,4.9259257,1.925926,1.074074,0.0,0.037037037,0.14814815,0.37037036,1.8888888,0.4117647111415863,0.0,0.0,0.18518518,ryan jones jr
Toby Nnadozie,PG,JXST,24.0,8.583333,1.9166666,1.2916666,0.5,0.33333334,0.083333336,0.16666667,2.375,0.31578946113586426,0.33333334,0.75,0.45833334,toby nnadozie
Elijah Thomas,PG,EWU,30.0,10.833333,1.9,1.4333333,0.33333334,0.43333334,0.26666668,0.26666668,1.8,0.31481480598449707,0.6666667,0.75,0.3,elijah thomas
King Ijeoma,SF,CAN,27.0,9.148149,1.8888888,1.7037038,0.11111111,0.18518518,0.5925926,0.037037037,1.5925926,0.4883720874786377,0.4814815,0.6153846383094788,0.5185185,king ijeoma
Muazibini Adamu,C,DSU,25.0,12.8,1.88,3.24,0.28,0.16,0.2,0.0,1.96,0.4285714328289032,0.6,0.3333333432674408,0.8,muazibini adamu
PJ Farmer,PG,SEMO,32.0,9.25,1.875,1.40625,0.96875,0.5,0.0,0.0625,1.8125,0.4137931168079376,0.53125,0.5882353186607361,0.8125,pj farmer
Garrett Shoemaker,SF,SELA,24.0,7.0416665,1.875,1.4166666,0.083333336,0.29166666,0.0,0.20833333,1.4166666,0.44117647409439087,1.1666666,0.3571428656578064,0.375,garrett shoemaker
KJ Martin Jr.,SF,TLSA,38.0,8.684211,1.8684211,1.5263158,0.7631579,0.34210527,0.05263158,0.23684211,1.4736842,0.4285714328289032,0.55263156,0.6666666865348816,0.28947368,kj martin jr
Steven Jamerson II,SF,UCLA,35.0,9.6285715,1.8571428,2.0,0.45714286,0.62857145,0.37142858,0.0,0.9142857,0.75,0.7714286,0.6296296119689941,0.6,steven jamerson ii
Max Pikaar,SF,SIU,27.0,10.814815,1.8518518,2.074074,0.33333334,0.37037036,0.7037037,0.25925925,1.7407408,0.3404255211353302,0.6666667,0.6111111044883728,0.4814815,max pikaar
Julian Clarke,PG,UNCA,26.0,10.307693,1.8461539,0.61538464,0.34615386,0.34615386,0.0,0.5,1.4230769,0.4054054021835327,0.34615386,0.5555555820465088,0.53846157,julian clarke
Liam Koelsch,C,NE,26.0,8.576923,1.8461539,2.2692308,0.15384616,0.15384616,0.15384616,0.0,1.3461539,0.6571428775787354,0.88461536,0.08695652335882187,0.07692308,liam koelsch
Federiko Federiko,SF,TA&M,31.0,8.645162,1.8387097,1.9032258,0.4516129,0.38709676,0.41935483,0.0,1.1290323,0.6000000238418579,1.032258,0.46875,0.22580644,federiko federiko
Parker Gerrits,PG,WSU,31.0,9.612904,1.8387097,1.2580645,0.87096775,0.5483871,0.0,0.48387095,1.6774193,0.4038461446762085,0.0,0.0,0.41935483,parker gerrits
Manie Joses,SF,DAV,31.0,9.32258,1.8387097,2.2258065,0.516129,0.5483871,0.5483871,0.16129032,1.3870968,0.5348837375640869,0.2580645,0.75,0.19354838,manie joses
Kai Shinholster,PG,MINN,31.0,13.129032,1.8387097,1.2258065,1.032258,0.516129,0.09677419,0.29032257,2.1935484,0.30882352590560913,0.2580645,0.75,0.38709676,kai shinholster
Miles Amos,PG,SEA,31.0,10.580646,1.8387097,1.5806452,0.61290324,0.48387095,0.0,0.19354838,1.2903225,0.4749999940395355,0.83870965,0.5,0.7741935,miles amos
Jaylin Payne,SF,LONG,29.0,7.8965516,1.8275862,1.6896552,0.2413793,0.31034482,0.10344828,0.0,1.4482758,0.5476190447807312,0.41379312,0.5833333134651184,0.55172414,jaylin payne
Frankie Mannino,PG,HARV,28.0,8.785714,1.8214285,1.2857143,0.5,0.42857143,0.10714286,0.035714287,1.2142857,0.5588235259056091,0.64285713,0.6666666865348816,0.32142857,frankie mannino
Simeon German,SF,CIT,28.0,10.178572,1.8214285,2.7142856,0.25,0.035714287,0.39285713,0.0,1.9642857,0.4363636374473572,0.64285713,0.1666666716337204,0.39285713,simeon german
Yakhya Diop,SF,MSM,31.0,8.709678,1.8064516,2.8064516,0.09677419,0.12903225,0.61290324,0.0,1.0967742,0.5,1.0967742,0.6470588445663452,0.7741935,yakhya diop
Merritt Alderink,SF,EMU,25.0,6.92,1.8,1.56,0.12,0.2,0.08,0.24,1.84,0.3695652186870575,0.32,0.625,0.48,merritt alderink
Devin Booker,PG,GMU,25.0,8.28,1.8,0.68,0.16,0.16,0.2,0.28,2.08,0.2884615361690521,0.6,0.5333333611488342,0.32,devin booker
Chris Plantey,PG,LNCA,5.0,23.6,1.8,1.0,1.8,0.8,0.0,0.6,1.8,0.3333333432674408,0.0,0.0,0.6,chris plantey
Cole Hargrove,SF,PROV,29.0,13.068966,1.7931035,2.862069,0.4827586,0.2413793,0.62068963,0.0,1.2068965,0.5142857432365417,0.82758623,0.6666666865348816,0.4827586,cole hargrove
David Idada,C,SEMO,33.0,10.757576,1.7878788,2.5454545,0.3030303,0.060606062,0.45454547,0.0,0.93939394,0.5483871102333069,1.3939394,0.54347825050354,0.45454547,david idada
Ayuba Bryant Jr.,SF,TEM,27.0,8.111111,1.7777778,1.6296296,0.14814815,0.2962963,0.25925925,0.0,1.074074,0.5862069129943848,1.1481482,0.4516128897666931,0.2962963,ayuba bryant jr
Kobe Butler,SF,JKST,27.0,10.407408,1.7777778,1.7777778,0.11111111,0.18518518,0.22222222,0.0,1.7777778,0.3958333432674408,0.44444445,0.8333333134651184,0.4074074,kobe butler
Jaydon Young,PG,UNC,31.0,7.193548,1.7741935,0.9032258,0.3548387,0.16129032,0.09677419,0.41935483,1.9354838,0.30000001192092896,0.2580645,0.75,0.2580645,jaydon young
Jackson Skipper,SF,UVM,30.0,8.233334,1.7666667,1.1,0.33333334,0.1,0.1,0.3,1.6333333,0.3469387888908386,0.43333334,0.7692307829856873,0.5,jackson skipper
Sadiku Ibine Ayo,SF,SJU,30.0,7.8,1.7666667,1.0333333,0.43333334,0.43333334,0.1,0.2,1.7666667,0.43396225571632385,0.033333335,1.0,0.26666668,sadiku ibine ayo
Coen Collier,C,UPST,30.0,14.033334,1.7666667,3.7666667,0.6,0.13333334,1.2666667,0.06666667,1.7,0.4117647111415863,0.8,0.375,0.46666667,coen collier
Tyler McKinley,SF,CIN,25.0,12.16,1.76,2.16,0.64,0.32,0.24,0.0,1.64,0.5121951103210449,0.36,0.2222222238779068,0.44,tyler mckinley
Zander Yates,SF,LIB,28.0,6.178571,1.75,0.9285714,0.2857143,0.17857143,0.071428575,0.5,1.75,0.3265306055545807,0.17857143,0.6000000238418579,0.32142857,zander yates
Riley Holliman,PG,BRYN,4.0,12.0,1.75,1.75,1.5,0.0,0.0,0.5,2.5,0.20000000298023224,0.5,0.5,1.25,riley holliman
Troy Henderson,PG,TENN,28.0,6.857143,1.75,0.42857143,1.0357143,0.39285713,0.0,0.53571427,1.8928572,0.3207547068595886,0.035714287,0.0,0.25,troy henderson
Romari Robinson,PG,SAC,24.0,11.041667,1.75,1.375,0.5,0.7083333,0.083333336,0.20833333,1.7083334,0.3414634168148041,0.625,0.6000000238418579,0.45833334,romari robinson
Matthew Ruegge,PG,KCU,4.0,8.0,1.75,0.5,0.5,0.25,0.0,0.5,1.5,0.3333333432674408,0.5,0.5,0.0,matthew ruegge
Nick Krass,PG,NICH,29.0,11.5172415,1.7241379,1.4137931,0.44827586,0.2413793,0.03448276,0.2413793,1.3793104,0.4000000059604645,0.4827586,0.7857142686843872,0.44827586,nick krass
Evan van der Plas,SF,CAN,24.0,7.0,1.7083334,1.0833334,0.16666667,0.20833333,0.083333336,0.25,1.4583334,0.4285714328289032,0.6666667,0.3125,0.375,evan van der plas
Travis Torain,PG,APSU,24.0,8.083333,1.7083334,2.125,0.041666668,0.33333334,0.20833333,0.041666668,1.3333334,0.53125,0.25,1.0,0.33333334,travis torain
Cooper Wright,SF,COLG,30.0,12.366667,1.7,1.7333333,0.6666667,0.36666667,0.43333334,0.0,1.3,0.6153846383094788,0.33333334,0.30000001192092896,0.36666667,cooper wright
Giannos Xanthopoulos,C,UNH,29.0,6.448276,1.6896552,1.862069,0.06896552,0.2413793,0.31034482,0.13793103,1.3793104,0.42500001192092896,0.41379312,0.9166666865348816,0.37931034,giannos xanthopoulos
Gabe Cupps,PG,OSU,33.0,12.242424,1.6666666,1.1212121,1.0909091,0.36363637,0.030303031,0.21212122,1.3636364,0.3777777850627899,0.57575756,0.7368420958518982,0.6363636,gabe cupps
Tracy Steele Jr.,PG,LR,24.0,10.791667,1.6666666,1.25,0.5833333,0.16666667,0.125,0.33333334,1.625,0.3333333432674408,0.7083333,0.3529411852359772,0.8333333,tracy steele jr
Houston Emory,SF,DEL,24.0,11.208333,1.6666666,1.625,0.33333334,0.5416667,0.7083333,0.083333336,0.9166667,0.6818181872367859,0.6666667,0.5,0.625,houston emory
Dillon Harris,C,BOBJ,3.0,8.333333,1.6666666,1.0,0.0,0.0,0.0,0.33333334,1.6666666,0.4000000059604645,0.0,0.0,1.6666666,dillon harris
Aidan Slocum,PG,PSSH,3.0,7.6666665,1.6666666,0.6666667,0.6666667,0.33333334,0.6666667,0.33333334,2.0,0.3333333432674408,0.0,0.0,1.6666666,aidan slocum
Nick Patton,PG,COGA,3.0,8.333333,1.6666666,1.6666666,0.33333334,0.33333334,0.0,0.0,2.6666667,0.25,0.6666667,0.5,1.0,nick patton
Ellis Graham,SF,COGA,3.0,15.333333,1.6666666,3.0,0.0,0.6666667,1.6666666,0.0,1.3333334,0.0,3.0,0.5555555820465088,1.3333334,ellis graham
Adrian Walker,PG,TCJ,3.0,6.3333335,1.6666666,1.3333334,0.0,0.33333334,0.0,0.0,2.0,0.3333333432674408,0.6666667,0.5,0.33333334,adrian walker
Hayden Jones,PG,WIS,27.0,7.148148,1.6666666,1.037037,0.4074074,0.18518518,0.074074075,0.037037037,0.962963,0.6153846383094788,0.8148148,0.5454545617103577,0.5185185,hayden jones
Langston Boyd,C,PSSH,3.0,18.0,1.6666666,2.3333333,0.33333334,0.33333334,0.33333334,0.33333334,2.6666667,0.25,0.0,0.0,2.0,langston boyd
Didier Maleng,SF,DEN,27.0,7.5555553,1.6666666,1.6296296,0.14814815,0.14814815,0.14814815,0.0,1.2592592,0.44117647409439087,0.8518519,0.6521739363670349,0.22222222,didier maleng
Ethan Dunn,PG,MIDW,3.0,7.0,1.6666666,0.0,0.6666667,0.33333334,0.0,0.0,1.3333334,0.5,0.6666667,0.5,0.33333334,ethan dunn
Kaleb Salazar,PG,NOB,6.0,5.5,1.6666666,0.5,0.33333334,0.0,0.0,0.5,0.6666667,0.75,0.33333334,0.5,0.5,kaleb salazar
Mykiah Wyche,PG,CHAM,3.0,6.0,1.6666666,1.0,0.33333334,0.0,0.0,0.33333334,1.6666666,0.20000000298023224,1.3333334,0.5,0.6666667,mykiah wyche
Kordon Henderson,PG,DCC,3.0,6.6666665,1.6666666,0.6666667,0.0,0.33333334,0.0,0.33333334,0.33333334,1.0,1.3333334,0.5,1.3333334,kordon henderson
Lance Figg,PG,WCBC,3.0,17.0,1.6666666,0.6666667,0.0,0.0,0.0,0.0,2.6666667,0.125,1.6666666,0.6000000238418579,0.6666667,lance figg
Erik Lucero,SF,SWA,3.0,11.0,1.6666666,1.0,0.0,0.0,0.0,0.0,1.6666666,0.4000000059604645,0.33333334,1.0,1.0,erik lucero
Willie Fragher Jr.,PG,JUS,3.0,12.333333,1.6666666,3.0,0.33333334,1.0,0.33333334,0.33333334,1.6666666,0.4000000059604645,0.0,0.0,0.33333334,willie fragher jr
Mitchell Holmes,SF,SMU,26.0,5.230769,1.6538461,0.88461536,0.15384616,0.07692308,0.15384616,0.0,1.0384616,0.7037037014961243,0.1923077,1.0,0.15384616,mitchell holmes
Grant Whitaker,PG,BELL,27.0,7.851852,1.6296296,1.074074,0.7777778,0.22222222,0.0,0.074074075,1.3333334,0.4722222089767456,0.4074074,0.7272727489471436,0.5925926,grant whitaker
Salih Altuntas,SF,MIA,32.0,7.8125,1.625,1.9375,0.125,0.21875,0.40625,0.0,1.09375,0.6571428775787354,0.5,0.375,0.375,salih altuntas
Chance Sutton,SF,MVSU,29.0,11.655172,1.6206896,2.137931,0.20689656,0.37931034,0.2413793,0.0,1.4482758,0.4523809552192688,0.62068963,0.5,0.86206895,chance sutton
Mario Andrews,C,ALST,31.0,9.096774,1.6129032,3.064516,0.06451613,0.29032257,0.032258064,0.032258064,1.3870968,0.4883720874786377,0.58064514,0.3888888955116272,0.3548387,mario andrews
Robert Carrigan,PG,CHCC,5.0,7.8,1.6,0.6,0.0,0.2,0.0,0.4,2.8,0.2142857164144516,0.0,0.0,0.8,robert carrigan
Ralph Akuta,SF,DREX,29.0,4.9310346,1.5862069,0.82758623,0.06896552,0.10344828,0.6551724,0.0,1.1724138,0.5882353186607361,0.62068963,0.3333333432674408,0.37931034,ralph akuta
Jasai Miles,PG,IU,26.0,9.461538,1.5769231,1.9230769,0.42307693,0.03846154,0.115384616,0.23076923,1.5769231,0.3414634168148041,0.53846157,0.5,0.46153846,jasai miles
Chukwudi Okoli,C,BTHS,7.0,15.285714,1.5714285,2.0,0.14285715,0.14285715,0.5714286,0.14285715,2.2857144,0.3125,0.0,0.0,0.42857143,chukwudi okoli
Douglas Langford,SF,SJSU,27.0,10.777778,1.5555556,2.4074075,0.2962963,0.44444445,0.6296296,0.0,1.5925926,0.39534884691238403,0.5185185,0.5714285969734192,0.5925926,douglas langford
Jacob Meachem,PG,BUCK,30.0,10.5,1.5333333,0.46666667,1.5666667,0.33333334,0.0,0.1,1.7666667,0.24528302252292633,0.73333335,0.7727272510528564,0.96666664,jacob meachem
Everett Barnes,SF,L-MD,25.0,8.48,1.52,1.6,0.28,0.12,0.48,0.08,1.32,0.4848484992980957,0.8,0.20000000298023224,0.28,everett barnes
Donovan Raymond,SF,ODU,31.0,6.419355,1.516129,1.3870968,0.19354838,0.32258064,0.3548387,0.0,0.87096775,0.6666666865348816,0.7741935,0.4583333432674408,0.29032257,donovan raymond
Makoi Mabor Makoi,SF,UNCW,33.0,8.69697,1.5151515,2.5757575,0.15151516,0.060606062,0.121212125,0.0,1.3030303,0.4883720874786377,0.3030303,0.800000011920929,0.54545456,makoi mabor makoi
Isaac Orozco,PG,TXLU,2.0,15.5,1.5,0.5,0.5,1.0,0.0,0.5,3.0,0.1666666716337204,0.0,0.0,2.0,isaac orozco
Kody Robinson,PG,NYMT,2.0,6.5,1.5,0.0,1.0,0.0,0.5,0.5,1.5,0.3333333432674408,0.0,0.0,0.0,kody robinson
Zachary Reed,PG,COCU,2.0,13.5,1.5,1.0,1.0,1.0,0.0,0.5,2.5,0.20000000298023224,0.0,0.0,0.5,zachary reed
Aaron Hernandez,SF,LPU,2.0,3.0,1.5,0.5,0.0,0.0,0.0,0.5,1.0,0.5,0.0,0.0,0.0,aaron hernandez
DJ Shelton,PG,STX,2.0,8.5,1.5,2.5,1.0,0.5,0.0,0.5,1.0,0.5,0.0,0.0,0.5,dj shelton
Mojo Chisler,SF,NCF,2.0,13.5,1.5,2.0,0.5,0.0,0.5,0.5,1.5,0.3333333432674408,0.0,0.0,0.5,mojo chisler
Matthew Hale,SG,SOVA,2.0,6.5,1.5,1.0,0.5,0.0,0.0,0.5,3.0,0.1666666716337204,0.0,0.0,0.0,matthew hale
Cole Matthews,PG,BCWV,2.0,8.5,1.5,0.0,0.5,0.5,0.0,0.5,1.5,0.3333333432674408,0.0,0.0,1.5,cole matthews
Ben Bass,SF,PSBW,2.0,10.5,1.5,1.5,2.0,0.0,0.0,0.5,1.5,0.3333333432674408,0.0,0.0,1.0,ben bass
Kam O'Connor,PG,UNKY,2.0,14.5,1.5,1.0,0.5,0.0,0.0,0.5,2.5,0.20000000298023224,0.0,0.0,1.5,kam o connor
Kevin New Jr.,PG,WCMD,2.0,10.0,1.5,2.0,1.5,0.5,0.0,0.5,4.0,0.125,0.0,0.0,0.0,kevin new jr
Mac Ryken,PG,MMU,2.0,18.0,1.5,0.5,1.0,1.0,0.0,0.5,5.0,0.10000000149011612,0.5,0.0,1.5,mac ryken
Darryl Wright,PG,MISE,2.0,14.0,1.5,1.0,3.0,0.5,0.0,0.0,3.5,0.1428571492433548,2.0,0.25,1.0,darryl wright
Hyrum McConkie,C,SOVA,2.0,16.0,1.5,4.0,0.0,0.0,0.5,0.0,4.5,0.0,2.0,0.75,1.0,hyrum mcconkie
Jesse Tricario,SF,NYMT,2.0,18.5,1.5,3.0,0.5,0.0,1.0,0.0,0.5,1.0,1.0,0.5,0.5,jesse tricario
Frank Sweeney,SF,NYMT,2.0,9.5,1.5,1.0,0.5,0.5,0.5,0.0,3.0,0.1666666716337204,1.0,0.5,0.5,frank sweeney
Ryan Nasuti,PG,MISE,2.0,7.0,1.5,1.0,0.0,0.0,0.0,0.0,2.0,0.25,0.5,1.0,0.0,ryan nasuti
Sean Calloway,PG,HWPU,2.0,7.5,1.5,1.0,0.0,0.0,0.0,0.5,2.0,0.25,0.0,0.0,0.0,sean calloway
Filip Radulovic,PG,TASA,2.0,8.5,1.5,0.5,1.0,0.0,0.0,0.5,2.0,0.25,0.0,0.0,0.5,filip radulovic
DJ White,PG,EOU,2.0,3.5,1.5,1.0,0.0,0.0,0.0,0.0,2.0,0.25,1.0,0.5,0.0,dj white
Seth Wright,SF,WAU,2.0,9.0,1.5,1.5,0.0,0.0,0.0,0.5,2.0,0.25,0.0,0.0,0.5,seth wright
Tayeshaun Smith,SF,WCU,30.0,9.733334,1.5,1.6666666,0.23333333,0.16666667,0.4,0.06666667,1.3,0.41025641560554504,0.46666667,0.7857142686843872,0.4,tayeshaun smith
Isaiah Halliburton,PG,HTU,2.0,8.5,1.5,1.5,0.5,1.0,0.0,0.5,2.0,0.25,0.0,0.0,1.0,isaiah halliburton
Bradley Robinson,PG,MIDW,4.0,11.75,1.5,0.75,0.5,0.75,0.25,0.25,2.0,0.25,1.0,0.25,0.75,bradley robinson
Bowman Holloway,PG,NCF,2.0,6.0,1.5,0.5,0.0,0.5,0.0,0.5,2.0,0.25,0.0,0.0,1.0,bowman holloway
Jeremiah Wilson,PG,TUSC,2.0,15.0,1.5,1.0,1.0,0.5,1.0,0.5,2.0,0.25,1.0,0.0,0.0,jeremiah wilson
Jai'Den Davis,C,TUSC,2.0,7.0,1.5,3.5,0.0,0.0,1.0,0.0,1.5,0.3333333432674408,0.5,1.0,0.0,jai den davis
Michael Bone,PG,TOCC,4.0,10.5,1.5,2.25,0.25,0.0,0.0,0.0,1.5,0.5,0.0,0.0,1.75,michael bone
Jeremiah Carter,PG,DMIL,2.0,4.5,1.5,0.5,0.5,0.0,0.0,0.0,1.0,0.5,1.0,0.5,0.0,jeremiah carter
Jordan Stabile,PG,DALL,2.0,1.5,1.5,0.0,0.0,0.0,0.0,0.5,0.5,1.0,0.0,0.0,0.5,jordan stabile
Tailon Manson,C,ECSU,2.0,3.0,1.5,0.0,0.5,0.0,0.0,0.0,0.0,0.0,2.0,0.75,0.0,tailon manson
Bruno Issaqui,PG,OCU,2.0,6.5,1.5,0.0,0.0,0.0,0.0,0.5,1.0,0.5,0.0,0.0,0.0,bruno issaqui
Devin Dunn,SF,UNKY,2.0,20.0,1.5,2.0,0.0,1.0,0.5,0.5,4.5,0.1111111119389534,0.0,0.0,0.5,devin dunn
Bridger Anderson,C,SOVA,2.0,3.0,1.5,0.5,0.0,0.0,0.5,0.0,0.5,1.0,0.5,1.0,0.0,bridger anderson
Joseph Taylor,PG,TASA,2.0,6.5,1.5,0.5,0.0,0.0,0.0,0.5,1.5,0.3333333432674408,0.0,0.0,1.0,joseph taylor
Blake Petty,PG,TASA,2.0,10.0,1.5,0.0,0.0,0.0,0.0,0.0,2.5,0.20000000298023224,1.0,0.5,0.0,blake petty
James Morgan,PG,STX,2.0,16.5,1.5,1.5,0.5,0.5,0.0,0.5,3.0,0.1666666716337204,0.0,0.0,0.5,james morgan
Reilly McIlraith,PG,ESC,2.0,16.0,1.5,0.5,0.0,0.5,0.0,0.0,3.0,0.1666666716337204,0.5,1.0,1.0,reilly mcilraith
Ryan Raich,PG,BCWV,2.0,3.5,1.5,0.0,0.0,0.0,0.0,0.5,1.5,0.3333333432674408,0.0,0.0,0.0,ryan raich
Tyler Stephens,SF,AVER,2.0,15.5,1.5,1.0,0.0,0.0,0.5,0.0,3.0,0.1666666716337204,0.5,1.0,2.5,tyler stephens
Kyle McCullough,PG,CSJ,2.0,9.0,1.5,0.5,0.0,0.5,0.0,0.5,1.5,0.3333333432674408,0.0,0.0,0.5,kyle mccullough
Jakenyon McGhee,SF,TOUG,2.0,10.0,1.5,1.0,0.0,0.0,0.0,0.0,3.0,0.1666666716337204,1.0,0.5,0.5,jakenyon mcghee
Connor Yocom,PG,HWPU,2.0,2.5,1.5,0.0,0.0,0.5,0.0,0.5,1.5,0.3333333432674408,0.0,0.0,0.0,connor yocom
Isaac Thorpe,PG,CIU,2.0,7.5,1.5,0.5,1.0,0.0,0.0,0.5,1.5,0.3333333432674408,0.0,0.0,0.0,isaac thorpe
Geon Hutchins,PG,UNI,35.0,7.5142856,1.4857143,1.1714286,0.22857143,0.34285715,0.057142857,0.22857143,1.4285715,0.36000001430511475,0.4,0.5714285969734192,0.31428573,geon hutchins
Janko Bulajic,C,LAM,31.0,11.741936,1.483871,3.064516,0.87096775,0.41935483,0.2580645,0.0,0.9677419,0.6000000238418579,0.7419355,0.43478259444236755,0.7419355,janko bulajic
Xavier Shegog,SF,WGA,31.0,8.67742,1.483871,1.8387097,0.2580645,0.12903225,0.22580644,0.12903225,1.3548387,0.380952388048172,0.6451613,0.5,0.7096774,xavier shegog
Blaize Sagna,PG,SEMO,27.0,8.814815,1.4814814,0.962963,0.37037036,0.25925925,0.074074075,0.25925925,1.3703704,0.3243243098258972,0.37037036,0.8999999761581421,0.2962963,blaize sagna
Declan Cutler,SF,WEB,27.0,7.148148,1.4814814,2.074074,0.22222222,0.14814815,0.25925925,0.0,1.0,0.6296296119689941,0.4074074,0.5454545617103577,0.33333334,declan cutler
Quin Patterson,PG,IDST,25.0,8.24,1.48,0.64,0.12,0.16,0.0,0.36,1.4,0.3142857253551483,0.36,0.6666666865348816,0.28,quin patterson
Calvin Robins Jr.,SF,HOW,33.0,5.6969695,1.4545455,1.2424242,0.09090909,0.15151516,0.18181819,0.0,1.0,0.6363636255264282,0.45454547,0.4000000059604645,0.36363637,calvin robins jr
Dylan Anderson,C,MUR,31.0,6.870968,1.451613,1.6774193,0.41935483,0.09677419,0.32258064,0.16129032,1.483871,0.3695652186870575,0.32258064,0.6000000238418579,0.516129,dylan anderson
Kolby Ward,PG,CBS,9.0,11.0,1.4444444,0.22222222,0.33333334,0.5555556,0.0,0.0,1.7777778,0.0625,1.5555556,0.7857142686843872,1.1111112,kolby ward
Curtis Stinson Jr.,PG,UNT,32.0,8.84375,1.4375,0.9375,0.71875,0.34375,0.0,0.03125,1.75,0.2857142984867096,0.46875,0.8666666746139526,0.5625,curtis stinson jr
Misha Bednostin,C,LAF,28.0,10.071428,1.4285715,1.8928572,0.78571427,0.17857143,0.21428572,0.0,0.9285714,0.5769230723381042,0.64285713,0.5555555820465088,0.60714287,misha bednostin
Evan Phelps,PG,ETAM,31.0,14.16129,1.4193548,0.67741936,1.1290323,0.7419355,0.16129032,0.2580645,2.2258065,0.23188406229019165,0.48387095,0.2666666805744171,1.0,evan phelps
Riek Riek,SF,GWEB,27.0,10.444445,1.4074074,1.2592592,0.4814815,0.11111111,0.25925925,0.22222222,1.3333334,0.3888888955116272,0.22222222,0.6666666865348816,0.7777778,riek riek
James Thomas,SF,MERC,33.0,9.575758,1.3939394,1.969697,0.42424244,0.36363637,0.121212125,0.0,1.2424242,0.4878048896789551,0.6666667,0.27272728085517883,0.33333334,james thomas
Caleb Delzell,SF,SDST,28.0,8.964286,1.3928572,1.6785715,0.60714287,0.14285715,0.035714287,0.2857143,1.5,0.3571428656578064,0.14285715,0.25,0.32142857,caleb delzell
Niklas Polonowski,SF,PENN,23.0,6.0434785,1.3913044,0.65217394,0.2173913,0.04347826,0.0,0.3043478,1.3478261,0.29032257199287415,0.47826087,0.6363636255264282,0.08695652,niklas polonowski
Justin Hinds,PG,AF,29.0,11.4827585,1.3793104,1.4482758,0.51724136,0.27586207,0.2413793,0.1724138,1.8965517,0.2545454502105713,0.41379312,0.5833333134651184,0.6551724,justin hinds
Aleks Alston,SF,MD,25.0,8.44,1.36,1.68,0.32,0.2,0.16,0.2,1.44,0.3333333432674408,0.36,0.5555555820465088,0.4,aleks alston
Mike Collins,PG,UL,31.0,9.258064,1.3548387,0.7419355,1.0,0.38709676,0.06451613,0.06451613,1.9354838,0.23333333432674408,0.61290324,0.6315789222717285,0.32258064,mike collins
Cameron Boone,SF,MOST,29.0,7.793103,1.3448275,1.4482758,0.10344828,0.03448276,0.6896552,0.0,0.79310346,0.6521739363670349,0.55172414,0.5625,0.2413793,cameron boone
Noah Williamson,C,ALA,33.0,8.151515,1.3333334,1.5151515,0.33333334,0.33333334,0.27272728,0.15151516,1.4545455,0.3125,0.42424244,0.6428571343421936,0.54545456,noah williamson
David Witcher,PG,SWES,3.0,10.333333,1.3333334,1.3333334,0.0,0.6666667,0.0,0.0,1.3333334,0.5,0.0,0.0,0.0,david witcher
Luke Garrett,SF,CU,3.0,6.3333335,1.3333334,2.0,0.33333334,0.0,0.0,0.33333334,1.3333334,0.25,0.6666667,0.5,0.33333334,luke garrett
Jonah Jenkins,PG,SWCU,3.0,9.333333,1.3333334,0.6666667,1.3333334,0.0,0.0,0.33333334,1.6666666,0.20000000298023224,0.6666667,0.5,1.3333334,jonah jenkins
Jayden Cincotta,PG,SWCU,3.0,5.3333335,1.3333334,0.33333334,0.0,0.0,0.0,0.0,2.3333333,0.1428571492433548,1.3333334,0.5,0.0,jayden cincotta
Josh Bledsoe,PG,TCJ,3.0,7.0,1.3333334,0.0,0.6666667,0.0,0.0,0.0,2.3333333,0.1428571492433548,0.6666667,1.0,0.6666667,josh bledsoe
Riley Massey,PG,NDSU,33.0,8.242424,1.3333334,0.93939394,0.45454547,0.57575756,0.0,0.24242425,1.3939394,0.28260868787765503,0.42424244,0.7142857313156128,0.24242425,riley massey
DJ Ham,PG,BRYN,3.0,9.666667,1.3333334,3.3333333,1.0,0.0,0.33333334,0.0,3.6666667,0.1818181872367859,0.0,0.0,1.6666666,dj ham
Jonathan Campbell,PG,DKSU,3.0,3.6666667,1.3333334,1.3333334,0.0,0.0,0.0,0.0,1.6666666,0.4000000059604645,0.0,0.0,0.33333334,jonathan campbell
Derek Rivers,PG,TCJ,3.0,9.0,1.3333334,1.0,0.6666667,0.0,0.0,0.33333334,1.6666666,0.20000000298023224,1.0,0.3333333432674408,0.6666667,derek rivers
Nathanael Lewis,SF,SWES,3.0,10.666667,1.3333334,2.0,0.0,0.0,0.0,0.0,2.3333333,0.2857142984867096,0.0,0.0,0.6666667,nathanael lewis
Jayden Guillaume,SF,SWES,3.0,7.3333335,1.3333334,1.0,0.33333334,0.0,0.0,0.0,2.3333333,0.1428571492433548,1.3333334,0.5,0.0,jayden guillaume
Michael Grant,PG,ABU,3.0,7.0,1.3333334,1.3333334,0.33333334,0.0,0.0,0.0,2.3333333,0.2857142984867096,0.0,0.0,0.6666667,michael grant
Tre Bradley,PG,VTSJ,3.0,16.666666,1.3333334,1.0,1.0,0.6666667,0.0,0.0,3.3333333,0.20000000298023224,0.0,0.0,0.6666667,tre bradley
Austin Smith,PG,SWCU,3.0,5.0,1.3333334,0.33333334,0.0,0.0,0.0,0.33333334,3.3333333,0.10000000149011612,0.6666667,0.5,0.6666667,austin smith
Makyah Chambers,PG,NWIC,3.0,8.333333,1.3333334,1.0,0.0,1.3333334,0.0,0.0,2.6666667,0.125,1.0,0.6666666865348816,1.3333334,makyah chambers
Collin Metcalf,C,MD,31.0,13.4838705,1.3225807,3.2258065,0.29032257,0.09677419,0.67741936,0.0,1.0645162,0.5454545617103577,0.41935483,0.38461539149284363,0.516129,collin metcalf
Myles Walker,PG,NEV,32.0,7.6875,1.3125,0.625,1.40625,0.4375,0.0,0.1875,1.28125,0.39024388790130615,0.125,1.0,0.40625,myles walker
Ras Elijah Godbolt,PG,FDU,30.0,11.666667,1.3,0.8333333,0.9,0.33333334,0.06666667,0.13333334,1.4333333,0.25581395626068115,0.5,0.8666666746139526,0.3,ras elijah godbolt
Parker Robison,PG,UTC,27.0,10.703704,1.2962962,1.5185186,0.7777778,0.44444445,0.11111111,0.074074075,1.4814814,0.3499999940395355,0.2962963,0.625,0.22222222,parker robison
Creighton Morisch,SF,APSU,31.0,8.903226,1.2903225,1.9354838,0.38709676,0.2580645,0.19354838,0.06451613,1.2580645,0.4615384638309479,0.3548387,0.1818181872367859,0.61290324,creighton morisch
Youssouf Singare,SF,HPU,32.0,7.625,1.28125,1.9375,0.125,0.375,0.15625,0.0,0.6875,0.6818181872367859,0.625,0.550000011920929,0.375,youssouf singare
Quinn Nielsen,SF,BU,29.0,8.310345,1.2758621,2.4827585,0.13793103,0.13793103,0.13793103,0.0,0.7241379,0.5714285969734192,0.9310345,0.48148149251937866,0.44827586,quinn nielsen
Jamir McNeil,PG,RID,29.0,9.586206,1.2758621,0.55172414,0.5862069,0.51724136,0.03448276,0.06896552,1.3103448,0.34210526943206787,0.55172414,0.5625,0.55172414,jamir mcneil
Nes Emeneke,SF,UCI,35.0,8.228572,1.2571429,2.4285715,0.17142858,0.22857143,0.85714287,0.0,1.1142857,0.43589743971824646,0.8,0.3571428656578064,0.31428573,nes emeneke
B.J. Davis-Ray,PG,SMU,32.0,7.0625,1.25,0.71875,0.375,0.28125,0.03125,0.15625,1.40625,0.35555556416511536,0.125,0.75,0.28125,b j davis ray
Jack Edelen,PG,WKU,28.0,7.785714,1.25,0.71428573,1.0,0.25,0.035714287,0.10714286,1.5357143,0.23255814611911774,0.4642857,0.9230769276618958,0.5,jack edelen
Ty Davis,PG,CREI,33.0,11.181818,1.2424242,1.5757576,1.1515151,0.33333334,0.030303031,0.121212125,1.1212121,0.29729729890823364,0.57575756,0.7894737124443054,0.8181818,ty davis
Corey Dunning,SF,PV,34.0,17.941177,1.2352941,3.235294,0.5882353,0.7058824,1.117647,0.0,1.0882353,0.5405405163764954,0.23529412,0.25,0.3529412,corey dunning
Angok Anyang,SF,AAMU,26.0,7.269231,1.2307693,1.3846154,0.23076923,0.07692308,0.15384616,0.0,0.88461536,0.5652173757553101,0.3846154,0.6000000238418579,0.26923078,angok anyang
Darrius Bolden,PG,BELL,28.0,10.928572,1.2142857,0.85714287,1.6428572,0.71428573,0.0,0.10714286,1.1785715,0.3030303120613098,0.5714286,0.6875,0.5,darrius bolden
Braden Pierce,C,VILL,30.0,6.5,1.1666666,0.9,0.46666667,0.16666667,0.36666667,0.0,0.8,0.6666666865348816,0.16666667,0.6000000238418579,0.33333334,braden pierce
Ryder Moore,PG,NOB,6.0,12.166667,1.1666666,0.8333333,1.1666666,0.5,0.0,0.16666667,1.5,0.3333333432674408,0.0,0.0,0.6666667,ryder moore
Ubong-Abasi Etim,C,SELA,31.0,7.387097,1.1612903,1.516129,0.16129032,0.06451613,0.16129032,0.0,1.0645162,0.5151515007019043,0.38709676,0.1666666716337204,0.22580644,ubong abasi etim
Babacar Mbengue,SF,KC,25.0,8.0,1.16,1.48,0.28,0.04,0.76,0.0,1.0,0.47999998927116394,0.76,0.2631579041481018,0.44,babacar mbengue
Tim Okojie,C,SCST,32.0,10.90625,1.15625,1.25,0.125,0.09375,1.4375,0.0,1.03125,0.42424243688583374,0.84375,0.3333333432674408,0.5,tim okojie
Ryan Zan,SF,FAIR,28.0,8.571428,1.1428572,1.5357143,0.14285715,0.14285715,0.0,0.14285715,1.3214285,0.3513513505458832,0.10714286,0.6666666865348816,0.39285713,ryan zan
Dennis Asoro,SF,UAPB,30.0,5.266667,1.1333333,1.0666667,0.16666667,0.13333334,0.1,0.0,0.9,0.5925925970077515,0.23333333,0.2857142984867096,0.46666667,dennis asoro
Sage Tolentino,SF,UNCA,27.0,9.111111,1.1111112,1.7777778,0.25925925,0.18518518,0.4814815,0.0,0.7037037,0.5789473652839661,0.37037036,0.800000011920929,0.25925925,sage tolentino
Jamal Albritton,C,UNA,28.0,8.285714,1.0714285,1.8928572,0.10714286,0.035714287,0.8214286,0.0,0.8214286,0.5652173757553101,0.39285713,0.3636363744735718,0.35714287,jamal albritton
Ismaila Diagne,C,GONZ,28.0,6.928571,1.0714285,2.392857,0.14285715,0.14285715,0.5714286,0.0,0.85714287,0.5,0.53571427,0.4000000059604645,0.35714287,ismaila diagne
Jeriah Coleman,C,NEV,29.0,5.793103,1.0689656,1.5517242,0.03448276,0.06896552,0.41379312,0.0,0.5862069,0.7058823704719543,0.4827586,0.5,0.10344828,jeriah coleman
Will Garlock,SF,WIS,30.0,6.633333,1.0666667,1.0666667,0.6666667,0.06666667,0.16666667,0.0,0.6,0.7222222089767456,0.5,0.4000000059604645,0.36666667,will garlock
Elijah Boyd,PG,PRCP,1.0,8.0,1.0,2.0,0.0,0.0,0.0,0.0,3.0,0.0,2.0,0.5,0.0,elijah boyd
John Shanu II,C,EMU,29.0,9.034483,1.0,1.4482758,0.10344828,0.13793103,0.31034482,0.0,0.7586207,0.5909090638160706,0.20689656,0.5,0.51724136,john shanu ii
Kyran Ratliff,SF,UL,31.0,8.548388,1.0,1.7419355,0.2580645,0.16129032,0.32258064,0.12903225,1.0645162,0.3333333432674408,0.29032257,0.5555555820465088,0.2580645,kyran ratliff
Taien Jackson,PG,LC,1.0,19.0,1.0,0.0,1.0,0.0,0.0,0.0,1.0,0.0,2.0,0.5,1.0,taien jackson
Brodie Scott,PG,LGC,2.0,14.5,1.0,1.5,1.0,1.0,0.5,0.0,2.5,0.20000000298023224,1.0,0.0,0.5,brodie scott
Trenton Dillard,SF,LGC,2.0,10.5,1.0,0.5,1.5,0.0,1.0,0.0,1.0,0.5,0.5,0.0,2.0,trenton dillard
Devin Foster,PG,ARTE,1.0,28.0,1.0,3.0,3.0,3.0,0.0,0.0,5.0,0.0,2.0,0.5,1.0,devin foster
Cass Ramberg,SF,RHDS,2.0,16.5,1.0,5.5,0.0,0.0,0.5,0.0,2.5,0.20000000298023224,0.0,0.0,0.5,cass ramberg
Mike Wagner,PG,RHDS,2.0,10.5,1.0,1.5,1.0,1.0,0.0,0.0,2.0,0.0,1.0,1.0,2.5,mike wagner
JD Salo,SF,SMMD,2.0,11.5,1.0,1.5,0.0,0.0,1.5,0.0,2.0,0.25,0.0,0.0,2.0,jd salo
Lawrence Reid,SF,STE,1.0,12.0,1.0,2.0,0.0,0.0,1.0,0.0,2.0,0.0,2.0,0.5,1.0,lawrence reid
Tyler Harts,SF,LHMN,1.0,24.0,1.0,3.0,1.0,1.0,1.0,0.0,4.0,0.0,1.0,1.0,3.0,tyler harts
Jalen Snead,PG,GWYD,1.0,31.0,1.0,2.0,3.0,2.0,0.0,0.0,5.0,0.0,2.0,0.5,3.0,jalen snead
Myles Randolph,PG,CU,3.0,6.0,1.0,1.3333334,0.0,0.0,0.33333334,0.0,1.0,0.3333333432674408,1.0,0.3333333432674408,0.6666667,myles randolph
Chris Carter,PG,BMCU,2.0,7.5,1.0,1.0,0.5,1.0,0.0,0.0,2.0,0.0,1.0,1.0,0.0,chris carter
Erdemalp Erdem,SF,BRES,2.0,3.5,1.0,0.0,0.0,0.0,0.0,0.0,0.5,1.0,1.0,0.0,0.0,erdemalp erdem
Shawn Charles,SF,CC,1.0,23.0,1.0,1.0,0.0,0.0,3.0,0.0,1.0,0.0,4.0,0.25,1.0,shawn charles
Francisco Lopez,PG,CC,1.0,6.0,1.0,0.0,0.0,0.0,0.0,0.0,2.0,0.0,2.0,0.5,0.0,francisco lopez
Dajer Muldrow,SF,CHEY,2.0,14.0,1.0,0.5,0.0,0.0,0.5,0.0,2.5,0.20000000298023224,0.5,0.0,1.5,dajer muldrow
Jason Young,PG,CHEY,2.0,9.5,1.0,0.0,0.5,0.5,0.0,0.0,1.5,0.3333333432674408,0.5,0.0,1.0,jason young
Judah Casaus,PG,WNMU,1.0,3.0,1.0,1.0,0.0,0.0,0.0,0.0,0.0,0.0,2.0,0.5,0.0,judah casaus
Charles Reisman,PG,RHDT,2.0,5.0,1.0,0.0,0.0,0.0,0.0,0.0,1.0,0.0,1.0,1.0,0.0,charles reisman
Luke Lacey,C,SOVA,2.0,4.0,1.0,0.5,0.5,0.0,0.0,0.0,1.0,0.5,0.0,0.0,0.0,luke lacey
Chadan Hamilton,PG,LGC,2.0,16.0,1.0,2.0,1.5,0.5,0.0,0.0,2.0,0.25,0.0,0.0,1.5,chadan hamilton
Faron Cureton,PG,THMC,1.0,15.0,1.0,0.0,0.0,0.0,1.0,0.0,6.0,0.0,2.0,0.5,0.0,faron cureton
Edwim Mercado,PG,STE,1.0,8.0,1.0,0.0,0.0,0.0,0.0,0.0,2.0,0.0,2.0,0.5,1.0,edwim mercado
Amyr Walker,PG,ARCA,1.0,13.0,1.0,1.0,2.0,0.0,1.0,0.0,1.0,0.0,2.0,0.5,0.0,amyr walker
Damjan Vukčević,C,TUSC,2.0,13.0,1.0,4.5,1.0,1.5,1.0,0.0,4.0,0.125,0.0,0.0,3.5,damjan vukcevic
Jack Fischvogt,PG,IUC,1.0,12.0,1.0,2.0,1.0,0.0,0.0,0.0,2.0,0.0,2.0,0.5,0.0,jack fischvogt
Grant Ekakitie,SF,UNTD,1.0,10.0,1.0,1.0,0.0,0.0,0.0,0.0,0.0,0.0,2.0,0.5,2.0,grant ekakitie
Mikko Persia,PG,PSUY,1.0,2.0,1.0,1.0,0.0,0.0,0.0,0.0,0.0,0.0,2.0,0.5,0.0,mikko persia
Jonathan Olodude,PG,NCF,2.0,9.5,1.0,0.5,1.0,0.5,0.0,0.0,1.0,0.5,0.0,0.0,0.0,jonathan olodude
Drake Stewart,PG,PFEI,2.0,15.5,1.0,1.5,1.5,0.0,0.5,0.0,2.5,0.20000000298023224,1.0,0.0,2.5,drake stewart
Josh Johnson,PG,PFEI,2.0,4.5,1.0,0.0,0.0,1.0,0.0,0.0,0.5,1.0,0.0,0.0,0.5,josh johnson
Evan McKnight,C,SFST,2.0,12.0,1.0,1.5,0.5,0.0,0.0,0.0,0.5,1.0,0.0,0.0,0.5,evan mcknight
Aries Vega,PG,PUGB,1.0,6.0,1.0,2.0,0.0,0.0,0.0,0.0,2.0,0.0,2.0,0.5,0.0,aries vega
Nathaniel Cohen,PG,SNYO,2.0,8.5,1.0,0.5,0.0,0.5,0.0,0.0,3.5,0.1428571492433548,0.0,0.0,0.5,nathaniel cohen
Brandon Kincaid,SF,PONT,1.0,14.0,1.0,3.0,0.0,0.0,0.0,0.0,1.0,0.0,2.0,0.5,0.0,brandon kincaid
Andrew Wells,ATH,ERKA,2.0,8.0,1.0,1.5,0.0,0.0,0.0,0.0,1.5,0.3333333432674408,0.0,0.0,0.5,andrew wells
Carmello Bostwick,SF,UHSP,1.0,22.0,1.0,4.0,0.0,1.0,0.0,0.0,2.0,0.0,2.0,0.5,4.0,carmello bostwick
Haydn Moten,SF,BRYN,4.0,14.25,1.0,0.5,0.5,0.5,0.0,0.0,2.25,0.1111111119389534,0.5,1.0,1.5,haydn moten
Ty Bates,SF,VTSL,1.0,6.0,1.0,1.0,0.0,0.0,0.0,0.0,0.0,0.0,2.0,0.5,0.0,ty bates
Jack Jamele,SF,WUUT,2.0,9.5,1.0,0.0,0.5,0.5,0.0,0.0,2.0,0.25,1.0,0.0,0.5,jack jamele
Khalil Luster,PG,CNSU,2.0,17.0,1.0,1.0,2.5,0.0,0.0,0.0,3.0,0.1666666716337204,0.0,0.0,1.0,khalil luster
Julian Wilson,C,MNFD,1.0,19.0,1.0,5.0,0.0,0.0,2.0,0.0,1.0,0.0,2.0,0.5,1.0,julian wilson
Alex Lorenzo,SF,STE,1.0,13.0,1.0,1.0,0.0,1.0,0.0,0.0,2.0,0.0,2.0,0.5,0.0,alex lorenzo
Jaylen Jean-Louis,PG,NYMT,2.0,7.0,1.0,0.5,0.5,0.5,0.0,0.0,1.0,0.5,0.0,0.0,0.0,jaylen jean louis
Franklin Santos,PG,NYMT,2.0,2.0,1.0,0.0,0.0,0.0,0.0,0.0,0.5,1.0,0.0,0.0,0.0,franklin santos
Jake Goode,SF,TXLU,2.0,13.0,1.0,1.5,0.0,0.0,0.5,0.0,3.0,0.1666666716337204,0.0,0.0,0.5,jake goode
Zach Skogen,SF,AVER,2.0,14.5,1.0,1.5,0.5,0.0,0.5,0.0,2.0,0.25,0.0,0.0,1.5,zach skogen
Leslie Minter,PG,ECSU,2.0,5.5,1.0,1.0,0.0,0.0,0.5,0.0,3.5,0.1428571492433548,0.0,0.0,0.0,leslie minter
Ben Peacock,PG,BNIL,1.0,13.0,1.0,3.0,6.0,0.0,0.0,0.0,3.0,0.0,2.0,0.5,1.0,ben peacock
Kemondreon Cansler,C,HTU,2.0,18.5,1.0,2.0,0.0,0.5,0.5,0.0,1.5,0.3333333432674408,0.0,0.0,1.0,kemondreon cansler
Koleton Fenton,SF,WHTR,2.0,7.5,1.0,1.0,0.0,0.0,0.0,0.0,1.0,0.5,0.0,0.0,0.0,koleton fenton
Trae Gage,PG,CBS,9.0,7.4444447,1.0,1.0,0.33333334,0.44444445,0.0,0.11111111,1.1111112,0.10000000149011612,0.8888889,0.75,1.2222222,trae gage
Liam Switzer,SF,FPU,1.0,18.0,1.0,3.0,0.0,1.0,0.0,0.0,1.0,0.0,2.0,0.5,2.0,liam switzer
Eron Bogart,SF,HTU,2.0,8.5,1.0,0.5,0.0,0.5,0.0,0.0,1.0,0.5,0.0,0.0,0.0,eron bogart
Nikolas Morin,PG,HTU,2.0,6.5,1.0,0.5,0.5,0.5,0.0,0.0,3.5,0.1428571492433548,0.0,0.0,1.5,nikolas morin
Jakob Harken,PG,RIT,2.0,4.5,1.0,0.0,0.0,0.0,0.5,0.0,1.0,0.5,0.5,0.0,0.5,jakob harken
Jaron Josephs,PG,RIT,2.0,4.5,1.0,0.5,0.0,0.5,0.0,0.0,0.0,0.0,1.0,1.0,0.0,jaron josephs
Luke Wieskamp,SF,MNLO,1.0,19.0,1.0,2.0,1.0,0.0,0.0,0.0,0.0,0.0,4.0,0.25,2.0,luke wieskamp
Jayden Kim,PG,THMC,1.0,8.0,1.0,1.0,0.0,0.0,0.0,0.0,4.0,0.0,2.0,0.5,1.0,jayden kim
Cole Perkins,PG,THMC,1.0,5.0,1.0,0.0,0.0,0.0,0.0,0.0,3.0,0.0,2.0,0.5,0.0,cole perkins
Teni Salako,SF,UCSC,2.0,5.0,1.0,0.0,0.0,0.0,0.5,0.0,0.0,0.0,2.0,0.5,1.0,teni salako
Brent Thompson,PG,RDPH,1.0,3.0,1.0,1.0,0.0,0.0,0.0,0.0,1.0,0.0,2.0,0.5,0.0,brent thompson
Cormac Springsteel,SF,SFST,2.0,10.5,1.0,2.5,0.5,0.0,1.0,0.0,1.0,0.5,1.0,0.0,0.5,cormac springsteel
Reid Brear,SF,SFST,2.0,9.0,1.0,2.0,1.0,0.0,0.0,0.0,1.5,0.3333333432674408,0.0,0.0,0.0,reid brear
Dirk Johnson,SF,MCM,1.0,12.0,1.0,1.0,0.0,0.0,0.0,0.0,1.0,0.0,3.0,0.3333333432674408,1.0,dirk johnson
Brandon Romo,PG,WHTR,2.0,2.0,1.0,0.5,1.0,0.0,0.0,0.0,0.0,0.0,1.0,1.0,0.0,brandon romo
Diego Rodriguez,PG,UTPB,1.0,1.0,1.0,0.0,0.0,0.0,0.0,0.0,0.0,0.0,2.0,0.5,0.0,diego rodriguez
James Pilapil,PG,IIT,2.0,3.5,1.0,0.0,0.5,0.0,0.0,0.0,1.5,0.0,1.5,0.6666666865348816,0.5,james pilapil
Mason Bennett,PG,RHDS,2.0,16.5,1.0,2.5,1.5,0.0,0.0,0.0,1.5,0.3333333432674408,0.0,0.0,1.0,mason bennett
Adrian Pelszynski,SF,DMIL,2.0,10.5,1.0,1.0,0.0,1.0,0.0,0.0,3.0,0.1666666716337204,0.0,0.0,1.0,adrian pelszynski
Luke Paton,PG,DALL,2.0,15.5,1.0,1.0,0.5,0.5,0.0,0.0,3.0,0.1666666716337204,0.0,0.0,2.0,luke paton
Kenny Miller,PG,ECSU,2.0,13.0,1.0,0.5,1.0,1.5,0.0,0.0,1.5,0.3333333432674408,0.0,0.0,0.0,kenny miller
Anthony Djami-Tchoula,SF,ECSU,2.0,15.0,1.0,1.0,0.5,1.5,0.5,0.0,1.0,0.0,2.0,0.5,0.5,anthony djami tchoula
Tyson Ray,PG,CIU,2.0,7.5,1.0,0.0,1.0,0.5,0.0,0.0,1.0,0.5,0.0,0.0,1.5,tyson ray
Vuk Veljic,C,CIU,2.0,10.5,1.0,0.5,0.0,0.5,0.0,0.0,1.5,0.3333333432674408,0.0,0.0,0.5,vuk veljic
Dominic Jefferson,PG,PSSH,4.0,13.25,1.0,2.0,0.5,0.5,0.0,0.0,2.0,0.25,0.0,0.0,2.0,dominic jefferson
Camden Seuferer,SF,SCIA,1.0,5.0,1.0,3.0,0.0,1.0,0.0,0.0,1.0,0.0,2.0,0.5,0.0,camden seuferer
Raul Bertinato,PG,PCC,1.0,28.0,1.0,6.0,1.0,1.0,0.0,0.0,6.0,0.0,2.0,0.5,2.0,raul bertinato
Lewis Robertson,PG,BOBJ,3.0,8.0,1.0,1.3333334,0.0,0.6666667,0.0,0.33333334,2.0,0.1666666716337204,0.0,0.0,0.33333334,lewis robertson
Brady Sansano,PG,TXLU,2.0,5.5,1.0,0.0,0.0,0.5,0.0,0.0,1.5,0.3333333432674408,0.0,0.0,1.5,brady sansano
Alex Jaurrieta,SF,TXLU,2.0,2.5,1.0,0.5,0.0,0.0,0.0,0.0,1.0,0.5,0.0,0.0,0.0,alex jaurrieta
Jonathan Babcock,SF,TXLU,2.0,7.0,1.0,1.5,0.5,0.0,0.5,0.0,0.5,1.0,0.0,0.0,0.5,jonathan babcock
Damir Shelley,PG,PSBW,2.0,13.5,1.0,0.5,0.5,2.0,0.0,0.0,3.0,0.1666666716337204,0.0,0.0,2.5,damir shelley
Austin McCaughan,PG,PSBW,2.0,11.0,1.0,1.0,0.5,0.0,0.0,0.0,2.5,0.20000000298023224,0.0,0.0,1.0,austin mccaughan
Ben Vaughn,SF,WCMD,2.0,7.5,1.0,0.5,0.5,0.0,0.0,0.0,1.0,0.0,1.0,1.0,1.0,ben vaughn
Jon Nalty,PG,WCMD,2.0,13.0,1.0,0.5,0.5,2.5,0.0,0.0,3.5,0.1428571492433548,0.0,0.0,1.5,jon nalty
Orlando Hudson,PG,JCSU,1.0,14.0,1.0,2.0,2.0,0.0,0.0,0.0,1.0,0.0,2.0,0.5,0.0,orlando hudson
Bryson Spruell,PG,EU,1.0,4.0,1.0,0.0,0.0,0.0,0.0,0.0,1.0,0.0,4.0,0.25,3.0,bryson spruell
Braxton Taylor,PG,BMCU,2.0,7.0,1.0,1.0,0.5,0.0,0.0,0.0,1.5,0.3333333432674408,0.0,0.0,0.0,braxton taylor
Derek Eide,PG,NMHU,3.0,8.333333,1.0,0.6666667,0.0,0.0,0.0,0.33333334,1.6666666,0.20000000298023224,0.0,0.0,1.6666666,derek eide
Alex Ethridge,PG,APPR,1.0,19.0,1.0,1.0,1.0,0.0,2.0,0.0,3.0,0.0,2.0,0.5,5.0,alex ethridge
Drake Devin,SF,EOU,2.0,4.5,1.0,0.5,0.5,0.0,0.0,0.0,1.0,0.5,0.0,0.0,0.5,drake devin
Jason Leek,PG,BTTN,2.0,5.5,1.0,0.5,0.0,0.0,0.0,0.0,2.5,0.20000000298023224,0.0,0.0,0.5,jason leek
Connor Mannix,PG,SNYO,2.0,2.0,1.0,0.0,0.0,0.0,0.5,0.0,0.0,0.0,1.0,1.0,0.0,connor mannix
JT Curry,PG,UNTD,1.0,20.0,1.0,4.0,0.0,0.0,0.0,0.0,7.0,0.0,2.0,0.5,3.0,jt curry
Gerloius Tokody,SF,TOUG,2.0,8.5,1.0,1.0,0.0,0.5,0.0,0.0,2.0,0.25,0.0,0.0,1.0,gerloius tokody
CJ Hayes,PG,ROW,1.0,5.0,1.0,0.0,0.0,1.0,0.0,0.0,4.0,0.0,2.0,0.5,0.0,cj hayes
Jordan Jones,PG,ROW,1.0,5.0,1.0,0.0,0.0,0.0,0.0,0.0,2.0,0.0,2.0,0.5,0.0,jordan jones
Christ Theodor,SF,WBU,1.0,20.0,1.0,1.0,2.0,1.0,1.0,0.0,1.0,0.0,2.0,0.5,1.0,christ theodor
Gabe Santos - Burgos,PG,STL,1.0,8.0,1.0,3.0,0.0,0.0,0.0,0.0,3.0,0.0,2.0,0.5,1.0,gabe santos burgos
Micah Shelton,SF,AL,1.0,4.0,1.0,2.0,3.0,0.0,0.0,0.0,2.0,0.0,2.0,0.5,0.0,micah shelton
Connor van der Sommen,PG,ELMR,1.0,3.0,1.0,0.0,0.0,1.0,0.0,0.0,3.0,0.0,2.0,0.5,0.0,connor van der sommen
Nick Nuedorfer,SF,SCHR,1.0,15.0,1.0,3.0,0.0,1.0,0.0,0.0,4.0,0.0,2.0,0.5,1.0,nick nuedorfer
Felipe Valls,SF,SCHR,1.0,4.0,1.0,1.0,1.0,1.0,0.0,0.0,1.0,0.0,2.0,0.5,0.0,felipe valls
Jake Lohman,PG,CAMR,1.0,2.0,1.0,1.0,0.0,0.0,0.0,0.0,0.0,0.0,2.0,0.5,0.0,jake lohman
Josiah Lawson,PG,FVSU,1.0,13.0,1.0,3.0,3.0,2.0,0.0,0.0,4.0,0.0,2.0,0.5,1.0,josiah lawson
Logan Thrapp,PG,TWU,2.0,2.5,1.0,0.0,0.5,0.0,0.0,0.0,1.5,0.3333333432674408,0.0,0.0,0.5,logan thrapp
Aaron Layne,SF,TWU,2.0,6.5,1.0,1.0,0.0,0.5,0.0,0.0,2.0,0.25,0.0,0.0,0.0,aaron layne
Jaydon Buckle,PG,WORC,2.0,6.0,1.0,0.5,1.0,0.5,0.0,0.0,2.5,0.20000000298023224,0.0,0.0,0.5,jaydon buckle
James Notias,PG,FDSU,1.0,7.0,1.0,2.0,0.0,1.0,0.0,0.0,1.0,0.0,2.0,0.5,1.0,james notias
Matthew O'Sullivan,PG,NYMT,2.0,14.5,1.0,2.0,1.0,2.0,0.5,0.0,1.0,0.0,1.0,1.0,1.0,matthew o sullivan
Ayden Alleyne,SF,NYMT,2.0,6.0,1.0,1.5,0.0,0.0,0.0,0.0,2.5,0.20000000298023224,0.0,0.0,1.0,ayden alleyne
Chris Edwards,SF,DSLU,1.0,10.0,1.0,2.0,0.0,0.0,0.0,0.0,0.0,0.0,2.0,0.5,0.0,chris edwards
Chukwudi Mamah,SF,DSLU,1.0,3.0,1.0,3.0,0.0,0.0,0.0,0.0,0.0,0.0,2.0,0.5,0.0,chukwudi mamah
Ethan Mays,PG,PANE,1.0,11.0,1.0,2.0,0.0,1.0,0.0,0.0,2.0,0.0,2.0,0.5,2.0,ethan mays
Ryan Nadje,PG,NYCB,1.0,3.0,1.0,0.0,0.0,0.0,0.0,0.0,0.0,0.0,2.0,0.5,0.0,ryan nadje
Maxwell Wignall,PG,SJBK,1.0,9.0,1.0,1.0,0.0,0.0,0.0,0.0,1.0,0.0,2.0,0.5,0.0,maxwell wignall
Justin Munson,PG,SJBK,1.0,17.0,1.0,4.0,0.0,0.0,0.0,0.0,0.0,0.0,2.0,0.5,2.0,justin munson
Jayden Jackson,SF,BCWV,2.0,17.0,1.0,1.5,1.0,0.0,0.0,0.0,4.5,0.1111111119389534,0.0,0.0,1.5,jayden jackson
Carter Cornett,SF,AVER,2.0,3.0,1.0,0.5,0.0,0.0,0.0,0.0,0.5,1.0,0.0,0.0,0.0,carter cornett
Max Bockelmann,PG,CSJ,2.0,3.0,1.0,0.5,0.0,0.0,0.0,0.0,0.0,0.0,1.0,1.0,0.0,max bockelmann
Thaddeus Cockrell,SF,ECCL,5.0,11.0,1.0,0.8,0.2,0.2,0.2,0.2,1.8,0.2222222238779068,0.4,0.0,0.6,thaddeus cockrell
Danny Lauer,PG,GEN,1.0,2.0,1.0,0.0,0.0,0.0,0.0,0.0,1.0,0.0,2.0,0.5,0.0,danny lauer
Micah Fisher,PG,GEN,1.0,7.0,1.0,2.0,0.0,0.0,0.0,0.0,1.0,0.0,2.0,0.5,0.0,micah fisher
Houston McKenzie,PG,RIP,1.0,8.0,1.0,0.0,2.0,0.0,0.0,0.0,0.0,0.0,2.0,0.5,0.0,houston mckenzie
Nik Burns,PG,SWA,3.0,13.0,1.0,0.6666667,1.0,0.33333334,0.0,0.33333334,3.0,0.1111111119389534,0.0,0.0,2.6666667,nik burns
Wren Sheets,SF,DFC,2.0,15.5,1.0,3.0,2.5,1.5,0.5,0.0,1.5,0.3333333432674408,0.0,0.0,1.0,wren sheets
Evan Dozier,PG,SPGN,1.0,3.0,1.0,0.0,0.0,0.0,0.0,0.0,0.0,0.0,2.0,0.5,0.0,evan dozier
Austin Peluso,PG,MISE,2.0,6.0,1.0,1.0,0.0,0.5,0.0,0.0,2.0,0.25,0.0,0.0,0.5,austin peluso
Zahir Michel-Fuller,PG,HSKL,2.0,9.0,1.0,0.5,0.5,0.5,0.0,0.0,2.0,0.25,0.0,0.0,0.0,zahir michel fuller
David Forzani,PG,WAYN,1.0,15.0,1.0,0.0,2.0,0.0,0.0,0.0,4.0,0.0,2.0,0.5,3.0,david forzani
Harry DeKoning,SF,PUC,1.0,5.0,1.0,0.0,0.0,0.0,1.0,0.0,1.0,0.0,2.0,0.5,1.0,harry dekoning
Logan Lentz,PG,THI,1.0,11.0,1.0,1.0,0.0,0.0,0.0,0.0,0.0,0.0,2.0,0.5,1.0,logan lentz
Carson Kwiatkowski,PG,STJF,1.0,6.0,1.0,0.0,0.0,0.0,0.0,0.0,1.0,0.0,2.0,0.5,0.0,carson kwiatkowski
Yasuhide Hino,PG,STN,2.0,9.5,1.0,1.5,0.0,0.0,0.0,0.0,1.5,0.3333333432674408,0.0,0.0,0.0,yasuhide hino
Atlas Dong,SF,SHTU,2.0,10.5,1.0,0.5,0.0,0.0,0.0,0.0,1.0,0.0,2.0,0.5,0.5,atlas dong
Jake Ziegler,SF,PSBH,1.0,5.0,1.0,1.0,0.0,0.0,0.0,0.0,1.0,0.0,4.0,0.25,0.0,jake ziegler
Ethan Salvatierra,PG,WLSN,1.0,7.0,1.0,0.0,0.0,1.0,0.0,0.0,2.0,0.0,2.0,0.5,0.0,ethan salvatierra
Shakur Anderson,SF,STE,1.0,6.0,1.0,1.0,0.0,1.0,0.0,0.0,1.0,0.0,2.0,0.5,0.0,shakur anderson
Jaedon Bogar,SF,ELMS,2.0,15.0,1.0,1.0,0.5,0.0,1.0,0.0,2.5,0.0,1.0,1.0,1.0,jaedon bogar
Travis Jordan,PG,ELMS,2.0,15.0,1.0,0.5,0.0,0.5,0.0,0.0,3.5,0.1428571492433548,2.0,0.0,2.5,travis jordan
Rayquan Anderson,C,ELMS,2.0,10.0,1.0,0.5,1.0,0.0,0.5,0.0,1.0,0.5,0.0,0.0,2.0,rayquan anderson
Braylon Crosby,PG,HWPU,2.0,16.0,1.0,2.5,2.0,0.0,0.0,0.0,2.5,0.20000000298023224,0.0,0.0,2.5,braylon crosby
Yassin Nikiema,PG,CCNY,2.0,13.0,1.0,2.0,0.5,0.5,0.0,0.0,4.5,0.1111111119389534,0.0,0.0,2.0,yassin nikiema
Fabian Cruz,PG,CCNY,2.0,6.5,1.0,0.0,0.0,0.0,0.0,0.0,1.0,0.5,0.0,0.0,2.5,fabian cruz
Ashton Savoie,PG,CTLA,1.0,5.0,1.0,1.0,0.0,0.0,0.0,0.0,0.0,0.0,2.0,0.5,0.0,ashton savoie
Dae'Shaun Showes,SF,IUE,2.0,12.5,1.0,3.0,0.0,0.5,0.0,0.0,1.5,0.3333333432674408,0.0,0.0,3.5,dae shaun showes
Justin Patton,PG,IUE,2.0,3.0,1.0,0.0,0.0,0.0,0.0,0.0,1.0,0.5,0.0,0.0,0.0,justin patton
Joseph Frazier,PG,ABSU,1.0,11.0,1.0,2.0,2.0,1.0,0.0,0.0,1.0,0.0,2.0,0.5,1.0,joseph frazier
Christian Green,PG,SFA,28.0,6.821429,0.96428573,1.3214285,0.25,0.17857143,0.17857143,0.0,0.85714287,0.5416666865348816,0.10714286,0.3333333432674408,0.32142857,christian green
James Cooper,SF,GAST,24.0,7.2916665,0.9583333,1.5416666,0.20833333,0.083333336,0.125,0.0,1.0,0.375,0.29166666,0.7142857313156128,0.125,james cooper
Colin White,SF,OSU,29.0,8.724138,0.86206895,1.0,0.41379312,0.27586207,0.06896552,0.06896552,0.9655172,0.3928571343421936,0.1724138,0.20000000298023224,0.1724138,colin white
Ibrahim Souare,SF,SYR,29.0,8.275862,0.86206895,1.862069,0.1724138,0.1724138,0.62068963,0.0,0.51724136,0.6666666865348816,0.44827586,0.38461539149284363,0.3448276,ibrahim souare
Sean Lang,PG,MERC,32.0,13.3125,0.84375,2.40625,0.96875,0.59375,0.03125,0.09375,1.0,0.21875,0.5,0.625,0.25,sean lang
Mouhamed Mbaye,C,UTEP,24.0,6.875,0.8333333,1.7916666,0.0,0.25,0.41666666,0.0,0.625,0.4000000059604645,0.7083333,0.47058823704719543,0.16666667,mouhamed mbaye
Daniel Zatsepin,SF,CHST,28.0,7.75,0.8214286,1.2857143,0.071428575,0.53571427,0.0,0.035714287,0.96428573,0.3333333432674408,0.2857143,0.5,0.21428572,daniel zatsepin
Alex Engro,PG,ARMY,25.0,6.08,0.8,1.16,0.24,0.28,0.04,0.12,1.36,0.20588235557079315,0.24,0.5,0.12,alex engro
Cynsere Petty,PG,MATC,5.0,6.0,0.8,1.0,0.0,0.0,0.0,0.0,1.6,0.25,0.0,0.0,0.2,cynsere petty
Ty Wilson,PG,ECCL,5.0,7.0,0.8,0.4,0.0,0.0,0.0,0.2,2.4,0.0833333358168602,0.4,0.5,0.0,ty wilson
Drew Crompton,PG,TOCC,4.0,4.75,0.75,1.25,0.25,0.0,0.0,0.25,2.0,0.125,0.25,0.0,0.0,drew crompton
Isaiah Martindale,SF,PSSH,4.0,4.0,0.75,0.75,0.0,0.25,0.0,0.0,0.0,0.0,1.5,0.5,0.25,isaiah martindale
EliJah Pickens,PG,CBS,7.0,11.428572,0.71428573,0.71428573,0.2857143,0.42857143,0.0,0.0,2.0,0.1428571492433548,1.1428572,0.125,2.0,elijah pickens
Caleb Gaston,SF,HCU,24.0,4.75,0.7083333,0.7083333,0.083333336,0.125,0.125,0.0,0.75,0.3333333432674408,0.41666666,0.5,0.25,caleb gaston
Ernest Brima,C,VUL,10.0,10.9,0.7,0.4,0.0,0.3,0.0,0.0,1.3,0.23076923191547394,0.2,0.5,0.3,ernest brima
Will Mosbach,C,TCJ,3.0,8.333333,0.6666667,2.6666667,0.33333334,0.0,1.0,0.0,1.0,0.3333333432674408,0.6666667,0.0,0.0,will mosbach
Frederick Parker,PG,OAKW,3.0,10.333333,0.6666667,0.33333334,1.0,0.6666667,0.0,0.0,1.0,0.3333333432674408,0.0,0.0,1.6666666,frederick parker
Naftal Morara,SF,OAKW,3.0,7.0,0.6666667,0.33333334,0.0,0.33333334,0.33333334,0.0,1.0,0.3333333432674408,0.0,0.0,0.0,naftal morara
Delwyn Holthusen III,PG,NWIC,3.0,10.333333,0.6666667,0.6666667,0.6666667,0.0,0.0,0.0,0.6666667,0.5,0.33333334,0.0,1.0,delwyn holthusen iii
Balsa Folic,SF,CU,3.0,12.0,0.6666667,1.3333334,0.33333334,0.0,0.0,0.0,2.6666667,0.125,0.0,0.0,1.0,balsa folic
Drew Napier,PG,KCU,3.0,2.0,0.6666667,0.0,0.0,0.0,0.0,0.0,0.6666667,0.5,0.0,0.0,0.0,drew napier
Brandon Pino,PG,NWIC,3.0,9.666667,0.6666667,0.0,0.33333334,0.0,0.0,0.0,1.0,0.0,1.6666666,0.4000000059604645,1.3333334,brandon pino
Bersy Moundzieho,PG,CPC,3.0,8.0,0.6666667,1.6666666,0.33333334,0.33333334,0.0,0.0,1.0,0.0,1.3333334,0.5,1.3333334,bersy moundzieho
Alexandre Zambonetti,SF,COGA,3.0,13.333333,0.6666667,2.3333333,0.0,0.33333334,0.0,0.0,3.6666667,0.09090909361839294,0.0,0.0,0.6666667,alexandre zambonetti
Lorenzo Ceffoli,PG,COGA,3.0,7.3333335,0.6666667,0.0,0.33333334,0.33333334,0.0,0.0,1.6666666,0.20000000298023224,0.0,0.0,0.6666667,lorenzo ceffoli
Braiden North,PG,TCJ,3.0,2.3333333,0.6666667,0.0,0.0,0.0,0.0,0.0,0.6666667,0.0,0.6666667,1.0,0.33333334,braiden north
Ben White,PG,WCBC,3.0,9.333333,0.6666667,2.0,0.33333334,0.33333334,0.0,0.0,2.3333333,0.1428571492433548,0.0,0.0,0.33333334,ben white
David Carnathan,SF,DCC,3.0,4.6666665,0.6666667,0.33333334,0.0,0.33333334,0.0,0.0,1.0,0.3333333432674408,0.6666667,0.0,0.33333334,david carnathan
Xavier Nesbitt,PG,HARV,28.0,5.0,0.60714287,0.60714287,0.32142857,0.0,0.0,0.071428575,1.0357143,0.2068965584039688,0.14285715,0.75,0.25,xavier nesbitt
Peter Oduro,SF,HAMP,25.0,6.12,0.56,0.96,0.08,0.04,0.04,0.0,0.84,0.2857142984867096,0.16,0.5,0.12,peter oduro
Carrieun Mathis,SF,BRES,2.0,9.0,0.5,1.0,0.0,0.5,0.5,0.0,2.0,0.0,1.0,0.5,1.5,carrieun mathis
OgheneMaro Egodotaye,C,MIDW,4.0,9.5,0.5,2.0,0.25,0.0,0.75,0.0,2.0,0.125,0.0,0.0,0.75,oghenemaro egodotaye
Cody Schanstra,SF,NYMT,2.0,2.0,0.5,0.0,0.0,0.0,0.0,0.0,0.5,0.0,1.0,0.5,1.0,cody schanstra
Adam Billingsly,C,CSJ,2.0,8.0,0.5,0.5,0.0,0.0,0.0,0.0,2.0,0.0,1.0,0.5,1.0,adam billingsly
Damuzha Moore,SF,ERKA,2.0,5.0,0.5,1.0,0.0,0.0,0.0,0.0,1.5,0.0,1.0,0.5,0.5,damuzha moore
Jack Bowles,PG,OWU,2.0,3.5,0.5,0.5,0.0,0.0,0.0,0.0,1.0,0.0,1.5,0.3333333432674408,0.0,jack bowles
Zane Gaul,C,HIPU,2.0,9.0,0.5,1.0,0.0,0.5,0.0,0.0,1.0,0.0,1.0,0.5,0.5,zane gaul
Luka Horvatic,SF,MILG,2.0,8.0,0.5,1.5,0.5,0.0,0.0,0.0,1.5,0.0,1.0,0.5,1.0,luka horvatic
Dominique Morris,PG,BRES,2.0,8.5,0.5,0.5,0.5,0.0,0.0,0.0,2.5,0.0,1.0,0.5,0.5,dominique morris
Caleb Alston-Nelson,SF,WCMD,2.0,8.5,0.5,2.5,1.0,0.0,0.0,0.0,2.5,0.0,1.0,0.5,0.5,caleb alston nelson
Drew Brown,PG,LPU,2.0,3.0,0.5,0.5,0.0,0.5,0.0,0.0,0.0,0.0,1.5,0.3333333432674408,0.0,drew brown
Michael Carmody,PG,NYMT,2.0,2.0,0.5,0.0,0.0,0.0,0.5,0.0,0.5,0.0,1.0,0.5,0.5,michael carmody
Jacob Bowles,SF,BTTN,2.0,4.0,0.5,1.0,0.5,0.0,0.0,0.0,1.0,0.0,1.0,0.5,0.0,jacob bowles
Josean Dembo,PG,TASA,2.0,10.5,0.5,2.5,0.5,0.0,0.5,0.0,1.0,0.0,2.0,0.25,0.5,josean dembo
Antonio Adams,PG,JVCU,2.0,9.0,0.5,1.0,0.5,0.5,0.0,0.0,0.5,0.0,1.0,0.5,0.0,antonio adams
Randolph Charles,PG,JVCU,2.0,3.0,0.5,0.5,0.0,0.5,0.0,0.0,1.0,0.0,1.0,0.5,0.5,randolph charles
Spencer Brown,PG,SHTU,2.0,4.0,0.5,0.0,0.0,0.0,0.0,0.0,2.0,0.0,1.0,0.5,0.5,spencer brown
Denham Wojcik,PG,MSU,31.0,5.451613,0.48387095,0.2580645,1.1612903,0.2580645,0.0,0.0,0.67741936,0.2857142984867096,0.19354838,0.5,0.4516129,denham wojcik
Tylan Lewis,PG,ACU,27.0,4.4074073,0.4814815,0.5185185,0.4814815,0.18518518,0.074074075,0.0,0.7407407,0.30000001192092896,0.14814815,0.25,0.2962963,tylan lewis
Wiggy Ball,PG,ULM,32.0,9.875,0.46875,0.96875,0.84375,0.34375,0.125,0.0625,0.375,0.25,0.3125,0.699999988079071,0.53125,wiggy ball
Uriah Logan,PG,MATC,5.0,15.8,0.4,1.6,1.6,1.4,0.0,0.0,2.8,0.0714285746216774,0.4,0.0,1.8,uriah logan
Keenan Iseli,PG,MATC,5.0,5.8,0.4,0.4,0.0,0.0,0.0,0.0,0.8,0.0,0.4,1.0,0.0,keenan iseli
Promise Elem,SF,DCC,3.0,10.666667,0.33333334,1.0,0.6666667,0.6666667,0.0,0.0,2.6666667,0.0,2.0,0.1666666716337204,0.6666667,promise elem
Isaac Calalang,PG,CPC,3.0,4.6666665,0.33333334,0.33333334,0.0,0.0,0.0,0.0,0.33333334,0.0,0.6666667,0.5,1.0,isaac calalang
Taine Mitchell,SF,DKSU,3.0,13.0,0.33333334,2.3333333,0.6666667,0.6666667,0.0,0.0,1.3333334,0.0,0.6666667,0.5,1.3333334,taine mitchell
Jaiden Gibson,PG,NDMD,3.0,9.0,0.33333334,1.0,0.0,0.33333334,0.33333334,0.0,1.0,0.0,0.6666667,0.5,0.6666667,jaiden gibson
Charles Okoro,PG,DCC,3.0,10.666667,0.33333334,2.0,0.0,0.33333334,0.33333334,0.0,1.0,0.0,1.3333334,0.25,2.3333333,charles okoro
Adarius Brewster,SG,FISK,3.0,3.0,0.33333334,0.33333334,0.0,0.0,0.0,0.0,0.6666667,0.0,0.6666667,0.5,0.6666667,adarius brewster
Keenan McAlarney,PG,VTSJ,3.0,3.3333333,0.33333334,0.33333334,0.0,0.0,0.0,0.0,0.6666667,0.0,1.0,0.3333333432674408,0.0,keenan mcalarney
DiGreg Stevenson,PG,CPC,3.0,5.0,0.33333334,1.0,0.0,0.0,0.0,0.0,0.0,0.0,0.6666667,0.5,0.6666667,digreg stevenson
Shannon Henthorn,PG,SWCU,3.0,5.3333335,0.33333334,1.0,0.6666667,0.0,0.0,0.0,1.0,0.0,0.6666667,0.5,0.0,shannon henthorn
Kyonte Thomas,PG,VAL,27.0,3.4074075,0.2962963,0.22222222,0.14814815,0.0,0.037037037,0.0,0.33333334,0.4444444477558136,0.14814815,0.0,0.074074075,kyonte thomas
Tyrek Williams,C,VSU,1.0,2.0,0.0,0.0,0.0,0.0,0.0,0.0,0.0,0.0,0.0,0.0,0.0,tyrek williams
Paxton Payne,PG,LOUR,1.0,9.0,0.0,1.0,0.0,1.0,0.0,0.0,0.0,0.0,0.0,0.0,0.0,paxton payne
Caleb Richardson,SF,OLLU,1.0,3.0,0.0,3.0,0.0,0.0,0.0,0.0,2.0,0.0,0.0,0.0,0.0,caleb richardson
Will Spriggs,PG,STAM,1.0,1.0,0.0,0.0,1.0,0.0,0.0,0.0,0.0,0.0,0.0,0.0,0.0,will spriggs
Caleb Duncan,PG,BRE,1.0,7.0,0.0,0.0,0.0,0.0,0.0,0.0,2.0,0.0,0.0,0.0,0.0,caleb duncan
Isaiah Belcher-Steen,PG,KCC,1.0,7.0,0.0,0.0,0.0,0.0,0.0,0.0,1.0,0.0,0.0,0.0,2.0,isaiah belcher steen
Riggs Abner,PG,CMBL,1.0,10.0,0.0,1.0,1.0,0.0,0.0,0.0,1.0,0.0,0.0,0.0,0.0,riggs abner
Jerry Johnson,PG,OUAZ,1.0,18.0,0.0,4.0,1.0,1.0,0.0,0.0,5.0,0.0,0.0,0.0,1.0,jerry johnson
Jadyn Gray,PG,HTU,2.0,6.0,0.0,0.0,0.5,0.0,0.0,0.0,0.5,0.0,0.0,0.0,0.0,jadyn gray
Tyler Pendergrass,PG,FVSU,1.0,5.0,0.0,0.0,0.0,0.0,0.0,0.0,0.0,0.0,0.0,0.0,0.0,tyler pendergrass
Jaden Barwicki,PG,LHMN,1.0,22.0,0.0,2.0,0.0,0.0,0.0,0.0,5.0,0.0,0.0,0.0,1.0,jaden barwicki
Alex Horiuk,SF,HAWH,1.0,14.0,0.0,3.0,0.0,0.0,1.0,0.0,2.0,0.0,0.0,0.0,1.0,alex horiuk
Greg Gerhardt,C,UCCS,1.0,3.0,0.0,0.0,0.0,0.0,0.0,0.0,0.0,0.0,0.0,0.0,0.0,greg gerhardt
D'Andre Dues,SF,FMU,1.0,2.0,0.0,0.0,0.0,0.0,0.0,0.0,1.0,0.0,0.0,0.0,0.0,d andre dues
Antonio Foxwell,PG,CTBR,1.0,7.0,0.0,1.0,0.0,0.0,0.0,0.0,0.0,0.0,0.0,0.0,0.0,antonio foxwell
Preston Kilbert,PG,SUCA,1.0,19.0,0.0,1.0,0.0,0.0,0.0,0.0,3.0,0.0,0.0,0.0,0.0,preston kilbert
Tommy Pinegar,PG,EVU,1.0,13.0,0.0,0.0,2.0,1.0,0.0,0.0,5.0,0.0,0.0,0.0,0.0,tommy pinegar
Chance Thacker,PG,GCSU,1.0,9.0,0.0,2.0,0.0,0.0,0.0,0.0,1.0,0.0,0.0,0.0,0.0,chance thacker
Jayson Mathews,PG,ESC,2.0,18.5,0.0,1.0,2.5,0.0,0.0,0.0,2.5,0.0,0.0,0.0,0.0,jayson mathews
Charles Fofanah,PG,MWSU,1.0,19.0,0.0,0.0,1.0,1.0,0.0,0.0,4.0,0.0,0.0,0.0,1.0,charles fofanah
Zane Caudle,PG,BRE,1.0,3.0,0.0,0.0,0.0,0.0,0.0,0.0,0.0,0.0,0.0,0.0,0.0,zane caudle
Marcos Paul,SF,EARL,1.0,9.0,0.0,2.0,0.0,1.0,0.0,0.0,1.0,0.0,0.0,0.0,1.0,marcos paul
Khalil Glover-Dodson,SF,LC,1.0,2.0,0.0,1.0,0.0,0.0,0.0,0.0,0.0,0.0,0.0,0.0,0.0,khalil glover dodson
Skip Burton,PG,ROW,1.0,11.0,0.0,1.0,1.0,1.0,0.0,0.0,6.0,0.0,0.0,0.0,3.0,skip burton
Brandon Edwards,PG,UVF,1.0,4.0,0.0,1.0,1.0,1.0,0.0,0.0,1.0,0.0,0.0,0.0,0.0,brandon edwards
Zach Austin,PG,TUTX,1.0,6.0,0.0,1.0,0.0,1.0,0.0,0.0,0.0,0.0,0.0,0.0,1.0,zach austin
Matt Monaco,SF,MSMC,1.0,17.0,0.0,1.0,0.0,1.0,0.0,0.0,2.0,0.0,1.0,0.0,0.0,matt monaco
Caleb Lesch,PG,PDMT,1.0,3.0,0.0,0.0,1.0,0.0,0.0,0.0,0.0,0.0,0.0,0.0,0.0,caleb lesch
Ryan Greggerson,SF,PITG,1.0,6.0,0.0,0.0,0.0,1.0,0.0,0.0,0.0,0.0,0.0,0.0,1.0,ryan greggerson
Matthew Marinchak,PG,PITG,1.0,30.0,0.0,2.0,1.0,1.0,0.0,0.0,5.0,0.0,0.0,0.0,2.0,matthew marinchak
Kobe Smith,PG,PUG,1.0,7.0,0.0,0.0,0.0,1.0,0.0,0.0,2.0,0.0,0.0,0.0,0.0,kobe smith
Jonathan Guy,PG,PUG,1.0,4.0,0.0,0.0,0.0,1.0,0.0,0.0,0.0,0.0,0.0,0.0,0.0,jonathan guy
Corey Shively,PG,COLC,1.0,6.0,0.0,0.0,0.0,0.0,0.0,0.0,1.0,0.0,0.0,0.0,0.0,corey shively
Jabez Williamson,PG,MAMC,1.0,1.0,0.0,0.0,0.0,0.0,0.0,0.0,0.0,0.0,0.0,0.0,0.0,jabez williamson
Ronnie Lopez,PG,MAMC,1.0,1.0,0.0,0.0,0.0,0.0,0.0,0.0,0.0,0.0,0.0,0.0,0.0,ronnie lopez
Kamrin Carroll,PG,PSUY,1.0,0.0,0.0,0.0,0.0,0.0,0.0,0.0,0.0,0.0,0.0,0.0,0.0,kamrin carroll
Gabriel Quiette,PG,FPU,1.0,17.0,0.0,1.0,0.0,0.0,0.0,0.0,2.0,0.0,2.0,0.0,0.0,gabriel quiette
Blake Walker,PG,BRE,1.0,6.0,0.0,1.0,0.0,1.0,0.0,0.0,3.0,0.0,0.0,0.0,0.0,blake walker
Gavyn Strand,PG,DWU,1.0,2.0,0.0,0.0,0.0,0.0,0.0,0.0,1.0,0.0,0.0,0.0,0.0,gavyn strand
Ibrahim Mobayed,SF,SFIL,1.0,1.0,0.0,0.0,0.0,0.0,0.0,0.0,0.0,0.0,0.0,0.0,0.0,ibrahim mobayed
Ben Kreitz,SF,SFIL,1.0,1.0,0.0,0.0,0.0,0.0,0.0,0.0,0.0,0.0,0.0,0.0,0.0,ben kreitz
Dakoda Joachim,PG,SFIL,1.0,14.0,0.0,0.0,1.0,0.0,0.0,0.0,1.0,0.0,0.0,0.0,4.0,dakoda joachim
Bruce Brewer Jr.,PG,GLDT,1.0,10.0,0.0,1.0,1.0,0.0,0.0,0.0,1.0,0.0,0.0,0.0,0.0,bruce brewer jr
Kaan Alaner,PG,BENU,1.0,3.0,0.0,0.0,0.0,0.0,0.0,0.0,0.0,0.0,0.0,0.0,0.0,kaan alaner
Aidan Eller,SF,GRNB,1.0,4.0,0.0,1.0,0.0,0.0,0.0,0.0,2.0,0.0,0.0,0.0,0.0,aidan eller
Darius Isaac,PG,ARCA,1.0,19.0,0.0,1.0,1.0,1.0,0.0,0.0,6.0,0.0,0.0,0.0,2.0,darius isaac
Chris Williams,PG,ARCA,1.0,5.0,0.0,1.0,0.0,0.0,0.0,0.0,0.0,0.0,0.0,0.0,0.0,chris williams
Kahmai Clark,PG,ARCA,1.0,2.0,0.0,0.0,0.0,0.0,0.0,0.0,0.0,0.0,0.0,0.0,0.0,kahmai clark
Jeff Tan,SF,EMRS,1.0,2.0,0.0,1.0,0.0,0.0,0.0,0.0,0.0,0.0,0.0,0.0,0.0,jeff tan
Connor McNabb,SF,FRKL,1.0,16.0,0.0,1.0,0.0,1.0,1.0,0.0,5.0,0.0,0.0,0.0,1.0,connor mcnabb
Jacob Koretz,PG,OXY,1.0,13.0,0.0,0.0,2.0,1.0,0.0,0.0,3.0,0.0,0.0,0.0,1.0,jacob koretz
Jackson DiBona,PG,CRWN,1.0,17.0,0.0,0.0,2.0,0.0,0.0,0.0,1.0,0.0,0.0,0.0,4.0,jackson dibona
Shane Peterson,PG,UMO,1.0,17.0,0.0,3.0,0.0,1.0,0.0,0.0,4.0,0.0,0.0,0.0,1.0,shane peterson
Ryan Roberts,SF,GRNB,1.0,19.0,0.0,0.0,0.0,0.0,0.0,0.0,3.0,0.0,0.0,0.0,0.0,ryan roberts
Caleb Brown,PG,CCSC,2.0,7.5,0.0,1.0,0.5,0.0,0.0,0.0,0.0,0.0,0.0,0.0,1.5,caleb brown
Malachi Rose-Burton,PG,FRN,1.0,17.0,0.0,2.0,3.0,1.0,1.0,0.0,2.0,0.0,0.0,0.0,0.0,malachi rose burton
Reece Miller,PG,FRN,1.0,2.0,0.0,0.0,0.0,1.0,0.0,0.0,2.0,0.0,0.0,0.0,1.0,reece miller
Malachi Dooley,PG,OGLE,1.0,22.0,0.0,4.0,1.0,0.0,1.0,0.0,4.0,0.0,0.0,0.0,4.0,malachi dooley
Brevin Klym,PG,OGLE,1.0,4.0,0.0,0.0,0.0,0.0,0.0,0.0,2.0,0.0,0.0,0.0,0.0,brevin klym
Cameron Johnson,PG,BCKB,1.0,4.0,0.0,0.0,0.0,0.0,0.0,0.0,1.0,0.0,0.0,0.0,2.0,cameron johnson
Jasper Clements,PG,PANE,1.0,9.0,0.0,4.0,0.0,0.0,1.0,0.0,3.0,0.0,0.0,0.0,2.0,jasper clements
Kelvin Johnson,PG,PANE,1.0,22.0,0.0,1.0,0.0,0.0,0.0,0.0,6.0,0.0,0.0,0.0,0.0,kelvin johnson
Jacksen Burckley,SF,UMW,1.0,2.0,0.0,0.0,0.0,0.0,0.0,0.0,1.0,0.0,0.0,0.0,0.0,jacksen burckley
Carson Denning,SF,UMW,1.0,1.0,0.0,0.0,0.0,0.0,0.0,0.0,0.0,0.0,0.0,0.0,0.0,carson denning
Jeven Beltran,PG,WNMU,1.0,3.0,0.0,0.0,0.0,0.0,0.0,0.0,0.0,0.0,0.0,0.0,1.0,jeven beltran
Nanik Tagore,PG,DMCA,2.0,2.0,0.0,1.5,0.0,0.0,0.0,0.0,1.0,0.0,0.0,0.0,0.0,nanik tagore
Garrett Hayden,PG,BTTN,2.0,6.0,0.0,0.5,0.0,0.5,0.0,0.0,0.0,0.0,0.0,0.0,0.0,garrett hayden
Mario Johnson,SF,SCHR,1.0,17.0,0.0,3.0,2.0,0.0,0.0,0.0,2.0,0.0,0.0,0.0,1.0,mario johnson
Brian Gatewood,PG,CSJ,2.0,1.5,0.0,0.0,0.0,0.0,0.0,0.0,0.5,0.0,0.0,0.0,0.0,brian gatewood
Chris Defendre,SF,STE,1.0,6.0,0.0,1.0,0.0,0.0,0.0,0.0,0.0,0.0,0.0,0.0,0.0,chris defendre
Jordan Lomax,PG,STE,1.0,13.0,0.0,2.0,0.0,0.0,0.0,0.0,0.0,0.0,0.0,0.0,1.0,jordan lomax
Zachary Yujnovich,PG,IIT,2.0,2.0,0.0,0.5,0.0,0.0,0.0,0.0,0.5,0.0,0.0,0.0,0.5,zachary yujnovich
Quinn Thorne,PG,OUAZ,1.0,18.0,0.0,3.0,1.0,1.0,0.0,0.0,5.0,0.0,0.0,0.0,0.0,quinn thorne
Christian Garcia,C,KEAN,1.0,11.0,0.0,3.0,0.0,0.0,0.0,0.0,0.0,0.0,0.0,0.0,0.0,christian garcia
Colin DeLaere,SF,ERKA,2.0,7.5,0.0,0.5,0.0,0.5,0.0,0.0,1.0,0.0,0.0,0.0,0.5,colin delaere
Aidan Kudlas,PG,GCSU,1.0,13.0,0.0,1.0,3.0,0.0,0.0,0.0,1.0,0.0,0.0,0.0,1.0,aidan kudlas
Daniel Falk,PG,CTNJ,1.0,14.0,0.0,1.0,0.0,0.0,1.0,0.0,1.0,0.0,2.0,0.0,1.0,daniel falk
Mehmet Bener,PG,WHMN,1.0,11.0,0.0,1.0,0.0,1.0,0.0,0.0,3.0,0.0,0.0,0.0,1.0,mehmet bener
Jordan Martin,PG,JBU,1.0,7.0,0.0,0.0,0.0,0.0,0.0,0.0,1.0,0.0,0.0,0.0,2.0,jordan martin
Keean Lloyd,PG,CTBR,1.0,3.0,0.0,0.0,0.0,0.0,0.0,0.0,1.0,0.0,0.0,0.0,1.0,keean lloyd
Joe Melvin,SF,RIVI,1.0,1.0,0.0,0.0,0.0,0.0,0.0,0.0,0.0,0.0,0.0,0.0,0.0,joe melvin
Dakota Gordon,PG,W&L,1.0,1.0,0.0,0.0,0.0,0.0,0.0,0.0,0.0,0.0,0.0,0.0,0.0,dakota gordon
Alex Fanney,PG,W&L,1.0,1.0,0.0,0.0,0.0,0.0,0.0,0.0,0.0,0.0,0.0,0.0,0.0,alex fanney
Conor Roberton,PG,W&L,1.0,1.0,0.0,0.0,0.0,0.0,0.0,0.0,0.0,0.0,0.0,0.0,1.0,conor roberton
Dennis Cash,SF,CAPH,1.0,12.0,0.0,4.0,0.0,0.0,0.0,0.0,1.0,0.0,2.0,0.0,1.0,dennis cash
Chris Owens,PG,SMWC,1.0,6.0,0.0,0.0,0.0,0.0,0.0,0.0,1.0,0.0,0.0,0.0,0.0,chris owens
Shelden Joseph,SF,NGU,2.0,6.0,0.0,0.0,1.0,0.0,0.0,0.0,0.5,0.0,0.0,0.0,0.0,shelden joseph
Kale Elmhorst,SF,VC,1.0,4.0,0.0,0.0,0.0,0.0,0.0,0.0,0.0,0.0,0.0,0.0,0.0,kale elmhorst
Sacha Greenberg,PG,VC,1.0,7.0,0.0,0.0,0.0,0.0,0.0,0.0,1.0,0.0,0.0,0.0,0.0,sacha greenberg
Erik Donaldson,SF,MBOS,1.0,12.0,0.0,0.0,0.0,0.0,2.0,0.0,1.0,0.0,0.0,0.0,0.0,erik donaldson
Cameron Lumar,PG,MLSP,1.0,19.0,0.0,3.0,0.0,0.0,0.0,0.0,6.0,0.0,4.0,0.0,1.0,cameron lumar
RJ VanBeber,SF,MLSP,1.0,2.0,0.0,0.0,0.0,0.0,0.0,0.0,0.0,0.0,0.0,0.0,0.0,rj vanbeber
Demond Carpenter,PG,LOUR,1.0,2.0,0.0,0.0,0.0,0.0,0.0,0.0,0.0,0.0,0.0,0.0,2.0,demond carpenter
Andre Wilburn,SF,LOUR,1.0,2.0,0.0,1.0,0.0,0.0,0.0,0.0,0.0,0.0,0.0,0.0,0.0,andre wilburn
Kareem Harris,PG,MOBL,1.0,2.0,0.0,0.0,0.0,0.0,0.0,0.0,2.0,0.0,0.0,0.0,0.0,kareem harris
Luis Marin,PG,CUI,1.0,4.0,0.0,1.0,0.0,0.0,0.0,0.0,0.0,0.0,0.0,0.0,3.0,luis marin
Liam Craven,PG,WVUT,1.0,19.0,0.0,1.0,0.0,0.0,0.0,0.0,2.0,0.0,0.0,0.0,0.0,liam craven
Cole Chapman,PG,WVUT,1.0,24.0,0.0,2.0,2.0,2.0,0.0,0.0,2.0,0.0,2.0,0.0,0.0,cole chapman
Matthew Linville,SF,WVUT,1.0,3.0,0.0,1.0,1.0,0.0,0.0,0.0,1.0,0.0,0.0,0.0,1.0,matthew linville
Awan Kueth,C,BENU,1.0,3.0,0.0,1.0,0.0,0.0,0.0,0.0,2.0,0.0,0.0,0.0,1.0,awan kueth
Cyprus Graham,PG,UCME,1.0,17.0,0.0,4.0,0.0,0.0,0.0,0.0,2.0,0.0,2.0,0.0,3.0,cyprus graham
Tre Morinia,PG,NNMC,1.0,6.0,0.0,2.0,0.0,0.0,0.0,0.0,1.0,0.0,1.0,0.0,0.0,tre morinia
Rah Thompson,SF,SJLI,1.0,7.0,0.0,1.0,0.0,1.0,0.0,0.0,0.0,0.0,0.0,0.0,0.0,rah thompson
Chris Lally,PG,SJLI,1.0,8.0,0.0,1.0,0.0,0.0,0.0,0.0,1.0,0.0,0.0,0.0,2.0,chris lally
Aiden Morel,SF,SLC,1.0,13.0,0.0,1.0,1.0,0.0,1.0,0.0,5.0,0.0,0.0,0.0,1.0,aiden morel
Hector Perez,PG,MBOS,1.0,16.0,0.0,2.0,2.0,1.0,0.0,0.0,4.0,0.0,0.0,0.0,0.0,hector perez
Corrie Byrd,SF,MBOS,1.0,9.0,0.0,0.0,0.0,0.0,1.0,0.0,0.0,0.0,0.0,0.0,1.0,corrie byrd
TJ LeCadre,PG,CC,1.0,11.0,0.0,1.0,0.0,0.0,0.0,0.0,3.0,0.0,1.0,0.0,2.0,tj lecadre
Favour Okeke,PG,CC,1.0,18.0,0.0,3.0,0.0,0.0,0.0,0.0,3.0,0.0,0.0,0.0,1.0,favour okeke
Ebube Agbaji,SF,CC,1.0,6.0,0.0,2.0,0.0,0.0,0.0,0.0,1.0,0.0,0.0,0.0,0.0,ebube agbaji
Connor Martinez,PG,DWU,1.0,6.0,0.0,0.0,0.0,0.0,0.0,0.0,1.0,0.0,0.0,0.0,0.0,connor martinez
Jack Lasbury-Casey,SF,WORC,2.0,1.0,0.0,0.0,0.0,0.0,0.0,0.0,0.0,0.0,0.0,0.0,0.0,jack lasbury casey
Josh Coulanges,PG,MTTC,1.0,9.0,0.0,0.0,1.0,0.0,0.0,0.0,0.0,0.0,0.0,0.0,0.0,josh coulanges
Connor Michaud,SF,MTTC,1.0,9.0,0.0,1.0,0.0,0.0,0.0,0.0,1.0,0.0,0.0,0.0,0.0,connor michaud
Joe Curran,SF,CTDM,1.0,8.0,0.0,0.0,0.0,0.0,0.0,0.0,2.0,0.0,0.0,0.0,0.0,joe curran
Christopher Nana,SF,MRCY,1.0,9.0,0.0,0.0,0.0,0.0,0.0,0.0,0.0,0.0,0.0,0.0,0.0,christopher nana
Ryan Pate,PG,PUGB,1.0,8.0,0.0,0.0,1.0,0.0,0.0,0.0,1.0,0.0,0.0,0.0,0.0,ryan pate
Tyler Parr,PG,FPU,1.0,3.0,0.0,1.0,0.0,0.0,0.0,0.0,0.0,0.0,0.0,0.0,1.0,tyler parr
Aidan McGuire,C,PLAT,1.0,23.0,0.0,4.0,1.0,0.0,1.0,0.0,4.0,0.0,0.0,0.0,0.0,aidan mcguire
Aden Slone,PG,AL,1.0,16.0,0.0,0.0,1.0,0.0,0.0,0.0,1.0,0.0,0.0,0.0,0.0,aden slone
Jacob Becher,SF,NCU,1.0,11.0,0.0,0.0,0.0,0.0,0.0,0.0,2.0,0.0,0.0,0.0,1.0,jacob becher
Lorenzo Aquino,PG,SFIL,1.0,1.0,0.0,0.0,0.0,0.0,0.0,0.0,0.0,0.0,0.0,0.0,1.0,lorenzo aquino
Paolo Mondini-Branzi,PG,SFIL,1.0,1.0,0.0,0.0,0.0,0.0,0.0,0.0,0.0,0.0,0.0,0.0,0.0,paolo mondini branzi
Elgin Bowen Jr.,PG,STAM,1.0,1.0,0.0,1.0,0.0,0.0,0.0,0.0,2.0,0.0,0.0,0.0,0.0,elgin bowen jr
Atem Agot,SF,STAM,1.0,6.0,0.0,2.0,0.0,0.0,0.0,0.0,2.0,0.0,0.0,0.0,0.0,atem agot
Aaron Rodriguez,PG,NYCA,1.0,3.0,0.0,0.0,0.0,0.0,0.0,0.0,1.0,0.0,0.0,0.0,0.0,aaron rodriguez
Chris Nastasi,PG,NYCA,1.0,21.0,0.0,3.0,1.0,1.0,0.0,0.0,4.0,0.0,0.0,0.0,2.0,chris nastasi
Bryon Streb,SF,NYCA,1.0,29.0,0.0,5.0,0.0,0.0,0.0,0.0,4.0,0.0,0.0,0.0,5.0,bryon streb
Brenden Graham,PG,MSMC,1.0,13.0,0.0,0.0,0.0,2.0,0.0,0.0,1.0,0.0,0.0,0.0,2.0,brenden graham
Conor Gemmill,SF,MSMC,1.0,14.0,0.0,1.0,0.0,0.0,1.0,0.0,4.0,0.0,0.0,0.0,1.0,conor gemmill
Tyler Kress,PG,MHAM,1.0,1.0,0.0,0.0,0.0,0.0,0.0,0.0,0.0,0.0,0.0,0.0,1.0,tyler kress
Dante Curry-El,PG,UNTD,1.0,9.0,0.0,2.0,0.0,0.0,0.0,0.0,0.0,0.0,0.0,0.0,0.0,dante curry el
David Freeman,SF,RHDT,2.0,2.5,0.0,0.0,0.0,0.0,0.0,0.0,2.0,0.0,0.0,0.0,0.0,david freeman
Noah Trevino,PG,TIFF,1.0,3.0,0.0,0.0,0.0,0.0,0.0,0.0,1.0,0.0,0.0,0.0,0.0,noah trevino
Logan Brinkoeter,SF,LETU,1.0,11.0,0.0,1.0,0.0,0.0,1.0,0.0,3.0,0.0,0.0,0.0,0.0,logan brinkoeter
Telryn Villa,SF,HAWH,1.0,17.0,0.0,2.0,0.0,0.0,0.0,0.0,3.0,0.0,0.0,0.0,1.0,telryn villa
Connor Mosele,PG,LOR,1.0,8.0,0.0,1.0,1.0,0.0,0.0,0.0,1.0,0.0,0.0,0.0,1.0,connor mosele
Sam Wren,PG,LCHR,1.0,5.0,0.0,0.0,0.0,0.0,0.0,0.0,0.0,0.0,0.0,0.0,1.0,sam wren
Nathaniel LaFleur,SF,LCHR,1.0,3.0,0.0,1.0,0.0,0.0,0.0,0.0,0.0,0.0,0.0,0.0,0.0,nathaniel lafleur
Jason Tagios,SF,SNYD,1.0,17.0,0.0,0.0,0.0,0.0,0.0,0.0,2.0,0.0,0.0,0.0,0.0,jason tagios
Ryan Lin,SF,ULV,1.0,11.0,0.0,4.0,0.0,0.0,0.0,0.0,2.0,0.0,0.0,0.0,0.0,ryan lin
Charles Warren,PG,PSUY,1.0,12.0,0.0,1.0,0.0,0.0,0.0,0.0,1.0,0.0,0.0,0.0,1.0,charles warren
Jadon Amiot,PG,DWU,1.0,8.0,0.0,0.0,0.0,1.0,0.0,0.0,3.0,0.0,0.0,0.0,0.0,jadon amiot
Tyler Velez,PG,STE,1.0,4.0,0.0,0.0,0.0,0.0,0.0,0.0,0.0,0.0,0.0,0.0,0.0,tyler velez
Shaun Burton,SF,PCLT,1.0,3.0,0.0,1.0,0.0,0.0,1.0,0.0,0.0,0.0,0.0,0.0,1.0,shaun burton
Michael Bigley,PG,PITG,1.0,23.0,0.0,3.0,7.0,1.0,0.0,0.0,3.0,0.0,0.0,0.0,4.0,michael bigley
Garrett Poelman,SF,COCU,2.0,13.0,0.0,1.5,0.5,0.0,0.0,0.0,1.0,0.0,1.0,0.0,1.5,garrett poelman
Thomas Kristian,PG,FRN,1.0,7.0,0.0,2.0,0.0,1.0,0.0,0.0,0.0,0.0,0.0,0.0,0.0,thomas kristian
DJ Jones,SF,OUAZ,1.0,17.0,0.0,2.0,0.0,0.0,0.0,0.0,6.0,0.0,0.0,0.0,0.0,dj jones
Donavyn Knox,PG,CBVU,1.0,3.0,0.0,0.0,0.0,0.0,0.0,0.0,0.0,0.0,0.0,0.0,0.0,donavyn knox
Salim Arikat,SF,MNLO,1.0,6.0,0.0,0.0,0.0,0.0,0.0,0.0,1.0,0.0,0.0,0.0,0.0,salim arikat
Marcus Andrews,PG,WNWL,1.0,3.0,0.0,1.0,0.0,0.0,0.0,0.0,0.0,0.0,0.0,0.0,0.0,marcus andrews
Luc DeVore,SF,SOVA,2.0,11.5,0.0,1.0,0.5,0.0,0.0,0.0,2.0,0.0,1.0,0.0,1.0,luc devore
Collin Griffith,PG,MBAL,2.0,4.5,0.0,0.0,0.0,0.0,0.0,0.0,1.0,0.0,0.0,0.0,0.5,collin griffith
Travon Mack,SF,HFU,1.0,6.0,0.0,1.0,1.0,0.0,0.0,0.0,1.0,0.0,0.0,0.0,0.0,travon mack
Kenede Marion,PG,PFEI,2.0,3.0,0.0,0.0,0.0,0.0,0.0,0.0,1.0,0.0,0.0,0.0,0.0,kenede marion
Brandon Stone,PG,COE,2.0,6.5,0.0,1.5,0.0,1.0,0.0,0.0,2.0,0.0,0.0,0.0,0.5,brandon stone
Jay Akin,PG,COE,2.0,2.0,0.0,0.5,0.0,0.0,0.0,0.0,1.0,0.0,0.0,0.0,0.0,jay akin
Benno Cooper,PG,COE,2.0,2.0,0.0,0.0,0.0,0.0,0.0,0.0,0.0,0.0,0.0,0.0,0.0,benno cooper
Levi Rubin,PG,COE,2.0,6.0,0.0,0.5,0.0,0.0,0.0,0.0,1.0,0.0,0.0,0.0,0.0,levi rubin
Quinn Atazhoon,PG,CAMR,1.0,11.0,0.0,2.0,0.0,0.0,0.0,0.0,2.0,0.0,0.0,0.0,1.0,quinn atazhoon
Bailo Diallo,PG,ABSU,1.0,5.0,0.0,0.0,0.0,0.0,0.0,0.0,2.0,0.0,0.0,0.0,1.0,bailo diallo
John Stanford,PG,BERE,1.0,3.0,0.0,0.0,1.0,0.0,0.0,0.0,0.0,0.0,0.0,0.0,1.0,john stanford
Anthony Hamm,PG,BERE,1.0,2.0,0.0,0.0,0.0,0.0,0.0,0.0,0.0,0.0,0.0,0.0,0.0,anthony hamm
Vanndon Heard,SF,GFU,1.0,15.0,0.0,2.0,0.0,1.0,0.0,0.0,0.0,0.0,0.0,0.0,0.0,vanndon heard
TJ Jenkins,PG,BCWV,2.0,5.5,0.0,0.5,0.0,0.0,0.0,0.0,1.5,0.0,0.0,0.0,0.5,tj jenkins
Loghan Brown,PG,BCWV,2.0,3.5,0.0,0.5,0.0,0.0,0.0,0.0,0.5,0.0,0.0,0.0,0.0,loghan brown
Connor Marshall,PG,BCWV,2.0,4.5,0.0,0.5,0.0,0.5,0.0,0.0,1.0,0.0,0.5,0.0,0.5,connor marshall
Kevon Corley,SF,UDC,1.0,7.0,0.0,1.0,0.0,0.0,0.0,0.0,1.0,0.0,0.0,0.0,1.0,kevon corley
Jalen Williams,PG,WNMU,1.0,12.0,0.0,0.0,0.0,1.0,0.0,0.0,1.0,0.0,1.0,0.0,3.0,jalen williams
Tanner Walton,PG,CMBS,1.0,14.0,0.0,2.0,1.0,0.0,0.0,0.0,1.0,0.0,0.0,0.0,2.0,tanner walton
Jayden Russell,PG,KCU,3.0,2.0,0.0,0.0,0.0,0.0,0.0,0.0,0.0,0.0,0.0,0.0,0.0,jayden russell
Ryan Schuh,PG,WCMD,2.0,4.5,0.0,0.5,0.0,0.5,0.0,0.0,0.0,0.0,0.0,0.0,1.0,ryan schuh
Ryder Thompson,PG,MHAM,1.0,9.0,0.0,1.0,0.0,0.0,0.0,0.0,2.0,0.0,0.0,0.0,1.0,ryder thompson
Darius Duff,PG,BCKB,1.0,12.0,0.0,1.0,1.0,0.0,0.0,0.0,0.0,0.0,0.0,0.0,0.0,darius duff
Owen Walter,SF,BCKB,1.0,24.0,0.0,1.0,1.0,0.0,1.0,0.0,1.0,0.0,0.0,0.0,1.0,owen walter
Jair Bialek,PG,HOUG,1.0,7.0,0.0,1.0,0.0,0.0,0.0,0.0,1.0,0.0,0.0,0.0,0.0,jair bialek
Jonathan Rosario,PG,HOUG,1.0,0.0,0.0,0.0,0.0,0.0,0.0,0.0,0.0,0.0,0.0,0.0,0.0,jonathan rosario
Nathaniel Owen,SF,YUNE,1.0,14.0,0.0,2.0,2.0,0.0,2.0,0.0,2.0,0.0,0.0,0.0,1.0,nathaniel owen
Deion Subaran,PG,PONT,1.0,9.0,0.0,2.0,0.0,0.0,0.0,0.0,2.0,0.0,0.0,0.0,0.0,deion subaran
Tyson Banks,SF,PUGB,1.0,3.0,0.0,0.0,0.0,0.0,0.0,0.0,2.0,0.0,0.0,0.0,1.0,tyson banks
Dre Jones,PG,PSNK,1.0,6.0,0.0,0.0,0.0,1.0,0.0,0.0,0.0,0.0,0.0,0.0,0.0,dre jones
Sam Faraday-Bensley,SF,SAOK,1.0,7.0,0.0,0.0,0.0,0.0,0.0,0.0,2.0,0.0,0.0,0.0,1.0,sam faraday bensley
Ryan Bella,SF,RFU,1.0,2.0,0.0,0.0,0.0,0.0,0.0,0.0,0.0,0.0,0.0,0.0,0.0,ryan bella
Khirus Doucet,PG,FVSU,1.0,17.0,0.0,1.0,3.0,0.0,0.0,0.0,3.0,0.0,1.0,0.0,1.0,khirus doucet
Liam Canty,SF,NWOK,1.0,19.0,0.0,3.0,0.0,0.0,0.0,0.0,1.0,0.0,0.0,0.0,1.0,liam canty
Adam Sarlan,SF,ELMS,2.0,12.0,0.0,2.0,0.5,1.0,0.0,0.0,1.0,0.0,0.0,0.0,0.0,adam sarlan
Thomas Mandell,PG,MRCY,1.0,7.0,0.0,0.0,0.0,0.0,0.0,0.0,1.0,0.0,0.0,0.0,0.0,thomas mandell
Latrell Bullock,PG,ARCA,1.0,4.0,0.0,0.0,0.0,0.0,0.0,0.0,0.0,0.0,0.0,0.0,0.0,latrell bullock
Kyndall Crawford,PG,ARCA,1.0,5.0,0.0,1.0,0.0,0.0,0.0,0.0,0.0,0.0,0.0,0.0,0.0,kyndall crawford
Ethan Dunn,C,NWD,1.0,5.0,0.0,1.0,0.0,0.0,0.0,0.0,0.0,0.0,0.0,0.0,1.0,ethan dunn
Chase Ragin-Moore,PG,BLU,1.0,2.0,0.0,0.0,0.0,0.0,0.0,0.0,0.0,0.0,0.0,0.0,0.0,chase ragin moore
Danny Alford,C,BLU,1.0,6.0,0.0,0.0,0.0,0.0,0.0,0.0,2.0,0.0,0.0,0.0,0.0,danny alford
Gavyn Cirricione,PG,FPU,1.0,4.0,0.0,1.0,0.0,0.0,0.0,0.0,1.0,0.0,0.0,0.0,2.0,gavyn cirricione
Blake Bailey,PG,EMRS,1.0,2.0,0.0,1.0,0.0,0.0,0.0,0.0,0.0,0.0,1.0,0.0,0.0,blake bailey
Max Sheridan,PG,MNLO,1.0,2.0,0.0,0.0,0.0,0.0,0.0,0.0,0.0,0.0,0.0,0.0,0.0,max sheridan
Donyae May,PG,ARTE,1.0,12.0,0.0,0.0,2.0,1.0,0.0,0.0,1.0,0.0,0.0,0.0,4.0,donyae may
Logan Kilbert,SG,FPU,1.0,16.0,0.0,2.0,1.0,1.0,0.0,0.0,6.0,0.0,0.0,0.0,2.0,logan kilbert
Amir Shaheed,PG,BOWE,1.0,2.0,0.0,0.0,0.0,0.0,0.0,0.0,1.0,0.0,0.0,0.0,0.0,amir shaheed
Jalen Keago,PG,MNLO,1.0,4.0,0.0,1.0,0.0,0.0,0.0,0.0,0.0,0.0,2.0,0.0,1.0,jalen keago
Cyrus LaPlant,SF,OGLE,1.0,9.0,0.0,2.0,3.0,0.0,0.0,0.0,1.0,0.0,0.0,0.0,2.0,cyrus laplant
Brennan Gregoire,PG,OGLE,1.0,5.0,0.0,0.0,0.0,0.0,0.0,0.0,2.0,0.0,0.0,0.0,0.0,brennan gregoire
Logan Kottinger,PG,PSUY,1.0,1.0,0.0,0.0,0.0,0.0,0.0,0.0,0.0,0.0,0.0,0.0,0.0,logan kottinger
Adrian Mejia,PG,B&SA,1.0,2.0,0.0,0.0,0.0,1.0,0.0,0.0,1.0,0.0,0.0,0.0,0.0,adrian mejia
Yigit Balta,SF,OLDW,1.0,16.0,0.0,2.0,1.0,0.0,0.0,0.0,4.0,0.0,0.0,0.0,0.0,yigit balta
Justin Agyare-Nkansah,PG,GCTU,2.0,3.5,0.0,0.0,0.5,0.0,0.5,0.0,1.0,0.0,0.0,0.0,0.5,justin agyare nkansah
Dominic Phillips,PG,CIU,2.0,2.0,0.0,1.5,0.0,0.0,0.0,0.0,0.0,0.0,0.0,0.0,0.0,dominic phillips
Grady Robertson,PG,PDMT,1.0,7.0,0.0,1.0,0.0,2.0,0.0,0.0,2.0,0.0,0.0,0.0,0.0,grady robertson
Preston Linville,PG,PDMT,1.0,3.0,0.0,0.0,0.0,0.0,0.0,0.0,1.0,0.0,0.0,0.0,0.0,preston linville
Zach Carpenter,PG,MWD,1.0,2.0,0.0,0.0,1.0,0.0,0.0,0.0,1.0,0.0,0.0,0.0,0.0,zach carpenter
Noah Perry,PG,MWD,1.0,19.0,0.0,1.0,1.0,1.0,0.0,0.0,4.0,0.0,0.0,0.0,3.0,noah perry
Christian Burton,PG,DFC,2.0,8.0,0.0,0.0,1.0,0.0,0.0,0.0,1.5,0.0,0.0,0.0,4.0,christian burton
Shawn Wilson,PG,UMO,1.0,7.0,0.0,2.0,0.0,0.0,0.0,0.0,1.0,0.0,0.0,0.0,0.0,shawn wilson
Chris Rhodes,PG,UMO,1.0,4.0,0.0,0.0,1.0,0.0,0.0,0.0,0.0,0.0,0.0,0.0,2.0,chris rhodes
Sully Caruso,C,WPEA,1.0,13.0,0.0,7.0,0.0,0.0,0.0,0.0,0.0,0.0,0.0,0.0,1.0,sully caruso
Elijah Thomas,SF,LYBG,1.0,10.0,0.0,1.0,0.0,1.0,0.0,0.0,1.0,0.0,0.0,0.0,1.0,elijah thomas
Cole Callaway,PG,JWNC,1.0,20.0,0.0,6.0,0.0,0.0,1.0,0.0,8.0,0.0,0.0,0.0,3.0,cole callaway
Brayden Pepin,SF,VTSL,1.0,3.0,0.0,1.0,0.0,0.0,0.0,0.0,1.0,0.0,0.0,0.0,0.0,brayden pepin
Dominick Phifer,PG,CLRY,3.0,3.6666667,0.0,1.0,0.0,0.0,0.0,0.0,1.6666666,0.0,0.33333334,0.0,0.6666667,dominick phifer
Charlie Lynch,SF,DKSN,1.0,4.0,0.0,1.0,0.0,0.0,0.0,0.0,1.0,0.0,0.0,0.0,0.0,charlie lynch
Ryan Leskauskas,PG,DKSN,1.0,8.0,0.0,1.0,0.0,0.0,0.0,0.0,3.0,0.0,0.0,0.0,3.0,ryan leskauskas
Luis Ruiz,SF,DKSN,1.0,17.0,0.0,5.0,1.0,0.0,1.0,0.0,2.0,0.0,0.0,0.0,1.0,luis ruiz
Josiah Talton,PG,HLGU,1.0,16.0,0.0,1.0,0.0,0.0,0.0,0.0,5.0,0.0,0.0,0.0,3.0,josiah talton
Camden Taylor,PG,RDPH,1.0,3.0,0.0,0.0,0.0,0.0,0.0,0.0,0.0,0.0,0.0,0.0,0.0,camden taylor
DaShawn Smith,PG,MRRS,1.0,7.0,0.0,2.0,1.0,0.0,0.0,0.0,1.0,0.0,0.0,0.0,0.0,dashawn smith
Kevin Wiltz,PG,LCHR,1.0,3.0,0.0,0.0,0.0,0.0,0.0,0.0,0.0,0.0,0.0,0.0,0.0,kevin wiltz
Gabe Parr,SF,TUTX,1.0,17.0,0.0,3.0,2.0,1.0,1.0,0.0,4.0,0.0,0.0,0.0,1.0,gabe parr
Max Sprott,PG,TUTX,1.0,8.0,0.0,0.0,0.0,0.0,0.0,0.0,4.0,0.0,0.0,0.0,2.0,max sprott
Rory Coplin,SF,DALL,2.0,11.0,0.0,1.5,1.5,0.0,0.0,0.0,0.5,0.0,0.0,0.0,0.5,rory coplin
Parker Hardage,SF,NESU,1.0,3.0,0.0,1.0,0.0,0.0,0.0,0.0,0.0,0.0,0.0,0.0,0.0,parker hardage
Eli Eaves,PG,OKCU,1.0,3.0,0.0,0.0,0.0,1.0,0.0,0.0,0.0,0.0,0.0,0.0,0.0,eli eaves
Sherlock Padmore,SF,PQC,1.0,11.0,0.0,5.0,0.0,0.0,0.0,0.0,1.0,0.0,0.0,0.0,1.0,sherlock padmore
Quinten Snell,PG,UJ,1.0,1.0,0.0,0.0,0.0,0.0,0.0,0.0,1.0,0.0,0.0,0.0,0.0,quinten snell
Spencer Barr,PG,UJ,1.0,1.0,0.0,1.0,1.0,0.0,0.0,0.0,1.0,0.0,0.0,0.0,0.0,spencer barr
Malek Wieker,PG,UJ,1.0,1.0,0.0,0.0,1.0,0.0,0.0,0.0,0.0,0.0,0.0,0.0,0.0,malek wieker
Shane McGaughey-Fick,PG,NWWA,1.0,12.0,0.0,0.0,1.0,1.0,0.0,0.0,5.0,0.0,0.0,0.0,1.0,shane mcgaughey fick
Devin Wade-Henderson,SF,NWWA,1.0,8.0,0.0,0.0,0.0,0.0,0.0,0.0,2.0,0.0,0.0,0.0,0.0,devin wade henderson
Jaquan Adams,PG,NCU,1.0,10.0,0.0,0.0,0.0,0.0,1.0,0.0,4.0,0.0,0.0,0.0,3.0,jaquan adams
Connor Yslas,SF,NCU,1.0,11.0,0.0,3.0,1.0,0.0,0.0,0.0,3.0,0.0,0.0,0.0,0.0,connor yslas
Dylan Woods,PG,ARBA,3.0,2.3333333,0.0,0.6666667,0.0,0.33333334,0.0,0.0,0.0,0.0,0.0,0.0,0.0,dylan woods
Daniel Fragoza,PG,HWPU,2.0,2.5,0.0,0.0,0.0,0.0,0.0,0.0,0.5,0.0,0.0,0.0,1.5,daniel fragoza
Caden Sandlin,PG,HWPU,2.0,2.5,0.0,1.0,0.0,0.0,0.0,0.0,0.5,0.0,0.0,0.0,0.0,caden sandlin
Louie Yebra,PG,CUST,1.0,7.0,0.0,0.0,0.0,0.0,0.0,0.0,2.0,0.0,0.0,0.0,2.0,louie yebra
Eli Nutting,PG,YUNE,1.0,19.0,0.0,5.0,2.0,0.0,0.0,0.0,4.0,0.0,0.0,0.0,0.0,eli nutting
Latrell Jones,PG,PUGB,1.0,2.0,0.0,0.0,1.0,1.0,0.0,0.0,0.0,0.0,0.0,0.0,0.0,latrell jones
Lavelle Sharpe,PG,OHCU,1.0,9.0,0.0,1.0,0.0,0.0,0.0,0.0,1.0,0.0,0.0,0.0,1.0,lavelle sharpe
Luke Bee,PG,BOYC,1.0,10.0,0.0,2.0,0.0,0.0,0.0,0.0,1.0,0.0,0.0,0.0,1.0,luke bee
Ben Cox,SF,BOYC,1.0,12.0,0.0,2.0,0.0,0.0,0.0,0.0,0.0,0.0,0.0,0.0,2.0,ben cox
D'Anthony Amado,PG,MBOS,1.0,4.0,0.0,0.0,0.0,0.0,0.0,0.0,0.0,0.0,0.0,0.0,0.0,d anthony amado
Tae Story,PG,PONT,1.0,6.0,0.0,0.0,0.0,0.0,0.0,0.0,2.0,0.0,0.0,0.0,0.0,tae story
Payton Mayhorn,SF,KCU,3.0,9.0,0.0,1.0,0.33333334,0.33333334,0.6666667,0.0,1.0,0.0,0.0,0.0,0.6666667,payton mayhorn
Pat Evans,PG,SNYO,2.0,7.5,0.0,2.5,0.5,0.0,0.0,0.0,1.0,0.0,0.0,0.0,0.0,pat evans
Shea Barber,PG,SNYO,2.0,4.0,0.0,0.0,0.0,0.0,0.5,0.0,1.0,0.0,0.0,0.0,0.0,shea barber
David Moore,PG,UHSP,1.0,12.0,0.0,1.0,1.0,0.0,0.0,0.0,1.0,0.0,2.0,0.0,0.0,david moore
Christian Harwood,SF,UHSP,1.0,15.0,0.0,0.0,0.0,0.0,0.0,0.0,2.0,0.0,0.0,0.0,0.0,christian harwood
Jayvian Lawson,PG,USW,1.0,25.0,0.0,3.0,2.0,0.0,1.0,0.0,4.0,0.0,0.0,0.0,4.0,jayvian lawson
Braylon Russell,PG,FRKL,1.0,17.0,0.0,1.0,1.0,1.0,0.0,0.0,5.0,0.0,2.0,0.0,2.0,braylon russell
Cooper Matthews,PG,FRKL,1.0,1.0,0.0,0.0,0.0,0.0,0.0,0.0,0.0,0.0,0.0,0.0,0.0,cooper matthews
David Streitmatter,PG,FRKL,1.0,11.0,0.0,0.0,1.0,0.0,0.0,0.0,2.0,0.0,0.0,0.0,1.0,david streitmatter
Will Spellman,C,FRKL,1.0,8.0,0.0,0.0,0.0,0.0,0.0,0.0,2.0,0.0,0.0,0.0,0.0,will spellman
Matt Butler,C,OWU,2.0,9.0,0.0,0.5,0.0,0.0,0.0,0.0,1.5,0.0,0.0,0.0,0.5,matt butler
Cal Klinzing,C,OWU,2.0,11.0,0.0,1.5,1.0,0.5,0.0,0.0,2.0,0.0,0.5,0.0,1.0,cal klinzing
Bryson Curry,PG,MHAM,1.0,27.0,0.0,0.0,2.0,1.0,0.0,0.0,1.0,0.0,0.0,0.0,0.0,bryson curry
Elliot Offner,PG,CRWN,1.0,12.0,0.0,0.0,0.0,0.0,0.0,0.0,4.0,0.0,0.0,0.0,1.0,elliot offner
Ihsan Beyah,PG,MANR,2.0,12.5,0.0,1.0,1.0,0.5,0.0,0.0,3.5,0.0,0.0,0.0,1.0,ihsan beyah
Filip Milutinovic,SF,HOUG,1.0,2.0,0.0,0.0,0.0,0.0,0.0,0.0,0.0,0.0,0.0,0.0,0.0,filip milutinovic
Luke Rumbaugh,PG,LBC,1.0,15.0,0.0,0.0,0.0,1.0,0.0,0.0,2.0,0.0,0.0,0.0,1.0,luke rumbaugh
Tyler Chapman,PG,LBC,1.0,4.0,0.0,3.0,1.0,0.0,0.0,0.0,1.0,0.0,0.0,0.0,0.0,tyler chapman
Daniel King,SF,LBC,1.0,22.0,0.0,0.0,1.0,0.0,1.0,0.0,4.0,0.0,0.0,0.0,0.0,daniel king
DeAndre Miles,SF,BLU,1.0,13.0,0.0,3.0,0.0,0.0,0.0,0.0,3.0,0.0,0.0,0.0,0.0,deandre miles
Jaden Cesar,PG,UVF,1.0,5.0,0.0,1.0,2.0,0.0,0.0,0.0,0.0,0.0,0.0,0.0,0.0,jaden cesar
Michael Gaines,PG,UVF,1.0,17.0,0.0,4.0,0.0,0.0,0.0,0.0,6.0,0.0,0.0,0.0,2.0,michael gaines
Darius Elkins,PG,VRHS,1.0,12.0,0.0,1.0,0.0,0.0,0.0,0.0,2.0,0.0,0.0,0.0,1.0,darius elkins
Isaiah Atwater,PG,MSSU,1.0,15.0,0.0,3.0,4.0,1.0,0.0,0.0,4.0,0.0,0.0,0.0,1.0,isaiah atwater
Daniel Herzner,PG,MSMC,1.0,15.0,0.0,2.0,1.0,0.0,0.0,0.0,3.0,0.0,0.0,0.0,2.0,daniel herzner
Fabrice Salvant,PG,FP,1.0,1.0,0.0,0.0,0.0,0.0,0.0,0.0,0.0,0.0,0.0,0.0,1.0,fabrice salvant
Harrison Black,PG,MBAL,2.0,8.5,0.0,0.5,0.0,0.0,0.0,0.0,2.5,0.0,0.0,0.0,0.5,harrison black
Connor Miller,PG,LETU,1.0,15.0,0.0,3.0,1.0,0.0,0.0,0.0,5.0,0.0,0.0,0.0,1.0,connor miller
Ezra Seay,SF,LETU,1.0,3.0,0.0,0.0,0.0,0.0,0.0,0.0,1.0,0.0,0.0,0.0,0.0,ezra seay
Pat Bean,PG,GWYD,1.0,4.0,0.0,0.0,0.0,0.0,0.0,0.0,1.0,0.0,0.0,0.0,1.0,pat bean
Cam Lane,SF,GWYD,1.0,4.0,0.0,0.0,0.0,1.0,0.0,0.0,1.0,0.0,0.0,0.0,0.0,cam lane
Michael Vander Woude,PG,CTDM,1.0,27.0,0.0,5.0,0.0,0.0,1.0,0.0,8.0,0.0,0.0,0.0,1.0,michael vander woude
Roman Leraris,PG,EMRS,1.0,9.0,0.0,0.0,2.0,1.0,0.0,0.0,0.0,0.0,0.0,0.0,1.0,roman leraris
Hank Gramlich,PG,EMRS,1.0,13.0,0.0,0.0,0.0,2.0,0.0,0.0,4.0,0.0,0.0,0.0,0.0,hank gramlich
Yoav Rabbi,PG,EMRS,1.0,2.0,0.0,1.0,0.0,0.0,0.0,0.0,1.0,0.0,0.0,0.0,0.0,yoav rabbi
Mason Smith,PG,TMCN,1.0,4.0,0.0,2.0,0.0,0.0,0.0,0.0,3.0,0.0,2.0,0.0,2.0,mason smith
Preston Kent,PG,TMCN,1.0,17.0,0.0,0.0,1.0,1.0,0.0,0.0,1.0,0.0,0.0,0.0,0.0,preston kent
Titus Smith,PG,TMCN,1.0,3.0,0.0,2.0,0.0,0.0,0.0,0.0,0.0,0.0,0.0,0.0,0.0,titus smith
Nick Holland,PG,WUUT,2.0,7.5,0.0,0.0,1.0,0.5,0.0,0.0,1.5,0.0,0.0,0.0,0.5,nick holland
Gary Adams,PG,FNU,1.0,13.0,0.0,2.0,1.0,1.0,0.0,0.0,1.0,0.0,0.0,0.0,4.0,gary adams
Joshua Milla,PG,FNU,1.0,2.0,0.0,0.0,0.0,0.0,0.0,0.0,0.0,0.0,0.0,0.0,1.0,joshua milla
Delvin Espinoza,PG,FNU,1.0,9.0,0.0,3.0,1.0,0.0,0.0,0.0,1.0,0.0,0.0,0.0,1.0,delvin espinoza
Alsseny Diallo,SF,JJC,1.0,16.0,0.0,1.0,0.0,1.0,0.0,0.0,3.0,0.0,0.0,0.0,3.0,alsseny diallo
Timothy Avrine,SF,MISE,2.0,8.5,0.0,0.0,0.0,0.5,0.0,0.0,0.0,0.0,0.0,0.0,0.5,timothy avrine
Joseph Richbourg,PG,RFU,1.0,1.0,0.0,0.0,0.0,0.0,0.0,0.0,1.0,0.0,0.0,0.0,0.0,joseph richbourg
Ognjen Petkovic,PG,TRCC,1.0,14.0,0.0,0.0,0.0,2.0,0.0,0.0,0.0,0.0,0.0,0.0,1.0,ognjen petkovic
Malcolm Foster,PG,SOVA,2.0,1.5,0.0,0.0,0.0,0.0,0.0,0.0,0.0,0.0,0.0,0.0,0.5,malcolm foster
Jamarious Martin,PG,AUM,1.0,22.0,0.0,5.0,0.0,1.0,0.0,0.0,6.0,0.0,0.0,0.0,1.0,jamarious martin
Dysen Peterson,SF,MMU,2.0,2.0,0.0,0.0,0.0,0.0,0.0,0.0,0.5,0.0,0.0,0.0,0.5,dysen peterson
Carlos Diaz,PG,FISH,1.0,5.0,0.0,0.0,0.0,0.0,0.0,0.0,2.0,0.0,0.0,0.0,0.0,carlos diaz
Abdul Mansaray,SF,MITC,1.0,29.0,0.0,6.0,2.0,1.0,1.0,0.0,5.0,0.0,0.0,0.0,3.0,abdul mansaray
Landon Dimler,PG,MNCR,1.0,6.0,0.0,1.0,0.0,0.0,0.0,0.0,2.0,0.0,0.0,0.0,0.0,landon dimler
Hunter Lorenson,PG,MNCR,1.0,15.0,0.0,2.0,2.0,2.0,0.0,0.0,1.0,0.0,0.0,0.0,4.0,hunter lorenson
Cuinn Berger,PG,MNCR,1.0,4.0,0.0,0.0,0.0,0.0,0.0,0.0,1.0,0.0,0.0,0.0,1.0,cuinn berger
GD Deng,PG,MNCR,1.0,5.0,0.0,0.0,0.0,0.0,0.0,0.0,1.0,0.0,0.0,0.0,1.0,gd deng
Taber Brown,PG,LANE,1.0,1.0,0.0,0.0,0.0,0.0,0.0,0.0,0.0,0.0,0.0,0.0,0.0,taber brown
Keon Henderson,PG,KYSU,1.0,25.0,0.0,5.0,1.0,0.0,0.0,0.0,3.0,0.0,0.0,0.0,0.0,keon henderson
Nikos Gerokostas,SF,STAM,1.0,21.0,0.0,3.0,2.0,0.0,4.0,0.0,3.0,0.0,0.0,0.0,0.0,nikos gerokostas
Alec Platipodis,SF,STAM,1.0,3.0,0.0,0.0,0.0,0.0,0.0,0.0,0.0,0.0,0.0,0.0,0.0,alec platipodis
Chris Taylor,PG,ROSE,1.0,15.0,0.0,0.0,2.0,2.0,0.0,0.0,6.0,0.0,0.0,0.0,0.0,chris taylor
Anthony Lang,SF,NYMT,2.0,13.5,0.0,1.0,0.5,0.0,0.0,0.0,2.0,0.0,1.0,0.0,1.0,anthony lang
Jonah Johnson,PG,TXLU,2.0,7.5,0.0,1.0,0.0,0.0,0.0,0.0,3.0,0.0,0.0,0.0,0.0,jonah johnson
Miokaye Grant,PG,MRRS,1.0,17.0,0.0,4.0,0.0,0.0,0.0,0.0,2.0,0.0,0.0,0.0,2.0,miokaye grant
Thailand Evans,SF,AVER,2.0,4.0,0.0,0.0,0.5,0.0,0.0,0.0,0.0,0.0,0.0,0.0,0.0,thailand evans
Terrell Fitzgerald,PG,AVER,2.0,9.5,0.0,0.0,0.0,0.0,0.0,0.0,2.0,0.0,0.0,0.0,1.5,terrell fitzgerald
Nate Pondexter Jr.,PG,PLAT,1.0,1.0,0.0,0.0,0.0,0.0,0.0,0.0,0.0,0.0,0.0,0.0,0.0,nate pondexter jr
Amare Haynie,SG,BLUS,1.0,11.0,0.0,1.0,2.0,0.0,0.0,0.0,4.0,0.0,1.0,0.0,0.0,amare haynie
Davonte Durst,PG,OLLU,1.0,5.0,0.0,0.0,0.0,0.0,0.0,0.0,1.0,0.0,0.0,0.0,1.0,davonte durst
David Ortiz,PG,BNIL,1.0,7.0,0.0,0.0,0.0,0.0,0.0,0.0,3.0,0.0,0.0,0.0,0.0,david ortiz
Matthew Maxwell,PG,SJLI,1.0,21.0,0.0,2.0,1.0,2.0,1.0,0.0,5.0,0.0,0.0,0.0,4.0,matthew maxwell
Tyler Cobb,PG,SJLI,1.0,4.0,0.0,0.0,0.0,0.0,0.0,0.0,1.0,0.0,0.0,0.0,2.0,tyler cobb
Charlie Ehni,SF,SJLI,1.0,5.0,0.0,1.0,0.0,0.0,0.0,0.0,1.0,0.0,0.0,0.0,0.0,charlie ehni
Colin Hart,PG,MMA,1.0,19.0,0.0,1.0,2.0,0.0,0.0,0.0,3.0,0.0,0.0,0.0,2.0,colin hart
Payton Mitchell,PG,THMC,1.0,9.0,0.0,2.0,0.0,0.0,0.0,0.0,0.0,0.0,0.0,0.0,0.0,payton mitchell
Thomas Matonti,PG,SLC,1.0,13.0,0.0,1.0,0.0,1.0,0.0,0.0,3.0,0.0,0.0,0.0,0.0,thomas matonti
Ahmiir Colpetro,PG,APPR,1.0,13.0,0.0,0.0,3.0,1.0,0.0,0.0,5.0,0.0,0.0,0.0,2.0,ahmiir colpetro
Jalen Watson,SF,HSSU,1.0,11.0,0.0,1.0,0.0,0.0,0.0,0.0,1.0,0.0,0.0,0.0,0.0,jalen watson
Ethan Venema,SF,MTTC,1.0,8.0,0.0,2.0,0.0,0.0,1.0,0.0,4.0,0.0,0.0,0.0,0.0,ethan venema
James Ellis,PG,UCCS,1.0,10.0,0.0,1.0,1.0,0.0,0.0,0.0,0.0,0.0,0.0,0.0,0.0,james ellis
Joshua Ray,SF,UCCS,1.0,2.0,0.0,1.0,0.0,0.0,0.0,0.0,0.0,0.0,0.0,0.0,0.0,joshua ray
Kyler McLendon,PG,CMBS,1.0,5.0,0.0,0.0,0.0,0.0,0.0,0.0,2.0,0.0,0.0,0.0,1.0,kyler mclendon
Justin Duscher,PG,SNYD,1.0,9.0,0.0,2.0,1.0,0.0,0.0,0.0,3.0,0.0,0.0,0.0,2.0,justin duscher
Solomon Mason,PG,SNYD,1.0,16.0,0.0,2.0,2.0,1.0,0.0,0.0,6.0,0.0,0.0,0.0,1.0,solomon mason
Zayvion Baker,PG,SMWC,1.0,11.0,0.0,0.0,2.0,1.0,0.0,0.0,3.0,0.0,0.0,0.0,0.0,zayvion baker
Jonathan Larose,PG,CRWN,1.0,9.0,0.0,2.0,1.0,0.0,0.0,0.0,1.0,0.0,0.0,0.0,1.0,jonathan larose
Jayden McLaughlin,PG,CRWN,1.0,5.0,0.0,1.0,0.0,0.0,0.0,0.0,2.0,0.0,0.0,0.0,2.0,jayden mclaughlin
Diego Reyes,PG,SFIL,1.0,1.0,0.0,0.0,0.0,0.0,0.0,0.0,0.0,0.0,0.0,0.0,0.0,diego reyes
Omari Joseph,PG,TMCN,1.0,18.0,0.0,3.0,2.0,1.0,1.0,0.0,2.0,0.0,0.0,0.0,0.0,omari joseph
Alex Gray,SF,CAT,1.0,2.0,0.0,0.0,0.0,0.0,0.0,0.0,0.0,0.0,0.0,0.0,0.0,alex gray
Jaden Westfall,SF,WVWC,1.0,11.0,0.0,0.0,0.0,0.0,0.0,0.0,1.0,0.0,0.0,0.0,1.0,jaden westfall
Devin Pape,SF,WVWC,1.0,0.0,0.0,0.0,0.0,0.0,0.0,0.0,0.0,0.0,0.0,0.0,0.0,devin pape
Connor Clem,SF,WLMT,1.0,2.0,0.0,0.0,0.0,0.0,0.0,0.0,2.0,0.0,0.0,0.0,1.0,connor clem
Bo Koebbe,PG,MILG,2.0,7.5,0.0,0.5,0.0,0.0,0.0,0.0,1.5,0.0,1.0,0.0,0.5,bo koebbe
Hudson Czarnecki,PG,SCHR,1.0,11.0,0.0,5.0,0.0,1.0,0.0,0.0,3.0,0.0,0.0,0.0,0.0,hudson czarnecki
Nathan Richards,PG,FRN,1.0,16.0,0.0,1.0,2.0,2.0,0.0,0.0,1.0,0.0,0.0,0.0,1.0,nathan richards
Joseph Fatica,PG,FRN,1.0,2.0,0.0,0.0,0.0,0.0,0.0,0.0,0.0,0.0,0.0,0.0,0.0,joseph fatica
Greg Anderson,PG,UHSP,1.0,10.0,0.0,1.0,1.0,1.0,0.0,0.0,0.0,0.0,2.0,0.0,0.0,greg anderson
William Powell,SF,PSHZ,1.0,22.0,0.0,2.0,1.0,0.0,1.0,0.0,1.0,0.0,0.0,0.0,0.0,william powell
Chaunterion Ward,PG,RUST,1.0,28.0,0.0,4.0,0.0,1.0,1.0,0.0,6.0,0.0,0.0,0.0,1.0,chaunterion ward
Kory Young,PG,RUST,1.0,17.0,0.0,2.0,0.0,0.0,0.0,0.0,2.0,0.0,0.0,0.0,1.0,kory young
Dante Worley,PG,CMBL,1.0,2.0,0.0,1.0,0.0,0.0,0.0,0.0,0.0,0.0,0.0,0.0,0.0,dante worley
Simon Krugliakovas,PG,NCU,1.0,11.0,0.0,0.0,1.0,0.0,0.0,0.0,2.0,0.0,0.0,0.0,2.0,simon krugliakovas
Sevag Aroyan,PG,NCU,1.0,11.0,0.0,2.0,0.0,0.0,0.0,0.0,5.0,0.0,0.0,0.0,4.0,sevag aroyan
Oliver Ledger,PG,NCU,1.0,6.0,0.0,1.0,0.0,0.0,0.0,0.0,0.0,0.0,0.0,0.0,0.0,oliver ledger
Tyler Surin,PG,NCU,1.0,12.0,0.0,0.0,0.0,0.0,0.0,0.0,2.0,0.0,0.0,0.0,1.0,tyler surin
Alejandro Diaz,PG,NCU,1.0,19.0,0.0,8.0,2.0,2.0,0.0,0.0,4.0,0.0,0.0,0.0,3.0,alejandro diaz
Jaydon James,PG,NCU,1.0,5.0,0.0,0.0,0.0,0.0,0.0,0.0,0.0,0.0,0.0,0.0,2.0,jaydon james
Kam McIntyre,SF,NCU,1.0,4.0,0.0,0.0,1.0,0.0,0.0,0.0,0.0,0.0,0.0,0.0,2.0,kam mcintyre
Ethan Lewis,SF,NCU,1.0,4.0,0.0,0.0,0.0,0.0,0.0,0.0,0.0,0.0,0.0,0.0,1.0,ethan lewis
Camryn Reed,PG,SWCU,3.0,4.3333335,0.0,0.33333334,0.0,0.0,0.0,0.0,0.6666667,0.0,0.0,0.0,0.33333334,camryn reed
Steven Masini,SF,USW,1.0,22.0,0.0,1.0,1.0,0.0,2.0,0.0,0.0,0.0,0.0,0.0,4.0,steven masini
Santiago Ariza,PG,RGIS,1.0,11.0,0.0,3.0,0.0,0.0,0.0,0.0,1.0,0.0,0.0,0.0,0.0,santiago ariza
Tyrone Chinn,PG,RGIS,1.0,7.0,0.0,1.0,0.0,0.0,0.0,0.0,1.0,0.0,0.0,0.0,1.0,tyrone chinn
Ned Fitzpatrick,PG,RGIS,1.0,19.0,0.0,3.0,0.0,0.0,0.0,0.0,2.0,0.0,0.0,0.0,1.0,ned fitzpatrick
Hunter Zancan,PG,RGIS,1.0,5.0,0.0,0.0,0.0,0.0,1.0,0.0,0.0,0.0,0.0,0.0,1.0,hunter zancan
Daniel Marinaccio,PG,MNHV,1.0,23.0,0.0,1.0,0.0,0.0,0.0,0.0,2.0,0.0,0.0,0.0,0.0,daniel marinaccio
Curtis Staie,PG,MNHV,1.0,4.0,0.0,0.0,1.0,0.0,0.0,0.0,1.0,0.0,0.0,0.0,0.0,curtis staie
Jack Quinn,C,MNHV,1.0,5.0,0.0,1.0,0.0,0.0,0.0,0.0,1.0,0.0,0.0,0.0,0.0,jack quinn
Daniel Villanueva,SF,ELMS,2.0,15.5,0.0,1.5,1.0,0.0,0.0,0.0,2.0,0.0,0.0,0.0,1.0,daniel villanueva
Jack Busenhart,SF,BENU,1.0,6.0,0.0,3.0,0.0,0.0,0.0,0.0,1.0,0.0,0.0,0.0,0.0,jack busenhart
Demetrius Paul Jr,C,FVSU,1.0,4.0,0.0,1.0,0.0,0.0,0.0,0.0,0.0,0.0,0.0,0.0,0.0,demetrius paul jr
Jordan Downs,PG,BOWE,1.0,12.0,0.0,0.0,0.0,0.0,0.0,0.0,1.0,0.0,0.0,0.0,2.0,jordan downs
Jack Kronauge,PG,UCC,1.0,11.0,0.0,1.0,0.0,0.0,0.0,0.0,4.0,0.0,0.0,0.0,1.0,jack kronauge
Ian Carmical,PG,UCC,1.0,5.0,0.0,1.0,0.0,0.0,0.0,0.0,0.0,0.0,0.0,0.0,1.0,ian carmical
Terrion Benson,PG,COLC,1.0,2.0,0.0,0.0,0.0,1.0,0.0,0.0,0.0,0.0,0.0,0.0,0.0,terrion benson
Nick Brashear,PG,COLC,1.0,11.0,0.0,1.0,0.0,0.0,1.0,0.0,2.0,0.0,0.0,0.0,0.0,nick brashear
Kamran DuBois,SF,COLC,1.0,9.0,0.0,2.0,0.0,0.0,0.0,0.0,0.0,0.0,0.0,0.0,0.0,kamran dubois
Malachi Ficher,PG,FPU,1.0,5.0,0.0,0.0,0.0,0.0,0.0,0.0,2.0,0.0,0.0,0.0,0.0,malachi ficher
Abram Potts,PG,FPU,1.0,8.0,0.0,2.0,0.0,1.0,0.0,0.0,3.0,0.0,0.0,0.0,0.0,abram potts
Jaiden Williams,PG,CALD,1.0,30.0,0.0,3.0,3.0,0.0,0.0,0.0,7.0,0.0,0.0,0.0,0.0,jaiden williams
Samaj Hairston Long,PG,CALD,1.0,3.0,0.0,0.0,0.0,0.0,1.0,0.0,0.0,0.0,0.0,0.0,0.0,samaj hairston long
Emeka Ceaser,PG,CALD,1.0,4.0,0.0,1.0,1.0,0.0,0.0,0.0,0.0,0.0,0.0,0.0,0.0,emeka ceaser
Austin Amponsah,SF,CALD,1.0,3.0,0.0,0.0,0.0,0.0,0.0,0.0,0.0,0.0,0.0,0.0,0.0,austin amponsah
Darrin Lum,PG,MNLO,1.0,2.0,0.0,0.0,0.0,0.0,0.0,0.0,1.0,0.0,0.0,0.0,0.0,darrin lum
JJ Barker,PG,MNLO,1.0,0.0,0.0,0.0,0.0,0.0,0.0,0.0,0.0,0.0,0.0,0.0,0.0,jj barker
Cooper Wiley,PG,JWNC,1.0,6.0,0.0,0.0,0.0,0.0,0.0,0.0,1.0,0.0,0.0,0.0,1.0,cooper wiley
Jakobie Ginns,SF,JWNC,1.0,5.0,0.0,0.0,1.0,0.0,0.0,0.0,1.0,0.0,0.0,0.0,0.0,jakobie ginns
Moses Wilson,PG,MCK,1.0,15.0,0.0,1.0,1.0,1.0,0.0,0.0,3.0,0.0,4.0,0.0,2.0,moses wilson
Lachlan Clague,C,MCK,1.0,13.0,0.0,3.0,0.0,0.0,0.0,0.0,1.0,0.0,0.0,0.0,0.0,lachlan clague
Jackson Wors,PG,MCK,1.0,7.0,0.0,0.0,0.0,0.0,0.0,0.0,1.0,0.0,1.0,0.0,0.0,jackson wors
Jayden Prioleau,PG,LETU,1.0,8.0,0.0,1.0,0.0,1.0,0.0,0.0,4.0,0.0,0.0,0.0,1.0,jayden prioleau
Eric Arreola,PG,LETU,1.0,2.0,0.0,0.0,0.0,0.0,0.0,0.0,0.0,0.0,0.0,0.0,0.0,eric arreola
Max Frels,PG,LETU,1.0,4.0,0.0,1.0,0.0,0.0,0.0,0.0,1.0,0.0,0.0,0.0,0.0,max frels
Suraj Olasode,SF,LETU,1.0,16.0,0.0,3.0,0.0,0.0,0.0,0.0,0.0,0.0,0.0,0.0,0.0,suraj olasode
Tyler Henry,PG,LETU,1.0,2.0,0.0,0.0,0.0,0.0,0.0,0.0,3.0,0.0,0.0,0.0,0.0,tyler henry
Tajaun Jamestown,PG,ADSU,1.0,14.0,0.0,4.0,1.0,0.0,0.0,0.0,3.0,0.0,0.0,0.0,1.0,tajaun jamestown
Thomas Adams,PG,ADSU,1.0,5.0,0.0,0.0,0.0,0.0,0.0,0.0,0.0,0.0,0.0,0.0,1.0,thomas adams
Jalen Walker,PG,MBAL,2.0,3.0,0.0,1.0,1.0,0.0,0.0,0.0,0.0,0.0,0.0,0.0,1.0,jalen walker
Nate Sutherland,SG,MBAL,2.0,13.0,0.0,2.0,0.5,1.0,0.0,0.0,2.0,0.0,0.0,0.0,1.5,nate sutherland
Jayce Daniels,PG,OKCU,1.0,12.0,0.0,0.0,0.0,0.0,0.0,0.0,3.0,0.0,0.0,0.0,1.0,jayce daniels
Josh Aiken,PG,OKCU,1.0,1.0,0.0,0.0,1.0,0.0,0.0,0.0,0.0,0.0,0.0,0.0,0.0,josh aiken
Harry Chen,PG,CVU,1.0,0.0,0.0,0.0,0.0,0.0,0.0,0.0,0.0,0.0,0.0,0.0,0.0,harry chen
Ethan Haynes,PG,RIVI,1.0,8.0,0.0,0.0,0.0,0.0,0.0,0.0,1.0,0.0,0.0,0.0,1.0,ethan haynes
Daylen Dalcour,SF,RIVI,1.0,12.0,0.0,4.0,0.0,0.0,0.0,0.0,2.0,0.0,0.0,0.0,0.0,daylen dalcour
Brady Nickerson,SF,RIVI,1.0,1.0,0.0,1.0,0.0,0.0,0.0,0.0,0.0,0.0,0.0,0.0,0.0,brady nickerson
Elijah Farrell,PG,RIVI,1.0,4.0,0.0,0.0,0.0,0.0,0.0,0.0,0.0,0.0,0.0,0.0,1.0,elijah farrell
Myles Howard,SF,RIVI,1.0,1.0,0.0,0.0,0.0,0.0,0.0,0.0,0.0,0.0,0.0,0.0,0.0,myles howard
Nicholas Matos,PG,RIVI,1.0,1.0,0.0,0.0,0.0,0.0,0.0,0.0,0.0,0.0,0.0,0.0,0.0,nicholas matos
John Probey,PG,SAR,1.0,3.0,0.0,0.0,0.0,0.0,0.0,0.0,0.0,0.0,0.0,0.0,0.0,john probey
Zac Pennington,PG,SAR,1.0,5.0,0.0,0.0,0.0,1.0,0.0,0.0,2.0,0.0,0.0,0.0,0.0,zac pennington
Albert Wilson III,SF,SAR,1.0,16.0,0.0,3.0,2.0,0.0,0.0,0.0,4.0,0.0,0.0,0.0,3.0,albert wilson iii
Matthew Turner,SF,SAR,1.0,2.0,0.0,0.0,0.0,0.0,0.0,0.0,1.0,0.0,0.0,0.0,0.0,matthew turner
Ben Simms,PG,MLSP,1.0,2.0,0.0,0.0,0.0,0.0,0.0,0.0,0.0,0.0,0.0,0.0,0.0,ben simms
Luke LeFors,PG,MLSP,1.0,3.0,0.0,0.0,0.0,0.0,0.0,0.0,0.0,0.0,0.0,0.0,0.0,luke lefors
Wyatt Richardson,PG,MLSP,1.0,5.0,0.0,1.0,0.0,0.0,0.0,0.0,1.0,0.0,0.0,0.0,0.0,wyatt richardson
Samuel Holt,SF,MLSP,1.0,6.0,0.0,0.0,0.0,0.0,0.0,0.0,0.0,0.0,0.0,0.0,0.0,samuel holt
Zac Cook,SF,MLSP,1.0,2.0,0.0,0.0,0.0,0.0,0.0,0.0,0.0,0.0,0.0,0.0,0.0,zac cook
Micah Jones,PG,UMO,1.0,9.0,0.0,0.0,0.0,0.0,0.0,0.0,1.0,0.0,0.0,0.0,0.0,micah jones
Colton Fitch,PG,UMO,1.0,3.0,0.0,0.0,0.0,0.0,0.0,0.0,0.0,0.0,0.0,0.0,0.0,colton fitch
Ace Walker,PG,NCF,2.0,3.5,0.0,0.5,0.0,0.0,0.0,0.0,0.0,0.0,0.0,0.0,0.5,ace walker
Ty Townsend,PG,NCF,2.0,4.0,0.0,0.5,0.0,0.5,0.0,0.0,0.5,0.0,1.0,0.0,0.0,ty townsend
Benett Edwards,PG,NCF,2.0,6.5,0.0,0.5,0.0,0.0,0.0,0.0,1.0,0.0,2.0,0.0,1.0,benett edwards
Nick Hardin,PG,WLMT,1.0,12.0,0.0,4.0,2.0,0.0,0.0,0.0,5.0,0.0,0.0,0.0,2.0,nick hardin
Balazs Nyikos,PG,WLMT,1.0,10.0,0.0,0.0,0.0,0.0,0.0,0.0,0.0,0.0,0.0,0.0,0.0,balazs nyikos
Kendall Brown,PG,WLMT,1.0,2.0,0.0,2.0,0.0,0.0,0.0,0.0,1.0,0.0,0.0,0.0,1.0,kendall brown
Igor Sekulic,SF,WLMT,1.0,4.0,0.0,2.0,0.0,0.0,0.0,0.0,2.0,0.0,0.0,0.0,0.0,igor sekulic
Pepito Girumugisha,PG,THMC,1.0,5.0,0.0,0.0,1.0,0.0,0.0,0.0,2.0,0.0,0.0,0.0,0.0,pepito girumugisha
Omri Sarid,PG,THMC,1.0,7.0,0.0,2.0,0.0,0.0,0.0,0.0,1.0,0.0,0.0,0.0,0.0,omri sarid
Calan Denne,PG,THMC,1.0,2.0,0.0,0.0,0.0,0.0,0.0,0.0,0.0,0.0,0.0,0.0,0.0,calan denne
Colby Mitchell,SF,THMC,1.0,4.0,0.0,0.0,1.0,0.0,0.0,0.0,1.0,0.0,0.0,0.0,0.0,colby mitchell
Lane Tietz,PG,NSU,1.0,6.0,0.0,0.0,0.0,0.0,0.0,0.0,2.0,0.0,0.0,0.0,1.0,lane tietz
Nelson Reynolds,PG,NSU,1.0,11.0,0.0,1.0,0.0,1.0,0.0,0.0,1.0,0.0,0.0,0.0,0.0,nelson reynolds
Marley Baah-Yeboah,PG,NSU,1.0,5.0,0.0,1.0,1.0,0.0,0.0,0.0,0.0,0.0,0.0,0.0,1.0,marley baah yeboah
Jacob Kuhl,C,NSU,1.0,1.0,0.0,0.0,0.0,0.0,0.0,0.0,0.0,0.0,0.0,0.0,0.0,jacob kuhl
Micah Samuels,PG,WAU,2.0,14.0,0.0,3.0,0.0,1.0,0.0,0.0,1.0,0.0,0.0,0.0,0.5,micah samuels
Sven Zaimovic,PG,DMCA,2.0,1.5,0.0,0.0,0.0,0.0,0.0,0.0,1.0,0.0,0.0,0.0,0.0,sven zaimovic
Elijah Brookes,PG,UCSC,2.0,13.0,0.0,1.0,0.5,1.0,0.5,0.0,1.0,0.0,0.0,0.0,1.0,elijah brookes
Raydon Thorson,PG,CAPH,1.0,13.0,0.0,3.0,2.0,1.0,0.0,0.0,4.0,0.0,0.0,0.0,1.0,raydon thorson
Sebastian James,PG,CAPH,1.0,2.0,0.0,0.0,0.0,0.0,0.0,0.0,1.0,0.0,0.0,0.0,0.0,sebastian james
Tyriq McNeal,SF,CAPH,1.0,11.0,0.0,4.0,1.0,0.0,0.0,0.0,0.0,0.0,0.0,0.0,3.0,tyriq mcneal
Varun Madabhushi,PG,CAPH,1.0,2.0,0.0,0.0,0.0,0.0,0.0,0.0,1.0,0.0,0.0,0.0,0.0,varun madabhushi
Correll Johnson,PG,GCTU,2.0,2.5,0.0,0.0,1.0,0.0,0.0,0.0,0.0,0.0,0.0,0.0,0.0,correll johnson
Tesneem Ajeigbe,C,GCTU,2.0,14.5,0.0,1.0,1.5,0.0,0.5,0.0,1.0,0.0,1.0,0.0,1.0,tesneem ajeigbe
Marcus Brown,SF,RDPH,1.0,6.0,0.0,0.0,1.0,0.0,0.0,0.0,1.0,0.0,0.0,0.0,0.0,marcus brown
Chase Depriest,PG,RDPH,1.0,7.0,0.0,2.0,0.0,1.0,1.0,0.0,1.0,0.0,0.0,0.0,1.0,chase depriest
Devin Gaines,PG,RDPH,1.0,5.0,0.0,0.0,0.0,0.0,0.0,0.0,1.0,0.0,2.0,0.0,0.0,devin gaines
Khalil Caple,PG,RDPH,1.0,13.0,0.0,2.0,0.0,1.0,0.0,0.0,3.0,0.0,0.0,0.0,1.0,khalil caple
Mathes Klein,PG,SFST,2.0,1.5,0.0,0.0,0.0,0.0,0.0,0.0,0.0,0.0,0.0,0.0,0.0,mathes klein
Jeremiah Smith,PG,MCM,1.0,9.0,0.0,0.0,0.0,1.0,0.0,0.0,1.0,0.0,0.0,0.0,1.0,jeremiah smith
Noah Ayala,SF,MCM,1.0,4.0,0.0,0.0,0.0,0.0,1.0,0.0,0.0,0.0,0.0,0.0,0.0,noah ayala
Jackson Shorter,SF,MSSU,1.0,4.0,0.0,0.0,0.0,0.0,0.0,0.0,1.0,0.0,0.0,0.0,0.0,jackson shorter
Dillon McLennan,PG,WHTR,2.0,5.5,0.0,1.0,0.5,0.0,0.0,0.0,1.5,0.0,0.0,0.0,0.5,dillon mclennan
Bernardo Zappia,C,WHTR,2.0,2.5,0.0,0.0,0.0,0.0,0.0,0.0,0.5,0.0,0.0,0.0,1.0,bernardo zappia
Richard Sykes,PG,MMA,1.0,13.0,0.0,2.0,1.0,2.0,0.0,0.0,2.0,0.0,0.0,0.0,1.0,richard sykes
Jack van de Erve,SF,MMA,1.0,10.0,0.0,0.0,1.0,0.0,0.0,0.0,0.0,0.0,0.0,0.0,1.0,jack van de erve
Aaron Braxton,PG,MMA,1.0,11.0,0.0,0.0,1.0,0.0,0.0,0.0,3.0,0.0,0.0,0.0,3.0,aaron braxton
Noah Brown,PG,MMA,1.0,8.0,0.0,3.0,1.0,1.0,0.0,0.0,3.0,0.0,0.0,0.0,1.0,noah brown
Ronnie Fazio,PG,MMA,1.0,3.0,0.0,0.0,0.0,0.0,0.0,0.0,0.0,0.0,0.0,0.0,0.0,ronnie fazio
Elijah Burnett,PG,BMTA,1.0,23.0,0.0,0.0,3.0,0.0,0.0,0.0,1.0,0.0,0.0,0.0,3.0,elijah burnett
Josh Lindsay,PG,BMTA,1.0,1.0,0.0,0.0,0.0,0.0,0.0,0.0,0.0,0.0,0.0,0.0,0.0,josh lindsay
Liberty Fusire,SF,BMTA,1.0,9.0,0.0,1.0,0.0,0.0,0.0,0.0,0.0,0.0,0.0,0.0,0.0,liberty fusire
Lex Van Den Bergh,PG,BMTA,1.0,2.0,0.0,0.0,0.0,0.0,0.0,0.0,1.0,0.0,1.0,0.0,1.0,lex van den bergh
Brian Carter Jr.,SF,BMTA,1.0,1.0,0.0,0.0,0.0,0.0,0.0,0.0,0.0,0.0,0.0,0.0,0.0,brian carter jr
Kemar Benn,SF,BLUS,1.0,3.0,0.0,1.0,0.0,0.0,0.0,0.0,0.0,0.0,0.0,0.0,0.0,kemar benn
Jalen Baker,PG,BLUS,1.0,9.0,0.0,0.0,0.0,0.0,1.0,0.0,1.0,0.0,0.0,0.0,0.0,jalen baker
Alexander Baeck,PG,IIT,2.0,2.0,0.0,0.0,0.0,0.0,0.0,0.0,0.0,0.0,0.0,0.0,0.5,alexander baeck
Kalel Maxey,SF,IIT,2.0,5.5,0.0,1.5,0.0,0.0,0.0,0.0,0.5,0.0,0.0,0.0,0.0,kalel maxey
Aidan Rausch,PG,WHMN,1.0,12.0,0.0,1.0,0.0,0.0,0.0,0.0,0.0,0.0,0.0,0.0,0.0,aidan rausch
Ali Efe Isik,PG,WHMN,1.0,33.0,0.0,2.0,2.0,1.0,0.0,0.0,4.0,0.0,2.0,0.0,1.0,ali efe isik
Sarp Gokberk,PG,WHMN,1.0,24.0,0.0,1.0,3.0,2.0,0.0,0.0,1.0,0.0,0.0,0.0,3.0,sarp gokberk
Kam Vincent,PG,TRCC,1.0,2.0,0.0,0.0,0.0,0.0,0.0,0.0,2.0,0.0,0.0,0.0,0.0,kam vincent
Corey George,SF,TRCC,1.0,11.0,0.0,1.0,0.0,0.0,0.0,0.0,4.0,0.0,0.0,0.0,1.0,corey george
Nathanael Miller,PG,TRCC,1.0,6.0,0.0,0.0,0.0,0.0,0.0,0.0,2.0,0.0,0.0,0.0,0.0,nathanael miller
Blaise Brown,SF,DMIL,2.0,14.0,0.0,0.0,2.0,0.0,0.0,0.0,1.5,0.0,0.0,0.0,2.0,blaise brown
Marshaun Russell,SF,DMIL,2.0,8.5,0.0,1.0,0.5,0.0,0.5,0.0,0.5,0.0,0.0,0.0,3.0,marshaun russell
Borun Chen,PG,DMIL,2.0,3.5,0.0,0.0,0.0,0.0,0.0,0.0,0.0,0.0,0.0,0.0,1.0,borun chen
Jesse Mitchell,PG,LYBG,1.0,5.0,0.0,0.0,0.0,0.0,0.0,0.0,0.0,0.0,0.0,0.0,0.0,jesse mitchell
Jaden Palmore,PG,LYBG,1.0,3.0,0.0,0.0,0.0,0.0,0.0,0.0,1.0,0.0,0.0,0.0,0.0,jaden palmore
Malek Majak,C,OUAZ,1.0,7.0,0.0,1.0,0.0,0.0,1.0,0.0,1.0,0.0,0.0,0.0,0.0,malek majak
Gian Carlo,PG,DALL,2.0,4.5,0.0,0.0,0.5,0.0,0.0,0.0,0.0,0.0,0.0,0.0,1.0,gian carlo
Mason Crable,SF,DALL,2.0,2.5,0.0,0.0,0.0,0.0,0.0,0.0,1.0,0.0,0.0,0.0,0.5,mason crable
D'Marius Shumaker,PG,DKSU,3.0,10.0,0.0,0.0,0.33333334,0.33333334,0.0,0.0,0.6666667,0.0,0.0,0.0,0.33333334,d marius shumaker
Tanner Miller,PG,ALLG,1.0,2.0,0.0,0.0,0.0,0.0,0.0,0.0,0.0,0.0,0.0,0.0,0.0,tanner miller
Vinnie DePaula,PG,ALLG,1.0,3.0,0.0,1.0,0.0,0.0,0.0,0.0,2.0,0.0,0.0,0.0,0.0,vinnie depaula
Trace Williams,PG,ALLG,1.0,2.0,0.0,0.0,0.0,0.0,0.0,0.0,0.0,0.0,0.0,0.0,0.0,trace williams
Jeremy Burda,PG,ALLG,1.0,3.0,0.0,1.0,0.0,0.0,0.0,0.0,1.0,0.0,0.0,0.0,1.0,jeremy burda
Caleb Akey,PG,ALLG,1.0,2.0,0.0,1.0,0.0,0.0,0.0,0.0,0.0,0.0,0.0,0.0,0.0,caleb akey
Sincere Monroe,PG,CC,1.0,17.0,0.0,0.0,0.0,0.0,0.0,0.0,8.0,0.0,0.0,0.0,5.0,sincere monroe
Nethaniel Clemente,SF,CC,1.0,8.0,0.0,1.0,0.0,0.0,0.0,0.0,2.0,0.0,0.0,0.0,0.0,nethaniel clemente
Kendarius Irvin,PG,HNTC,1.0,16.0,0.0,4.0,2.0,1.0,0.0,0.0,4.0,0.0,0.0,0.0,0.0,kendarius irvin
Jonathon Page,PG,HNTC,1.0,7.0,0.0,1.0,0.0,0.0,0.0,0.0,6.0,0.0,0.0,0.0,0.0,jonathon page
A.J. Taylor,PG,HNTC,1.0,3.0,0.0,0.0,1.0,0.0,0.0,0.0,0.0,0.0,0.0,0.0,0.0,a j taylor
CJ Scott,PG,HNTC,1.0,6.0,0.0,1.0,0.0,0.0,0.0,0.0,3.0,0.0,0.0,0.0,0.0,cj scott
Jackson Murphy,PG,HNTC,1.0,2.0,0.0,0.0,0.0,0.0,0.0,0.0,0.0,0.0,0.0,0.0,0.0,jackson murphy
Greg Johnson,PG,HNTC,1.0,2.0,0.0,0.0,0.0,0.0,0.0,0.0,1.0,0.0,0.0,0.0,0.0,greg johnson
Myles Johnson,PG,HNTC,1.0,11.0,0.0,2.0,0.0,0.0,0.0,0.0,2.0,0.0,0.0,0.0,1.0,myles johnson
Owen Pau,PG,UHSP,1.0,0.0,0.0,0.0,0.0,0.0,0.0,0.0,0.0,0.0,0.0,0.0,0.0,owen pau
Dylan Merkle,SF,UHSP,1.0,4.0,0.0,3.0,0.0,0.0,0.0,0.0,1.0,0.0,0.0,0.0,0.0,dylan merkle
Andrew Smith,PG,NWD,1.0,4.0,0.0,0.0,0.0,0.0,0.0,0.0,0.0,0.0,0.0,0.0,0.0,andrew smith
Samuel Chen,PG,MIT,1.0,10.0,0.0,1.0,0.0,0.0,0.0,0.0,0.0,0.0,0.0,0.0,1.0,samuel chen
Henry Marshall,PG,MIT,1.0,1.0,0.0,0.0,0.0,0.0,0.0,0.0,0.0,0.0,0.0,0.0,0.0,henry marshall
Merlin Gogolin,C,MIT,1.0,17.0,0.0,3.0,0.0,0.0,0.0,0.0,2.0,0.0,0.0,0.0,3.0,merlin gogolin
Anthony Marzziotti,PG,MSMC,1.0,19.0,0.0,0.0,0.0,0.0,0.0,0.0,3.0,0.0,0.0,0.0,1.0,anthony marzziotti
Naby Ngom,PG,LANE,1.0,4.0,0.0,1.0,0.0,1.0,0.0,0.0,0.0,0.0,0.0,0.0,0.0,naby ngom
Paul Pullins,SF,LANE,1.0,9.0,0.0,2.0,0.0,0.0,1.0,0.0,0.0,0.0,0.0,0.0,0.0,paul pullins
Mani Healey,PG,MNFD,1.0,5.0,0.0,1.0,0.0,1.0,0.0,0.0,2.0,0.0,0.0,0.0,0.0,mani healey
Karson Dominick,PG,MNFD,1.0,4.0,0.0,0.0,0.0,0.0,0.0,0.0,0.0,0.0,0.0,0.0,0.0,karson dominick
Josh Franklin,PG,MNFD,1.0,14.0,0.0,2.0,0.0,1.0,0.0,0.0,0.0,0.0,0.0,0.0,3.0,josh franklin
Ty Barrett,PG,MNFD,1.0,4.0,0.0,1.0,0.0,0.0,0.0,0.0,1.0,0.0,0.0,0.0,1.0,ty barrett
Darrien Berrios Rivera,SF,MNFD,1.0,17.0,0.0,2.0,1.0,0.0,1.0,0.0,4.0,0.0,0.0,0.0,2.0,darrien berrios rivera
Maliq Sosa,PG,JBU,1.0,11.0,0.0,2.0,0.0,0.0,0.0,0.0,2.0,0.0,0.0,0.0,1.0,maliq sosa
Maaiki Dauda,SF,JBU,1.0,16.0,0.0,1.0,0.0,0.0,0.0,0.0,3.0,0.0,0.0,0.0,2.0,maaiki dauda
Lucas Schneider,PG,JBU,1.0,5.0,0.0,0.0,0.0,0.0,0.0,0.0,2.0,0.0,0.0,0.0,1.0,lucas schneider
Jackson Feely,SF,NWOK,1.0,6.0,0.0,1.0,0.0,0.0,0.0,0.0,0.0,0.0,0.0,0.0,0.0,jackson feely
Jake LaSpisa,PG,NWOK,1.0,2.0,0.0,0.0,0.0,0.0,0.0,0.0,1.0,0.0,0.0,0.0,1.0,jake laspisa
Jordayn Buhrle,SF,NWOK,1.0,3.0,0.0,0.0,0.0,0.0,0.0,0.0,0.0,0.0,0.0,0.0,0.0,jordayn buhrle
Calab Rigdon,PG,RWC,1.0,1.0,0.0,0.0,0.0,0.0,0.0,0.0,0.0,0.0,0.0,0.0,0.0,calab rigdon
Greyson Trubia,SF,RWC,1.0,17.0,0.0,1.0,2.0,0.0,0.0,0.0,1.0,0.0,1.0,0.0,0.0,greyson trubia
Amarien Mohair,PG,WEBS,2.0,4.0,0.0,0.0,0.5,0.0,0.0,0.0,1.0,0.0,0.0,0.0,1.0,amarien mohair
Kendall Horton,PG,WEBS,2.0,12.0,0.0,2.0,0.5,1.0,0.0,0.0,2.5,0.0,0.0,0.0,0.5,kendall horton
Myles Allison,PG,WEBS,2.0,7.0,0.0,0.0,0.0,0.0,0.0,0.0,1.0,0.0,0.0,0.0,2.0,myles allison
Andrew Hall,SF,WEBS,2.0,4.5,0.0,0.0,0.0,0.0,0.0,0.0,0.5,0.0,0.0,0.0,0.0,andrew hall
Nbaye Thiam,SF,WEBS,2.0,7.0,0.0,2.5,0.0,0.5,0.0,0.0,1.5,0.0,0.5,0.0,0.0,nbaye thiam
Nkosi Constant,SF,WEBS,2.0,5.0,0.0,1.0,0.0,0.0,0.0,0.0,0.0,0.0,0.0,0.0,0.5,nkosi constant
Camron Williford,PG,LYON,1.0,0.0,0.0,0.0,0.0,0.0,0.0,0.0,0.0,0.0,0.0,0.0,0.0,camron williford
Brody Tucker,PG,LYON,1.0,8.0,0.0,1.0,0.0,1.0,0.0,0.0,4.0,0.0,0.0,0.0,0.0,brody tucker
Luv Patel,PG,LYON,1.0,3.0,0.0,0.0,0.0,0.0,0.0,0.0,1.0,0.0,0.0,0.0,0.0,luv patel
Colbie West,SF,LYON,1.0,10.0,0.0,2.0,0.0,0.0,0.0,0.0,2.0,0.0,0.0,0.0,1.0,colbie west
Trevonne Horsley,PG,LYON,1.0,3.0,0.0,0.0,0.0,0.0,0.0,0.0,1.0,0.0,0.0,0.0,0.0,trevonne horsley
Hudson Rogers,SF,LYON,1.0,9.0,0.0,0.0,0.0,0.0,0.0,0.0,1.0,0.0,0.0,0.0,1.0,hudson rogers
Johnzelle Bush,PG,LYON,1.0,5.0,0.0,0.0,0.0,0.0,0.0,0.0,1.0,0.0,0.0,0.0,0.0,johnzelle bush
Kennedy Warren,PG,LYON,1.0,12.0,0.0,1.0,1.0,0.0,0.0,0.0,4.0,0.0,1.0,0.0,0.0,kennedy warren
Tucker Cunningham,PG,LYON,1.0,17.0,0.0,2.0,1.0,1.0,0.0,0.0,4.0,0.0,0.0,0.0,3.0,tucker cunningham
Cameron Brown,C,LYON,1.0,13.0,0.0,1.0,0.0,0.0,2.0,0.0,1.0,0.0,2.0,0.0,1.0,cameron brown
Sawyer Schubert,C,LYON,1.0,3.0,0.0,0.0,0.0,1.0,0.0,0.0,0.0,0.0,0.0,0.0,0.0,sawyer schubert
Arnaldo Rodriguez,PG,WUDE,1.0,0.0,0.0,0.0,0.0,0.0,0.0,0.0,0.0,0.0,0.0,0.0,0.0,arnaldo rodriguez
Jadyn Humber,SF,WUDE,1.0,0.0,0.0,0.0,0.0,0.0,0.0,0.0,0.0,0.0,0.0,0.0,0.0,jadyn humber
Jordan Moore,SF,WUDE,1.0,0.0,0.0,0.0,0.0,0.0,0.0,0.0,0.0,0.0,0.0,0.0,0.0,jordan moore
Fidel Mpanzo,C,WUDE,1.0,0.0,0.0,0.0,0.0,0.0,0.0,0.0,0.0,0.0,0.0,0.0,0.0,fidel mpanzo
Dagemawi Getachew,PG,CALT,1.0,1.0,0.0,0.0,0.0,0.0,0.0,0.0,0.0,0.0,0.0,0.0,0.0,dagemawi getachew
Oskar Olechnowicz,PG,WNMU,1.0,2.0,0.0,0.0,0.0,0.0,0.0,0.0,0.0,0.0,0.0,0.0,0.0,oskar olechnowicz
Cooper Aigner,PG,OCU,2.0,4.5,0.0,0.0,0.0,0.0,0.0,0.0,1.0,0.0,0.0,0.0,0.0,cooper aigner
Ebubenna Nwabudu,SF,MLLY,1.0,3.0,0.0,0.0,0.0,0.0,0.0,0.0,0.0,0.0,0.0,0.0,0.0,ebubenna nwabudu
Seydina Mohamed Dieng,PG,MLLY,1.0,15.0,0.0,3.0,1.0,0.0,0.0,0.0,1.0,0.0,0.0,0.0,0.0,seydina mohamed dieng
Jachin Mertes,PG,SCIA,1.0,12.0,0.0,1.0,0.0,0.0,0.0,0.0,4.0,0.0,0.0,0.0,3.0,jachin mertes
Isaac Averill,PG,SCIA,1.0,8.0,0.0,1.0,1.0,1.0,0.0,0.0,3.0,0.0,0.0,0.0,0.0,isaac averill
Mateo Dzolota,PG,SCIA,1.0,16.0,0.0,1.0,1.0,0.0,0.0,0.0,2.0,0.0,0.0,0.0,3.0,mateo dzolota
Nolan McDonald,SF,SCIA,1.0,4.0,0.0,1.0,0.0,0.0,0.0,0.0,0.0,0.0,0.0,0.0,0.0,nolan mcdonald
Hunter Hughes,PG,SCIA,1.0,7.0,0.0,1.0,3.0,0.0,0.0,0.0,1.0,0.0,0.0,0.0,0.0,hunter hughes
Brogan Fuller,PG,SCIA,1.0,14.0,0.0,4.0,1.0,0.0,0.0,0.0,2.0,0.0,0.0,0.0,2.0,brogan fuller
Logan Kowalski,SF,SCIA,1.0,4.0,0.0,0.0,0.0,0.0,1.0,0.0,1.0,0.0,0.0,0.0,2.0,logan kowalski
LeVionne Lindsey,PG,CAT,1.0,24.0,0.0,1.0,1.0,0.0,0.0,0.0,2.0,0.0,0.0,0.0,2.0,levionne lindsey
Shawn Long,PG,CAT,1.0,6.0,0.0,1.0,0.0,0.0,0.0,0.0,2.0,0.0,0.0,0.0,1.0,shawn long
Luke Frisbee,PG,COGA,3.0,2.3333333,0.0,0.33333334,0.0,0.0,0.0,0.0,0.33333334,0.0,1.0,0.0,0.0,luke frisbee
Paul Stickles,PG,PCC,1.0,25.0,0.0,3.0,2.0,1.0,0.0,0.0,3.0,0.0,0.0,0.0,1.0,paul stickles
Luke Peck,PG,PCC,1.0,10.0,0.0,2.0,0.0,0.0,0.0,0.0,3.0,0.0,0.0,0.0,1.0,luke peck
Trent Hamilton,PG,PCC,1.0,4.0,0.0,1.0,0.0,0.0,0.0,0.0,0.0,0.0,0.0,0.0,1.0,trent hamilton
Hudson Ruhl,PG,PCC,1.0,3.0,0.0,1.0,0.0,1.0,0.0,0.0,1.0,0.0,0.0,0.0,0.0,hudson ruhl
Deric Woods,SF,PCC,1.0,14.0,0.0,2.0,2.0,0.0,0.0,0.0,3.0,0.0,0.0,0.0,2.0,deric woods
Jackson Dickey,PG,PCC,1.0,2.0,0.0,0.0,0.0,0.0,0.0,0.0,1.0,0.0,0.0,0.0,0.0,jackson dickey
Heath Skjoldager,SF,PCC,1.0,9.0,0.0,0.0,0.0,0.0,0.0,0.0,2.0,0.0,0.0,0.0,3.0,heath skjoldager
Noah Foster,SF,PCC,1.0,4.0,0.0,0.0,0.0,0.0,0.0,0.0,0.0,0.0,0.0,0.0,0.0,noah foster
Sheva Logosh,SF,PCC,1.0,2.0,0.0,0.0,0.0,0.0,0.0,0.0,0.0,0.0,0.0,0.0,0.0,sheva logosh
Thomas Tyler,PG,BOBJ,3.0,4.6666665,0.0,0.33333334,1.0,0.0,0.0,0.0,1.0,0.0,0.0,0.0,1.0,thomas tyler
Elijah Favela,PG,TXLU,2.0,3.0,0.0,0.0,0.0,0.0,0.0,0.0,1.0,0.0,0.0,0.0,0.5,elijah favela
Kane Broussard,PG,CTLA,1.0,23.0,0.0,0.0,0.0,1.0,0.0,0.0,3.0,0.0,0.0,0.0,3.0,kane broussard
Quinlan Cothron,SF,PDMT,1.0,2.0,0.0,1.0,1.0,0.0,0.0,0.0,1.0,0.0,0.0,0.0,0.0,quinlan cothron
Latarious Brewer,PG,UTSO,1.0,4.0,0.0,0.0,0.0,0.0,0.0,0.0,0.0,0.0,0.0,0.0,1.0,latarious brewer
Cooper Colvin,PG,OGLE,1.0,5.0,0.0,1.0,0.0,1.0,0.0,0.0,2.0,0.0,0.0,0.0,0.0,cooper colvin
Jordyne Sutherland,PG,BRE,1.0,5.0,0.0,0.0,0.0,0.0,0.0,0.0,0.0,0.0,0.0,0.0,1.0,jordyne sutherland
LeCedric Brown,PG,BRE,1.0,3.0,0.0,0.0,1.0,0.0,0.0,0.0,1.0,0.0,0.0,0.0,0.0,lecedric brown
Tristen Abner,PG,PONT,1.0,2.0,0.0,0.0,0.0,0.0,0.0,0.0,0.0,0.0,0.0,0.0,0.0,tristen abner
Jude Ellis,PG,PONT,1.0,3.0,0.0,0.0,0.0,0.0,0.0,0.0,1.0,0.0,0.0,0.0,0.0,jude ellis
Vallon Toussaint,PG,PONT,1.0,3.0,0.0,1.0,0.0,0.0,0.0,0.0,1.0,0.0,0.0,0.0,0.0,vallon toussaint
Jackson Ary,SF,PONT,1.0,4.0,0.0,0.0,0.0,0.0,0.0,0.0,1.0,0.0,0.0,0.0,0.0,jackson ary
Charles Bryant,PG,PONT,1.0,8.0,0.0,0.0,0.0,0.0,0.0,0.0,0.0,0.0,0.0,0.0,0.0,charles bryant
Noah Mann,PG,VC,1.0,1.0,0.0,0.0,0.0,0.0,0.0,0.0,0.0,0.0,0.0,0.0,0.0,noah mann
Christopher Mitchell,PG,JCSU,1.0,2.0,0.0,0.0,0.0,0.0,0.0,0.0,1.0,0.0,0.0,0.0,0.0,christopher mitchell
Seth Corbett,SF,BOYC,1.0,9.0,0.0,1.0,0.0,0.0,0.0,0.0,0.0,0.0,0.0,0.0,0.0,seth corbett
Britton Schwartz,SF,BOYC,1.0,21.0,0.0,1.0,0.0,0.0,2.0,0.0,3.0,0.0,0.0,0.0,0.0,britton schwartz
Nick Mate,PG,EU,1.0,10.0,0.0,0.0,0.0,0.0,0.0,0.0,2.0,0.0,0.0,0.0,0.0,nick mate
Sebastian Gonzalez,PG,EU,1.0,3.0,0.0,0.0,0.0,0.0,0.0,0.0,3.0,0.0,0.0,0.0,0.0,sebastian gonzalez
Josh Fadahunsi,SF,EU,1.0,11.0,0.0,1.0,0.0,0.0,0.0,0.0,2.0,0.0,2.0,0.0,2.0,josh fadahunsi
Cornel Wheeler,PG,EU,1.0,3.0,0.0,0.0,0.0,0.0,0.0,0.0,1.0,0.0,0.0,0.0,0.0,cornel wheeler
Michael Wallace,PG,EU,1.0,3.0,0.0,0.0,0.0,0.0,0.0,0.0,1.0,0.0,0.0,0.0,0.0,michael wallace
Nic Kimball,PG,EU,1.0,6.0,0.0,5.0,0.0,0.0,0.0,0.0,2.0,0.0,0.0,0.0,0.0,nic kimball
Josh Harris,SF,EU,1.0,11.0,0.0,2.0,1.0,1.0,0.0,0.0,3.0,0.0,0.0,0.0,0.0,josh harris
Kendall Pala,PG,EU,1.0,3.0,0.0,0.0,0.0,0.0,0.0,0.0,0.0,0.0,0.0,0.0,0.0,kendall pala
Jeremiah Beck,PG,KCU,3.0,3.0,0.0,0.33333334,0.0,0.0,0.0,0.0,0.6666667,0.0,0.0,0.0,0.6666667,jeremiah beck
Lukas Balling,SF,LOR,1.0,0.0,0.0,0.0,0.0,0.0,0.0,0.0,0.0,0.0,0.0,0.0,0.0,lukas balling
Jim Navarrete,PG,LOR,1.0,4.0,0.0,0.0,0.0,0.0,0.0,0.0,0.0,0.0,0.0,0.0,1.0,jim navarrete
Julian Miles,PG,CMBS,1.0,5.0,0.0,1.0,1.0,0.0,0.0,0.0,1.0,0.0,0.0,0.0,0.0,julian miles
Malachi Robinson,SF,CMBS,1.0,20.0,0.0,3.0,1.0,1.0,2.0,0.0,6.0,0.0,0.0,0.0,2.0,malachi robinson
Jalan Johnson,PG,CMBS,1.0,3.0,0.0,1.0,0.0,0.0,0.0,0.0,2.0,0.0,0.0,0.0,0.0,jalan johnson
Shaw Daves,PG,CMBS,1.0,3.0,0.0,0.0,0.0,0.0,0.0,0.0,0.0,0.0,0.0,0.0,0.0,shaw daves
Abraham Ibezimakor,SF,CMBS,1.0,1.0,0.0,1.0,0.0,0.0,0.0,0.0,1.0,0.0,0.0,0.0,0.0,abraham ibezimakor
Davis Altrofs,SF,BMCU,2.0,3.5,0.0,0.5,0.5,0.0,0.0,0.0,0.5,0.0,0.0,0.0,0.0,davis altrofs
Isaiah Bennett,PG,ULV,1.0,8.0,0.0,1.0,0.0,0.0,0.0,0.0,1.0,0.0,0.0,0.0,1.0,isaiah bennett
Connor Burrows,PG,ULV,1.0,2.0,0.0,0.0,0.0,1.0,0.0,0.0,0.0,0.0,0.0,0.0,0.0,connor burrows
Erik Weeks,PG,ULV,1.0,8.0,0.0,0.0,0.0,0.0,0.0,0.0,2.0,0.0,0.0,0.0,2.0,erik weeks
Jet Pokossy,SF,LPU,2.0,4.5,0.0,0.0,0.5,0.0,0.0,0.0,1.0,0.0,0.0,0.0,0.5,jet pokossy
Cole Shumate,PG,HNVR,1.0,4.0,0.0,0.0,0.0,0.0,0.0,0.0,0.0,0.0,0.0,0.0,0.0,cole shumate
Davis Olson,PG,HNVR,1.0,15.0,0.0,0.0,2.0,0.0,0.0,0.0,5.0,0.0,0.0,0.0,1.0,davis olson
Terrance Yarbrough,PG,HNVR,1.0,5.0,0.0,0.0,1.0,0.0,0.0,0.0,1.0,0.0,0.0,0.0,1.0,terrance yarbrough
Nick Simpson,PG,HNVR,1.0,2.0,0.0,1.0,0.0,0.0,0.0,0.0,1.0,0.0,0.0,0.0,1.0,nick simpson
Shawn Boyd,PG,HNVR,1.0,1.0,0.0,1.0,0.0,0.0,0.0,0.0,0.0,0.0,0.0,0.0,0.0,shawn boyd
Brandon Snodgrass,PG,HNVR,1.0,1.0,0.0,0.0,0.0,0.0,0.0,0.0,0.0,0.0,0.0,0.0,0.0,brandon snodgrass
Logan Miracle,SF,HNVR,1.0,2.0,0.0,0.0,0.0,0.0,0.0,0.0,0.0,0.0,0.0,0.0,0.0,logan miracle
Chris Terry,SF,HNVR,1.0,1.0,0.0,0.0,0.0,0.0,0.0,0.0,0.0,0.0,0.0,0.0,0.0,chris terry
Koy Nelson,PG,CSS,1.0,13.0,0.0,0.0,2.0,2.0,0.0,0.0,1.0,0.0,0.0,0.0,4.0,koy nelson
Hayden Kloos,SF,CSS,1.0,12.0,0.0,3.0,0.0,0.0,0.0,0.0,4.0,0.0,0.0,0.0,0.0,hayden kloos
Ian Larsen,SF,CSS,1.0,9.0,0.0,2.0,0.0,0.0,0.0,0.0,0.0,0.0,0.0,0.0,0.0,ian larsen
Tylan McCune-Daniels,SF,PITG,1.0,4.0,0.0,0.0,0.0,0.0,0.0,0.0,0.0,0.0,0.0,0.0,1.0,tylan mccune daniels
Tyler Freas,PG,PITG,1.0,6.0,0.0,1.0,0.0,0.0,0.0,0.0,1.0,0.0,0.0,0.0,0.0,tyler freas
Justin Pierre-Paul,SF,PITG,1.0,3.0,0.0,0.0,0.0,0.0,0.0,0.0,1.0,0.0,0.0,0.0,1.0,justin pierre paul
Ryan Kull,PG,PITG,1.0,5.0,0.0,1.0,2.0,1.0,0.0,0.0,0.0,0.0,0.0,0.0,1.0,ryan kull
Justin Chandler,PG,PITG,1.0,2.0,0.0,0.0,0.0,0.0,0.0,0.0,0.0,0.0,0.0,0.0,0.0,justin chandler
Eddie McCoy,PG,WNE,1.0,29.0,0.0,3.0,2.0,1.0,0.0,0.0,2.0,0.0,0.0,0.0,0.0,eddie mccoy
Jason Britschge,SF,WNE,1.0,11.0,0.0,1.0,0.0,1.0,0.0,0.0,0.0,0.0,0.0,0.0,0.0,jason britschge
Travis Mangual,PG,WNE,1.0,10.0,0.0,0.0,0.0,1.0,0.0,0.0,0.0,0.0,0.0,0.0,0.0,travis mangual
Justin Garretson,C,WNE,1.0,10.0,0.0,2.0,0.0,0.0,0.0,0.0,1.0,0.0,0.0,0.0,0.0,justin garretson
Tyler Mangual,SF,WNE,1.0,2.0,0.0,1.0,0.0,0.0,0.0,0.0,0.0,0.0,2.0,0.0,0.0,tyler mangual
Logan Dorsey,SF,REDL,1.0,3.0,0.0,0.0,0.0,0.0,0.0,0.0,0.0,0.0,0.0,0.0,0.0,logan dorsey
Rafael Ximenes,SF,JWU,2.0,1.0,0.0,0.0,0.0,0.0,0.0,0.0,0.0,0.0,0.0,0.0,0.0,rafael ximenes
Ben Hagebusch,PG,NESU,1.0,3.0,0.0,0.0,0.0,0.0,0.0,0.0,0.0,0.0,0.0,0.0,0.0,ben hagebusch
Maurice Harmon,SF,APPR,1.0,20.0,0.0,3.0,0.0,1.0,0.0,0.0,0.0,0.0,0.0,0.0,2.0,maurice harmon
Joel Maxey,PG,APPR,1.0,6.0,0.0,0.0,0.0,0.0,0.0,0.0,1.0,0.0,0.0,0.0,1.0,joel maxey
Kcion Welch,PG,BCKB,1.0,18.0,0.0,4.0,0.0,2.0,0.0,0.0,2.0,0.0,0.0,0.0,3.0,kcion welch
Blake Horn,PG,BCKB,1.0,4.0,0.0,1.0,0.0,1.0,0.0,0.0,1.0,0.0,0.0,0.0,0.0,blake horn
Cooper Carter,PG,BCKB,1.0,7.0,0.0,1.0,0.0,0.0,0.0,0.0,2.0,0.0,0.0,0.0,0.0,cooper carter
Bradyn Pieper,PG,BCKB,1.0,6.0,0.0,1.0,0.0,0.0,1.0,0.0,1.0,0.0,0.0,0.0,1.0,bradyn pieper
Cody Marchinko,SF,BCKB,1.0,4.0,0.0,0.0,0.0,0.0,0.0,0.0,0.0,0.0,0.0,0.0,2.0,cody marchinko
Camden Nelson,PG,BCKB,1.0,4.0,0.0,0.0,0.0,0.0,0.0,0.0,0.0,0.0,0.0,0.0,0.0,camden nelson
Ryan Lash,SF,BCKB,1.0,4.0,0.0,1.0,0.0,0.0,1.0,0.0,0.0,0.0,0.0,0.0,1.0,ryan lash
Max Cain,PG,CTBR,1.0,11.0,0.0,2.0,1.0,0.0,0.0,0.0,1.0,0.0,0.0,0.0,0.0,max cain
Darius Brady,PG,AGSU,1.0,1.0,0.0,0.0,0.0,0.0,0.0,0.0,0.0,0.0,0.0,0.0,0.0,darius brady
Chace Fields,SF,AGSU,1.0,2.0,0.0,0.0,0.0,0.0,0.0,0.0,0.0,0.0,0.0,0.0,0.0,chace fields
Devyn Paz,PG,AGSU,1.0,2.0,0.0,0.0,0.0,0.0,0.0,0.0,0.0,0.0,0.0,0.0,0.0,devyn paz
Nasir Emery,SF,MNHV,1.0,3.0,0.0,0.0,0.0,1.0,0.0,0.0,0.0,0.0,0.0,0.0,0.0,nasir emery
Isaiah Daniel,PG,CNSU,2.0,6.0,0.0,1.5,0.0,0.0,0.0,0.0,1.5,0.0,0.0,0.0,1.0,isaiah daniel
Pierce Crawley,SF,EOU,2.0,3.5,0.0,1.0,0.0,0.0,0.0,0.0,0.0,0.0,0.0,0.0,0.0,pierce crawley
Chiemeka Okereke,SF,BTTN,2.0,7.0,0.0,1.0,0.5,0.0,0.5,0.0,1.0,0.0,0.0,0.0,1.0,chiemeka okereke
Larry Coleman,SF,BTTN,2.0,4.0,0.0,1.0,0.0,0.0,0.5,0.0,0.5,0.0,0.0,0.0,1.0,larry coleman
Eli Lewis,SF,BTTN,2.0,7.0,0.0,1.5,1.0,0.5,0.0,0.0,0.5,0.0,0.0,0.0,0.5,eli lewis
Rhys Brossoit,PG,PSC,1.0,1.0,0.0,0.0,1.0,0.0,0.0,0.0,0.0,0.0,0.0,0.0,0.0,rhys brossoit
Ben Marra,PG,PSC,1.0,7.0,0.0,0.0,0.0,0.0,0.0,0.0,2.0,0.0,0.0,0.0,1.0,ben marra
Aveion Cavitt,PG,PSC,1.0,2.0,0.0,1.0,0.0,0.0,0.0,0.0,0.0,0.0,0.0,0.0,1.0,aveion cavitt
Michael Soto,PG,PSC,1.0,2.0,0.0,0.0,0.0,0.0,0.0,0.0,0.0,0.0,0.0,0.0,0.0,michael soto
Leo Williams,SF,PSC,1.0,25.0,0.0,2.0,0.0,2.0,0.0,0.0,6.0,0.0,0.0,0.0,1.0,leo williams
Rodger Petermann,SF,PSC,1.0,2.0,0.0,0.0,0.0,0.0,0.0,0.0,0.0,0.0,0.0,0.0,0.0,rodger petermann
Evan Mutz,SF,PSC,1.0,2.0,0.0,0.0,0.0,0.0,0.0,0.0,0.0,0.0,0.0,0.0,0.0,evan mutz
Mason Lockett,PG,PSC,1.0,2.0,0.0,0.0,0.0,0.0,0.0,0.0,1.0,0.0,0.0,0.0,0.0,mason lockett
Zach Muroff,PG,PSC,1.0,1.0,0.0,0.0,0.0,0.0,0.0,0.0,0.0,0.0,0.0,0.0,0.0,zach muroff
Dayler Segrist,PG,MMU,2.0,2.5,0.0,0.0,0.0,0.5,0.0,0.0,0.5,0.0,0.0,0.0,0.0,dayler segrist
Tyler Bohannon,PG,MUW,1.0,3.0,0.0,0.0,0.0,0.0,0.0,0.0,0.0,0.0,0.0,0.0,0.0,tyler bohannon
Ayden McDeavitt,PG,MUW,1.0,3.0,0.0,1.0,0.0,0.0,0.0,0.0,0.0,0.0,0.0,0.0,1.0,ayden mcdeavitt
Aaron Kullar,SF,UCME,1.0,7.0,0.0,2.0,0.0,0.0,0.0,0.0,0.0,0.0,0.0,0.0,0.0,aaron kullar
Khoi Nguyen,PG,UCME,1.0,2.0,0.0,0.0,0.0,0.0,0.0,0.0,0.0,0.0,0.0,0.0,0.0,khoi nguyen
Jaiden Cole,SF,VTSL,1.0,10.0,0.0,0.0,0.0,0.0,0.0,0.0,1.0,0.0,0.0,0.0,0.0,jaiden cole
Jordan Thibodeaux,PG,VTSL,1.0,9.0,0.0,3.0,0.0,0.0,0.0,0.0,5.0,0.0,2.0,0.0,2.0,jordan thibodeaux
Alex Leslie,SF,VTSL,1.0,6.0,0.0,0.0,0.0,0.0,0.0,0.0,0.0,0.0,0.0,0.0,2.0,alex leslie
Jorden Cole,SF,VTSL,1.0,3.0,0.0,1.0,0.0,0.0,0.0,0.0,0.0,0.0,0.0,0.0,1.0,jorden cole
Jack Giarrusso,PG,VTSL,1.0,6.0,0.0,0.0,1.0,0.0,0.0,0.0,2.0,0.0,0.0,0.0,0.0,jack giarrusso
Lucas Ames,SF,VTSL,1.0,3.0,0.0,1.0,1.0,0.0,0.0,0.0,1.0,0.0,0.0,0.0,0.0,lucas ames
Tamari Rowland,PG,SHAW,1.0,9.0,0.0,1.0,0.0,0.0,0.0,0.0,1.0,0.0,0.0,0.0,2.0,tamari rowland
Justin Harris,PG,SHAW,1.0,5.0,0.0,1.0,1.0,0.0,0.0,0.0,0.0,0.0,0.0,0.0,0.0,justin harris
Logan McElveen,PG,RGNT,2.0,10.5,0.0,0.0,0.5,1.0,0.5,0.0,0.5,0.0,0.0,0.0,0.5,logan mcelveen
Chase Mullen,SF,RGNT,2.0,14.0,0.0,3.0,0.0,0.0,0.0,0.0,1.0,0.0,1.0,0.0,0.0,chase mullen
Jonathan Peery,SG,SOVA,2.0,3.5,0.0,1.0,0.5,0.0,0.0,0.0,1.5,0.0,0.0,0.0,0.0,jonathan peery
Junior Young,PG,WPEA,1.0,2.0,0.0,0.0,0.0,0.0,0.0,0.0,0.0,0.0,0.0,0.0,0.0,junior young
John Bardelli,PG,TIFF,1.0,7.0,0.0,1.0,1.0,0.0,0.0,0.0,2.0,0.0,0.0,0.0,0.0,john bardelli
Ethan Damerum,SF,TIFF,1.0,25.0,0.0,5.0,2.0,1.0,4.0,0.0,1.0,0.0,0.0,0.0,2.0,ethan damerum
Kadon Jackson,SF,MWSU,1.0,0.0,0.0,0.0,0.0,0.0,0.0,0.0,0.0,0.0,0.0,0.0,0.0,kadon jackson
Antwan Taylor,PG,MWSU,1.0,7.0,0.0,2.0,0.0,0.0,0.0,0.0,2.0,0.0,0.0,0.0,1.0,antwan taylor
Levi Rutledge,SF,MWSU,1.0,0.0,0.0,0.0,0.0,0.0,0.0,0.0,0.0,0.0,0.0,0.0,0.0,levi rutledge
Caiden Reed,SF,MWSU,1.0,0.0,0.0,0.0,0.0,0.0,0.0,0.0,0.0,0.0,0.0,0.0,0.0,caiden reed
Jayln White,PG,MOBU,1.0,7.0,0.0,0.0,1.0,0.0,0.0,0.0,2.0,0.0,0.0,0.0,0.0,jayln white
Isaiah Dixon,SF,MOBU,1.0,12.0,0.0,3.0,1.0,0.0,0.0,0.0,1.0,0.0,0.0,0.0,1.0,isaiah dixon
Micah Jernigan,PG,MOBU,1.0,5.0,0.0,1.0,0.0,0.0,0.0,0.0,2.0,0.0,0.0,0.0,0.0,micah jernigan
Nehemiah Lewis,SF,MOBU,1.0,6.0,0.0,0.0,0.0,0.0,0.0,0.0,2.0,0.0,0.0,0.0,0.0,nehemiah lewis
Ryan Murdock,SF,MOBU,1.0,9.0,0.0,2.0,0.0,0.0,0.0,0.0,0.0,0.0,0.0,0.0,1.0,ryan murdock
Solomon Talbott,SF,MOBU,1.0,8.0,0.0,0.0,0.0,0.0,0.0,0.0,0.0,0.0,0.0,0.0,0.0,solomon talbott
Benjamin Thomas,PG,GWYD,1.0,4.0,0.0,1.0,1.0,0.0,0.0,0.0,0.0,0.0,0.0,0.0,0.0,benjamin thomas
Kelvin Crawford,SF,GWYD,1.0,14.0,0.0,1.0,0.0,0.0,0.0,0.0,3.0,0.0,0.0,0.0,0.0,kelvin crawford
Antowon Burton,SF,KYSU,1.0,5.0,0.0,0.0,0.0,0.0,0.0,0.0,1.0,0.0,0.0,0.0,0.0,antowon burton
Caleb Nash,PG,LAW,1.0,18.0,0.0,5.0,5.0,0.0,0.0,0.0,3.0,0.0,0.0,0.0,3.0,caleb nash
Hogan Demovsky,PG,LAW,1.0,21.0,0.0,3.0,1.0,1.0,0.0,0.0,5.0,0.0,0.0,0.0,2.0,hogan demovsky
Nicolas Manzanera,PG,LAW,1.0,13.0,0.0,1.0,3.0,0.0,0.0,0.0,4.0,0.0,0.0,0.0,1.0,nicolas manzanera
Landon Key,SF,LAW,1.0,14.0,0.0,3.0,1.0,0.0,0.0,0.0,1.0,0.0,0.0,0.0,0.0,landon key
Casey Schoenecker,SF,LAW,1.0,21.0,0.0,6.0,1.0,1.0,0.0,0.0,6.0,0.0,0.0,0.0,0.0,casey schoenecker
Joe Whitfill,PG,LAW,1.0,2.0,0.0,0.0,0.0,0.0,0.0,0.0,1.0,0.0,0.0,0.0,0.0,joe whitfill
Eddie McAffe,SF,OLLU,1.0,6.0,0.0,0.0,0.0,0.0,0.0,0.0,0.0,0.0,0.0,0.0,0.0,eddie mcaffe
Matthew Sitler,SF,GFU,1.0,13.0,0.0,2.0,0.0,0.0,0.0,0.0,1.0,0.0,0.0,0.0,0.0,matthew sitler
Rylan Nelson,PG,GFU,1.0,7.0,0.0,0.0,0.0,0.0,0.0,0.0,1.0,0.0,0.0,0.0,0.0,rylan nelson
Jacob Jerome,PG,SNYO,2.0,6.5,0.0,0.5,0.0,0.5,0.0,0.0,1.5,0.0,0.0,0.0,0.0,jacob jerome
Deion Mitchell-Murray,SF,SNYO,2.0,5.0,0.0,0.0,0.0,0.0,0.0,0.0,0.5,0.0,1.0,0.0,0.5,deion mitchell murray
Josh Smalls,PG,SNYO,2.0,1.5,0.0,0.0,0.0,0.0,0.0,0.0,0.0,0.0,0.0,0.0,0.0,josh smalls
LeBron Bennie-Powell,PG,FRKL,1.0,17.0,0.0,2.0,0.0,0.0,2.0,0.0,4.0,0.0,0.0,0.0,4.0,lebron bennie powell
Nayiib Browne,PG,FRKL,1.0,3.0,0.0,0.0,0.0,0.0,0.0,0.0,1.0,0.0,0.0,0.0,0.0,nayiib browne
Ledger Gelfius,PG,FRKL,1.0,3.0,0.0,1.0,0.0,0.0,0.0,0.0,0.0,0.0,0.0,0.0,0.0,ledger gelfius
Kyson Neddenriep,PG,FRKL,1.0,1.0,0.0,0.0,0.0,0.0,0.0,0.0,0.0,0.0,0.0,0.0,0.0,kyson neddenriep
Jalen Scott,PG,FRKL,1.0,1.0,0.0,1.0,0.0,0.0,0.0,0.0,0.0,0.0,0.0,0.0,0.0,jalen scott
Luke Sims,PG,FRKL,1.0,1.0,0.0,0.0,1.0,0.0,0.0,0.0,0.0,0.0,0.0,0.0,0.0,luke sims
Kaden Temple,PG,FRKL,1.0,1.0,0.0,0.0,1.0,0.0,0.0,0.0,0.0,0.0,0.0,0.0,0.0,kaden temple
Tyrique Swindle,PG,UNTD,1.0,9.0,0.0,3.0,0.0,1.0,0.0,0.0,3.0,0.0,2.0,0.0,1.0,tyrique swindle
Sedric Curry Jr.,SF,UNTD,1.0,24.0,0.0,1.0,0.0,0.0,0.0,0.0,8.0,0.0,0.0,0.0,0.0,sedric curry jr
Jesse Mitchell,PG,TCJ,3.0,5.0,0.0,0.6666667,0.0,0.0,0.0,0.0,0.33333334,0.0,0.0,0.0,0.33333334,jesse mitchell
Gavin Krogstad,SF,MYSU,1.0,11.0,0.0,1.0,2.0,0.0,0.0,0.0,1.0,0.0,1.0,0.0,0.0,gavin krogstad
Silas Arvizu,PG,MYSU,1.0,7.0,0.0,1.0,1.0,0.0,0.0,0.0,2.0,0.0,0.0,0.0,2.0,silas arvizu
Gaebreal Perry,PG,MYSU,1.0,13.0,0.0,1.0,1.0,0.0,1.0,0.0,2.0,0.0,0.0,0.0,4.0,gaebreal perry
Ollie Fell,SF,MYSU,1.0,16.0,0.0,2.0,1.0,0.0,1.0,0.0,0.0,0.0,0.0,0.0,1.0,ollie fell
Trevor Schmidt,SF,MYSU,1.0,8.0,0.0,0.0,2.0,1.0,0.0,0.0,2.0,0.0,0.0,0.0,0.0,trevor schmidt
MJ Coffey,PG,CUNE,1.0,7.0,0.0,2.0,0.0,0.0,0.0,0.0,1.0,0.0,0.0,0.0,0.0,mj coffey
Garrett Grandgenett,PG,CUNE,1.0,1.0,0.0,0.0,0.0,0.0,0.0,0.0,0.0,0.0,0.0,0.0,1.0,garrett grandgenett
Jerry Ingison,SF,CUNE,1.0,1.0,0.0,0.0,0.0,0.0,0.0,0.0,0.0,0.0,0.0,0.0,0.0,jerry ingison
Luka Kokochashvili,SF,CUNE,1.0,1.0,0.0,0.0,0.0,0.0,0.0,0.0,0.0,0.0,0.0,0.0,0.0,luka kokochashvili
Jace Nelson,SF,CUNE,1.0,1.0,0.0,0.0,0.0,0.0,0.0,0.0,0.0,0.0,0.0,0.0,0.0,jace nelson
Peyton Brown,SF,CUNE,1.0,1.0,0.0,0.0,0.0,0.0,0.0,0.0,0.0,0.0,0.0,0.0,0.0,peyton brown
Landon Sullivan,SF,BRDS,1.0,5.0,0.0,0.0,0.0,1.0,0.0,0.0,2.0,0.0,0.0,0.0,0.0,landon sullivan
Asher White,PG,BRDS,1.0,3.0,0.0,0.0,0.0,0.0,0.0,0.0,0.0,0.0,0.0,0.0,0.0,asher white
Simon Nysted,PG,PUG,1.0,2.0,0.0,1.0,0.0,0.0,0.0,0.0,0.0,0.0,0.0,0.0,1.0,simon nysted
Dante Deshautelle,PG,PUG,1.0,6.0,0.0,0.0,0.0,0.0,1.0,0.0,0.0,0.0,0.0,0.0,3.0,dante deshautelle
Conor Maguire,PG,PUG,1.0,7.0,0.0,1.0,1.0,0.0,0.0,0.0,4.0,0.0,0.0,0.0,1.0,conor maguire
Cameron Wood,SG,PUG,1.0,6.0,0.0,1.0,0.0,0.0,0.0,0.0,2.0,0.0,0.0,0.0,1.0,cameron wood
Asher Abeles-Tierney,PG,PUG,1.0,4.0,0.0,0.0,0.0,0.0,0.0,0.0,1.0,0.0,0.0,0.0,0.0,asher abeles tierney
Miles Macdonald,PG,PUG,1.0,8.0,0.0,0.0,0.0,0.0,0.0,0.0,1.0,0.0,0.0,0.0,1.0,miles macdonald
Khaled Artharee,SF,PUG,1.0,8.0,0.0,2.0,2.0,1.0,0.0,0.0,4.0,0.0,3.0,0.0,0.0,khaled artharee
Trevon Hamilton,PG,PUG,1.0,13.0,0.0,2.0,1.0,1.0,0.0,0.0,1.0,0.0,0.0,0.0,3.0,trevon hamilton
Cody Gardanier,SF,PUG,1.0,6.0,0.0,0.0,0.0,0.0,0.0,0.0,1.0,0.0,0.0,0.0,0.0,cody gardanier
Khanye Bland,PG,WNWL,1.0,8.0,0.0,0.0,0.0,1.0,0.0,0.0,3.0,0.0,0.0,0.0,0.0,khanye bland
Amari Cribb,SF,BOWE,1.0,8.0,0.0,2.0,0.0,0.0,0.0,0.0,0.0,0.0,0.0,0.0,1.0,amari cribb
Mike Davis,SF,BOWE,1.0,2.0,0.0,0.0,0.0,0.0,0.0,0.0,0.0,0.0,0.0,0.0,0.0,mike davis
Omar Zeigler,PG,AUM,1.0,6.0,0.0,1.0,1.0,0.0,0.0,0.0,0.0,0.0,2.0,0.0,0.0,omar zeigler
Devon Reid,PG,RGIS,1.0,16.0,0.0,1.0,0.0,0.0,0.0,0.0,1.0,0.0,0.0,0.0,4.0,devon reid
Matt Pipan,PG,RGIS,1.0,5.0,0.0,0.0,0.0,0.0,0.0,0.0,1.0,0.0,0.0,0.0,0.0,matt pipan
Geovane Meikle,SF,RGIS,1.0,5.0,0.0,0.0,0.0,0.0,0.0,0.0,0.0,0.0,0.0,0.0,0.0,geovane meikle
Ta'San Coleman,PG,FISK,3.0,3.6666667,0.0,0.33333334,0.33333334,0.0,0.0,0.0,0.6666667,0.0,0.0,0.0,1.0,ta san coleman
Mekhi Hudson-Dillard,PG,FNU,1.0,10.0,0.0,1.0,2.0,0.0,0.0,0.0,2.0,0.0,0.0,0.0,0.0,mekhi hudson dillard
Coreem Hollingshead,PG,FNU,1.0,12.0,0.0,0.0,0.0,0.0,0.0,0.0,4.0,0.0,0.0,0.0,3.0,coreem hollingshead
Nahiku Nahale-a,PG,HAWH,1.0,3.0,0.0,0.0,0.0,0.0,0.0,0.0,0.0,0.0,0.0,0.0,2.0,nahiku nahale a
Fabio Da Rocha,C,HAWH,1.0,9.0,0.0,2.0,0.0,0.0,0.0,0.0,0.0,0.0,0.0,0.0,0.0,fabio da rocha
Seth Sanusi,SF,SHEN,1.0,10.0,0.0,2.0,0.0,0.0,1.0,0.0,0.0,0.0,0.0,0.0,0.0,seth sanusi
Andrew Ford,PG,SHEN,1.0,20.0,0.0,1.0,0.0,0.0,1.0,0.0,5.0,0.0,0.0,0.0,3.0,andrew ford
Connor Johnson,C,SHEN,1.0,1.0,0.0,0.0,0.0,0.0,0.0,0.0,0.0,0.0,0.0,0.0,0.0,connor johnson
Conner Long,SF,SHEN,1.0,5.0,0.0,1.0,0.0,0.0,0.0,0.0,1.0,0.0,0.0,0.0,0.0,conner long
Jaylen Lemon,SF,SHEN,1.0,7.0,0.0,0.0,1.0,0.0,0.0,0.0,2.0,0.0,0.0,0.0,0.0,jaylen lemon
AJ Cortes,PG,HFU,1.0,6.0,0.0,0.0,0.0,1.0,0.0,0.0,0.0,0.0,0.0,0.0,1.0,aj cortes
Amir Nelson,PG,HFU,1.0,2.0,0.0,1.0,1.0,0.0,0.0,0.0,2.0,0.0,0.0,0.0,0.0,amir nelson
Tyseer Rahman,SF,OLDW,1.0,4.0,0.0,0.0,0.0,0.0,0.0,0.0,1.0,0.0,0.0,0.0,0.0,tyseer rahman
Ahmad Sackor,SF,OLDW,1.0,13.0,0.0,3.0,1.0,0.0,0.0,0.0,1.0,0.0,0.0,0.0,2.0,ahmad sackor
Malek Ibrahem,PG,OLDW,1.0,4.0,0.0,0.0,0.0,0.0,0.0,0.0,0.0,0.0,0.0,0.0,0.0,malek ibrahem
Michael Maiorella,SF,OLDW,1.0,9.0,0.0,0.0,0.0,0.0,0.0,0.0,3.0,0.0,2.0,0.0,1.0,michael maiorella
Josh Minton,PG,OLDW,1.0,5.0,0.0,0.0,0.0,0.0,0.0,0.0,1.0,0.0,0.0,0.0,0.0,josh minton
Damont Hanton,PG,CUST,1.0,20.0,0.0,0.0,2.0,0.0,0.0,0.0,5.0,0.0,0.0,0.0,2.0,damont hanton
Michael Womer III,PG,CUST,1.0,5.0,0.0,0.0,0.0,1.0,0.0,0.0,2.0,0.0,0.0,0.0,1.0,michael womer iii
Donavan Whitfield Jr,PG,CUST,1.0,4.0,0.0,0.0,0.0,0.0,0.0,0.0,1.0,0.0,0.0,0.0,1.0,donavan whitfield jr
Greg Hopkins,PG,CUST,1.0,4.0,0.0,0.0,0.0,1.0,0.0,0.0,2.0,0.0,0.0,0.0,0.0,greg hopkins
Makieth Deng,SF,CUST,1.0,12.0,0.0,1.0,1.0,2.0,1.0,0.0,3.0,0.0,0.0,0.0,2.0,makieth deng
Damien Edwards,PG,ROW,1.0,1.0,0.0,1.0,1.0,0.0,0.0,0.0,1.0,0.0,0.0,0.0,0.0,damien edwards
Christian Conklin,PG,ROW,1.0,5.0,0.0,1.0,0.0,0.0,0.0,0.0,1.0,0.0,0.0,0.0,0.0,christian conklin
LJ Hagan,PG,ROW,1.0,2.0,0.0,0.0,0.0,1.0,0.0,0.0,0.0,0.0,0.0,0.0,0.0,lj hagan
Michael Pirone,PG,ROW,1.0,11.0,0.0,0.0,1.0,1.0,0.0,0.0,2.0,0.0,0.0,0.0,2.0,michael pirone
Giorgio Franceschi,SF,ROW,1.0,5.0,0.0,0.0,0.0,0.0,0.0,0.0,3.0,0.0,0.0,0.0,0.0,giorgio franceschi
Joseph Gonzales,PG,MCP,1.0,18.0,0.0,2.0,1.0,1.0,0.0,0.0,5.0,0.0,0.0,0.0,1.0,joseph gonzales
Nate Rust,PG,DOAN,1.0,8.0,0.0,0.0,0.0,0.0,0.0,0.0,2.0,0.0,0.0,0.0,0.0,nate rust
Crayton Macholan,PG,DOAN,1.0,4.0,0.0,0.0,0.0,0.0,0.0,0.0,0.0,0.0,0.0,0.0,0.0,crayton macholan
Jordan Ruggirello,PG,STL,1.0,4.0,0.0,0.0,0.0,0.0,0.0,0.0,1.0,0.0,0.0,0.0,0.0,jordan ruggirello
Lenz Dupont,PG,STL,1.0,11.0,0.0,1.0,4.0,0.0,0.0,0.0,3.0,0.0,0.0,0.0,0.0,lenz dupont
Manny Castro,PG,STL,1.0,3.0,0.0,0.0,0.0,1.0,0.0,0.0,0.0,0.0,0.0,0.0,1.0,manny castro
Eli Quinn,SF,MTTC,1.0,2.0,0.0,0.0,0.0,0.0,0.0,0.0,0.0,0.0,0.0,0.0,1.0,eli quinn
Alex Hermann,PG,ARCA,1.0,3.0,0.0,1.0,0.0,0.0,0.0,0.0,0.0,0.0,0.0,0.0,0.0,alex hermann
Jorden Jones,PG,ARCA,1.0,1.0,0.0,0.0,0.0,0.0,0.0,0.0,0.0,0.0,0.0,0.0,0.0,jorden jones
Marquis Kubish,PG,ARCA,1.0,3.0,0.0,1.0,1.0,0.0,0.0,0.0,1.0,0.0,0.0,0.0,1.0,marquis kubish
Jordan Taylor,SF,ARCA,1.0,5.0,0.0,1.0,0.0,1.0,0.0,0.0,1.0,0.0,0.0,0.0,0.0,jordan taylor
Cole Willey,PG,ARCA,1.0,3.0,0.0,0.0,0.0,0.0,0.0,0.0,0.0,0.0,0.0,0.0,0.0,cole willey
Will Alexander,PG,AL,1.0,9.0,0.0,0.0,0.0,0.0,0.0,0.0,2.0,0.0,0.0,0.0,0.0,will alexander
Christian Large,PG,AL,1.0,4.0,0.0,0.0,0.0,0.0,0.0,0.0,2.0,0.0,0.0,0.0,0.0,christian large
Parker Kroon,PG,UAA,1.0,6.0,0.0,1.0,0.0,0.0,0.0,0.0,2.0,0.0,0.0,0.0,1.0,parker kroon
Lyman Simmons,SF,UAA,1.0,5.0,0.0,0.0,0.0,0.0,0.0,0.0,0.0,0.0,0.0,0.0,1.0,lyman simmons
Jesse Stines,SF,UAA,1.0,13.0,0.0,0.0,0.0,1.0,1.0,0.0,1.0,0.0,0.0,0.0,1.0,jesse stines
Roee Dinnar,SF,WVUT,1.0,3.0,0.0,0.0,0.0,0.0,0.0,0.0,2.0,0.0,0.0,0.0,0.0,roee dinnar
Roman Kellum,SF,WVUT,1.0,6.0,0.0,0.0,1.0,0.0,0.0,0.0,0.0,0.0,0.0,0.0,1.0,roman kellum
Graham Orndoff,PG,WVUT,1.0,8.0,0.0,1.0,0.0,0.0,0.0,0.0,1.0,0.0,0.0,0.0,0.0,graham orndoff
Sam Cunha,SF,ELMR,1.0,3.0,0.0,0.0,0.0,0.0,0.0,0.0,0.0,0.0,0.0,0.0,0.0,sam cunha
Sidney Lewinsky,SF,ELMR,1.0,4.0,0.0,1.0,0.0,0.0,0.0,0.0,0.0,0.0,0.0,0.0,0.0,sidney lewinsky
Jack O'Grady,SF,ELMR,1.0,6.0,0.0,1.0,0.0,0.0,0.0,0.0,2.0,0.0,0.0,0.0,0.0,jack o grady
Ezra Ontl,PG,ELMR,1.0,2.0,0.0,0.0,0.0,0.0,0.0,0.0,0.0,0.0,0.0,0.0,0.0,ezra ontl
Sam Ruggles,SF,ELMR,1.0,3.0,0.0,0.0,0.0,0.0,0.0,0.0,1.0,0.0,0.0,0.0,0.0,sam ruggles
Jude Wilkins,PG,ELMR,1.0,12.0,0.0,2.0,0.0,0.0,0.0,0.0,1.0,0.0,0.0,0.0,2.0,jude wilkins
Jayden Bates,PG,BFC,1.0,0.0,0.0,0.0,0.0,0.0,0.0,0.0,0.0,0.0,0.0,0.0,0.0,jayden bates
TeSean Butler,PG,BFC,1.0,2.0,0.0,1.0,0.0,0.0,0.0,0.0,0.0,0.0,0.0,0.0,0.0,tesean butler
Avaun Garcia,SF,SAOK,1.0,1.0,0.0,0.0,0.0,0.0,0.0,0.0,0.0,0.0,0.0,0.0,0.0,avaun garcia
Josip Kronja,SF,SAOK,1.0,3.0,0.0,0.0,0.0,0.0,0.0,0.0,1.0,0.0,0.0,0.0,0.0,josip kronja
Kellen Torrey,PG,SUCA,1.0,15.0,0.0,1.0,1.0,0.0,0.0,0.0,2.0,0.0,0.0,0.0,1.0,kellen torrey
George Mena,PG,SUCA,1.0,7.0,0.0,1.0,1.0,1.0,0.0,0.0,0.0,0.0,0.0,0.0,0.0,george mena
Jack Jillson,PG,SUCA,1.0,19.0,0.0,1.0,2.0,1.0,0.0,0.0,3.0,0.0,0.0,0.0,1.0,jack jillson
Michael Wood,SF,SUCA,1.0,13.0,0.0,2.0,0.0,0.0,1.0,0.0,1.0,0.0,0.0,0.0,0.0,michael wood
Albin Atovic,PG,SUCA,1.0,3.0,0.0,0.0,0.0,0.0,0.0,0.0,0.0,0.0,0.0,0.0,1.0,albin atovic
Kobe Butler,SF,ROSE,1.0,9.0,0.0,0.0,0.0,0.0,1.0,0.0,0.0,0.0,0.0,0.0,3.0,kobe butler
Santiago Cadena III,SF,ROSE,1.0,12.0,0.0,0.0,0.0,0.0,0.0,0.0,1.0,0.0,0.0,0.0,1.0,santiago cadena iii
Jaylyn Mason,PG,ROSE,1.0,11.0,0.0,2.0,0.0,2.0,0.0,0.0,2.0,0.0,0.0,0.0,0.0,jaylyn mason
Robert Sukaly,SF,ROSE,1.0,24.0,0.0,2.0,0.0,1.0,0.0,0.0,2.0,0.0,0.0,0.0,3.0,robert sukaly
Blake Gascoigne,PG,CTON,1.0,24.0,0.0,2.0,0.0,0.0,1.0,0.0,6.0,0.0,0.0,0.0,1.0,blake gascoigne
Cori Miller,SF,CTON,1.0,16.0,0.0,1.0,0.0,0.0,0.0,0.0,2.0,0.0,0.0,0.0,0.0,cori miller
Nathaniel Pruitt,SF,CTON,1.0,33.0,0.0,3.0,0.0,0.0,2.0,0.0,2.0,0.0,0.0,0.0,1.0,nathaniel pruitt
Ioannis Galanis,SF,HOUG,1.0,10.0,0.0,0.0,1.0,0.0,0.0,0.0,2.0,0.0,0.0,0.0,0.0,ioannis galanis
DJ Oates,PG,HOUG,1.0,16.0,0.0,2.0,1.0,0.0,0.0,0.0,3.0,0.0,0.0,0.0,2.0,dj oates
Destin Randall,SF,HOUG,1.0,0.0,0.0,0.0,0.0,0.0,0.0,0.0,0.0,0.0,0.0,0.0,0.0,destin randall
Nate Reiser,PG,SCHR,1.0,4.0,0.0,0.0,0.0,0.0,0.0,0.0,1.0,0.0,0.0,0.0,0.0,nate reiser
Austin Bonilla,PG,SCHR,1.0,3.0,0.0,0.0,2.0,0.0,0.0,0.0,0.0,0.0,0.0,0.0,0.0,austin bonilla
Christian Dake,PG,HSSU,1.0,9.0,0.0,1.0,0.0,0.0,0.0,0.0,2.0,0.0,0.0,0.0,1.0,christian dake
Kevin Jones,PG,HSSU,1.0,10.0,0.0,0.0,0.0,1.0,0.0,0.0,1.0,0.0,0.0,0.0,2.0,kevin jones
Antonio Trotter,PG,HSSU,1.0,14.0,0.0,3.0,1.0,0.0,1.0,0.0,4.0,0.0,0.0,0.0,1.0,antonio trotter
Jonathan Mercera,PG,CAMR,1.0,4.0,0.0,0.0,0.0,0.0,0.0,0.0,0.0,0.0,0.0,0.0,1.0,jonathan mercera
Sergej Jakovljevic,SF,CAMR,1.0,7.0,0.0,1.0,0.0,0.0,0.0,0.0,2.0,0.0,0.0,0.0,0.0,sergej jakovljevic
Mark Huber,PG,UMW,1.0,17.0,0.0,3.0,2.0,0.0,0.0,0.0,2.0,0.0,0.0,0.0,1.0,mark huber
River Hurley,SF,UMW,1.0,1.0,0.0,0.0,0.0,0.0,0.0,0.0,0.0,0.0,0.0,0.0,1.0,river hurley
Quincy Taylor,PG,UMW,1.0,1.0,0.0,0.0,0.0,0.0,0.0,0.0,0.0,0.0,0.0,0.0,0.0,quincy taylor
Hayden Blakeman,PG,CBVU,1.0,3.0,0.0,0.0,0.0,0.0,0.0,0.0,1.0,0.0,0.0,0.0,0.0,hayden blakeman
Benjamin Yombi,PG,CBVU,1.0,6.0,0.0,2.0,1.0,0.0,0.0,0.0,2.0,0.0,0.0,0.0,0.0,benjamin yombi
Brady Westphal,PG,MNCR,1.0,3.0,0.0,0.0,0.0,0.0,0.0,0.0,2.0,0.0,0.0,0.0,1.0,brady westphal
Owen Chervestad,PG,MNCR,1.0,4.0,0.0,1.0,0.0,0.0,0.0,0.0,0.0,0.0,0.0,0.0,0.0,owen chervestad
Azar Ghezae,SG,UCCS,1.0,1.0,0.0,0.0,0.0,0.0,0.0,0.0,1.0,0.0,0.0,0.0,0.0,azar ghezae
Jomar Ezell,PG,YUNE,1.0,8.0,0.0,1.0,2.0,0.0,0.0,0.0,4.0,0.0,0.0,0.0,1.0,jomar ezell
Aaron Johnson,SF,YUNE,1.0,7.0,0.0,3.0,0.0,0.0,0.0,0.0,1.0,0.0,0.0,0.0,1.0,aaron johnson
Jaxon Kilmurry,PG,YUNE,1.0,15.0,0.0,0.0,1.0,0.0,0.0,0.0,4.0,0.0,0.0,0.0,1.0,jaxon kilmurry
Terrence Packer,PG,YUNE,1.0,4.0,0.0,1.0,0.0,1.0,0.0,0.0,3.0,0.0,0.0,0.0,0.0,terrence packer
Jordan Samuelsson,PG,YUNE,1.0,3.0,0.0,0.0,0.0,0.0,0.0,0.0,0.0,0.0,0.0,0.0,1.0,jordan samuelsson
Amouri Dunn,PG,KCC,1.0,9.0,0.0,0.0,0.0,0.0,0.0,0.0,2.0,0.0,0.0,0.0,2.0,amouri dunn
Alex Watts,PG,KCC,1.0,28.0,0.0,0.0,3.0,2.0,0.0,0.0,4.0,0.0,0.0,0.0,6.0,alex watts
Darieon Carter,PG,KCC,1.0,3.0,0.0,1.0,0.0,0.0,0.0,0.0,1.0,0.0,2.0,0.0,0.0,darieon carter
Brandan Isaac,PG,CONC,1.0,3.0,0.0,0.0,0.0,0.0,0.0,0.0,0.0,0.0,0.0,0.0,1.0,brandan isaac
Anfernee Hanna,SF,CONC,1.0,27.0,0.0,2.0,2.0,0.0,0.0,0.0,7.0,0.0,0.0,0.0,1.0,anfernee hanna
Riley Clevenger,PG,CONC,1.0,1.0,0.0,0.0,0.0,0.0,0.0,0.0,0.0,0.0,0.0,0.0,0.0,riley clevenger
Sam Boothe,PG,CONC,1.0,3.0,0.0,0.0,1.0,1.0,0.0,0.0,0.0,0.0,0.0,0.0,0.0,sam boothe
Corey Shumate,SF,CONC,1.0,2.0,0.0,0.0,0.0,0.0,0.0,0.0,0.0,0.0,1.0,0.0,0.0,corey shumate
Dylan Bena,PG,EARL,1.0,4.0,0.0,1.0,0.0,0.0,0.0,0.0,1.0,0.0,0.0,0.0,0.0,dylan bena
Ki'Shawn Wright,PG,EARL,1.0,4.0,0.0,0.0,1.0,0.0,0.0,0.0,0.0,0.0,0.0,0.0,0.0,ki shawn wright
Chase Newton,PG,EARL,1.0,12.0,0.0,1.0,0.0,0.0,0.0,0.0,1.0,0.0,0.0,0.0,1.0,chase newton
Jordan Turner,SF,EARL,1.0,6.0,0.0,0.0,0.0,0.0,0.0,0.0,1.0,0.0,0.0,0.0,0.0,jordan turner
Patrick Hardimon,SF,EARL,1.0,13.0,0.0,1.0,0.0,0.0,0.0,0.0,3.0,0.0,0.0,0.0,1.0,patrick hardimon
Manny Smith,PG,EARL,1.0,4.0,0.0,0.0,0.0,0.0,0.0,0.0,1.0,0.0,0.0,0.0,0.0,manny smith
James Clark,SF,EARL,1.0,7.0,0.0,0.0,0.0,0.0,0.0,0.0,0.0,0.0,0.0,0.0,0.0,james clark
Gabe Bolden,PG,GCSU,1.0,11.0,0.0,1.0,0.0,0.0,0.0,0.0,1.0,0.0,0.0,0.0,1.0,gabe bolden
Cam James,PG,GCSU,1.0,9.0,0.0,0.0,1.0,0.0,0.0,0.0,3.0,0.0,0.0,0.0,3.0,cam james
Devin McClain,PG,GCSU,1.0,14.0,0.0,1.0,2.0,1.0,0.0,0.0,7.0,0.0,0.0,0.0,0.0,devin mcclain
Conyer Smith,C,GCSU,1.0,9.0,0.0,1.0,0.0,0.0,0.0,0.0,1.0,0.0,0.0,0.0,1.0,conyer smith
Dereon Mcnulty,PG,IUC,1.0,5.0,0.0,0.0,0.0,0.0,0.0,0.0,1.0,0.0,0.0,0.0,1.0,dereon mcnulty
Marques Cooke,SF,IUC,1.0,2.0,0.0,0.0,0.0,0.0,0.0,0.0,0.0,0.0,0.0,0.0,1.0,marques cooke
Alessandro Rodriguez,PG,MCC,1.0,3.0,0.0,0.0,0.0,0.0,0.0,0.0,1.0,0.0,0.0,0.0,0.0,alessandro rodriguez
Jayden Brown,PG,MCC,1.0,3.0,0.0,1.0,1.0,0.0,0.0,0.0,2.0,0.0,0.0,0.0,0.0,jayden brown
Kyler Wenger,PG,MCC,1.0,3.0,0.0,0.0,0.0,0.0,0.0,0.0,0.0,0.0,0.0,0.0,1.0,kyler wenger
Eddie Lloyd II,SF,MCC,1.0,3.0,0.0,0.0,0.0,0.0,0.0,0.0,0.0,0.0,0.0,0.0,0.0,eddie lloyd ii
Amir Green-Jones,PG,RHDT,2.0,12.5,0.0,1.0,1.0,0.5,0.0,0.0,2.0,0.0,0.0,0.0,2.0,amir green jones
Dillon Fulwood,SF,RHDT,2.0,9.0,0.0,1.0,0.5,0.0,0.0,0.0,1.0,0.0,0.0,0.0,0.5,dillon fulwood
Martin Mesheryakoff,SF,SNYD,1.0,4.0,0.0,0.0,0.0,0.0,0.0,0.0,4.0,0.0,0.0,0.0,0.0,martin mesheryakoff
Angelo Krzyston,C,SNYD,1.0,7.0,0.0,2.0,0.0,0.0,0.0,0.0,1.0,0.0,1.0,0.0,0.0,angelo krzyston
Tommy Nagy,SF,SNYD,1.0,7.0,0.0,0.0,0.0,0.0,0.0,0.0,1.0,0.0,0.0,0.0,0.0,tommy nagy
Luke Rager,PG,ADR,1.0,18.0,0.0,2.0,2.0,0.0,0.0,0.0,3.0,0.0,0.0,0.0,4.0,luke rager
Lewis Covile,SF,ADR,1.0,4.0,0.0,0.0,0.0,0.0,0.0,0.0,2.0,0.0,0.0,0.0,0.0,lewis covile
Cayden Lepper,PG,ADR,1.0,9.0,0.0,1.0,1.0,0.0,0.0,0.0,0.0,0.0,2.0,0.0,1.0,cayden lepper
Curtis Dell,PG,ADR,1.0,1.0,0.0,0.0,0.0,0.0,0.0,0.0,0.0,0.0,0.0,0.0,0.0,curtis dell
Austin Foster,PG,ADR,1.0,2.0,0.0,0.0,0.0,0.0,0.0,0.0,0.0,0.0,0.0,0.0,0.0,austin foster
Quinn Burke,SF,SALV,1.0,1.0,0.0,0.0,1.0,0.0,0.0,0.0,0.0,0.0,0.0,0.0,0.0,quinn burke
Dylan Hoffmann,PG,SALV,1.0,3.0,0.0,0.0,0.0,0.0,0.0,0.0,1.0,0.0,0.0,0.0,0.0,dylan hoffmann
Rowan Linder,PG,SALV,1.0,4.0,0.0,1.0,0.0,0.0,0.0,0.0,0.0,0.0,0.0,0.0,0.0,rowan linder
Griffin Taber,PG,SALV,1.0,1.0,0.0,0.0,0.0,0.0,0.0,0.0,0.0,0.0,0.0,0.0,0.0,griffin taber
Peter Okechukwu,C,MRHO,1.0,9.0,0.0,0.0,0.0,0.0,0.0,0.0,1.0,0.0,0.0,0.0,1.0,peter okechukwu
Drew Harvey,PG,WIDE,1.0,5.0,0.0,1.0,0.0,0.0,0.0,0.0,1.0,0.0,0.0,0.0,1.0,drew harvey
Madyx Gruber,PG,WIDE,1.0,12.0,0.0,0.0,0.0,2.0,1.0,0.0,1.0,0.0,0.0,0.0,1.0,madyx gruber
Jay-Nelly Reyes,PG,WIDE,1.0,15.0,0.0,2.0,0.0,2.0,0.0,0.0,6.0,0.0,0.0,0.0,3.0,jay nelly reyes
Kieren Webb,PG,WIDE,1.0,2.0,0.0,0.0,0.0,0.0,0.0,0.0,0.0,0.0,0.0,0.0,0.0,kieren webb
Anthony Covetta,PG,FRN,1.0,14.0,0.0,0.0,1.0,1.0,0.0,0.0,4.0,0.0,0.0,0.0,0.0,anthony covetta
Benji Rook,PG,FRN,1.0,3.0,0.0,0.0,0.0,1.0,0.0,0.0,0.0,0.0,0.0,0.0,0.0,benji rook
Troy Anthony,PG,FRN,1.0,1.0,0.0,0.0,0.0,0.0,0.0,0.0,0.0,0.0,0.0,0.0,0.0,troy anthony
Nathan Rodriguez,PG,FRN,1.0,7.0,0.0,1.0,0.0,0.0,0.0,0.0,1.0,0.0,0.0,0.0,0.0,nathan rodriguez
Michael Swallow,PG,FRN,1.0,2.0,0.0,1.0,0.0,0.0,0.0,0.0,0.0,0.0,0.0,0.0,0.0,michael swallow
Francisco Mattei,PG,PSUY,1.0,8.0,0.0,1.0,0.0,0.0,0.0,0.0,2.0,0.0,2.0,0.0,0.0,francisco mattei
Corey Palmer,SF,PSUY,1.0,7.0,0.0,2.0,0.0,0.0,0.0,0.0,1.0,0.0,0.0,0.0,1.0,corey palmer
Thomas Loughry,PG,PSUY,1.0,8.0,0.0,1.0,0.0,0.0,0.0,0.0,2.0,0.0,0.0,0.0,2.0,thomas loughry
Avin Myers,SF,PSUY,1.0,5.0,0.0,1.0,0.0,0.0,0.0,0.0,0.0,0.0,0.0,0.0,0.0,avin myers
Salahudin Muhammad,PG,PSAB,2.0,3.5,0.0,0.5,0.0,0.0,0.5,0.0,0.0,0.0,1.5,0.0,0.0,salahudin muhammad
Michael Cronin,PG,PSAB,2.0,4.5,0.0,0.0,0.0,0.0,0.0,0.0,1.5,0.0,0.0,0.0,0.5,michael cronin
Jeremiah Samuel,SF,PSAB,2.0,9.5,0.0,1.0,0.0,0.0,1.0,0.0,3.0,0.0,1.0,0.0,0.0,jeremiah samuel
Adam Eljamali,PG,SJLI,1.0,5.0,0.0,2.0,2.0,0.0,0.0,0.0,2.0,0.0,0.0,0.0,0.0,adam eljamali
Corey Sommervil,PG,SJLI,1.0,11.0,0.0,0.0,1.0,1.0,0.0,0.0,3.0,0.0,0.0,0.0,0.0,corey sommervil
Zamir Gilbert,SF,SJLI,1.0,12.0,0.0,0.0,0.0,0.0,0.0,0.0,1.0,0.0,0.0,0.0,1.0,zamir gilbert
Josh Hayes,SF,SJLI,1.0,7.0,0.0,0.0,0.0,0.0,0.0,0.0,2.0,0.0,0.0,0.0,0.0,josh hayes
Lucas Schimsky,PG,JJC,1.0,2.0,0.0,0.0,0.0,0.0,0.0,0.0,0.0,0.0,0.0,0.0,1.0,lucas schimsky
Ryan Swierczek,PG,JJC,1.0,5.0,0.0,1.0,1.0,1.0,0.0,0.0,0.0,0.0,2.0,0.0,0.0,ryan swierczek
Francis Guerrero,SF,JJC,1.0,3.0,0.0,0.0,0.0,0.0,0.0,0.0,1.0,0.0,0.0,0.0,0.0,francis guerrero
Davon Sanders,PG,MBOS,1.0,29.0,0.0,5.0,5.0,2.0,0.0,0.0,8.0,0.0,0.0,0.0,1.0,davon sanders
Kaelin Dossantos Leal,PG,WORC,2.0,1.0,0.0,0.0,0.0,0.0,0.0,0.0,0.0,0.0,0.0,0.0,0.0,kaelin dossantos leal
Jai Smith,PG,PRCP,1.0,13.0,0.0,0.0,1.0,0.0,0.0,0.0,6.0,0.0,0.0,0.0,3.0,jai smith
Caden Smith,PG,PRCP,1.0,10.0,0.0,0.0,0.0,0.0,0.0,0.0,2.0,0.0,0.0,0.0,0.0,caden smith
Derek Schauman,PG,PRCP,1.0,15.0,0.0,1.0,1.0,0.0,0.0,0.0,1.0,0.0,0.0,0.0,0.0,derek schauman
Ashton Matthews,PG,PRCP,1.0,10.0,0.0,1.0,0.0,0.0,0.0,0.0,3.0,0.0,0.0,0.0,0.0,ashton matthews
Michael Spisto,PG,FDSU,1.0,17.0,0.0,2.0,2.0,1.0,0.0,0.0,2.0,0.0,0.0,0.0,3.0,michael spisto
Conor Griffin,PG,FDSU,1.0,8.0,0.0,2.0,0.0,0.0,1.0,0.0,1.0,0.0,0.0,0.0,0.0,conor griffin
Luke Bledsoe,PG,TUTX,1.0,7.0,0.0,1.0,0.0,0.0,0.0,0.0,1.0,0.0,0.0,0.0,1.0,luke bledsoe
Sean Tisdall,PG,TUTX,1.0,6.0,0.0,0.0,0.0,0.0,0.0,0.0,0.0,0.0,0.0,0.0,0.0,sean tisdall
Aidan Leo,SF,DSLU,1.0,3.0,0.0,0.0,0.0,0.0,0.0,0.0,0.0,0.0,0.0,0.0,0.0,aidan leo
Theo Gladue,PG,DSLU,1.0,4.0,0.0,0.0,0.0,0.0,0.0,0.0,1.0,0.0,0.0,0.0,0.0,theo gladue
Dom Bojko,SF,DSLU,1.0,2.0,0.0,0.0,0.0,0.0,0.0,0.0,0.0,0.0,0.0,0.0,0.0,dom bojko
Will Meeker,SF,DSLU,1.0,13.0,0.0,2.0,0.0,0.0,0.0,0.0,3.0,0.0,0.0,0.0,2.0,will meeker
Curtis Phillips,PG,PANE,1.0,9.0,0.0,1.0,0.0,0.0,0.0,0.0,5.0,0.0,0.0,0.0,1.0,curtis phillips
Na'jai Moody,PG,PANE,1.0,9.0,0.0,4.0,0.0,0.0,1.0,0.0,3.0,0.0,0.0,0.0,2.0,na jai moody
Antoine Youmans,PG,PANE,1.0,8.0,0.0,2.0,1.0,0.0,0.0,0.0,1.0,0.0,0.0,0.0,2.0,antoine youmans
Zaquan Bowling,SF,GRNB,1.0,9.0,0.0,1.0,0.0,0.0,0.0,0.0,0.0,0.0,0.0,0.0,1.0,zaquan bowling
Mike Downing,PG,GRNB,1.0,3.0,0.0,0.0,1.0,0.0,0.0,0.0,0.0,0.0,0.0,0.0,0.0,mike downing
Patrick Daniels Jr.,PG,FISH,1.0,17.0,0.0,3.0,3.0,2.0,3.0,0.0,5.0,0.0,0.0,0.0,1.0,patrick daniels jr
Mekhi Dedrick,PG,FISH,1.0,11.0,0.0,1.0,3.0,0.0,0.0,0.0,3.0,0.0,0.0,0.0,1.0,mekhi dedrick
Andrew Faretra,PG,FISH,1.0,3.0,0.0,0.0,0.0,0.0,0.0,0.0,0.0,0.0,0.0,0.0,0.0,andrew faretra
Logan Nagamine,PG,LSIU,3.0,4.6666665,0.0,1.0,0.0,0.0,0.0,0.0,0.33333334,0.0,0.0,0.0,0.6666667,logan nagamine
Conor Holland,PG,NYCB,1.0,13.0,0.0,3.0,0.0,0.0,0.0,0.0,3.0,0.0,0.0,0.0,0.0,conor holland
Fermin Fabian,PG,NYCB,1.0,14.0,0.0,3.0,0.0,1.0,1.0,0.0,5.0,0.0,0.0,0.0,1.0,fermin fabian
Quanire Greene,PG,NYCB,1.0,2.0,0.0,0.0,1.0,0.0,0.0,0.0,1.0,0.0,0.0,0.0,0.0,quanire greene
Ja'Lyn Griffin,PG,NYCB,1.0,6.0,0.0,0.0,0.0,0.0,0.0,0.0,0.0,0.0,0.0,0.0,1.0,ja lyn griffin
Adrian Beato,PG,NYCB,1.0,5.0,0.0,0.0,1.0,0.0,0.0,0.0,1.0,0.0,0.0,0.0,1.0,adrian beato
Cameron Rhode,PG,NYCB,1.0,16.0,0.0,0.0,0.0,0.0,0.0,0.0,2.0,0.0,0.0,0.0,1.0,cameron rhode
Quavir Coleman,PG,NYCB,1.0,4.0,0.0,1.0,0.0,0.0,0.0,0.0,1.0,0.0,0.0,0.0,0.0,quavir coleman
Noah Gray,PG,SJBK,1.0,7.0,0.0,1.0,0.0,0.0,0.0,0.0,0.0,0.0,0.0,0.0,1.0,noah gray
Adam Jasaraj,PG,SJBK,1.0,13.0,0.0,0.0,1.0,0.0,0.0,0.0,1.0,0.0,0.0,0.0,0.0,adam jasaraj
Justin Nazon,PG,SJBK,1.0,12.0,0.0,2.0,0.0,1.0,0.0,0.0,1.0,0.0,0.0,0.0,1.0,justin nazon
Jackson Ransom,PG,W&L,1.0,17.0,0.0,2.0,0.0,1.0,0.0,0.0,2.0,0.0,0.0,0.0,1.0,jackson ransom
Ari Hobson,SF,W&L,1.0,3.0,0.0,0.0,0.0,0.0,0.0,0.0,0.0,0.0,0.0,0.0,0.0,ari hobson
Zack Duncan,PG,W&L,1.0,1.0,0.0,0.0,0.0,0.0,0.0,0.0,1.0,0.0,0.0,0.0,0.0,zack duncan
Joe Rhyne,PG,W&L,1.0,1.0,0.0,0.0,0.0,0.0,0.0,0.0,1.0,0.0,0.0,0.0,0.0,joe rhyne
Coen Locklear,PG,W&L,1.0,1.0,0.0,0.0,0.0,0.0,0.0,0.0,0.0,0.0,0.0,0.0,1.0,coen locklear
Mill Chapman,SF,W&L,1.0,0.0,0.0,1.0,0.0,0.0,0.0,0.0,0.0,0.0,0.0,0.0,0.0,mill chapman
Semaj Marshall,PG,BCWV,2.0,8.5,0.0,1.5,0.0,0.0,0.0,0.0,3.5,0.0,0.0,0.0,1.5,semaj marshall
Jean Mongeois,SF,BCWV,2.0,7.5,0.0,1.0,0.0,0.0,0.0,0.0,0.0,0.0,0.0,0.0,0.0,jean mongeois
Ridge Martin,PG,BCWV,2.0,3.5,0.0,0.0,1.0,0.0,0.0,0.0,0.5,0.0,0.0,0.0,0.5,ridge martin
Derrick Rhodes II,PG,JVCU,2.0,3.5,0.0,0.0,0.0,0.0,0.0,0.0,1.5,0.0,0.0,0.0,0.0,derrick rhodes ii
Dane Sykes,SF,WVWC,1.0,14.0,0.0,0.0,2.0,1.0,1.0,0.0,2.0,0.0,0.0,0.0,1.0,dane sykes
Levi Wanless,PG,WVWC,1.0,2.0,0.0,0.0,0.0,0.0,0.0,0.0,0.0,0.0,0.0,0.0,0.0,levi wanless
Leonardo Sandoval,SF,WVWC,1.0,1.0,0.0,0.0,0.0,0.0,0.0,0.0,1.0,0.0,0.0,0.0,0.0,leonardo sandoval
Zander Ladefian-Payne,PG,PSNK,1.0,5.0,0.0,2.0,0.0,0.0,0.0,0.0,0.0,0.0,0.0,0.0,0.0,zander ladefian payne
Alex Thompson,PG,SPRH,1.0,9.0,0.0,3.0,0.0,0.0,0.0,0.0,2.0,0.0,0.0,0.0,0.0,alex thompson
Alvin Cole,SF,SPRH,1.0,29.0,0.0,4.0,2.0,1.0,0.0,0.0,5.0,0.0,0.0,0.0,1.0,alvin cole
Miles Hannah,PG,SPRH,1.0,6.0,0.0,1.0,0.0,0.0,0.0,0.0,2.0,0.0,0.0,0.0,1.0,miles hannah
Aiden Briggs,SF,VTSJ,3.0,7.6666665,0.0,1.0,0.0,0.0,0.0,0.0,0.6666667,0.0,0.0,0.0,0.0,aiden briggs
Gabriel Kearney,PG,CPC,3.0,5.6666665,0.0,0.6666667,0.0,0.0,0.0,0.0,0.33333334,0.0,0.0,0.0,0.33333334,gabriel kearney
Camar Gregorio,PG,UVF,1.0,4.0,0.0,0.0,0.0,0.0,0.0,0.0,0.0,0.0,0.0,0.0,0.0,camar gregorio
Jason Brice,PG,UVF,1.0,11.0,0.0,1.0,0.0,0.0,0.0,0.0,6.0,0.0,0.0,0.0,1.0,jason brice
Charlie Giordano,PG,UVF,1.0,4.0,0.0,0.0,0.0,0.0,0.0,0.0,0.0,0.0,0.0,0.0,1.0,charlie giordano
Colt Pugh,PG,OCC,1.0,3.0,0.0,0.0,1.0,0.0,0.0,0.0,0.0,0.0,0.0,0.0,1.0,colt pugh
Ayden Barrow,SF,OCC,1.0,2.0,0.0,0.0,0.0,0.0,0.0,0.0,0.0,0.0,0.0,0.0,0.0,ayden barrow
Joseph Diesel,PG,OCC,1.0,10.0,0.0,0.0,0.0,0.0,0.0,0.0,0.0,0.0,0.0,0.0,1.0,joseph diesel
Ryan Edwards,PG,GEN,1.0,12.0,0.0,1.0,1.0,0.0,0.0,0.0,0.0,0.0,1.0,0.0,1.0,ryan edwards
Chase Melat,PG,GEN,1.0,3.0,0.0,0.0,0.0,0.0,0.0,0.0,3.0,0.0,0.0,0.0,0.0,chase melat
Jonathan Bertovich,PG,GEN,1.0,32.0,0.0,3.0,7.0,1.0,0.0,0.0,3.0,0.0,0.0,0.0,9.0,jonathan bertovich
Stanford Webb,PG,GEN,1.0,3.0,0.0,0.0,0.0,0.0,0.0,0.0,1.0,0.0,0.0,0.0,0.0,stanford webb
Tyler Travillion,PG,GEN,1.0,2.0,0.0,0.0,0.0,0.0,0.0,0.0,0.0,0.0,0.0,0.0,0.0,tyler travillion
Luke Lyle,PG,GEN,1.0,4.0,0.0,0.0,0.0,1.0,0.0,0.0,0.0,0.0,0.0,0.0,0.0,luke lyle
Isaac Knoll,PG,RIP,1.0,7.0,0.0,3.0,0.0,1.0,0.0,0.0,0.0,0.0,0.0,0.0,0.0,isaac knoll
Caeden Holly,PG,RIP,1.0,2.0,0.0,1.0,0.0,0.0,0.0,0.0,0.0,0.0,0.0,0.0,0.0,caeden holly
Jake Thomsen,PG,RIP,1.0,2.0,0.0,0.0,0.0,0.0,0.0,0.0,0.0,0.0,0.0,0.0,0.0,jake thomsen
Landon Lee,PG,RIP,1.0,4.0,0.0,0.0,2.0,0.0,0.0,0.0,0.0,0.0,0.0,0.0,1.0,landon lee
Joey Daun,PG,RIP,1.0,1.0,0.0,0.0,0.0,0.0,0.0,0.0,2.0,0.0,0.0,0.0,0.0,joey daun
Jose Gonzales,PG,RIP,1.0,2.0,0.0,0.0,0.0,0.0,0.0,0.0,0.0,0.0,0.0,0.0,0.0,jose gonzales
Olin Zellmer,PG,RIP,1.0,2.0,0.0,0.0,0.0,0.0,0.0,0.0,0.0,0.0,0.0,0.0,0.0,olin zellmer
Abe Dykstra,PG,RIP,1.0,3.0,0.0,1.0,1.0,0.0,0.0,0.0,1.0,0.0,0.0,0.0,0.0,abe dykstra
Jackson Flowers,SF,RIP,1.0,2.0,0.0,0.0,0.0,0.0,0.0,0.0,1.0,0.0,0.0,0.0,0.0,jackson flowers
Dason Cook,PG,SWCU,3.0,7.6666665,0.0,2.0,0.33333334,0.33333334,0.0,0.0,1.6666666,0.0,0.0,0.0,0.0,dason cook
Jack Assini,PG,ECMA,1.0,4.0,0.0,0.0,0.0,0.0,0.0,0.0,0.0,0.0,0.0,0.0,0.0,jack assini
Damante Vanheyningen,SF,ECMA,1.0,1.0,0.0,0.0,0.0,0.0,0.0,0.0,0.0,0.0,0.0,0.0,0.0,damante vanheyningen
Jacob Williams,C,ECMA,1.0,22.0,0.0,3.0,1.0,0.0,0.0,0.0,0.0,0.0,0.0,0.0,0.0,jacob williams
Zavian Douglas,PG,BERE,1.0,12.0,0.0,1.0,1.0,0.0,0.0,0.0,1.0,0.0,0.0,0.0,0.0,zavian douglas
Trent Wilson,PG,BERE,1.0,3.0,0.0,1.0,1.0,0.0,0.0,0.0,0.0,0.0,0.0,0.0,0.0,trent wilson
Peyton Dixon,SF,BERE,1.0,7.0,0.0,1.0,0.0,1.0,0.0,0.0,0.0,0.0,0.0,0.0,0.0,peyton dixon
Tiku Avery,PG,VRHS,1.0,4.0,0.0,0.0,0.0,0.0,0.0,0.0,1.0,0.0,0.0,0.0,1.0,tiku avery
Donte Golden,PG,VRHS,1.0,7.0,0.0,0.0,0.0,0.0,0.0,0.0,1.0,0.0,0.0,0.0,1.0,donte golden
Jase Dixon,PG,VRHS,1.0,4.0,0.0,0.0,0.0,0.0,0.0,0.0,0.0,0.0,0.0,0.0,0.0,jase dixon
Jermarquis Johnson,PG,VRHS,1.0,15.0,0.0,0.0,0.0,0.0,0.0,0.0,3.0,0.0,0.0,0.0,1.0,jermarquis johnson
Kayden Diggs,C,VRHS,1.0,15.0,0.0,1.0,0.0,0.0,0.0,0.0,1.0,0.0,0.0,0.0,0.0,kayden diggs
Michael Baingana,C,VRHS,1.0,6.0,0.0,0.0,0.0,0.0,0.0,0.0,0.0,0.0,0.0,0.0,1.0,michael baingana
Logan Horton,C,DFC,2.0,18.0,0.0,3.0,0.0,0.0,2.5,0.0,1.5,0.0,0.0,0.0,1.5,logan horton
Bohden Duffield,PG,SPGN,1.0,10.0,0.0,2.0,1.0,2.0,0.0,0.0,0.0,0.0,0.0,0.0,3.0,bohden duffield
Mason Alexander,PG,SPGN,1.0,3.0,0.0,0.0,1.0,1.0,0.0,0.0,0.0,0.0,0.0,0.0,0.0,mason alexander
Javonte Woolery,PG,SPGN,1.0,4.0,0.0,0.0,0.0,0.0,0.0,0.0,3.0,0.0,0.0,0.0,0.0,javonte woolery
Turo Moni,SF,UJ,1.0,7.0,0.0,1.0,0.0,0.0,0.0,0.0,4.0,0.0,0.0,0.0,2.0,turo moni
Aiden Atkinson,SF,MISE,2.0,4.0,0.0,0.5,0.5,0.0,0.0,0.0,1.0,0.0,0.0,0.0,0.0,aiden atkinson
Noah Dewey,SF,MISE,2.0,6.0,0.0,0.5,0.0,1.0,0.0,0.0,1.5,0.0,0.0,0.0,0.0,noah dewey
Herold Merrick,PG,HSKL,2.0,5.0,0.0,0.5,1.0,0.0,0.0,0.0,0.0,0.0,0.0,0.0,1.5,herold merrick
Jude Harris,PG,HSKL,2.0,13.0,0.0,1.5,0.5,0.5,0.0,0.0,3.5,0.0,0.5,0.0,1.5,jude harris
Tyson Radermacher,PG,HSKL,2.0,7.0,0.0,0.0,0.0,0.0,0.0,0.0,1.5,0.0,0.0,0.0,0.0,tyson radermacher
Nate Jim,PG,HSKL,2.0,3.0,0.0,0.0,0.0,0.0,0.0,0.0,0.5,0.0,0.0,0.0,0.5,nate jim
Landon Zeiset,SF,LBC,1.0,7.0,0.0,2.0,0.0,0.0,0.0,0.0,3.0,0.0,0.0,0.0,0.0,landon zeiset
Matt Johnson,PG,LBC,1.0,4.0,0.0,1.0,0.0,0.0,1.0,0.0,0.0,0.0,0.0,0.0,0.0,matt johnson
Tobias Reese,PG,WLSN,1.0,19.0,0.0,0.0,1.0,0.0,0.0,0.0,4.0,0.0,0.0,0.0,0.0,tobias reese
Jaylin Davis,PG,WLSN,1.0,10.0,0.0,1.0,2.0,0.0,0.0,0.0,3.0,0.0,0.0,0.0,2.0,jaylin davis
Noah Reiser,PG,MWD,1.0,2.0,0.0,1.0,0.0,0.0,0.0,0.0,1.0,0.0,0.0,0.0,0.0,noah reiser
Max Maslowski,SF,MWD,1.0,2.0,0.0,0.0,0.0,0.0,0.0,0.0,0.0,0.0,0.0,0.0,0.0,max maslowski
Maksat Hojaberdiyev,SF,STTX,1.0,3.0,0.0,0.0,0.0,0.0,0.0,0.0,0.0,0.0,0.0,0.0,0.0,maksat hojaberdiyev
Peyton Blankenship,PG,WAYN,1.0,7.0,0.0,0.0,2.0,0.0,0.0,0.0,0.0,0.0,0.0,0.0,2.0,peyton blankenship
Grant Barnhart,PG,WAYN,1.0,19.0,0.0,2.0,0.0,0.0,0.0,0.0,4.0,0.0,0.0,0.0,1.0,grant barnhart
Justin Pasko,SF,WAYN,1.0,7.0,0.0,0.0,0.0,0.0,0.0,0.0,1.0,0.0,0.0,0.0,1.0,justin pasko
Van Robinson IV,PG,WAYN,1.0,2.0,0.0,0.0,0.0,0.0,0.0,0.0,0.0,0.0,0.0,0.0,0.0,van robinson iv
Grant Stottsberry,SF,WAYN,1.0,5.0,0.0,0.0,2.0,0.0,0.0,0.0,1.0,0.0,0.0,0.0,0.0,grant stottsberry
Preston Luzader,SF,WAYN,1.0,13.0,0.0,0.0,0.0,0.0,1.0,0.0,1.0,0.0,0.0,0.0,1.0,preston luzader
Brent Schmidt,SF,WAYN,1.0,3.0,0.0,0.0,0.0,0.0,0.0,0.0,0.0,0.0,0.0,0.0,0.0,brent schmidt
Dawda Sylva,SF,WAYN,1.0,2.0,0.0,0.0,1.0,0.0,0.0,0.0,0.0,0.0,0.0,0.0,1.0,dawda sylva
Bode Stone,C,OHCU,1.0,2.0,0.0,0.0,0.0,0.0,0.0,0.0,0.0,0.0,0.0,0.0,0.0,bode stone
Landon Elmore,SF,OHCU,1.0,1.0,0.0,0.0,0.0,1.0,0.0,0.0,0.0,0.0,0.0,0.0,1.0,landon elmore
Joshua Naklen,PG,MRCY,1.0,7.0,0.0,2.0,0.0,0.0,0.0,0.0,1.0,0.0,0.0,0.0,0.0,joshua naklen
Daniel Boateng,SF,MRCY,1.0,11.0,0.0,4.0,0.0,1.0,0.0,0.0,3.0,0.0,0.0,0.0,0.0,daniel boateng
Jeffrey Mulhern,SF,MRCY,1.0,9.0,0.0,0.0,0.0,1.0,0.0,0.0,2.0,0.0,0.0,0.0,0.0,jeffrey mulhern
Otto Aaland,SF,BVU,1.0,3.0,0.0,0.0,0.0,0.0,0.0,0.0,1.0,0.0,0.0,0.0,0.0,otto aaland
Shane Bierle,PG,BVU,1.0,16.0,0.0,0.0,1.0,1.0,0.0,0.0,0.0,0.0,0.0,0.0,1.0,shane bierle
Joshua Jackson,SF,BVU,1.0,3.0,0.0,0.0,0.0,0.0,0.0,0.0,2.0,0.0,0.0,0.0,0.0,joshua jackson
Eli Salas,PG,BVU,1.0,9.0,0.0,0.0,0.0,0.0,0.0,0.0,5.0,0.0,0.0,0.0,0.0,eli salas
August Hubbard,PG,BVU,1.0,6.0,0.0,0.0,0.0,0.0,0.0,0.0,4.0,0.0,0.0,0.0,0.0,august hubbard
Max DeVries,PG,BVU,1.0,8.0,0.0,0.0,1.0,0.0,0.0,0.0,1.0,0.0,0.0,0.0,2.0,max devries
Aric Baier,PG,BVU,1.0,4.0,0.0,0.0,0.0,0.0,0.0,0.0,1.0,0.0,0.0,0.0,0.0,aric baier
Sam Julin,PG,BVU,1.0,4.0,0.0,0.0,1.0,0.0,0.0,0.0,0.0,0.0,0.0,0.0,0.0,sam julin
Elijah Munyun,PG,PUC,1.0,15.0,0.0,3.0,1.0,2.0,1.0,0.0,4.0,0.0,0.0,0.0,1.0,elijah munyun
Kameon Whitaker,SF,PUC,1.0,7.0,0.0,1.0,0.0,0.0,0.0,0.0,0.0,0.0,0.0,0.0,2.0,kameon whitaker
John Hemsley,SF,PUC,1.0,13.0,0.0,4.0,0.0,0.0,0.0,0.0,1.0,0.0,3.0,0.0,0.0,john hemsley
Ben Morrison,PG,LOUR,1.0,21.0,0.0,1.0,1.0,1.0,0.0,0.0,1.0,0.0,0.0,0.0,0.0,ben morrison
Antwuan Hathcock Jr.,SF,LOUR,1.0,2.0,0.0,1.0,0.0,0.0,1.0,0.0,1.0,0.0,0.0,0.0,1.0,antwuan hathcock jr
Karter Koester,PG,LOUR,1.0,7.0,0.0,2.0,0.0,0.0,0.0,0.0,1.0,0.0,0.0,0.0,0.0,karter koester
Jayden Jones,PG,LOUR,1.0,4.0,0.0,2.0,0.0,0.0,0.0,0.0,3.0,0.0,0.0,0.0,1.0,jayden jones
KJ Mark,PG,LOUR,1.0,2.0,0.0,0.0,0.0,0.0,0.0,0.0,0.0,0.0,0.0,0.0,1.0,kj mark
Gabe Gonzales,SF,NCU,1.0,4.0,0.0,1.0,0.0,0.0,0.0,0.0,0.0,0.0,0.0,0.0,0.0,gabe gonzales
Barrett Marfell,SF,NCU,1.0,4.0,0.0,1.0,0.0,0.0,0.0,0.0,0.0,0.0,0.0,0.0,0.0,barrett marfell
Yousef Mateen,PG,NCU,1.0,1.0,0.0,0.0,0.0,0.0,0.0,0.0,0.0,0.0,0.0,0.0,0.0,yousef mateen
Jovon Patterson,PG,TCFL,1.0,15.0,0.0,1.0,1.0,1.0,0.0,0.0,0.0,0.0,0.0,0.0,1.0,jovon patterson
Brock D'Alessandro,PG,TCFL,1.0,1.0,0.0,0.0,0.0,0.0,0.0,0.0,0.0,0.0,0.0,0.0,0.0,brock d alessandro
Jayden Smith,SF,TCFL,1.0,11.0,0.0,4.0,0.0,0.0,1.0,0.0,2.0,0.0,0.0,0.0,1.0,jayden smith
Ben Sneddon,SF,AFST,1.0,10.0,0.0,0.0,1.0,0.0,0.0,0.0,2.0,0.0,0.0,0.0,0.0,ben sneddon
Hank Wheaton,PG,AFST,1.0,15.0,0.0,1.0,1.0,0.0,0.0,0.0,2.0,0.0,0.0,0.0,0.0,hank wheaton
Nesir Navarrete,SF,AFST,1.0,13.0,0.0,1.0,0.0,0.0,0.0,0.0,1.0,0.0,0.0,0.0,0.0,nesir navarrete
Nolan Kerr,PG,ERKA,2.0,5.0,0.0,1.0,0.5,0.0,0.0,0.0,0.0,0.0,0.0,0.0,1.0,nolan kerr
Zachy Qader,PG,ERKA,2.0,7.0,0.0,2.0,1.0,1.0,0.0,0.0,0.5,0.0,0.0,0.0,0.5,zachy qader
Quinten Elrod,PG,MMID,1.0,17.0,0.0,2.0,1.0,0.0,0.0,0.0,1.0,0.0,1.0,0.0,1.0,quinten elrod
Kenneth Rankin,PG,CTNJ,1.0,13.0,0.0,1.0,0.0,1.0,0.0,0.0,5.0,0.0,0.0,0.0,2.0,kenneth rankin
Darnelle Forrest,PG,CTNJ,1.0,13.0,0.0,3.0,2.0,0.0,1.0,0.0,4.0,0.0,0.0,0.0,1.0,darnelle forrest
Brayden Danchak,PG,CTNJ,1.0,9.0,0.0,2.0,0.0,0.0,0.0,0.0,1.0,0.0,0.0,0.0,3.0,brayden danchak
Avery Cannato,PG,CTNJ,1.0,15.0,0.0,2.0,0.0,1.0,0.0,0.0,1.0,0.0,0.0,0.0,2.0,avery cannato
Joey Dunstone,SG,PSHZ,1.0,3.0,0.0,0.0,0.0,0.0,0.0,0.0,0.0,0.0,0.0,0.0,0.0,joey dunstone
Jeremy Leonard,SF,PSHZ,1.0,1.0,0.0,0.0,0.0,0.0,0.0,0.0,0.0,0.0,0.0,0.0,0.0,jeremy leonard
Jaden Aladetohun,SG,PSHZ,1.0,16.0,0.0,0.0,0.0,0.0,0.0,0.0,4.0,0.0,0.0,0.0,0.0,jaden aladetohun
George McConkey,SF,PSHZ,1.0,5.0,0.0,1.0,1.0,0.0,0.0,0.0,1.0,0.0,0.0,0.0,0.0,george mcconkey
Lazarus Carrasquilla,PF,PSHZ,1.0,9.0,0.0,4.0,0.0,0.0,0.0,0.0,2.0,0.0,0.0,0.0,0.0,lazarus carrasquilla
Adrian Llamo,PG,THI,1.0,2.0,0.0,0.0,0.0,0.0,0.0,0.0,0.0,0.0,0.0,0.0,0.0,adrian llamo
Tyler Tillman,PG,THI,1.0,1.0,0.0,0.0,0.0,0.0,0.0,0.0,0.0,0.0,0.0,0.0,0.0,tyler tillman
Deng Makeer,PG,LOR,1.0,13.0,0.0,3.0,1.0,1.0,0.0,0.0,1.0,0.0,0.0,0.0,1.0,deng makeer
Ethan Meyer,SF,LOR,1.0,2.0,0.0,0.0,0.0,0.0,0.0,0.0,0.0,0.0,0.0,0.0,0.0,ethan meyer
Sawyer Floyd,PG,BBU,1.0,12.0,0.0,2.0,0.0,0.0,0.0,0.0,1.0,0.0,0.0,0.0,0.0,sawyer floyd
Naeem Purnell-Northern,PG,BBU,1.0,9.0,0.0,0.0,0.0,0.0,0.0,0.0,4.0,0.0,0.0,0.0,0.0,naeem purnell northern
Thaddeus Lee,PG,BBU,1.0,9.0,0.0,0.0,0.0,0.0,0.0,0.0,3.0,0.0,0.0,0.0,1.0,thaddeus lee
RJ Young,SF,BBU,1.0,1.0,0.0,0.0,0.0,0.0,0.0,0.0,0.0,0.0,0.0,0.0,0.0,rj young
Tre Simpson,SF,BBU,1.0,12.0,0.0,1.0,0.0,0.0,0.0,0.0,0.0,0.0,0.0,0.0,1.0,tre simpson
Camden Glass,SF,BBU,1.0,9.0,0.0,4.0,1.0,0.0,0.0,0.0,0.0,0.0,0.0,0.0,0.0,camden glass
Joe Brown,SF,LC,1.0,11.0,0.0,1.0,3.0,0.0,1.0,0.0,2.0,0.0,0.0,0.0,0.0,joe brown
Emil Gustafsson,PG,B&SA,1.0,19.0,0.0,2.0,0.0,0.0,0.0,0.0,4.0,0.0,0.0,0.0,0.0,emil gustafsson
Tal Cohen,PG,B&SA,1.0,5.0,0.0,1.0,0.0,0.0,0.0,0.0,0.0,0.0,0.0,0.0,0.0,tal cohen
Javon Long,PG,B&SA,1.0,8.0,0.0,0.0,0.0,0.0,1.0,0.0,2.0,0.0,0.0,0.0,0.0,javon long
Kenrick Gayle,PG,B&SA,1.0,2.0,0.0,0.0,0.0,0.0,0.0,0.0,1.0,0.0,0.0,0.0,0.0,kenrick gayle
Tayber Gray,PG,HLGU,1.0,14.0,0.0,1.0,1.0,1.0,0.0,0.0,0.0,0.0,0.0,0.0,0.0,tayber gray
Parfait Barack,SF,HLGU,1.0,7.0,0.0,2.0,0.0,0.0,0.0,0.0,0.0,0.0,1.0,0.0,0.0,parfait barack
Frederick Graewert,PG,STJF,1.0,5.0,0.0,2.0,0.0,0.0,0.0,0.0,1.0,0.0,0.0,0.0,0.0,frederick graewert
Kyler Proper,PG,STJF,1.0,9.0,0.0,0.0,1.0,0.0,0.0,0.0,1.0,0.0,0.0,0.0,2.0,kyler proper
Kurt Redeker,PG,STJF,1.0,19.0,0.0,2.0,0.0,1.0,0.0,0.0,0.0,0.0,0.0,0.0,1.0,kurt redeker
Tjay Jones,PG,AQUI,1.0,22.0,0.0,3.0,1.0,2.0,1.0,0.0,6.0,0.0,0.0,0.0,1.0,tjay jones
Terrell Jefferson,PG,AQUI,1.0,3.0,0.0,0.0,0.0,0.0,0.0,0.0,1.0,0.0,0.0,0.0,0.0,terrell jefferson
Xavier De Leon,PG,GLDT,1.0,3.0,0.0,1.0,0.0,0.0,0.0,0.0,4.0,0.0,0.0,0.0,0.0,xavier de leon
Jaedan Jefferson,PG,VSU,1.0,8.0,0.0,2.0,0.0,0.0,0.0,0.0,0.0,0.0,0.0,0.0,0.0,jaedan jefferson
John Uzochuwku,PG,VSU,1.0,2.0,0.0,0.0,0.0,0.0,0.0,0.0,0.0,0.0,0.0,0.0,0.0,john uzochuwku
Michael Cooper,PG,VSU,1.0,4.0,0.0,0.0,0.0,0.0,0.0,0.0,0.0,0.0,0.0,0.0,0.0,michael cooper
Christian Holmes,C,VSU,1.0,2.0,0.0,0.0,0.0,0.0,0.0,0.0,0.0,0.0,0.0,0.0,0.0,christian holmes
Josh Kline,PG,CRWN,1.0,6.0,0.0,0.0,0.0,0.0,0.0,0.0,1.0,0.0,0.0,0.0,0.0,josh kline
Micah Fuller,PG,CRWN,1.0,6.0,0.0,1.0,0.0,0.0,0.0,0.0,0.0,0.0,0.0,0.0,0.0,micah fuller
Codey Root,PG,CRWN,1.0,11.0,0.0,1.0,0.0,0.0,0.0,0.0,0.0,0.0,0.0,0.0,1.0,codey root
Landon Thury,SF,DWU,1.0,2.0,0.0,1.0,0.0,0.0,0.0,0.0,1.0,0.0,0.0,0.0,0.0,landon thury
Ephraim Hoefert,SF,DWU,1.0,6.0,0.0,0.0,0.0,0.0,0.0,0.0,2.0,0.0,0.0,0.0,0.0,ephraim hoefert
Kolton Duis,PG,DWU,1.0,2.0,0.0,0.0,0.0,0.0,0.0,0.0,0.0,0.0,0.0,0.0,0.0,kolton duis
Kevin Harrison,PG,NNMC,1.0,2.0,0.0,0.0,0.0,0.0,0.0,0.0,1.0,0.0,0.0,0.0,0.0,kevin harrison
Dayvinn Jansen,PG,NNMC,1.0,6.0,0.0,0.0,0.0,0.0,0.0,0.0,2.0,0.0,2.0,0.0,0.0,dayvinn jansen
Thomas Davison,PG,STN,2.0,6.5,0.0,0.0,0.5,0.0,0.0,0.0,0.5,0.0,0.0,0.0,0.0,thomas davison
Bobby Gilbert,PG,MRRS,1.0,18.0,0.0,1.0,0.0,1.0,0.0,0.0,2.0,0.0,0.0,0.0,2.0,bobby gilbert
Damian Mack,PG,MRRS,1.0,3.0,0.0,0.0,1.0,0.0,0.0,0.0,0.0,0.0,0.0,0.0,1.0,damian mack
Chris Johnson,SF,PFEI,2.0,5.0,0.0,0.5,0.5,0.5,0.0,0.0,1.0,0.0,0.0,0.0,0.0,chris johnson
Raheim Azeez,SF,LHMN,1.0,3.0,0.0,0.0,0.0,0.0,0.0,0.0,0.0,0.0,0.0,0.0,0.0,raheim azeez
Taji Stewart,PG,MANR,2.0,4.0,0.0,0.0,0.0,0.0,0.0,0.0,1.0,0.0,0.0,0.0,0.0,taji stewart
Michael Akindele,PG,MHAM,1.0,3.0,0.0,0.0,0.0,0.0,0.0,0.0,1.0,0.0,0.0,0.0,0.0,michael akindele
Vincent Mauro,PG,MHAM,1.0,1.0,0.0,1.0,0.0,0.0,0.0,0.0,0.0,0.0,0.0,0.0,0.0,vincent mauro
Derek Galla,C,PSBH,1.0,2.0,0.0,0.0,0.0,0.0,0.0,0.0,1.0,0.0,0.0,0.0,0.0,derek galla
James Wesling,PG,PSBH,1.0,4.0,0.0,0.0,0.0,0.0,0.0,0.0,3.0,0.0,0.0,0.0,0.0,james wesling
Jacob Lee,PG,TMCN,1.0,1.0,0.0,0.0,1.0,0.0,0.0,0.0,0.0,0.0,0.0,0.0,0.0,jacob lee
Connor Williams,PG,TMCN,1.0,4.0,0.0,0.0,0.0,0.0,0.0,0.0,2.0,0.0,0.0,0.0,0.0,connor williams
Justice Lewis,PG,TMCN,1.0,1.0,0.0,1.0,0.0,0.0,0.0,0.0,0.0,0.0,0.0,0.0,0.0,justice lewis
Luke Cornette,PG,USW,1.0,13.0,0.0,1.0,1.0,0.0,0.0,0.0,2.0,0.0,0.0,0.0,1.0,luke cornette
Noah Washington,PG,USW,1.0,7.0,0.0,3.0,0.0,0.0,0.0,0.0,0.0,0.0,0.0,0.0,1.0,noah washington
Isaac Warhurst,PG,USW,1.0,20.0,0.0,0.0,0.0,0.0,0.0,0.0,9.0,0.0,0.0,0.0,1.0,isaac warhurst
Rylan Laboca,PG,USW,1.0,16.0,0.0,1.0,0.0,0.0,0.0,0.0,3.0,0.0,0.0,0.0,0.0,rylan laboca
Antione Anderson Jr,PG,BENU,1.0,20.0,0.0,2.0,2.0,0.0,0.0,0.0,1.0,0.0,0.0,0.0,2.0,antione anderson jr
Jayden Standifer,C,BENU,1.0,7.0,0.0,0.0,0.0,0.0,0.0,0.0,1.0,0.0,0.0,0.0,3.0,jayden standifer
Leo Scott Jr,PG,BENU,1.0,3.0,0.0,0.0,0.0,0.0,0.0,0.0,1.0,0.0,0.0,0.0,0.0,leo scott jr
Jahdeuir Reese,PG,NYCA,1.0,17.0,0.0,3.0,1.0,0.0,0.0,0.0,2.0,0.0,0.0,0.0,4.0,jahdeuir reese
Jahmai Francois,PG,NYCA,1.0,10.0,0.0,1.0,2.0,0.0,0.0,0.0,0.0,0.0,0.0,0.0,3.0,jahmai francois
Sean Quinn,PG,NYCA,1.0,4.0,0.0,2.0,2.0,0.0,0.0,0.0,1.0,0.0,0.0,0.0,0.0,sean quinn
Jayvn Williams,PG,ARTE,1.0,5.0,0.0,1.0,0.0,0.0,0.0,0.0,1.0,0.0,0.0,0.0,0.0,jayvn williams
Bryce Beavers,PG,ARTE,1.0,3.0,0.0,1.0,0.0,0.0,0.0,0.0,0.0,0.0,0.0,0.0,0.0,bryce beavers
Lane Turner,PG,ARTE,1.0,1.0,0.0,0.0,0.0,0.0,0.0,0.0,0.0,0.0,0.0,0.0,0.0,lane turner
Johnson Irabor,SG,B&SO,1.0,1.0,0.0,0.0,0.0,0.0,0.0,0.0,0.0,0.0,0.0,0.0,0.0,johnson irabor
Jeremiah White,PG,PANE,1.0,12.0,0.0,0.0,0.0,2.0,0.0,0.0,0.0,0.0,0.0,0.0,1.0,jeremiah white
Ian Polonowski,PG,DKSN,1.0,11.0,0.0,4.0,1.0,1.0,0.0,0.0,2.0,0.0,0.0,0.0,2.0,ian polonowski
Caimon Rahming,SF,TOUG,2.0,7.5,0.0,0.0,1.0,0.0,0.5,0.0,0.5,0.0,0.0,0.0,0.5,caimon rahming
Mason Plater,SF,WLSN,1.0,7.0,0.0,1.0,1.0,0.0,0.0,0.0,0.0,0.0,0.0,0.0,0.0,mason plater
Austin Beeson,PG,COE,2.0,1.5,0.0,0.0,0.0,0.0,0.0,0.0,0.0,0.0,0.0,0.0,0.0,austin beeson
Tyler Thomas,PG,UMA,1.0,4.0,0.0,0.0,0.0,0.0,0.0,0.0,0.0,0.0,0.0,0.0,1.0,tyler thomas
Kobe Edwards,SG,UMA,1.0,9.0,0.0,2.0,0.0,0.0,0.0,0.0,0.0,0.0,0.0,0.0,0.0,kobe edwards
DeAndre Knight,SG,UMA,1.0,2.0,0.0,0.0,0.0,0.0,0.0,0.0,0.0,0.0,0.0,0.0,0.0,deandre knight
Derrick Daigle,SF,UMA,1.0,4.0,0.0,2.0,1.0,0.0,0.0,0.0,1.0,0.0,0.0,0.0,0.0,derrick daigle
DaCory Owens,PG,UMA,1.0,10.0,0.0,2.0,0.0,0.0,0.0,0.0,2.0,0.0,0.0,0.0,0.0,dacory owens
Rodney Tullis Jr,PG,STE,1.0,6.0,0.0,0.0,0.0,1.0,0.0,0.0,1.0,0.0,0.0,0.0,1.0,rodney tullis jr
Maleake Kelly Jr,PG,STE,1.0,7.0,0.0,0.0,1.0,0.0,0.0,0.0,1.0,0.0,0.0,0.0,0.0,maleake kelly jr
Ih'Jamir Williams,SF,STE,1.0,3.0,0.0,0.0,0.0,1.0,0.0,0.0,0.0,0.0,0.0,0.0,0.0,ih jamir williams
Brady Lason,SF,SLC,1.0,7.0,0.0,0.0,0.0,0.0,1.0,0.0,0.0,0.0,0.0,0.0,1.0,brady lason
Noah Richmond,PG,RUC,1.0,8.0,0.0,0.0,1.0,0.0,0.0,0.0,1.0,0.0,0.0,0.0,0.0,noah richmond
Caleb Crosby,PG,RUC,1.0,10.0,0.0,0.0,0.0,0.0,0.0,0.0,3.0,0.0,0.0,0.0,0.0,caleb crosby
Ryan Senft,PG,RUC,1.0,21.0,0.0,2.0,1.0,2.0,0.0,0.0,2.0,0.0,2.0,0.0,2.0,ryan senft
Davonte Pilcher,SF,HWPU,2.0,2.0,0.0,0.0,0.0,0.5,0.0,0.0,0.0,0.0,0.0,0.0,0.0,davonte pilcher
Jamisen Young,PG,NCU,1.0,13.0,0.0,2.0,3.0,0.0,0.0,0.0,5.0,0.0,0.0,0.0,1.0,jamisen young
Nick Baron,PG,SMMD,2.0,3.5,0.0,0.0,0.5,0.0,0.0,0.0,0.0,0.0,0.0,0.0,0.0,nick baron
Nicholas Cozzolino,PG,EMRS,1.0,2.0,0.0,0.0,0.0,0.0,0.0,0.0,2.0,0.0,0.0,0.0,0.0,nicholas cozzolino
Evan Honnen,SF,UOO,1.0,20.0,0.0,0.0,3.0,1.0,0.0,0.0,6.0,0.0,0.0,0.0,0.0,evan honnen
Levi Stambaugh,PG,UOO,1.0,12.0,0.0,1.0,1.0,0.0,0.0,0.0,6.0,0.0,0.0,0.0,3.0,levi stambaugh
Jamahr Motley,PG,UOO,1.0,1.0,0.0,1.0,0.0,0.0,0.0,0.0,0.0,0.0,0.0,0.0,0.0,jamahr motley
Kayden Neiderquill,SF,UOO,1.0,1.0,0.0,0.0,0.0,0.0,0.0,0.0,1.0,0.0,0.0,0.0,0.0,kayden neiderquill
Logan Walton,SF,UOO,1.0,4.0,0.0,1.0,0.0,0.0,0.0,0.0,0.0,0.0,4.0,0.0,0.0,logan walton
Steven Cordero,PG,MBOS,1.0,9.0,0.0,1.0,0.0,0.0,0.0,0.0,1.0,0.0,0.0,0.0,3.0,steven cordero
Seun Sorinmade,PG,MBOS,1.0,8.0,0.0,1.0,0.0,0.0,0.0,0.0,3.0,0.0,0.0,0.0,1.0,seun sorinmade
Mikell Orellus,C,MBOS,1.0,7.0,0.0,0.0,0.0,2.0,0.0,0.0,2.0,0.0,0.0,0.0,0.0,mikell orellus
Charlie Breindel,PG,PSBH,1.0,5.0,0.0,0.0,0.0,0.0,0.0,0.0,0.0,0.0,0.0,0.0,0.0,charlie breindel
Dom Zitello,PG,PSSH,4.0,2.0,0.0,0.0,0.25,0.0,0.0,0.0,0.25,0.0,0.0,0.0,0.0,dom zitello
Adem Dervisevic,PG,CCNY,2.0,1.5,0.0,0.5,0.0,0.0,0.0,0.0,1.0,0.0,0.0,0.0,0.0,adem dervisevic
Zach Peysakhovich,SF,CCNY,2.0,12.5,0.0,2.5,0.5,0.0,0.0,0.0,2.5,0.0,0.0,0.0,0.5,zach peysakhovich
Will Goodwin,SF,BOBJ,3.0,1.0,0.0,0.0,0.33333334,0.0,0.0,0.0,0.33333334,0.0,0.0,0.0,0.0,will goodwin
Juvon Crawford,PG,LOR,1.0,1.0,0.0,0.0,1.0,0.0,0.0,0.0,0.0,0.0,0.0,0.0,0.0,juvon crawford
Athan Berchos,PG,LOR,1.0,2.0,0.0,0.0,0.0,1.0,0.0,0.0,1.0,0.0,0.0,0.0,1.0,athan berchos
Eric Hernandez Jr.,SF,VTSL,1.0,3.0,0.0,2.0,0.0,0.0,0.0,0.0,0.0,0.0,0.0,0.0,0.0,eric hernandez jr
Landen Quimbley,PG,PANE,1.0,7.0,0.0,0.0,0.0,0.0,0.0,0.0,0.0,0.0,0.0,0.0,0.0,landen quimbley
D.J. Smith,PG,OLLU,1.0,3.0,0.0,0.0,0.0,0.0,0.0,0.0,1.0,0.0,0.0,0.0,0.0,d j smith
Jake Pangrazio,PG,STJF,1.0,4.0,0.0,0.0,0.0,0.0,0.0,0.0,0.0,0.0,0.0,0.0,0.0,jake pangrazio
Petar Asceric,SF,FMU,1.0,2.0,0.0,1.0,0.0,0.0,0.0,0.0,1.0,0.0,0.0,0.0,0.0,petar asceric
Ashton Hosler,PG,CRWN,1.0,7.0,0.0,1.0,0.0,0.0,0.0,0.0,2.0,0.0,0.0,0.0,0.0,ashton hosler
Ezra Fasthorse,SF,SKC,1.0,8.0,0.0,0.0,0.0,0.0,0.0,0.0,1.0,0.0,0.0,0.0,0.0,ezra fasthorse
Da Ron Wheeler,SF,SKC,1.0,7.0,0.0,0.0,0.0,0.0,0.0,0.0,1.0,0.0,0.0,0.0,1.0,da ron wheeler
Eli Jones,C,YUNE,1.0,2.0,0.0,0.0,0.0,0.0,0.0,0.0,1.0,0.0,0.0,0.0,0.0,eli jones
Jeremiah Edwards,PG,ABSU,1.0,10.0,0.0,1.0,0.0,0.0,0.0,0.0,2.0,0.0,0.0,0.0,1.0,jeremiah edwards
Sterling Moody,PG,ABSU,1.0,8.0,0.0,1.0,0.0,0.0,0.0,0.0,0.0,0.0,0.0,0.0,1.0,sterling moody
Oliver Pratt,PG,BAP,1.0,16.0,0.0,3.0,1.0,0.0,0.0,0.0,4.0,0.0,0.0,0.0,1.0,oliver pratt
Dillon Kelty,PG,BAP,1.0,1.0,0.0,0.0,0.0,0.0,0.0,0.0,0.0,0.0,0.0,0.0,0.0,dillon kelty
Joshua Good,PG,BAP,1.0,1.0,0.0,0.0,0.0,0.0,0.0,0.0,0.0,0.0,0.0,0.0,0.0,joshua good
Donte Hubert-Bonner,SF,BAP,1.0,4.0,0.0,1.0,0.0,0.0,0.0,0.0,1.0,0.0,0.0,0.0,0.0,donte hubert bonner
Jo'el King,SF,BAP,1.0,19.0,0.0,1.0,1.0,1.0,1.0,0.0,6.0,0.0,1.0,0.0,1.0,jo el king
Valentin Lara,PG,BAP,1.0,6.0,0.0,0.0,0.0,0.0,0.0,0.0,3.0,0.0,0.0,0.0,1.0,valentin lara
KJ Waddell,PG,PRCP,1.0,17.0,0.0,3.0,0.0,1.0,0.0,0.0,4.0,0.0,0.0,0.0,1.0,kj waddell
Santiago Rivas,PG,USW,1.0,4.0,0.0,0.0,0.0,0.0,0.0,0.0,1.0,0.0,0.0,0.0,0.0,santiago rivas
Javion Dailey,PG,MOBL,1.0,3.0,0.0,0.0,0.0,0.0,0.0,0.0,1.0,0.0,0.0,0.0,1.0,javion dailey
Von Carter-Ward,SF,MOBL,1.0,3.0,0.0,0.0,0.0,0.0,0.0,0.0,0.0,0.0,0.0,0.0,0.0,von carter ward
Eliijah Donegan,PG,AFST,1.0,11.0,0.0,1.0,1.0,1.0,0.0,0.0,1.0,0.0,0.0,0.0,3.0,eliijah donegan
Tre Lockett,PG,MRHO,1.0,7.0,0.0,0.0,0.0,0.0,0.0,0.0,2.0,0.0,0.0,0.0,1.0,tre lockett
Omar Farah,PG,MRHO,1.0,11.0,0.0,4.0,0.0,0.0,0.0,0.0,3.0,0.0,0.0,0.0,1.0,omar farah
